[Message:   BepInEx] BepInEx 5.4.22.0 - Zeepkist (1/15/2026 3:08:57 PM)
[Info   :   BepInEx] Running under Unity v2021.3.10.1867021
[Info   :   BepInEx] CLR runtime version: 4.0.30319.42000
[Info   :   BepInEx] Supports SRE: True
[Info   :   BepInEx] System platform: Bits64, Windows
[Message:   BepInEx] Preloader started
[Info   :   BepInEx] Loaded 1 patcher method from [BepInEx.Preloader 5.4.22.0]
[Info   :   BepInEx] 1 patcher plugin loaded
[Info   :   BepInEx] Patching [UnityEngine.CoreModule] with [BepInEx.Chainloader]
[Message:   BepInEx] Preloader finished
[Message:   BepInEx] Chainloader ready
[Message:   BepInEx] Chainloader started
[Info   :   BepInEx] 11 plugins to load
[Info   :   BepInEx] Loading [Zeep SDK 2.6.1]
[Info   :  Zeep SDK] Plugin ZeepSDK is loaded!
[Info   :   BepInEx] Loading [AuthorTimeHunting 1.17.6]
[Info   :AuthorTimeHunting] StateMachine: Transitioning from null to StateMasterOff
[Info   :AuthorTimeHunting] Plugin AuthorTimeHunting is loaded!
[Info   :   BepInEx] Loading [BetterSplits 0.2.5]
[Info   :BetterSplits] Plugin BetterSplits is loaded!
[Info   :   BepInEx] Loading [TeamX 2.1]
[Info   :   BepInEx] Loading [FastStart 1.0.0]
[Info   : FastStart] Plugin FastStart is loaded!
[Info   :   BepInEx] Loading [Zeepkist Bingo 1.1.5]
[Info   :Zeepkist Bingo] Zeepkist Bingo v1.1.5 is loading...
[Info   :Zeepkist Bingo] [BINGO] Loaded 0 muted players
[Info   :Zeepkist Bingo] [BingoTTS] Initialized. Cache: C:/Users/joshs/AppData/Local/Temp/Steelpan Interactive/Zeepkist\ZeepkistBingo_TTS
[Info   :Zeepkist Bingo] [BingoTTS] Available voices: Microsoft David Desktop, Microsoft Zira Desktop
[Info   :Zeepkist Bingo] [BINGO UI] Menu initialized
[Info   :Zeepkist Bingo] [BINGO UI] Mini board initialized
[Info   :Zeepkist Bingo] [BINGO UI] Team status initialized
[Info   :Zeepkist Bingo] [BINGO] V2 UI components initialized
[Info   :Zeepkist Bingo] [InstantLoader] Initialized
[Info   :Zeepkist Bingo] Bingo commands registered
[Info   :Zeepkist Bingo] [BINGO TEST] Test commands registered (/bt0 - /bt50)
[Info   :Zeepkist Bingo] Event hooks registered
[Info   :Zeepkist Bingo] [WEBSOCKET] Base URL set to: wss://zeepkist-bingo.chrisleiter.workers.dev
[Info   :Zeepkist Bingo] Zeepkist Bingo loaded successfully!
[Info   :   BepInEx] Loading [COTDTracker 0.11.1]
[Info   :COTDTracker] Plugin COTDTracker is loaded!
[Info   :   BepInEx] Loading [Level Editor Trails 4.0.3]
[Info   :Level Editor Trails] Plugin LevelEditorTrails is loaded!
[Info   :   BepInEx] Loading [Zeepkist GTR 1.2.2]
[Info   :   BepInEx] Loading [Medal Times 5.3.1]
[Info   :Medal Times] Plugin net.tnrd.zeepkist.medaltimes is loaded!
[Info   :   BepInEx] Loading [ZeepTourney 0.0.9]
[Info   :ZeepTourney] Plugin ZeepTourney is loaded!
[Message:   BepInEx] Chainloader startup complete
[Info   :Zeepkist Bingo] [BINGO AUDIO] Generating custom sounds...
[Info   :Zeepkist Bingo] [BINGO AUDIO] All custom sounds generated!
[Info   :Zeepkist Bingo] [BINGO AUDIO] Custom FMOD audio system initialized!
[Fatal  :Zeepkist GTR] 18:07:39 Unable to load UI assembly
[Info   :Zeepkist GTR] 18:07:39 Loaded 4 shaders from gtr-shaders asset bundle
[Info   :Zeepkist GTR] 18:07:39 Patching
[Info   :Zeepkist GTR] 18:07:39 Found 19 eager services
[Info   :Zeepkist GTR] Plugin net.tnrd.zeepkist.gtr is loaded!
[Info   :     TeamX]  [TEAMX] Initializing TeamX...
[Info   :Zeepkist GTR] 18:07:54 Start processing HTTP request "POST" https://backend.zeepki.st/auth/login
[Info   :Zeepkist GTR] 18:07:54 Sending HTTP request "POST" https://backend.zeepki.st/auth/login
[Info   :CrashlyticsApi] Initializing bugsnag
[Info   :CrashlyticsApi] Bugsnag initialized
[Info   :Zeepkist GTR] 18:07:55 Received HTTP response headers after 826.3155ms - 200
[Info   :Zeepkist GTR] 18:07:55 End processing HTTP request after 838.4701ms - 200
[Info   :CrashlyticsApi] Initializing bugsnag
[Info   :CrashlyticsApi] Bugsnag initialized
[Info   :CrashlyticsApi] Initializing bugsnag
[Info   :CrashlyticsApi] Bugsnag initialized
[Info   :   Console] Download started for AppId: 1440670, FileId: 3771065810, Result: OK
[Info   :CrashlyticsApi] Initializing bugsnag
[Info   :CrashlyticsApi] Bugsnag initialized
[Info   :Zeepkist Bingo] [BINGO] Level loaded
[Info   :Zeepkist GTR] 18:09:02 Skipping level request because workshop ID or hash is missing
[Info   :BetterSplits] getting gtr splits
[Info   :Zeepkist Bingo] [BINGO] === PLAYER SPAWNED ===
[Info   :Zeepkist Bingo] [BINGO] IsInActiveSession: False
[Info   :Zeepkist Bingo] [BINGO] Not in active session, skipping timer reset
[Info   :Zeepkist GTR] 18:09:02 Loading personal best...
[Info   :Zeepkist GTR] 18:09:03 Start processing HTTP request "POST" https://graphql.zeepki.st/
[Info   :Zeepkist GTR] 18:09:03 Sending HTTP request "POST" https://graphql.zeepki.st/
[Info   :Zeepkist GTR] 18:09:03 Stopping existing recorder if any
[Info   :Zeepkist GTR] 18:09:03 Creating new recorder
[Info   :Zeepkist GTR] 18:09:03 Start processing HTTP request "POST" https://graphql.zeepki.st/
[Info   :Zeepkist GTR] 18:09:03 Sending HTTP request "POST" https://graphql.zeepki.st/
[Info   :Zeepkist GTR] 18:09:03 Start processing HTTP request "POST" https://graphql.zeepki.st/
[Info   :Zeepkist GTR] 18:09:03 Sending HTTP request "POST" https://graphql.zeepki.st/
[Info   :BetterSplits] got gtr splits
[Info   :Zeepkist GTR] 18:09:04 Received HTTP response headers after 762.082ms - 200
[Info   :Zeepkist GTR] 18:09:04 End processing HTTP request after 762.567ms - 200
[Info   :Zeepkist GTR] 18:09:04 Received HTTP response headers after 771.3502ms - 200
[Info   :Zeepkist GTR] 18:09:04 End processing HTTP request after 771.6366ms - 200
[Info   :Zeepkist GTR] 18:09:04 Received HTTP response headers after 978.5818ms - 200
[Info   :Zeepkist GTR] 18:09:04 End processing HTTP request after 1010.4783ms - 200
[Info   :Zeepkist GTR] 18:09:04 Start processing HTTP request "POST" https://graphql.zeepki.st/
[Info   :Zeepkist GTR] 18:09:04 Sending HTTP request "POST" https://graphql.zeepki.st/
[Info   :Zeepkist GTR] 18:09:04 Received HTTP response headers after 217.3668ms - 200
[Info   :Zeepkist GTR] 18:09:04 End processing HTTP request after 217.6938ms - 200
[Info   :Zeepkist GTR] 18:09:04 Starting recorder
[Info   :Zeepkist Bingo] [BINGO] === PLAYER SPAWNED ===
[Info   :Zeepkist Bingo] [BINGO] IsInActiveSession: False
[Info   :Zeepkist Bingo] [BINGO] Not in active session, skipping timer reset
[Info   :Zeepkist GTR] 18:09:27 Loading personal best...
[Info   :Zeepkist GTR] 18:09:27 Start processing HTTP request "POST" https://graphql.zeepki.st/
[Info   :Zeepkist GTR] 18:09:27 Sending HTTP request "POST" https://graphql.zeepki.st/
[Info   :Zeepkist GTR] 18:09:27 Stopping existing recorder if any
[Info   :Zeepkist GTR] 18:09:27 Creating new recorder
[Info   :Zeepkist GTR] 18:09:27 Start processing HTTP request "POST" https://graphql.zeepki.st/
[Info   :Zeepkist GTR] 18:09:27 Sending HTTP request "POST" https://graphql.zeepki.st/
[Info   :Zeepkist GTR] 18:09:27 Start processing HTTP request "POST" https://graphql.zeepki.st/
[Info   :Zeepkist GTR] 18:09:27 Sending HTTP request "POST" https://graphql.zeepki.st/
[Info   :Zeepkist GTR] 18:09:28 Received HTTP response headers after 184.8046ms - 200
[Info   :Zeepkist GTR] 18:09:28 Received HTTP response headers after 183.7513ms - 200
[Info   :Zeepkist GTR] 18:09:28 End processing HTTP request after 185.1369ms - 200
[Info   :Zeepkist GTR] 18:09:28 End processing HTTP request after 184.0262ms - 200
[Info   :Zeepkist GTR] 18:09:28 Received HTTP response headers after 370.3778ms - 200
[Info   :Zeepkist GTR] 18:09:28 End processing HTTP request after 370.6042ms - 200
[Info   :Zeepkist GTR] 18:09:28 Start processing HTTP request "POST" https://graphql.zeepki.st/
[Info   :Zeepkist GTR] 18:09:28 Sending HTTP request "POST" https://graphql.zeepki.st/
[Info   :Zeepkist GTR] 18:09:28 Received HTTP response headers after 193.0511ms - 200
[Info   :Zeepkist GTR] 18:09:28 End processing HTTP request after 193.3207ms - 200
[Info   :Zeepkist GTR] 18:09:29 Starting recorder
[Info   :Zeepkist GTR] 18:09:44 Discarding recorder
[Info   :Zeepkist Bingo] [CHAT] Intercepted message: hi
[Info   :Zeepkist Bingo] [CHAT] Not relaying - no bingo session
[Info   :Zeepkist Bingo] [BINGO] Level loaded
[Info   :Zeepkist GTR] 18:09:59 Start processing HTTP request "POST" https://backend.zeepki.st/level/request
[Info   :Zeepkist GTR] 18:09:59 Sending HTTP request "POST" https://backend.zeepki.st/level/request
[Info   :BetterSplits] getting gtr splits
[Info   :Zeepkist Bingo] [BINGO] === PLAYER SPAWNED ===
[Info   :Zeepkist Bingo] [BINGO] IsInActiveSession: False
[Info   :Zeepkist Bingo] [BINGO] Not in active session, skipping timer reset
[Info   :Zeepkist GTR] 18:09:59 Loading personal best...
[Info   :Zeepkist GTR] 18:09:59 Start processing HTTP request "POST" https://graphql.zeepki.st/
[Info   :Zeepkist GTR] 18:09:59 Sending HTTP request "POST" https://graphql.zeepki.st/
[Info   :Zeepkist GTR] 18:09:59 Stopping existing recorder if any
[Info   :Zeepkist GTR] 18:09:59 Creating new recorder
[Info   :Zeepkist GTR] 18:09:59 Start processing HTTP request "POST" https://graphql.zeepki.st/
[Info   :Zeepkist GTR] 18:09:59 Sending HTTP request "POST" https://graphql.zeepki.st/
[Info   :Zeepkist GTR] 18:09:59 Start processing HTTP request "POST" https://graphql.zeepki.st/
[Info   :Zeepkist GTR] 18:09:59 Sending HTTP request "POST" https://graphql.zeepki.st/
[Info   :BetterSplits] got gtr splits
[Info   :Zeepkist GTR] 18:09:59 Received HTTP response headers after 198.3773ms - 200
[Info   :Zeepkist GTR] 18:09:59 End processing HTTP request after 198.6708ms - 200
[Info   :Zeepkist GTR] 18:09:59 Received HTTP response headers after 221.2008ms - 200
[Info   :Zeepkist GTR] 18:09:59 End processing HTTP request after 221.4646ms - 200
[Info   :Zeepkist GTR] 18:09:59 Received HTTP response headers after 401.7361ms - 200
[Info   :Zeepkist GTR] 18:09:59 End processing HTTP request after 401.9454ms - 200
[Info   :Zeepkist GTR] 18:09:59 Start processing HTTP request "POST" https://graphql.zeepki.st/
[Info   :Zeepkist GTR] 18:09:59 Sending HTTP request "POST" https://graphql.zeepki.st/
[Info   :Zeepkist GTR] 18:09:59 Received HTTP response headers after 195.5183ms - 200
[Info   :Zeepkist GTR] 18:09:59 End processing HTTP request after 195.7504ms - 200
[Info   :Zeepkist GTR] 18:09:59 Received HTTP response headers after 740.1738ms - 200
[Info   :Zeepkist GTR] 18:09:59 End processing HTTP request after 740.4474ms - 200
[Info   :Zeepkist GTR] 18:10:00 Starting recorder
[Info   :Zeepkist Bingo] [CHAT] Intercepted message: hi
[Info   :Zeepkist Bingo] [CHAT] Not relaying - no bingo session
[Info   :RoundLeaderboardTab] Drawing leaderboard -> forwarding to Instance.DrawTabLeaderboard()
[Info   :Zeepkist GTR] 18:14:57 Discarding recorder
[Info   :Zeepkist Bingo] [BINGO] Level loaded
[Info   :Zeepkist GTR] 18:15:13 Start processing HTTP request "POST" https://backend.zeepki.st/level/request
[Info   :Zeepkist GTR] 18:15:13 Sending HTTP request "POST" https://backend.zeepki.st/level/request
[Info   :BetterSplits] getting gtr splits
[Info   :Zeepkist Bingo] [BINGO] === PLAYER SPAWNED ===
[Info   :Zeepkist Bingo] [BINGO] IsInActiveSession: False
[Info   :Zeepkist Bingo] [BINGO] Not in active session, skipping timer reset
[Info   :Zeepkist GTR] 18:15:13 Loading personal best...
[Info   :Zeepkist GTR] 18:15:13 Start processing HTTP request "POST" https://graphql.zeepki.st/
[Info   :Zeepkist GTR] 18:15:13 Sending HTTP request "POST" https://graphql.zeepki.st/
[Info   :Zeepkist GTR] 18:15:13 Stopping existing recorder if any
[Info   :Zeepkist GTR] 18:15:13 Creating new recorder
[Info   :Zeepkist GTR] 18:15:13 Start processing HTTP request "POST" https://graphql.zeepki.st/
[Info   :Zeepkist GTR] 18:15:13 Sending HTTP request "POST" https://graphql.zeepki.st/
[Info   :Zeepkist GTR] 18:15:13 Start processing HTTP request "POST" https://graphql.zeepki.st/
[Info   :Zeepkist GTR] 18:15:13 Sending HTTP request "POST" https://graphql.zeepki.st/
[Info   :Zeepkist GTR] 18:15:13 Received HTTP response headers after 357.5509ms - 200
[Info   :Zeepkist GTR] 18:15:13 End processing HTTP request after 357.9424ms - 200
[Info   :BetterSplits] got gtr splits
[Info   :Zeepkist GTR] 18:15:13 Received HTTP response headers after 344.7633ms - 200
[Info   :Zeepkist GTR] 18:15:13 End processing HTTP request after 345.1214ms - 200
[Info   :Zeepkist GTR] 18:15:13 Received HTTP response headers after 344.3838ms - 200
[Info   :Zeepkist GTR] 18:15:13 End processing HTTP request after 344.7272ms - 200
[Info   :Zeepkist GTR] 18:15:14 Received HTTP response headers after 543.4378ms - 200
[Info   :Zeepkist GTR] 18:15:14 End processing HTTP request after 543.6976ms - 200
[Info   :Zeepkist GTR] 18:15:14 Start processing HTTP request "POST" https://graphql.zeepki.st/
[Info   :Zeepkist GTR] 18:15:14 Sending HTTP request "POST" https://graphql.zeepki.st/
[Info   :Zeepkist GTR] 18:15:14 Received HTTP response headers after 192.3234ms - 200
[Info   :Zeepkist GTR] 18:15:14 End processing HTTP request after 192.662ms - 200
[Info   :Zeepkist GTR] 18:15:15 Starting recorder
[Info   :RoundLeaderboardTab] Drawing leaderboard -> forwarding to Instance.DrawTabLeaderboard()
[Info   :RoundLeaderboardTab] Drawing leaderboard -> forwarding to Instance.DrawTabLeaderboard()
[Info   :Zeepkist Bingo] [BINGO] === PLAYER SPAWNED ===
[Info   :Zeepkist Bingo] [BINGO] IsInActiveSession: False
[Info   :Zeepkist Bingo] [BINGO] Not in active session, skipping timer reset
[Info   :Zeepkist GTR] 18:15:49 Loading personal best...
[Info   :Zeepkist GTR] 18:15:49 Start processing HTTP request "POST" https://graphql.zeepki.st/
[Info   :Zeepkist GTR] 18:15:49 Sending HTTP request "POST" https://graphql.zeepki.st/
[Info   :Zeepkist GTR] 18:15:49 Stopping existing recorder if any
[Info   :Zeepkist GTR] 18:15:49 Creating new recorder
[Info   :Zeepkist GTR] 18:15:49 Start processing HTTP request "POST" https://graphql.zeepki.st/
[Info   :Zeepkist GTR] 18:15:49 Sending HTTP request "POST" https://graphql.zeepki.st/
[Info   :Zeepkist GTR] 18:15:49 Start processing HTTP request "POST" https://graphql.zeepki.st/
[Info   :Zeepkist GTR] 18:15:49 Sending HTTP request "POST" https://graphql.zeepki.st/
[Info   :Zeepkist GTR] 18:15:50 Received HTTP response headers after 190.356ms - 200
[Info   :Zeepkist GTR] 18:15:50 End processing HTTP request after 190.7559ms - 200
[Info   :Zeepkist GTR] 18:15:50 Received HTTP response headers after 196.1167ms - 200
[Info   :Zeepkist GTR] 18:15:50 End processing HTTP request after 196.3867ms - 200
[Info   :Zeepkist GTR] 18:15:50 Received HTTP response headers after 381.1299ms - 200
[Info   :Zeepkist GTR] 18:15:50 End processing HTTP request after 381.4889ms - 200
[Info   :Zeepkist GTR] 18:15:50 Start processing HTTP request "POST" https://graphql.zeepki.st/
[Info   :Zeepkist GTR] 18:15:50 Sending HTTP request "POST" https://graphql.zeepki.st/
[Info   :Zeepkist GTR] 18:15:50 Received HTTP response headers after 192.1927ms - 200
[Info   :Zeepkist GTR] 18:15:50 End processing HTTP request after 192.4561ms - 200
[Info   :Zeepkist GTR] 18:15:51 Starting recorder
[Info   :Zeepkist Bingo] [BINGO] === PLAYER SPAWNED ===
[Info   :Zeepkist Bingo] [BINGO] IsInActiveSession: False
[Info   :Zeepkist Bingo] [BINGO] Not in active session, skipping timer reset
[Info   :Zeepkist GTR] 18:15:55 Loading personal best...
[Info   :Zeepkist GTR] 18:15:55 Start processing HTTP request "POST" https://graphql.zeepki.st/
[Info   :Zeepkist GTR] 18:15:55 Sending HTTP request "POST" https://graphql.zeepki.st/
[Info   :Zeepkist GTR] 18:15:55 Stopping existing recorder if any
[Info   :Zeepkist GTR] 18:15:55 Creating new recorder
[Info   :Zeepkist GTR] 18:15:55 Start processing HTTP request "POST" https://graphql.zeepki.st/
[Info   :Zeepkist GTR] 18:15:55 Sending HTTP request "POST" https://graphql.zeepki.st/
[Info   :Zeepkist GTR] 18:15:55 Start processing HTTP request "POST" https://graphql.zeepki.st/
[Info   :Zeepkist GTR] 18:15:55 Sending HTTP request "POST" https://graphql.zeepki.st/
[Info   :Zeepkist GTR] 18:15:55 Received HTTP response headers after 185.7005ms - 200
[Info   :Zeepkist GTR] 18:15:55 End processing HTTP request after 185.9729ms - 200
[Info   :Zeepkist GTR] 18:15:55 Received HTTP response headers after 192.2612ms - 200
[Info   :Zeepkist GTR] 18:15:55 End processing HTTP request after 192.5025ms - 200
[Info   :Zeepkist GTR] 18:15:55 Received HTTP response headers after 365.8421ms - 200
[Info   :Zeepkist GTR] 18:15:55 End processing HTTP request after 366.1166ms - 200
[Info   :Zeepkist GTR] 18:15:55 Start processing HTTP request "POST" https://graphql.zeepki.st/
[Info   :Zeepkist GTR] 18:15:55 Sending HTTP request "POST" https://graphql.zeepki.st/
[Info   :Zeepkist GTR] 18:15:56 Received HTTP response headers after 181.8946ms - 200
[Info   :Zeepkist GTR] 18:15:56 End processing HTTP request after 182.1397ms - 200
[Info   :Zeepkist GTR] 18:15:57 Starting recorder
[Info   :Zeepkist Bingo] [BINGO] === PLAYER SPAWNED ===
[Info   :Zeepkist Bingo] [BINGO] IsInActiveSession: False
[Info   :Zeepkist Bingo] [BINGO] Not in active session, skipping timer reset
[Info   :Zeepkist GTR] 18:16:14 Loading personal best...
[Info   :Zeepkist GTR] 18:16:14 Start processing HTTP request "POST" https://graphql.zeepki.st/
[Info   :Zeepkist GTR] 18:16:14 Sending HTTP request "POST" https://graphql.zeepki.st/
[Info   :Zeepkist GTR] 18:16:14 Stopping existing recorder if any
[Info   :Zeepkist GTR] 18:16:14 Creating new recorder
[Info   :Zeepkist GTR] 18:16:14 Start processing HTTP request "POST" https://graphql.zeepki.st/
[Info   :Zeepkist GTR] 18:16:14 Sending HTTP request "POST" https://graphql.zeepki.st/
[Info   :Zeepkist GTR] 18:16:14 Start processing HTTP request "POST" https://graphql.zeepki.st/
[Info   :Zeepkist GTR] 18:16:14 Sending HTTP request "POST" https://graphql.zeepki.st/
[Info   :Zeepkist GTR] 18:16:14 Received HTTP response headers after 188.3568ms - 200
[Info   :Zeepkist GTR] 18:16:14 End processing HTTP request after 188.5828ms - 200
[Info   :Zeepkist GTR] 18:16:14 Received HTTP response headers after 188.9916ms - 200
[Info   :Zeepkist GTR] 18:16:14 End processing HTTP request after 189.3408ms - 200
[Info   :Zeepkist GTR] 18:16:14 Received HTTP response headers after 375.0117ms - 200
[Info   :Zeepkist GTR] 18:16:14 End processing HTTP request after 375.237ms - 200
[Info   :Zeepkist GTR] 18:16:14 Start processing HTTP request "POST" https://graphql.zeepki.st/
[Info   :Zeepkist GTR] 18:16:14 Sending HTTP request "POST" https://graphql.zeepki.st/
[Info   :Zeepkist GTR] 18:16:14 Received HTTP response headers after 186.2905ms - 200
[Info   :Zeepkist GTR] 18:16:14 End processing HTTP request after 186.5984ms - 200
[Info   :Zeepkist GTR] 18:16:15 Starting recorder
[Info   :Zeepkist Bingo] [BINGO] === PLAYER SPAWNED ===
[Info   :Zeepkist Bingo] [BINGO] IsInActiveSession: False
[Info   :Zeepkist Bingo] [BINGO] Not in active session, skipping timer reset
[Info   :Zeepkist GTR] 18:16:19 Loading personal best...
[Info   :Zeepkist GTR] 18:16:19 Start processing HTTP request "POST" https://graphql.zeepki.st/
[Info   :Zeepkist GTR] 18:16:19 Sending HTTP request "POST" https://graphql.zeepki.st/
[Info   :Zeepkist GTR] 18:16:19 Stopping existing recorder if any
[Info   :Zeepkist GTR] 18:16:19 Creating new recorder
[Info   :Zeepkist GTR] 18:16:19 Start processing HTTP request "POST" https://graphql.zeepki.st/
[Info   :Zeepkist GTR] 18:16:19 Sending HTTP request "POST" https://graphql.zeepki.st/
[Info   :Zeepkist GTR] 18:16:19 Start processing HTTP request "POST" https://graphql.zeepki.st/
[Info   :Zeepkist GTR] 18:16:19 Sending HTTP request "POST" https://graphql.zeepki.st/
[Info   :Zeepkist GTR] 18:16:19 Received HTTP response headers after 193.5115ms - 200
[Info   :Zeepkist GTR] 18:16:19 End processing HTTP request after 193.7664ms - 200
[Info   :Zeepkist GTR] 18:16:19 Received HTTP response headers after 203.8271ms - 200
[Info   :Zeepkist GTR] 18:16:19 End processing HTTP request after 204.099ms - 200
[Info   :Zeepkist GTR] 18:16:19 Received HTTP response headers after 387.1835ms - 200
[Info   :Zeepkist GTR] 18:16:19 End processing HTTP request after 387.503ms - 200
[Info   :Zeepkist GTR] 18:16:19 Start processing HTTP request "POST" https://graphql.zeepki.st/
[Info   :Zeepkist GTR] 18:16:19 Sending HTTP request "POST" https://graphql.zeepki.st/
[Info   :Zeepkist GTR] 18:16:19 Received HTTP response headers after 186.6002ms - 200
[Info   :Zeepkist GTR] 18:16:19 End processing HTTP request after 186.8667ms - 200
[Info   :Zeepkist GTR] 18:16:20 Starting recorder
[Info   :Zeepkist Bingo] [BINGO] === PLAYER SPAWNED ===
[Info   :Zeepkist Bingo] [BINGO] IsInActiveSession: False
[Info   :Zeepkist Bingo] [BINGO] Not in active session, skipping timer reset
[Info   :Zeepkist GTR] 18:16:38 Loading personal best...
[Info   :Zeepkist GTR] 18:16:38 Start processing HTTP request "POST" https://graphql.zeepki.st/
[Info   :Zeepkist GTR] 18:16:38 Sending HTTP request "POST" https://graphql.zeepki.st/
[Info   :Zeepkist GTR] 18:16:38 Stopping existing recorder if any
[Info   :Zeepkist GTR] 18:16:38 Creating new recorder
[Info   :Zeepkist GTR] 18:16:38 Start processing HTTP request "POST" https://graphql.zeepki.st/
[Info   :Zeepkist GTR] 18:16:38 Sending HTTP request "POST" https://graphql.zeepki.st/
[Info   :Zeepkist GTR] 18:16:38 Start processing HTTP request "POST" https://graphql.zeepki.st/
[Info   :Zeepkist GTR] 18:16:38 Sending HTTP request "POST" https://graphql.zeepki.st/
[Info   :Zeepkist GTR] 18:16:39 Received HTTP response headers after 178.7469ms - 200
[Info   :Zeepkist GTR] 18:16:39 End processing HTTP request after 179.1369ms - 200
[Info   :Zeepkist GTR] 18:16:39 Received HTTP response headers after 183.2258ms - 200
[Info   :Zeepkist GTR] 18:16:39 End processing HTTP request after 183.6081ms - 200
[Info   :Zeepkist GTR] 18:16:39 Received HTTP response headers after 367.4764ms - 200
[Info   :Zeepkist GTR] 18:16:39 End processing HTTP request after 367.8745ms - 200
[Info   :Zeepkist GTR] 18:16:39 Start processing HTTP request "POST" https://graphql.zeepki.st/
[Info   :Zeepkist GTR] 18:16:39 Sending HTTP request "POST" https://graphql.zeepki.st/
[Info   :Zeepkist GTR] 18:16:39 Received HTTP response headers after 177.4858ms - 200
[Info   :Zeepkist GTR] 18:16:39 End processing HTTP request after 177.7559ms - 200
[Info   :Zeepkist GTR] 18:16:40 Starting recorder
[Info   :Zeepkist Bingo] [BINGO] === PLAYER SPAWNED ===
[Info   :Zeepkist Bingo] [BINGO] IsInActiveSession: False
[Info   :Zeepkist Bingo] [BINGO] Not in active session, skipping timer reset
[Info   :Zeepkist GTR] 18:16:44 Loading personal best...
[Info   :Zeepkist GTR] 18:16:44 Start processing HTTP request "POST" https://graphql.zeepki.st/
[Info   :Zeepkist GTR] 18:16:44 Sending HTTP request "POST" https://graphql.zeepki.st/
[Info   :Zeepkist GTR] 18:16:44 Stopping existing recorder if any
[Info   :Zeepkist GTR] 18:16:44 Creating new recorder
[Info   :Zeepkist GTR] 18:16:44 Start processing HTTP request "POST" https://graphql.zeepki.st/
[Info   :Zeepkist GTR] 18:16:44 Sending HTTP request "POST" https://graphql.zeepki.st/
[Info   :Zeepkist GTR] 18:16:44 Start processing HTTP request "POST" https://graphql.zeepki.st/
[Info   :Zeepkist GTR] 18:16:44 Sending HTTP request "POST" https://graphql.zeepki.st/
[Info   :Zeepkist GTR] 18:16:44 Received HTTP response headers after 186.0726ms - 200
[Info   :Zeepkist GTR] 18:16:44 End processing HTTP request after 186.3042ms - 200
[Info   :Zeepkist GTR] 18:16:44 Received HTTP response headers after 197.783ms - 200
[Info   :Zeepkist GTR] 18:16:44 End processing HTTP request after 198.0745ms - 200
[Info   :Zeepkist GTR] 18:16:44 Received HTTP response headers after 394.7298ms - 200
[Info   :Zeepkist GTR] 18:16:44 End processing HTTP request after 394.9842ms - 200
[Info   :Zeepkist GTR] 18:16:44 Start processing HTTP request "POST" https://graphql.zeepki.st/
[Info   :Zeepkist GTR] 18:16:44 Sending HTTP request "POST" https://graphql.zeepki.st/
[Info   :Zeepkist GTR] 18:16:44 Received HTTP response headers after 186.0772ms - 200
[Info   :Zeepkist GTR] 18:16:44 End processing HTTP request after 186.3432ms - 200
[Info   :Zeepkist GTR] 18:16:46 Starting recorder
[Info   :Zeepkist Bingo] [BINGO] === PLAYER SPAWNED ===
[Info   :Zeepkist Bingo] [BINGO] IsInActiveSession: False
[Info   :Zeepkist Bingo] [BINGO] Not in active session, skipping timer reset
[Info   :Zeepkist GTR] 18:16:48 Loading personal best...
[Info   :Zeepkist GTR] 18:16:48 Start processing HTTP request "POST" https://graphql.zeepki.st/
[Info   :Zeepkist GTR] 18:16:48 Sending HTTP request "POST" https://graphql.zeepki.st/
[Info   :Zeepkist GTR] 18:16:48 Stopping existing recorder if any
[Info   :Zeepkist GTR] 18:16:48 Creating new recorder
[Info   :Zeepkist GTR] 18:16:48 Start processing HTTP request "POST" https://graphql.zeepki.st/
[Info   :Zeepkist GTR] 18:16:48 Sending HTTP request "POST" https://graphql.zeepki.st/
[Info   :Zeepkist GTR] 18:16:48 Start processing HTTP request "POST" https://graphql.zeepki.st/
[Info   :Zeepkist GTR] 18:16:48 Sending HTTP request "POST" https://graphql.zeepki.st/
[Info   :Zeepkist GTR] 18:16:48 Received HTTP response headers after 197.9571ms - 200
[Info   :Zeepkist GTR] 18:16:48 End processing HTTP request after 198.191ms - 200
[Info   :Zeepkist GTR] 18:16:48 Received HTTP response headers after 198.893ms - 200
[Info   :Zeepkist GTR] 18:16:48 End processing HTTP request after 199.1168ms - 200
[Info   :Zeepkist GTR] 18:16:48 Received HTTP response headers after 388.6785ms - 200
[Info   :Zeepkist GTR] 18:16:48 End processing HTTP request after 388.8885ms - 200
[Info   :Zeepkist GTR] 18:16:48 Start processing HTTP request "POST" https://graphql.zeepki.st/
[Info   :Zeepkist GTR] 18:16:48 Sending HTTP request "POST" https://graphql.zeepki.st/
[Info   :Zeepkist GTR] 18:16:48 Received HTTP response headers after 190.6685ms - 200
[Info   :Zeepkist GTR] 18:16:48 End processing HTTP request after 190.9164ms - 200
[Info   :Zeepkist GTR] 18:16:49 Starting recorder
[Info   :Zeepkist Bingo] [BINGO] === PLAYER SPAWNED ===
[Info   :Zeepkist Bingo] [BINGO] IsInActiveSession: False
[Info   :Zeepkist Bingo] [BINGO] Not in active session, skipping timer reset
[Info   :Zeepkist GTR] 18:17:08 Loading personal best...
[Info   :Zeepkist GTR] 18:17:08 Start processing HTTP request "POST" https://graphql.zeepki.st/
[Info   :Zeepkist GTR] 18:17:08 Sending HTTP request "POST" https://graphql.zeepki.st/
[Info   :Zeepkist GTR] 18:17:08 Stopping existing recorder if any
[Info   :Zeepkist GTR] 18:17:08 Creating new recorder
[Info   :Zeepkist GTR] 18:17:08 Start processing HTTP request "POST" https://graphql.zeepki.st/
[Info   :Zeepkist GTR] 18:17:08 Sending HTTP request "POST" https://graphql.zeepki.st/
[Info   :Zeepkist GTR] 18:17:08 Start processing HTTP request "POST" https://graphql.zeepki.st/
[Info   :Zeepkist GTR] 18:17:08 Sending HTTP request "POST" https://graphql.zeepki.st/
[Info   :Zeepkist GTR] 18:17:08 Received HTTP response headers after 195.9258ms - 200
[Info   :Zeepkist GTR] 18:17:08 Received HTTP response headers after 196.4653ms - 200
[Info   :Zeepkist GTR] 18:17:08 End processing HTTP request after 196.1383ms - 200
[Info   :Zeepkist GTR] 18:17:08 End processing HTTP request after 196.752ms - 200
[Info   :Zeepkist GTR] 18:17:08 Received HTTP response headers after 391.0722ms - 200
[Info   :Zeepkist GTR] 18:17:08 End processing HTTP request after 391.3004ms - 200
[Info   :Zeepkist GTR] 18:17:08 Start processing HTTP request "POST" https://graphql.zeepki.st/
[Info   :Zeepkist GTR] 18:17:08 Sending HTTP request "POST" https://graphql.zeepki.st/
[Info   :Zeepkist GTR] 18:17:08 Received HTTP response headers after 190.6919ms - 200
[Info   :Zeepkist GTR] 18:17:08 End processing HTTP request after 190.993ms - 200
[Info   :Zeepkist GTR] 18:17:09 Starting recorder
[Info   :Zeepkist Bingo] [BINGO] === PLAYER SPAWNED ===
[Info   :Zeepkist Bingo] [BINGO] IsInActiveSession: False
[Info   :Zeepkist Bingo] [BINGO] Not in active session, skipping timer reset
[Info   :Zeepkist GTR] 18:17:13 Loading personal best...
[Info   :Zeepkist GTR] 18:17:13 Start processing HTTP request "POST" https://graphql.zeepki.st/
[Info   :Zeepkist GTR] 18:17:13 Sending HTTP request "POST" https://graphql.zeepki.st/
[Info   :Zeepkist GTR] 18:17:13 Stopping existing recorder if any
[Info   :Zeepkist GTR] 18:17:13 Creating new recorder
[Info   :Zeepkist GTR] 18:17:13 Start processing HTTP request "POST" https://graphql.zeepki.st/
[Info   :Zeepkist GTR] 18:17:13 Sending HTTP request "POST" https://graphql.zeepki.st/
[Info   :Zeepkist GTR] 18:17:13 Start processing HTTP request "POST" https://graphql.zeepki.st/
[Info   :Zeepkist GTR] 18:17:13 Sending HTTP request "POST" https://graphql.zeepki.st/
[Info   :Zeepkist GTR] 18:17:13 Received HTTP response headers after 182.8657ms - 200
[Info   :Zeepkist GTR] 18:17:13 End processing HTTP request after 183.0995ms - 200
[Info   :Zeepkist GTR] 18:17:13 Received HTTP response headers after 191.4056ms - 200
[Info   :Zeepkist GTR] 18:17:13 End processing HTTP request after 191.621ms - 200
[Info   :Zeepkist GTR] 18:17:13 Received HTTP response headers after 379.7013ms - 200
[Info   :Zeepkist GTR] 18:17:13 End processing HTTP request after 379.9299ms - 200
[Info   :Zeepkist GTR] 18:17:13 Start processing HTTP request "POST" https://graphql.zeepki.st/
[Info   :Zeepkist GTR] 18:17:13 Sending HTTP request "POST" https://graphql.zeepki.st/
[Info   :Zeepkist GTR] 18:17:13 Received HTTP response headers after 181.3022ms - 200
[Info   :Zeepkist GTR] 18:17:13 End processing HTTP request after 181.5578ms - 200
[Info   :Zeepkist GTR] 18:17:14 Starting recorder
[Info   :Zeepkist Bingo] [BINGO] === PLAYER SPAWNED ===
[Info   :Zeepkist Bingo] [BINGO] IsInActiveSession: False
[Info   :Zeepkist Bingo] [BINGO] Not in active session, skipping timer reset
[Info   :Zeepkist GTR] 18:17:18 Loading personal best...
[Info   :Zeepkist GTR] 18:17:18 Start processing HTTP request "POST" https://graphql.zeepki.st/
[Info   :Zeepkist GTR] 18:17:18 Sending HTTP request "POST" https://graphql.zeepki.st/
[Info   :Zeepkist GTR] 18:17:18 Stopping existing recorder if any
[Info   :Zeepkist GTR] 18:17:18 Creating new recorder
[Info   :Zeepkist GTR] 18:17:18 Start processing HTTP request "POST" https://graphql.zeepki.st/
[Info   :Zeepkist GTR] 18:17:18 Sending HTTP request "POST" https://graphql.zeepki.st/
[Info   :Zeepkist GTR] 18:17:18 Start processing HTTP request "POST" https://graphql.zeepki.st/
[Info   :Zeepkist GTR] 18:17:18 Sending HTTP request "POST" https://graphql.zeepki.st/
[Info   :Zeepkist GTR] 18:17:19 Received HTTP response headers after 318.5678ms - 200
[Info   :Zeepkist GTR] 18:17:19 Received HTTP response headers after 318.1703ms - 200
[Info   :Zeepkist GTR] 18:17:19 End processing HTTP request after 318.3503ms - 200
[Info   :Zeepkist GTR] 18:17:19 End processing HTTP request after 318.8041ms - 200
[Info   :Zeepkist GTR] 18:17:19 Received HTTP response headers after 494.7274ms - 200
[Info   :Zeepkist GTR] 18:17:19 End processing HTTP request after 494.9413ms - 200
[Info   :Zeepkist GTR] 18:17:19 Start processing HTTP request "POST" https://graphql.zeepki.st/
[Info   :Zeepkist GTR] 18:17:19 Sending HTTP request "POST" https://graphql.zeepki.st/
[Info   :Zeepkist GTR] 18:17:19 Received HTTP response headers after 177.965ms - 200
[Info   :Zeepkist GTR] 18:17:19 End processing HTTP request after 178.223ms - 200
[Info   :Zeepkist GTR] 18:17:20 Starting recorder
[Info   :Zeepkist Bingo] [BINGO] === PLAYER SPAWNED ===
[Info   :Zeepkist Bingo] [BINGO] IsInActiveSession: False
[Info   :Zeepkist Bingo] [BINGO] Not in active session, skipping timer reset
[Info   :Zeepkist GTR] 18:17:24 Loading personal best...
[Info   :Zeepkist GTR] 18:17:24 Start processing HTTP request "POST" https://graphql.zeepki.st/
[Info   :Zeepkist GTR] 18:17:24 Sending HTTP request "POST" https://graphql.zeepki.st/
[Info   :Zeepkist GTR] 18:17:24 Stopping existing recorder if any
[Info   :Zeepkist GTR] 18:17:24 Creating new recorder
[Info   :Zeepkist GTR] 18:17:24 Start processing HTTP request "POST" https://graphql.zeepki.st/
[Info   :Zeepkist GTR] 18:17:24 Sending HTTP request "POST" https://graphql.zeepki.st/
[Info   :Zeepkist GTR] 18:17:24 Start processing HTTP request "POST" https://graphql.zeepki.st/
[Info   :Zeepkist GTR] 18:17:24 Sending HTTP request "POST" https://graphql.zeepki.st/
[Info   :Zeepkist GTR] 18:17:24 Received HTTP response headers after 178.4625ms - 200
[Info   :Zeepkist GTR] 18:17:24 End processing HTTP request after 178.669ms - 200
[Info   :Zeepkist GTR] 18:17:24 Received HTTP response headers after 182.9739ms - 200
[Info   :Zeepkist GTR] 18:17:24 End processing HTTP request after 183.2052ms - 200
[Info   :Zeepkist GTR] 18:17:24 Received HTTP response headers after 370.1267ms - 200
[Info   :Zeepkist GTR] 18:17:24 End processing HTTP request after 370.3334ms - 200
[Info   :Zeepkist GTR] 18:17:24 Start processing HTTP request "POST" https://graphql.zeepki.st/
[Info   :Zeepkist GTR] 18:17:24 Sending HTTP request "POST" https://graphql.zeepki.st/
[Info   :Zeepkist GTR] 18:17:24 Received HTTP response headers after 186.8127ms - 200
[Info   :Zeepkist GTR] 18:17:24 End processing HTTP request after 187.0564ms - 200
[Info   :Zeepkist GTR] 18:17:26 Starting recorder
[Info   :Zeepkist Bingo] [BINGO] === PLAYER SPAWNED ===
[Info   :Zeepkist Bingo] [BINGO] IsInActiveSession: False
[Info   :Zeepkist Bingo] [BINGO] Not in active session, skipping timer reset
[Info   :Zeepkist GTR] 18:17:30 Loading personal best...
[Info   :Zeepkist GTR] 18:17:30 Start processing HTTP request "POST" https://graphql.zeepki.st/
[Info   :Zeepkist GTR] 18:17:30 Sending HTTP request "POST" https://graphql.zeepki.st/
[Info   :Zeepkist GTR] 18:17:30 Stopping existing recorder if any
[Info   :Zeepkist GTR] 18:17:30 Creating new recorder
[Info   :Zeepkist GTR] 18:17:30 Start processing HTTP request "POST" https://graphql.zeepki.st/
[Info   :Zeepkist GTR] 18:17:30 Sending HTTP request "POST" https://graphql.zeepki.st/
[Info   :Zeepkist GTR] 18:17:30 Start processing HTTP request "POST" https://graphql.zeepki.st/
[Info   :Zeepkist GTR] 18:17:30 Sending HTTP request "POST" https://graphql.zeepki.st/
[Info   :Zeepkist GTR] 18:17:31 Received HTTP response headers after 192.1263ms - 200
[Info   :Zeepkist GTR] 18:17:31 Received HTTP response headers after 192.5846ms - 200
[Info   :Zeepkist GTR] 18:17:31 End processing HTTP request after 192.3699ms - 200
[Info   :Zeepkist GTR] 18:17:31 End processing HTTP request after 192.853ms - 200
[Info   :Zeepkist GTR] 18:17:31 Received HTTP response headers after 371.4908ms - 200
[Info   :Zeepkist GTR] 18:17:31 End processing HTTP request after 371.6905ms - 200
[Info   :Zeepkist GTR] 18:17:31 Start processing HTTP request "POST" https://graphql.zeepki.st/
[Info   :Zeepkist GTR] 18:17:31 Sending HTTP request "POST" https://graphql.zeepki.st/
[Info   :Zeepkist GTR] 18:17:31 Received HTTP response headers after 193.5029ms - 200
[Info   :Zeepkist GTR] 18:17:31 End processing HTTP request after 193.8343ms - 200
[Info   :Zeepkist GTR] 18:17:32 Starting recorder
[Info   :Zeepkist Bingo] [BINGO] === PLAYER SPAWNED ===
[Info   :Zeepkist Bingo] [BINGO] IsInActiveSession: False
[Info   :Zeepkist Bingo] [BINGO] Not in active session, skipping timer reset
[Info   :Zeepkist GTR] 18:18:06 Loading personal best...
[Info   :Zeepkist GTR] 18:18:06 Start processing HTTP request "POST" https://graphql.zeepki.st/
[Info   :Zeepkist GTR] 18:18:06 Sending HTTP request "POST" https://graphql.zeepki.st/
[Info   :Zeepkist GTR] 18:18:06 Stopping existing recorder if any
[Info   :Zeepkist GTR] 18:18:06 Creating new recorder
[Info   :Zeepkist GTR] 18:18:06 Start processing HTTP request "POST" https://graphql.zeepki.st/
[Info   :Zeepkist GTR] 18:18:06 Sending HTTP request "POST" https://graphql.zeepki.st/
[Info   :Zeepkist GTR] 18:18:06 Start processing HTTP request "POST" https://graphql.zeepki.st/
[Info   :Zeepkist GTR] 18:18:06 Sending HTTP request "POST" https://graphql.zeepki.st/
[Info   :Zeepkist GTR] 18:18:06 Received HTTP response headers after 184.2954ms - 200
[Info   :Zeepkist GTR] 18:18:06 Received HTTP response headers after 183.7874ms - 200
[Info   :Zeepkist GTR] 18:18:06 End processing HTTP request after 184.5396ms - 200
[Info   :Zeepkist GTR] 18:18:06 End processing HTTP request after 184.0245ms - 200
[Info   :Zeepkist GTR] 18:18:06 Received HTTP response headers after 363.3656ms - 200
[Info   :Zeepkist GTR] 18:18:06 End processing HTTP request after 363.5836ms - 200
[Info   :Zeepkist GTR] 18:18:06 Start processing HTTP request "POST" https://graphql.zeepki.st/
[Info   :Zeepkist GTR] 18:18:06 Sending HTTP request "POST" https://graphql.zeepki.st/
[Info   :Zeepkist GTR] 18:18:07 Received HTTP response headers after 188.4599ms - 200
[Info   :Zeepkist GTR] 18:18:07 End processing HTTP request after 188.7262ms - 200
[Info   :Zeepkist GTR] 18:18:08 Starting recorder
[Info   :Zeepkist Bingo] [BINGO] === PLAYER SPAWNED ===
[Info   :Zeepkist Bingo] [BINGO] IsInActiveSession: False
[Info   :Zeepkist Bingo] [BINGO] Not in active session, skipping timer reset
[Info   :Zeepkist GTR] 18:18:09 Loading personal best...
[Info   :Zeepkist GTR] 18:18:09 Start processing HTTP request "POST" https://graphql.zeepki.st/
[Info   :Zeepkist GTR] 18:18:09 Sending HTTP request "POST" https://graphql.zeepki.st/
[Info   :Zeepkist GTR] 18:18:09 Stopping existing recorder if any
[Info   :Zeepkist GTR] 18:18:09 Creating new recorder
[Info   :Zeepkist GTR] 18:18:09 Start processing HTTP request "POST" https://graphql.zeepki.st/
[Info   :Zeepkist GTR] 18:18:09 Sending HTTP request "POST" https://graphql.zeepki.st/
[Info   :Zeepkist GTR] 18:18:09 Start processing HTTP request "POST" https://graphql.zeepki.st/
[Info   :Zeepkist GTR] 18:18:09 Sending HTTP request "POST" https://graphql.zeepki.st/
[Info   :Zeepkist GTR] 18:18:09 Received HTTP response headers after 185.4228ms - 200
[Info   :Zeepkist GTR] 18:18:09 End processing HTTP request after 185.738ms - 200
[Info   :Zeepkist GTR] 18:18:09 Received HTTP response headers after 193.0755ms - 200
[Info   :Zeepkist GTR] 18:18:09 End processing HTTP request after 193.3199ms - 200
[Info   :Zeepkist GTR] 18:18:09 Received HTTP response headers after 379.8639ms - 200
[Info   :Zeepkist GTR] 18:18:09 End processing HTTP request after 380.105ms - 200
[Info   :Zeepkist GTR] 18:18:09 Start processing HTTP request "POST" https://graphql.zeepki.st/
[Info   :Zeepkist GTR] 18:18:09 Sending HTTP request "POST" https://graphql.zeepki.st/
[Info   :Zeepkist GTR] 18:18:10 Received HTTP response headers after 197.7906ms - 200
[Info   :Zeepkist GTR] 18:18:10 End processing HTTP request after 198.0686ms - 200
[Info   :Zeepkist GTR] 18:18:11 Starting recorder
[Info   :Zeepkist GTR] 18:19:08 Stopping recorder
[Info   :Zeepkist GTR] 18:19:08 Collecting extra information
[Info   :Zeepkist GTR] 18:19:08 Resolved workshop ID "3670935617" from lobby 3670935617 and level 0
[Info   :Zeepkist GTR] 18:19:08 Processing ghost data
[Info   :Zeepkist GTR] 18:19:08 Creating stream
[Info   :Zeepkist GTR] 18:19:08 Writing to stream
[Info   :Zeepkist GTR] 18:19:09 Getting buffer
[Info   :Zeepkist GTR] 18:19:09 Converting to base64
[Info   :Zeepkist GTR] 18:19:09 Creating resource
[Info   :Zeepkist GTR] 18:19:09 Start processing HTTP request "POST" https://backend.zeepki.st/record/submit
[Info   :Zeepkist GTR] 18:19:09 Sending HTTP request "POST" https://backend.zeepki.st/record/submit
[Info   :Zeepkist Bingo] [BINGO] === PLAYER SPAWNED ===
[Info   :Zeepkist Bingo] [BINGO] IsInActiveSession: False
[Info   :Zeepkist Bingo] [BINGO] Not in active session, skipping timer reset
[Info   :Zeepkist GTR] 18:19:10 Loading personal best...
[Info   :Zeepkist GTR] 18:19:10 Start processing HTTP request "POST" https://graphql.zeepki.st/
[Info   :Zeepkist GTR] 18:19:10 Sending HTTP request "POST" https://graphql.zeepki.st/
[Info   :Zeepkist GTR] 18:19:10 Stopping existing recorder if any
[Info   :Zeepkist GTR] 18:19:10 Creating new recorder
[Info   :Zeepkist GTR] 18:19:10 Start processing HTTP request "POST" https://graphql.zeepki.st/
[Info   :Zeepkist GTR] 18:19:10 Sending HTTP request "POST" https://graphql.zeepki.st/
[Info   :Zeepkist GTR] 18:19:10 Start processing HTTP request "POST" https://graphql.zeepki.st/
[Info   :Zeepkist GTR] 18:19:10 Sending HTTP request "POST" https://graphql.zeepki.st/
[Info   :Zeepkist GTR] 18:19:10 Received HTTP response headers after 185.8295ms - 200
[Info   :Zeepkist GTR] 18:19:10 End processing HTTP request after 186.1117ms - 200
[Info   :Zeepkist GTR] 18:19:10 Received HTTP response headers after 206.4411ms - 200
[Info   :Zeepkist GTR] 18:19:10 End processing HTTP request after 206.729ms - 200
[Info   :Zeepkist GTR] 18:19:10 Received HTTP response headers after 378.7266ms - 200
[Info   :Zeepkist GTR] 18:19:10 End processing HTTP request after 378.924ms - 200
[Info   :Zeepkist GTR] 18:19:10 Start processing HTTP request "POST" https://graphql.zeepki.st/
[Info   :Zeepkist GTR] 18:19:10 Sending HTTP request "POST" https://graphql.zeepki.st/
[Info   :Zeepkist GTR] 18:19:10 Received HTTP response headers after 182.4449ms - 200
[Info   :Zeepkist GTR] 18:19:10 End processing HTTP request after 182.6785ms - 200
[Info   :Zeepkist GTR] 18:19:10 Received HTTP response headers after 1637.8385ms - 200
[Info   :Zeepkist GTR] 18:19:10 End processing HTTP request after 1638.0722ms - 200
[Info   :Zeepkist GTR] 18:19:11 Starting recorder
[Info   :Zeepkist Bingo] [BINGO] === PLAYER SPAWNED ===
[Info   :Zeepkist Bingo] [BINGO] IsInActiveSession: False
[Info   :Zeepkist Bingo] [BINGO] Not in active session, skipping timer reset
[Info   :Zeepkist GTR] 18:19:14 Loading personal best...
[Info   :Zeepkist GTR] 18:19:14 Start processing HTTP request "POST" https://graphql.zeepki.st/
[Info   :Zeepkist GTR] 18:19:14 Sending HTTP request "POST" https://graphql.zeepki.st/
[Info   :Zeepkist GTR] 18:19:14 Stopping existing recorder if any
[Info   :Zeepkist GTR] 18:19:14 Creating new recorder
[Info   :Zeepkist GTR] 18:19:14 Start processing HTTP request "POST" https://graphql.zeepki.st/
[Info   :Zeepkist GTR] 18:19:14 Sending HTTP request "POST" https://graphql.zeepki.st/
[Info   :Zeepkist GTR] 18:19:14 Start processing HTTP request "POST" https://graphql.zeepki.st/
[Info   :Zeepkist GTR] 18:19:14 Sending HTTP request "POST" https://graphql.zeepki.st/
[Info   :Zeepkist GTR] 18:19:14 Received HTTP response headers after 182.7229ms - 200
[Info   :Zeepkist GTR] 18:19:14 End processing HTTP request after 182.9433ms - 200
[Info   :Zeepkist GTR] 18:19:14 Received HTTP response headers after 191.0434ms - 200
[Info   :Zeepkist GTR] 18:19:14 End processing HTTP request after 191.3632ms - 200
[Info   :Zeepkist GTR] 18:19:14 Start processing HTTP request "GET" https://cdn.zeepki.st/ghosts/01KYB6SZ3C2YQ665V6X8XB9FGW.bin
[Info   :Zeepkist GTR] 18:19:14 Sending HTTP request "GET" https://cdn.zeepki.st/ghosts/01KYB6SZ3C2YQ665V6X8XB9FGW.bin
[Info   :Zeepkist GTR] 18:19:14 Received HTTP response headers after 381.9275ms - 200
[Info   :Zeepkist GTR] 18:19:14 End processing HTTP request after 382.1901ms - 200
[Info   :Zeepkist GTR] 18:19:14 Start processing HTTP request "POST" https://graphql.zeepki.st/
[Info   :Zeepkist GTR] 18:19:14 Sending HTTP request "POST" https://graphql.zeepki.st/
[Info   :Zeepkist GTR] 18:19:14 Received HTTP response headers after 200.0132ms - 200
[Info   :Zeepkist GTR] 18:19:14 End processing HTTP request after 200.362ms - 200
[Info   :Zeepkist GTR] 18:19:14 Received HTTP response headers after 699.8566ms - 200
[Info   :Zeepkist GTR] 18:19:14 End processing HTTP request after 700.1593ms - 200
[Info   :Zeepkist GTR] 18:19:15 Starting recorder
[Info   :Zeepkist Bingo] [BINGO] === PLAYER SPAWNED ===
[Info   :Zeepkist Bingo] [BINGO] IsInActiveSession: False
[Info   :Zeepkist Bingo] [BINGO] Not in active session, skipping timer reset
[Info   :Zeepkist GTR] 18:19:21 Loading personal best...
[Info   :Zeepkist GTR] 18:19:21 Start processing HTTP request "POST" https://graphql.zeepki.st/
[Info   :Zeepkist GTR] 18:19:21 Sending HTTP request "POST" https://graphql.zeepki.st/
[Info   :Zeepkist GTR] 18:19:21 Stopping existing recorder if any
[Info   :Zeepkist GTR] 18:19:21 Creating new recorder
[Info   :Zeepkist GTR] 18:19:21 Start processing HTTP request "POST" https://graphql.zeepki.st/
[Info   :Zeepkist GTR] 18:19:21 Sending HTTP request "POST" https://graphql.zeepki.st/
[Info   :Zeepkist GTR] 18:19:21 Start processing HTTP request "POST" https://graphql.zeepki.st/
[Info   :Zeepkist GTR] 18:19:21 Sending HTTP request "POST" https://graphql.zeepki.st/
[Info   :Zeepkist GTR] 18:19:21 Received HTTP response headers after 297.6858ms - 200
[Info   :Zeepkist GTR] 18:19:21 End processing HTTP request after 297.8868ms - 200
[Info   :Zeepkist GTR] 18:19:21 Received HTTP response headers after 309.9382ms - 200
[Info   :Zeepkist GTR] 18:19:21 End processing HTTP request after 310.1665ms - 200
[Info   :Zeepkist GTR] 18:19:21 Received HTTP response headers after 504.822ms - 200
[Info   :Zeepkist GTR] 18:19:21 End processing HTTP request after 505.0779ms - 200
[Info   :Zeepkist GTR] 18:19:21 Start processing HTTP request "POST" https://graphql.zeepki.st/
[Info   :Zeepkist GTR] 18:19:21 Sending HTTP request "POST" https://graphql.zeepki.st/
[Info   :Zeepkist GTR] 18:19:22 Received HTTP response headers after 182.6401ms - 200
[Info   :Zeepkist GTR] 18:19:22 End processing HTTP request after 182.8776ms - 200
[Info   :Zeepkist GTR] 18:19:23 Starting recorder
[Info   :Zeepkist Bingo] [BINGO] === PLAYER SPAWNED ===
[Info   :Zeepkist Bingo] [BINGO] IsInActiveSession: False
[Info   :Zeepkist Bingo] [BINGO] Not in active session, skipping timer reset
[Info   :Zeepkist GTR] 18:19:35 Loading personal best...
[Info   :Zeepkist GTR] 18:19:35 Start processing HTTP request "POST" https://graphql.zeepki.st/
[Info   :Zeepkist GTR] 18:19:35 Sending HTTP request "POST" https://graphql.zeepki.st/
[Info   :Zeepkist GTR] 18:19:35 Stopping existing recorder if any
[Info   :Zeepkist GTR] 18:19:35 Creating new recorder
[Info   :Zeepkist GTR] 18:19:35 Start processing HTTP request "POST" https://graphql.zeepki.st/
[Info   :Zeepkist GTR] 18:19:35 Sending HTTP request "POST" https://graphql.zeepki.st/
[Info   :Zeepkist GTR] 18:19:35 Start processing HTTP request "POST" https://graphql.zeepki.st/
[Info   :Zeepkist GTR] 18:19:35 Sending HTTP request "POST" https://graphql.zeepki.st/
[Info   :Zeepkist GTR] 18:19:36 Received HTTP response headers after 189.3745ms - 200
[Info   :Zeepkist GTR] 18:19:36 End processing HTTP request after 189.592ms - 200
[Info   :Zeepkist GTR] 18:19:36 Received HTTP response headers after 202.5987ms - 200
[Info   :Zeepkist GTR] 18:19:36 End processing HTTP request after 202.8193ms - 200
[Info   :Zeepkist GTR] 18:19:36 Received HTTP response headers after 374.0068ms - 200
[Info   :Zeepkist GTR] 18:19:36 End processing HTTP request after 374.2218ms - 200
[Info   :Zeepkist GTR] 18:19:36 Start processing HTTP request "POST" https://graphql.zeepki.st/
[Info   :Zeepkist GTR] 18:19:36 Sending HTTP request "POST" https://graphql.zeepki.st/
[Info   :Zeepkist GTR] 18:19:36 Received HTTP response headers after 182.2604ms - 200
[Info   :Zeepkist GTR] 18:19:36 End processing HTTP request after 182.5106ms - 200
[Info   :Zeepkist GTR] 18:19:37 Starting recorder
[Info   :Zeepkist Bingo] [BINGO] === PLAYER SPAWNED ===
[Info   :Zeepkist Bingo] [BINGO] IsInActiveSession: False
[Info   :Zeepkist Bingo] [BINGO] Not in active session, skipping timer reset
[Info   :Zeepkist GTR] 18:20:03 Loading personal best...
[Info   :Zeepkist GTR] 18:20:03 Start processing HTTP request "POST" https://graphql.zeepki.st/
[Info   :Zeepkist GTR] 18:20:03 Sending HTTP request "POST" https://graphql.zeepki.st/
[Info   :Zeepkist GTR] 18:20:03 Stopping existing recorder if any
[Info   :Zeepkist GTR] 18:20:03 Creating new recorder
[Info   :Zeepkist GTR] 18:20:03 Start processing HTTP request "POST" https://graphql.zeepki.st/
[Info   :Zeepkist GTR] 18:20:03 Sending HTTP request "POST" https://graphql.zeepki.st/
[Info   :Zeepkist GTR] 18:20:03 Start processing HTTP request "POST" https://graphql.zeepki.st/
[Info   :Zeepkist GTR] 18:20:03 Sending HTTP request "POST" https://graphql.zeepki.st/
[Info   :Zeepkist GTR] 18:20:03 Received HTTP response headers after 190.7651ms - 200
[Info   :Zeepkist GTR] 18:20:03 End processing HTTP request after 191.0069ms - 200
[Info   :Zeepkist GTR] 18:20:03 Received HTTP response headers after 191.3362ms - 200
[Info   :Zeepkist GTR] 18:20:03 End processing HTTP request after 191.6701ms - 200
[Info   :Zeepkist GTR] 18:20:03 Received HTTP response headers after 377.065ms - 200
[Info   :Zeepkist GTR] 18:20:03 End processing HTTP request after 377.2815ms - 200
[Info   :Zeepkist GTR] 18:20:03 Start processing HTTP request "POST" https://graphql.zeepki.st/
[Info   :Zeepkist GTR] 18:20:03 Sending HTTP request "POST" https://graphql.zeepki.st/
[Info   :Zeepkist GTR] 18:20:03 Received HTTP response headers after 181.6715ms - 200
[Info   :Zeepkist GTR] 18:20:03 End processing HTTP request after 181.9369ms - 200
[Info   :Zeepkist GTR] 18:20:04 Starting recorder
[Info   :Zeepkist GTR] 18:20:10 Discarding recorder
[Info   :Zeepkist Bingo] [BINGO] Level loaded
[Info   :Zeepkist GTR] 18:20:25 Start processing HTTP request "POST" https://backend.zeepki.st/level/request
[Info   :Zeepkist GTR] 18:20:25 Sending HTTP request "POST" https://backend.zeepki.st/level/request
[Info   :BetterSplits] getting gtr splits
[Info   :Zeepkist Bingo] [BINGO] === PLAYER SPAWNED ===
[Info   :Zeepkist Bingo] [BINGO] IsInActiveSession: False
[Info   :Zeepkist Bingo] [BINGO] Not in active session, skipping timer reset
[Info   :Zeepkist GTR] 18:20:25 Loading personal best...
[Info   :Zeepkist GTR] 18:20:25 Start processing HTTP request "POST" https://graphql.zeepki.st/
[Info   :Zeepkist GTR] 18:20:25 Sending HTTP request "POST" https://graphql.zeepki.st/
[Info   :Zeepkist GTR] 18:20:25 Stopping existing recorder if any
[Info   :Zeepkist GTR] 18:20:25 Creating new recorder
[Info   :Zeepkist GTR] 18:20:25 Start processing HTTP request "POST" https://graphql.zeepki.st/
[Info   :Zeepkist GTR] 18:20:25 Sending HTTP request "POST" https://graphql.zeepki.st/
[Info   :Zeepkist GTR] 18:20:25 Start processing HTTP request "POST" https://graphql.zeepki.st/
[Info   :Zeepkist GTR] 18:20:25 Sending HTTP request "POST" https://graphql.zeepki.st/
[Info   :Zeepkist GTR] 18:20:25 Received HTTP response headers after 192.7644ms - 200
[Info   :Zeepkist GTR] 18:20:25 End processing HTTP request after 193.029ms - 200
[Info   :Zeepkist GTR] 18:20:25 Received HTTP response headers after 186.9068ms - 200
[Info   :Zeepkist GTR] 18:20:25 End processing HTTP request after 187.3865ms - 200
[Info   :Zeepkist GTR] 18:20:25 Received HTTP response headers after 188.0651ms - 200
[Info   :Zeepkist GTR] 18:20:25 End processing HTTP request after 188.3428ms - 200
[Info   :BetterSplits] got gtr splits
[Info   :Zeepkist GTR] 18:20:26 Received HTTP response headers after 378.0148ms - 200
[Info   :Zeepkist GTR] 18:20:26 End processing HTTP request after 378.2417ms - 200
[Info   :Zeepkist GTR] 18:20:26 Start processing HTTP request "POST" https://graphql.zeepki.st/
[Info   :Zeepkist GTR] 18:20:26 Sending HTTP request "POST" https://graphql.zeepki.st/
[Info   :Zeepkist GTR] 18:20:26 Received HTTP response headers after 201.952ms - 200
[Info   :Zeepkist GTR] 18:20:26 End processing HTTP request after 202.1626ms - 200
[Info   :Zeepkist GTR] 18:20:27 Starting recorder
[Info   :RoundLeaderboardTab] Drawing leaderboard -> forwarding to Instance.DrawTabLeaderboard()
[Info   :Zeepkist Bingo] [BINGO] === PLAYER SPAWNED ===
[Info   :Zeepkist Bingo] [BINGO] IsInActiveSession: False
[Info   :Zeepkist Bingo] [BINGO] Not in active session, skipping timer reset
[Info   :Zeepkist GTR] 18:20:31 Loading personal best...
[Info   :Zeepkist GTR] 18:20:31 Start processing HTTP request "POST" https://graphql.zeepki.st/
[Info   :Zeepkist GTR] 18:20:31 Sending HTTP request "POST" https://graphql.zeepki.st/
[Info   :Zeepkist GTR] 18:20:31 Stopping existing recorder if any
[Info   :Zeepkist GTR] 18:20:31 Creating new recorder
[Info   :Zeepkist GTR] 18:20:31 Start processing HTTP request "POST" https://graphql.zeepki.st/
[Info   :Zeepkist GTR] 18:20:31 Sending HTTP request "POST" https://graphql.zeepki.st/
[Info   :Zeepkist GTR] 18:20:31 Start processing HTTP request "POST" https://graphql.zeepki.st/
[Info   :Zeepkist GTR] 18:20:31 Sending HTTP request "POST" https://graphql.zeepki.st/
[Info   :Zeepkist GTR] 18:20:31 Received HTTP response headers after 187.8292ms - 200
[Info   :Zeepkist GTR] 18:20:31 Received HTTP response headers after 187.3496ms - 200
[Info   :Zeepkist GTR] 18:20:31 End processing HTTP request after 188.0734ms - 200
[Info   :Zeepkist GTR] 18:20:31 End processing HTTP request after 187.5376ms - 200
[Info   :Zeepkist GTR] 18:20:31 Received HTTP response headers after 369.7848ms - 200
[Info   :Zeepkist GTR] 18:20:31 End processing HTTP request after 370.0057ms - 200
[Info   :Zeepkist GTR] 18:20:31 Start processing HTTP request "POST" https://graphql.zeepki.st/
[Info   :Zeepkist GTR] 18:20:31 Sending HTTP request "POST" https://graphql.zeepki.st/
[Info   :Zeepkist GTR] 18:20:32 Received HTTP response headers after 189.1561ms - 200
[Info   :Zeepkist GTR] 18:20:32 End processing HTTP request after 189.4244ms - 200
[Info   :Zeepkist Bingo] [BINGO] === PLAYER SPAWNED ===
[Info   :Zeepkist Bingo] [BINGO] IsInActiveSession: False
[Info   :Zeepkist Bingo] [BINGO] Not in active session, skipping timer reset
[Info   :Zeepkist GTR] 18:20:32 Loading personal best...
[Info   :Zeepkist GTR] 18:20:32 Start processing HTTP request "POST" https://graphql.zeepki.st/
[Info   :Zeepkist GTR] 18:20:32 Sending HTTP request "POST" https://graphql.zeepki.st/
[Info   :Zeepkist GTR] 18:20:32 Stopping existing recorder if any
[Info   :Zeepkist GTR] 18:20:32 Creating new recorder
[Info   :Zeepkist GTR] 18:20:32 Start processing HTTP request "POST" https://graphql.zeepki.st/
[Info   :Zeepkist GTR] 18:20:32 Sending HTTP request "POST" https://graphql.zeepki.st/
[Info   :Zeepkist GTR] 18:20:32 Start processing HTTP request "POST" https://graphql.zeepki.st/
[Info   :Zeepkist GTR] 18:20:32 Sending HTTP request "POST" https://graphql.zeepki.st/
[Info   :Zeepkist GTR] 18:20:32 Received HTTP response headers after 188.5936ms - 200
[Info   :Zeepkist GTR] 18:20:32 Received HTTP response headers after 188.1172ms - 200
[Info   :Zeepkist GTR] 18:20:32 End processing HTTP request after 188.8348ms - 200
[Info   :Zeepkist GTR] 18:20:32 End processing HTTP request after 188.3187ms - 200
[Info   :Zeepkist GTR] 18:20:33 Received HTTP response headers after 380.7956ms - 200
[Info   :Zeepkist GTR] 18:20:33 End processing HTTP request after 381.0321ms - 200
[Info   :Zeepkist GTR] 18:20:33 Start processing HTTP request "POST" https://graphql.zeepki.st/
[Info   :Zeepkist GTR] 18:20:33 Sending HTTP request "POST" https://graphql.zeepki.st/
[Info   :Zeepkist GTR] 18:20:33 Received HTTP response headers after 194.9199ms - 200
[Info   :Zeepkist GTR] 18:20:33 End processing HTTP request after 195.1617ms - 200
[Info   :Zeepkist GTR] 18:20:34 Starting recorder
[Info   :Zeepkist Bingo] [BINGO] === PLAYER SPAWNED ===
[Info   :Zeepkist Bingo] [BINGO] IsInActiveSession: False
[Info   :Zeepkist Bingo] [BINGO] Not in active session, skipping timer reset
[Info   :Zeepkist GTR] 18:20:36 Loading personal best...
[Info   :Zeepkist GTR] 18:20:36 Start processing HTTP request "POST" https://graphql.zeepki.st/
[Info   :Zeepkist GTR] 18:20:36 Sending HTTP request "POST" https://graphql.zeepki.st/
[Info   :Zeepkist GTR] 18:20:36 Stopping existing recorder if any
[Info   :Zeepkist GTR] 18:20:36 Creating new recorder
[Info   :Zeepkist GTR] 18:20:36 Start processing HTTP request "POST" https://graphql.zeepki.st/
[Info   :Zeepkist GTR] 18:20:36 Sending HTTP request "POST" https://graphql.zeepki.st/
[Info   :Zeepkist GTR] 18:20:36 Start processing HTTP request "POST" https://graphql.zeepki.st/
[Info   :Zeepkist GTR] 18:20:36 Sending HTTP request "POST" https://graphql.zeepki.st/
[Info   :Zeepkist GTR] 18:20:36 Received HTTP response headers after 189.8071ms - 200
[Info   :Zeepkist GTR] 18:20:36 Received HTTP response headers after 189.2762ms - 200
[Info   :Zeepkist GTR] 18:20:36 End processing HTTP request after 190.089ms - 200
[Info   :Zeepkist GTR] 18:20:36 End processing HTTP request after 189.5168ms - 200
[Info   :Zeepkist GTR] 18:20:36 Received HTTP response headers after 390.9837ms - 200
[Info   :Zeepkist GTR] 18:20:36 End processing HTTP request after 391.1797ms - 200
[Info   :Zeepkist GTR] 18:20:36 Start processing HTTP request "POST" https://graphql.zeepki.st/
[Info   :Zeepkist GTR] 18:20:36 Sending HTTP request "POST" https://graphql.zeepki.st/
[Info   :Zeepkist GTR] 18:20:36 Received HTTP response headers after 208.679ms - 200
[Info   :Zeepkist GTR] 18:20:36 End processing HTTP request after 208.9174ms - 200
[Info   :Zeepkist GTR] 18:20:37 Starting recorder
[Info   :Zeepkist Bingo] [BINGO] === PLAYER SPAWNED ===
[Info   :Zeepkist Bingo] [BINGO] IsInActiveSession: False
[Info   :Zeepkist Bingo] [BINGO] Not in active session, skipping timer reset
[Info   :Zeepkist GTR] 18:20:39 Loading personal best...
[Info   :Zeepkist GTR] 18:20:39 Start processing HTTP request "POST" https://graphql.zeepki.st/
[Info   :Zeepkist GTR] 18:20:39 Sending HTTP request "POST" https://graphql.zeepki.st/
[Info   :Zeepkist GTR] 18:20:39 Stopping existing recorder if any
[Info   :Zeepkist GTR] 18:20:39 Creating new recorder
[Info   :Zeepkist GTR] 18:20:39 Start processing HTTP request "POST" https://graphql.zeepki.st/
[Info   :Zeepkist GTR] 18:20:39 Sending HTTP request "POST" https://graphql.zeepki.st/
[Info   :Zeepkist GTR] 18:20:39 Start processing HTTP request "POST" https://graphql.zeepki.st/
[Info   :Zeepkist GTR] 18:20:39 Sending HTTP request "POST" https://graphql.zeepki.st/
[Info   :Zeepkist GTR] 18:20:39 Received HTTP response headers after 183.4483ms - 200
[Info   :Zeepkist GTR] 18:20:39 Received HTTP response headers after 184.0793ms - 200
[Info   :Zeepkist GTR] 18:20:39 End processing HTTP request after 183.6695ms - 200
[Info   :Zeepkist GTR] 18:20:39 End processing HTTP request after 184.264ms - 200
[Info   :Zeepkist GTR] 18:20:40 Received HTTP response headers after 515.9584ms - 200
[Info   :Zeepkist GTR] 18:20:40 End processing HTTP request after 516.1536ms - 200
[Info   :Zeepkist GTR] 18:20:40 Start processing HTTP request "POST" https://graphql.zeepki.st/
[Info   :Zeepkist GTR] 18:20:40 Sending HTTP request "POST" https://graphql.zeepki.st/
[Info   :Zeepkist GTR] 18:20:40 Received HTTP response headers after 181.7455ms - 200
[Info   :Zeepkist GTR] 18:20:40 End processing HTTP request after 181.9878ms - 200
[Info   :Zeepkist GTR] 18:20:41 Starting recorder
[Info   :Zeepkist Bingo] [BINGO] === PLAYER SPAWNED ===
[Info   :Zeepkist Bingo] [BINGO] IsInActiveSession: False
[Info   :Zeepkist Bingo] [BINGO] Not in active session, skipping timer reset
[Info   :Zeepkist GTR] 18:20:42 Loading personal best...
[Info   :Zeepkist GTR] 18:20:42 Start processing HTTP request "POST" https://graphql.zeepki.st/
[Info   :Zeepkist GTR] 18:20:42 Sending HTTP request "POST" https://graphql.zeepki.st/
[Info   :Zeepkist GTR] 18:20:42 Stopping existing recorder if any
[Info   :Zeepkist GTR] 18:20:42 Creating new recorder
[Info   :Zeepkist GTR] 18:20:42 Start processing HTTP request "POST" https://graphql.zeepki.st/
[Info   :Zeepkist GTR] 18:20:42 Sending HTTP request "POST" https://graphql.zeepki.st/
[Info   :Zeepkist GTR] 18:20:42 Start processing HTTP request "POST" https://graphql.zeepki.st/
[Info   :Zeepkist GTR] 18:20:42 Sending HTTP request "POST" https://graphql.zeepki.st/
[Info   :Zeepkist GTR] 18:20:42 Received HTTP response headers after 185.3357ms - 200
[Info   :Zeepkist GTR] 18:20:42 End processing HTTP request after 185.5586ms - 200
[Info   :Zeepkist GTR] 18:20:42 Received HTTP response headers after 196.1173ms - 200
[Info   :Zeepkist GTR] 18:20:42 End processing HTTP request after 196.3887ms - 200
[Info   :Zeepkist GTR] 18:20:42 Received HTTP response headers after 383.6687ms - 200
[Info   :Zeepkist GTR] 18:20:42 End processing HTTP request after 383.8623ms - 200
[Info   :Zeepkist GTR] 18:20:42 Start processing HTTP request "POST" https://graphql.zeepki.st/
[Info   :Zeepkist GTR] 18:20:42 Sending HTTP request "POST" https://graphql.zeepki.st/
[Info   :Zeepkist GTR] 18:20:43 Received HTTP response headers after 182.6286ms - 200
[Info   :Zeepkist GTR] 18:20:43 End processing HTTP request after 182.8514ms - 200
[Info   :Zeepkist GTR] 18:20:44 Starting recorder
[Info   :Zeepkist Bingo] [BINGO] === PLAYER SPAWNED ===
[Info   :Zeepkist Bingo] [BINGO] IsInActiveSession: False
[Info   :Zeepkist Bingo] [BINGO] Not in active session, skipping timer reset
[Info   :Zeepkist GTR] 18:20:45 Loading personal best...
[Info   :Zeepkist GTR] 18:20:45 Start processing HTTP request "POST" https://graphql.zeepki.st/
[Info   :Zeepkist GTR] 18:20:45 Sending HTTP request "POST" https://graphql.zeepki.st/
[Info   :Zeepkist GTR] 18:20:45 Stopping existing recorder if any
[Info   :Zeepkist GTR] 18:20:45 Creating new recorder
[Info   :Zeepkist GTR] 18:20:45 Start processing HTTP request "POST" https://graphql.zeepki.st/
[Info   :Zeepkist GTR] 18:20:45 Sending HTTP request "POST" https://graphql.zeepki.st/
[Info   :Zeepkist GTR] 18:20:45 Start processing HTTP request "POST" https://graphql.zeepki.st/
[Info   :Zeepkist GTR] 18:20:45 Sending HTTP request "POST" https://graphql.zeepki.st/
[Info   :Zeepkist GTR] 18:20:46 Received HTTP response headers after 197.5534ms - 200
[Info   :Zeepkist GTR] 18:20:46 End processing HTTP request after 197.8007ms - 200
[Info   :Zeepkist GTR] 18:20:46 Received HTTP response headers after 208.7473ms - 200
[Info   :Zeepkist GTR] 18:20:46 End processing HTTP request after 208.9929ms - 200
[Info   :Zeepkist GTR] 18:20:46 Received HTTP response headers after 388.8642ms - 200
[Info   :Zeepkist GTR] 18:20:46 End processing HTTP request after 389.0845ms - 200
[Info   :Zeepkist GTR] 18:20:46 Start processing HTTP request "POST" https://graphql.zeepki.st/
[Info   :Zeepkist GTR] 18:20:46 Sending HTTP request "POST" https://graphql.zeepki.st/
[Info   :Zeepkist GTR] 18:20:46 Received HTTP response headers after 177.2036ms - 200
[Info   :Zeepkist GTR] 18:20:46 End processing HTTP request after 177.4185ms - 200
[Info   :Zeepkist GTR] 18:20:47 Starting recorder
[Info   :Zeepkist Bingo] [BINGO] === PLAYER SPAWNED ===
[Info   :Zeepkist Bingo] [BINGO] IsInActiveSession: False
[Info   :Zeepkist Bingo] [BINGO] Not in active session, skipping timer reset
[Info   :Zeepkist GTR] 18:20:48 Loading personal best...
[Info   :Zeepkist GTR] 18:20:48 Start processing HTTP request "POST" https://graphql.zeepki.st/
[Info   :Zeepkist GTR] 18:20:48 Sending HTTP request "POST" https://graphql.zeepki.st/
[Info   :Zeepkist GTR] 18:20:48 Stopping existing recorder if any
[Info   :Zeepkist GTR] 18:20:48 Creating new recorder
[Info   :Zeepkist GTR] 18:20:48 Start processing HTTP request "POST" https://graphql.zeepki.st/
[Info   :Zeepkist GTR] 18:20:48 Sending HTTP request "POST" https://graphql.zeepki.st/
[Info   :Zeepkist GTR] 18:20:48 Start processing HTTP request "POST" https://graphql.zeepki.st/
[Info   :Zeepkist GTR] 18:20:48 Sending HTTP request "POST" https://graphql.zeepki.st/
[Info   :Zeepkist GTR] 18:20:49 Received HTTP response headers after 190.2593ms - 200
[Info   :Zeepkist GTR] 18:20:49 End processing HTTP request after 190.4785ms - 200
[Info   :Zeepkist GTR] 18:20:49 Received HTTP response headers after 190.8778ms - 200
[Info   :Zeepkist GTR] 18:20:49 End processing HTTP request after 191.0773ms - 200
[Info   :Zeepkist GTR] 18:20:49 Received HTTP response headers after 383.3061ms - 200
[Info   :Zeepkist GTR] 18:20:49 End processing HTTP request after 383.4907ms - 200
[Info   :Zeepkist GTR] 18:20:49 Start processing HTTP request "POST" https://graphql.zeepki.st/
[Info   :Zeepkist GTR] 18:20:49 Sending HTTP request "POST" https://graphql.zeepki.st/
[Info   :Zeepkist GTR] 18:20:49 Received HTTP response headers after 203.5759ms - 200
[Info   :Zeepkist GTR] 18:20:49 End processing HTTP request after 203.8154ms - 200
[Info   :Zeepkist GTR] 18:20:50 Starting recorder
[Info   :Zeepkist Bingo] [BINGO] === PLAYER SPAWNED ===
[Info   :Zeepkist Bingo] [BINGO] IsInActiveSession: False
[Info   :Zeepkist Bingo] [BINGO] Not in active session, skipping timer reset
[Info   :Zeepkist GTR] 18:20:52 Loading personal best...
[Info   :Zeepkist GTR] 18:20:52 Start processing HTTP request "POST" https://graphql.zeepki.st/
[Info   :Zeepkist GTR] 18:20:52 Sending HTTP request "POST" https://graphql.zeepki.st/
[Info   :Zeepkist GTR] 18:20:52 Stopping existing recorder if any
[Info   :Zeepkist GTR] 18:20:52 Creating new recorder
[Info   :Zeepkist GTR] 18:20:52 Start processing HTTP request "POST" https://graphql.zeepki.st/
[Info   :Zeepkist GTR] 18:20:52 Sending HTTP request "POST" https://graphql.zeepki.st/
[Info   :Zeepkist GTR] 18:20:52 Start processing HTTP request "POST" https://graphql.zeepki.st/
[Info   :Zeepkist GTR] 18:20:52 Sending HTTP request "POST" https://graphql.zeepki.st/
[Info   :Zeepkist GTR] 18:20:52 Received HTTP response headers after 185.9922ms - 200
[Info   :Zeepkist GTR] 18:20:52 End processing HTTP request after 186.2605ms - 200
[Info   :Zeepkist GTR] 18:20:52 Received HTTP response headers after 185.7977ms - 200
[Info   :Zeepkist GTR] 18:20:52 End processing HTTP request after 185.9936ms - 200
[Info   :Zeepkist GTR] 18:20:53 Received HTTP response headers after 387.5005ms - 200
[Info   :Zeepkist GTR] 18:20:53 End processing HTTP request after 387.745ms - 200
[Info   :Zeepkist GTR] 18:20:53 Start processing HTTP request "POST" https://graphql.zeepki.st/
[Info   :Zeepkist GTR] 18:20:53 Sending HTTP request "POST" https://graphql.zeepki.st/
[Info   :Zeepkist GTR] 18:20:53 Received HTTP response headers after 185.5383ms - 200
[Info   :Zeepkist GTR] 18:20:53 End processing HTTP request after 185.7659ms - 200
[Info   :Zeepkist GTR] 18:20:54 Starting recorder
[Info   :Zeepkist Bingo] [BINGO] === PLAYER SPAWNED ===
[Info   :Zeepkist Bingo] [BINGO] IsInActiveSession: False
[Info   :Zeepkist Bingo] [BINGO] Not in active session, skipping timer reset
[Info   :Zeepkist GTR] 18:20:56 Loading personal best...
[Info   :Zeepkist GTR] 18:20:56 Start processing HTTP request "POST" https://graphql.zeepki.st/
[Info   :Zeepkist GTR] 18:20:56 Sending HTTP request "POST" https://graphql.zeepki.st/
[Info   :Zeepkist GTR] 18:20:56 Stopping existing recorder if any
[Info   :Zeepkist GTR] 18:20:56 Creating new recorder
[Info   :Zeepkist GTR] 18:20:56 Start processing HTTP request "POST" https://graphql.zeepki.st/
[Info   :Zeepkist GTR] 18:20:56 Sending HTTP request "POST" https://graphql.zeepki.st/
[Info   :Zeepkist GTR] 18:20:56 Start processing HTTP request "POST" https://graphql.zeepki.st/
[Info   :Zeepkist GTR] 18:20:56 Sending HTTP request "POST" https://graphql.zeepki.st/
[Info   :Zeepkist GTR] 18:20:56 Received HTTP response headers after 179.0423ms - 200
[Info   :Zeepkist GTR] 18:20:56 End processing HTTP request after 179.4333ms - 200
[Info   :Zeepkist GTR] 18:20:56 Received HTTP response headers after 184.9004ms - 200
[Info   :Zeepkist GTR] 18:20:56 End processing HTTP request after 185.183ms - 200
[Info   :Zeepkist GTR] 18:20:56 Received HTTP response headers after 363.2503ms - 200
[Info   :Zeepkist GTR] 18:20:56 End processing HTTP request after 363.5238ms - 200
[Info   :Zeepkist GTR] 18:20:56 Start processing HTTP request "POST" https://graphql.zeepki.st/
[Info   :Zeepkist GTR] 18:20:56 Sending HTTP request "POST" https://graphql.zeepki.st/
[Info   :Zeepkist GTR] 18:20:56 Received HTTP response headers after 178.8525ms - 200
[Info   :Zeepkist GTR] 18:20:56 End processing HTTP request after 179.072ms - 200
[Info   :Zeepkist GTR] 18:20:57 Starting recorder
[Info   :Zeepkist Bingo] [BINGO] === PLAYER SPAWNED ===
[Info   :Zeepkist Bingo] [BINGO] IsInActiveSession: False
[Info   :Zeepkist Bingo] [BINGO] Not in active session, skipping timer reset
[Info   :Zeepkist GTR] 18:20:59 Loading personal best...
[Info   :Zeepkist GTR] 18:20:59 Start processing HTTP request "POST" https://graphql.zeepki.st/
[Info   :Zeepkist GTR] 18:20:59 Sending HTTP request "POST" https://graphql.zeepki.st/
[Info   :Zeepkist GTR] 18:20:59 Stopping existing recorder if any
[Info   :Zeepkist GTR] 18:20:59 Creating new recorder
[Info   :Zeepkist GTR] 18:20:59 Start processing HTTP request "POST" https://graphql.zeepki.st/
[Info   :Zeepkist GTR] 18:20:59 Sending HTTP request "POST" https://graphql.zeepki.st/
[Info   :Zeepkist GTR] 18:20:59 Start processing HTTP request "POST" https://graphql.zeepki.st/
[Info   :Zeepkist GTR] 18:20:59 Sending HTTP request "POST" https://graphql.zeepki.st/
[Info   :Zeepkist GTR] 18:20:59 Received HTTP response headers after 177.4149ms - 200
[Info   :Zeepkist GTR] 18:20:59 End processing HTTP request after 177.6988ms - 200
[Info   :Zeepkist GTR] 18:20:59 Received HTTP response headers after 180.658ms - 200
[Info   :Zeepkist GTR] 18:20:59 End processing HTTP request after 180.8577ms - 200
[Info   :Zeepkist GTR] 18:20:59 Received HTTP response headers after 356.4049ms - 200
[Info   :Zeepkist GTR] 18:20:59 End processing HTTP request after 356.6792ms - 200
[Info   :Zeepkist GTR] 18:20:59 Start processing HTTP request "POST" https://graphql.zeepki.st/
[Info   :Zeepkist GTR] 18:20:59 Sending HTTP request "POST" https://graphql.zeepki.st/
[Info   :Zeepkist GTR] 18:20:59 Received HTTP response headers after 183.9356ms - 200
[Info   :Zeepkist GTR] 18:20:59 End processing HTTP request after 184.1497ms - 200
[Info   :Zeepkist GTR] 18:21:00 Starting recorder
[Info   :Zeepkist Bingo] [BINGO] === PLAYER SPAWNED ===
[Info   :Zeepkist Bingo] [BINGO] IsInActiveSession: False
[Info   :Zeepkist Bingo] [BINGO] Not in active session, skipping timer reset
[Info   :Zeepkist GTR] 18:21:02 Loading personal best...
[Info   :Zeepkist GTR] 18:21:02 Start processing HTTP request "POST" https://graphql.zeepki.st/
[Info   :Zeepkist GTR] 18:21:02 Sending HTTP request "POST" https://graphql.zeepki.st/
[Info   :Zeepkist GTR] 18:21:02 Stopping existing recorder if any
[Info   :Zeepkist GTR] 18:21:02 Creating new recorder
[Info   :Zeepkist GTR] 18:21:02 Start processing HTTP request "POST" https://graphql.zeepki.st/
[Info   :Zeepkist GTR] 18:21:02 Sending HTTP request "POST" https://graphql.zeepki.st/
[Info   :Zeepkist GTR] 18:21:02 Start processing HTTP request "POST" https://graphql.zeepki.st/
[Info   :Zeepkist GTR] 18:21:02 Sending HTTP request "POST" https://graphql.zeepki.st/
[Info   :Zeepkist GTR] 18:21:02 Received HTTP response headers after 179.6447ms - 200
[Info   :Zeepkist GTR] 18:21:02 Received HTTP response headers after 180.1859ms - 200
[Info   :Zeepkist GTR] 18:21:02 End processing HTTP request after 180.416ms - 200
[Info   :Zeepkist GTR] 18:21:02 End processing HTTP request after 179.8767ms - 200
[Info   :Zeepkist GTR] 18:21:02 Received HTTP response headers after 356.0882ms - 200
[Info   :Zeepkist GTR] 18:21:02 End processing HTTP request after 356.3086ms - 200
[Info   :Zeepkist GTR] 18:21:02 Start processing HTTP request "POST" https://graphql.zeepki.st/
[Info   :Zeepkist GTR] 18:21:02 Sending HTTP request "POST" https://graphql.zeepki.st/
[Info   :Zeepkist GTR] 18:21:03 Received HTTP response headers after 191.0237ms - 200
[Info   :Zeepkist GTR] 18:21:03 End processing HTTP request after 191.2799ms - 200
[Info   :Zeepkist GTR] 18:21:04 Starting recorder
[Info   :Zeepkist Bingo] [BINGO] === PLAYER SPAWNED ===
[Info   :Zeepkist Bingo] [BINGO] IsInActiveSession: False
[Info   :Zeepkist Bingo] [BINGO] Not in active session, skipping timer reset
[Info   :Zeepkist GTR] 18:21:05 Loading personal best...
[Info   :Zeepkist GTR] 18:21:05 Start processing HTTP request "POST" https://graphql.zeepki.st/
[Info   :Zeepkist GTR] 18:21:05 Sending HTTP request "POST" https://graphql.zeepki.st/
[Info   :Zeepkist GTR] 18:21:05 Stopping existing recorder if any
[Info   :Zeepkist GTR] 18:21:05 Creating new recorder
[Info   :Zeepkist GTR] 18:21:05 Start processing HTTP request "POST" https://graphql.zeepki.st/
[Info   :Zeepkist GTR] 18:21:05 Sending HTTP request "POST" https://graphql.zeepki.st/
[Info   :Zeepkist GTR] 18:21:05 Start processing HTTP request "POST" https://graphql.zeepki.st/
[Info   :Zeepkist GTR] 18:21:05 Sending HTTP request "POST" https://graphql.zeepki.st/
[Info   :Zeepkist GTR] 18:21:05 Received HTTP response headers after 178.4282ms - 200
[Info   :Zeepkist GTR] 18:21:05 Received HTTP response headers after 178.9423ms - 200
[Info   :Zeepkist GTR] 18:21:05 End processing HTTP request after 178.6404ms - 200
[Info   :Zeepkist GTR] 18:21:05 End processing HTTP request after 179.2057ms - 200
[Info   :Zeepkist GTR] 18:21:05 Received HTTP response headers after 395.3613ms - 200
[Info   :Zeepkist GTR] 18:21:05 End processing HTTP request after 395.5628ms - 200
[Info   :Zeepkist GTR] 18:21:05 Start processing HTTP request "POST" https://graphql.zeepki.st/
[Info   :Zeepkist GTR] 18:21:05 Sending HTTP request "POST" https://graphql.zeepki.st/
[Info   :Zeepkist GTR] 18:21:05 Received HTTP response headers after 194.7617ms - 200
[Info   :Zeepkist GTR] 18:21:05 End processing HTTP request after 194.9895ms - 200
[Info   :Zeepkist GTR] 18:21:07 Starting recorder
[Info   :Zeepkist Bingo] [BINGO] === PLAYER SPAWNED ===
[Info   :Zeepkist Bingo] [BINGO] IsInActiveSession: False
[Info   :Zeepkist Bingo] [BINGO] Not in active session, skipping timer reset
[Info   :Zeepkist GTR] 18:21:08 Loading personal best...
[Info   :Zeepkist GTR] 18:21:08 Start processing HTTP request "POST" https://graphql.zeepki.st/
[Info   :Zeepkist GTR] 18:21:08 Sending HTTP request "POST" https://graphql.zeepki.st/
[Info   :Zeepkist GTR] 18:21:08 Stopping existing recorder if any
[Info   :Zeepkist GTR] 18:21:08 Creating new recorder
[Info   :Zeepkist GTR] 18:21:08 Start processing HTTP request "POST" https://graphql.zeepki.st/
[Info   :Zeepkist GTR] 18:21:08 Sending HTTP request "POST" https://graphql.zeepki.st/
[Info   :Zeepkist GTR] 18:21:08 Start processing HTTP request "POST" https://graphql.zeepki.st/
[Info   :Zeepkist GTR] 18:21:08 Sending HTTP request "POST" https://graphql.zeepki.st/
[Info   :Zeepkist GTR] 18:21:08 Received HTTP response headers after 217.1817ms - 200
[Info   :Zeepkist GTR] 18:21:08 Received HTTP response headers after 216.649ms - 200
[Info   :Zeepkist GTR] 18:21:08 End processing HTTP request after 217.475ms - 200
[Info   :Zeepkist GTR] 18:21:08 End processing HTTP request after 216.8698ms - 200
[Info   :Zeepkist GTR] 18:21:08 Received HTTP response headers after 421.9491ms - 200
[Info   :Zeepkist GTR] 18:21:08 End processing HTTP request after 422.172ms - 200
[Info   :Zeepkist GTR] 18:21:08 Start processing HTTP request "POST" https://graphql.zeepki.st/
[Info   :Zeepkist GTR] 18:21:08 Sending HTTP request "POST" https://graphql.zeepki.st/
[Info   :Zeepkist GTR] 18:21:08 Received HTTP response headers after 190.1885ms - 200
[Info   :Zeepkist GTR] 18:21:08 End processing HTTP request after 190.4468ms - 200
[Info   :Zeepkist GTR] 18:21:10 Starting recorder
[Info   :Zeepkist Bingo] [BINGO] === PLAYER SPAWNED ===
[Info   :Zeepkist Bingo] [BINGO] IsInActiveSession: False
[Info   :Zeepkist Bingo] [BINGO] Not in active session, skipping timer reset
[Info   :Zeepkist GTR] 18:21:11 Loading personal best...
[Info   :Zeepkist GTR] 18:21:11 Start processing HTTP request "POST" https://graphql.zeepki.st/
[Info   :Zeepkist GTR] 18:21:11 Sending HTTP request "POST" https://graphql.zeepki.st/
[Info   :Zeepkist GTR] 18:21:11 Stopping existing recorder if any
[Info   :Zeepkist GTR] 18:21:11 Creating new recorder
[Info   :Zeepkist GTR] 18:21:11 Start processing HTTP request "POST" https://graphql.zeepki.st/
[Info   :Zeepkist GTR] 18:21:11 Sending HTTP request "POST" https://graphql.zeepki.st/
[Info   :Zeepkist GTR] 18:21:11 Start processing HTTP request "POST" https://graphql.zeepki.st/
[Info   :Zeepkist GTR] 18:21:11 Sending HTTP request "POST" https://graphql.zeepki.st/
[Info   :Zeepkist GTR] 18:21:11 Received HTTP response headers after 193.3451ms - 200
[Info   :Zeepkist GTR] 18:21:11 Received HTTP response headers after 192.3573ms - 200
[Info   :Zeepkist GTR] 18:21:11 End processing HTTP request after 193.7181ms - 200
[Info   :Zeepkist GTR] 18:21:11 End processing HTTP request after 192.7299ms - 200
[Info   :Zeepkist GTR] 18:21:12 Received HTTP response headers after 389.0122ms - 200
[Info   :Zeepkist GTR] 18:21:12 End processing HTTP request after 389.3482ms - 200
[Info   :Zeepkist GTR] 18:21:12 Start processing HTTP request "POST" https://graphql.zeepki.st/
[Info   :Zeepkist GTR] 18:21:12 Sending HTTP request "POST" https://graphql.zeepki.st/
[Info   :Zeepkist GTR] 18:21:12 Received HTTP response headers after 185.7106ms - 200
[Info   :Zeepkist GTR] 18:21:12 End processing HTTP request after 186.0127ms - 200
[Info   :Zeepkist GTR] 18:21:13 Starting recorder
[Info   :Zeepkist Bingo] [BINGO] === PLAYER SPAWNED ===
[Info   :Zeepkist Bingo] [BINGO] IsInActiveSession: False
[Info   :Zeepkist Bingo] [BINGO] Not in active session, skipping timer reset
[Info   :Zeepkist GTR] 18:21:15 Loading personal best...
[Info   :Zeepkist GTR] 18:21:15 Start processing HTTP request "POST" https://graphql.zeepki.st/
[Info   :Zeepkist GTR] 18:21:15 Sending HTTP request "POST" https://graphql.zeepki.st/
[Info   :Zeepkist GTR] 18:21:15 Stopping existing recorder if any
[Info   :Zeepkist GTR] 18:21:15 Creating new recorder
[Info   :Zeepkist GTR] 18:21:15 Start processing HTTP request "POST" https://graphql.zeepki.st/
[Info   :Zeepkist GTR] 18:21:15 Sending HTTP request "POST" https://graphql.zeepki.st/
[Info   :Zeepkist GTR] 18:21:15 Start processing HTTP request "POST" https://graphql.zeepki.st/
[Info   :Zeepkist GTR] 18:21:15 Sending HTTP request "POST" https://graphql.zeepki.st/
[Info   :Zeepkist GTR] 18:21:15 Received HTTP response headers after 183.123ms - 200
[Info   :Zeepkist GTR] 18:21:15 End processing HTTP request after 183.3985ms - 200
[Info   :Zeepkist GTR] 18:21:15 Received HTTP response headers after 183.8499ms - 200
[Info   :Zeepkist GTR] 18:21:15 End processing HTTP request after 184.1105ms - 200
[Info   :Zeepkist GTR] 18:21:15 Received HTTP response headers after 363.4995ms - 200
[Info   :Zeepkist GTR] 18:21:15 End processing HTTP request after 363.747ms - 200
[Info   :Zeepkist GTR] 18:21:15 Start processing HTTP request "POST" https://graphql.zeepki.st/
[Info   :Zeepkist GTR] 18:21:15 Sending HTTP request "POST" https://graphql.zeepki.st/
[Info   :Zeepkist GTR] 18:21:16 Received HTTP response headers after 232.1037ms - 200
[Info   :Zeepkist GTR] 18:21:16 End processing HTTP request after 232.4436ms - 200
[Info   :Zeepkist GTR] 18:21:17 Starting recorder
[Info   :Zeepkist Bingo] [BINGO] === PLAYER SPAWNED ===
[Info   :Zeepkist Bingo] [BINGO] IsInActiveSession: False
[Info   :Zeepkist Bingo] [BINGO] Not in active session, skipping timer reset
[Info   :Zeepkist GTR] 18:21:19 Loading personal best...
[Info   :Zeepkist GTR] 18:21:19 Start processing HTTP request "POST" https://graphql.zeepki.st/
[Info   :Zeepkist GTR] 18:21:19 Sending HTTP request "POST" https://graphql.zeepki.st/
[Info   :Zeepkist GTR] 18:21:19 Stopping existing recorder if any
[Info   :Zeepkist GTR] 18:21:19 Creating new recorder
[Info   :Zeepkist GTR] 18:21:19 Start processing HTTP request "POST" https://graphql.zeepki.st/
[Info   :Zeepkist GTR] 18:21:19 Sending HTTP request "POST" https://graphql.zeepki.st/
[Info   :Zeepkist GTR] 18:21:19 Start processing HTTP request "POST" https://graphql.zeepki.st/
[Info   :Zeepkist GTR] 18:21:19 Sending HTTP request "POST" https://graphql.zeepki.st/
[Info   :Zeepkist GTR] 18:21:19 Received HTTP response headers after 188.1687ms - 200
[Info   :Zeepkist GTR] 18:21:19 Received HTTP response headers after 187.5932ms - 200
[Info   :Zeepkist GTR] 18:21:19 End processing HTTP request after 187.9508ms - 200
[Info   :Zeepkist GTR] 18:21:19 End processing HTTP request after 188.5418ms - 200
[Info   :Zeepkist GTR] 18:21:19 Received HTTP response headers after 383.8866ms - 200
[Info   :Zeepkist GTR] 18:21:19 End processing HTTP request after 384.0962ms - 200
[Info   :Zeepkist GTR] 18:21:19 Start processing HTTP request "POST" https://graphql.zeepki.st/
[Info   :Zeepkist GTR] 18:21:19 Sending HTTP request "POST" https://graphql.zeepki.st/
[Info   :Zeepkist GTR] 18:21:19 Received HTTP response headers after 189.4022ms - 200
[Info   :Zeepkist GTR] 18:21:19 End processing HTTP request after 189.6415ms - 200
[Info   :Zeepkist GTR] 18:21:20 Starting recorder
[Info   :Zeepkist Bingo] [BINGO] === PLAYER SPAWNED ===
[Info   :Zeepkist Bingo] [BINGO] IsInActiveSession: False
[Info   :Zeepkist Bingo] [BINGO] Not in active session, skipping timer reset
[Info   :Zeepkist GTR] 18:21:21 Loading personal best...
[Info   :Zeepkist GTR] 18:21:21 Start processing HTTP request "POST" https://graphql.zeepki.st/
[Info   :Zeepkist GTR] 18:21:21 Sending HTTP request "POST" https://graphql.zeepki.st/
[Info   :Zeepkist GTR] 18:21:21 Stopping existing recorder if any
[Info   :Zeepkist GTR] 18:21:21 Creating new recorder
[Info   :Zeepkist GTR] 18:21:21 Start processing HTTP request "POST" https://graphql.zeepki.st/
[Info   :Zeepkist GTR] 18:21:21 Sending HTTP request "POST" https://graphql.zeepki.st/
[Info   :Zeepkist GTR] 18:21:21 Start processing HTTP request "POST" https://graphql.zeepki.st/
[Info   :Zeepkist GTR] 18:21:21 Sending HTTP request "POST" https://graphql.zeepki.st/
[Info   :Zeepkist GTR] 18:21:22 Received HTTP response headers after 396.7885ms - 200
[Info   :Zeepkist GTR] 18:21:22 End processing HTTP request after 397.0261ms - 200
[Info   :Zeepkist GTR] 18:21:22 Received HTTP response headers after 401.6167ms - 200
[Info   :Zeepkist GTR] 18:21:22 End processing HTTP request after 401.8657ms - 200
[Info   :Zeepkist GTR] 18:21:22 Received HTTP response headers after 564.2455ms - 200
[Info   :Zeepkist GTR] 18:21:22 End processing HTTP request after 564.5142ms - 200
[Info   :Zeepkist GTR] 18:21:22 Start processing HTTP request "POST" https://graphql.zeepki.st/
[Info   :Zeepkist GTR] 18:21:22 Sending HTTP request "POST" https://graphql.zeepki.st/
[Info   :Zeepkist GTR] 18:21:22 Received HTTP response headers after 180.0132ms - 200
[Info   :Zeepkist GTR] 18:21:22 End processing HTTP request after 180.2891ms - 200
[Info   :Zeepkist GTR] 18:21:23 Starting recorder
[Info   :Zeepkist Bingo] [BINGO] === PLAYER SPAWNED ===
[Info   :Zeepkist Bingo] [BINGO] IsInActiveSession: False
[Info   :Zeepkist Bingo] [BINGO] Not in active session, skipping timer reset
[Info   :Zeepkist GTR] 18:21:40 Loading personal best...
[Info   :Zeepkist GTR] 18:21:40 Start processing HTTP request "POST" https://graphql.zeepki.st/
[Info   :Zeepkist GTR] 18:21:40 Sending HTTP request "POST" https://graphql.zeepki.st/
[Info   :Zeepkist GTR] 18:21:40 Stopping existing recorder if any
[Info   :Zeepkist GTR] 18:21:40 Creating new recorder
[Info   :Zeepkist GTR] 18:21:40 Start processing HTTP request "POST" https://graphql.zeepki.st/
[Info   :Zeepkist GTR] 18:21:40 Sending HTTP request "POST" https://graphql.zeepki.st/
[Info   :Zeepkist GTR] 18:21:40 Start processing HTTP request "POST" https://graphql.zeepki.st/
[Info   :Zeepkist GTR] 18:21:40 Sending HTTP request "POST" https://graphql.zeepki.st/
[Info   :Zeepkist GTR] 18:21:40 Received HTTP response headers after 177.5969ms - 200
[Info   :Zeepkist GTR] 18:21:40 End processing HTTP request after 177.7918ms - 200
[Info   :Zeepkist GTR] 18:21:40 Received HTTP response headers after 181.574ms - 200
[Info   :Zeepkist GTR] 18:21:40 End processing HTTP request after 181.8307ms - 200
[Info   :Zeepkist GTR] 18:21:40 Received HTTP response headers after 357.0489ms - 200
[Info   :Zeepkist GTR] 18:21:40 End processing HTTP request after 357.272ms - 200
[Info   :Zeepkist GTR] 18:21:40 Start processing HTTP request "POST" https://graphql.zeepki.st/
[Info   :Zeepkist GTR] 18:21:40 Sending HTTP request "POST" https://graphql.zeepki.st/
[Info   :Zeepkist GTR] 18:21:40 Received HTTP response headers after 177.091ms - 200
[Info   :Zeepkist GTR] 18:21:40 End processing HTTP request after 177.3507ms - 200
[Info   :Zeepkist GTR] 18:21:42 Starting recorder
[Info   :Zeepkist Bingo] [BINGO] === PLAYER SPAWNED ===
[Info   :Zeepkist Bingo] [BINGO] IsInActiveSession: False
[Info   :Zeepkist Bingo] [BINGO] Not in active session, skipping timer reset
[Info   :Zeepkist GTR] 18:21:43 Loading personal best...
[Info   :Zeepkist GTR] 18:21:43 Start processing HTTP request "POST" https://graphql.zeepki.st/
[Info   :Zeepkist GTR] 18:21:43 Sending HTTP request "POST" https://graphql.zeepki.st/
[Info   :Zeepkist GTR] 18:21:43 Stopping existing recorder if any
[Info   :Zeepkist GTR] 18:21:43 Creating new recorder
[Info   :Zeepkist GTR] 18:21:43 Start processing HTTP request "POST" https://graphql.zeepki.st/
[Info   :Zeepkist GTR] 18:21:43 Sending HTTP request "POST" https://graphql.zeepki.st/
[Info   :Zeepkist GTR] 18:21:43 Start processing HTTP request "POST" https://graphql.zeepki.st/
[Info   :Zeepkist GTR] 18:21:43 Sending HTTP request "POST" https://graphql.zeepki.st/
[Info   :Zeepkist GTR] 18:21:44 Received HTTP response headers after 196.8889ms - 200
[Info   :Zeepkist GTR] 18:21:44 End processing HTTP request after 197.1008ms - 200
[Info   :Zeepkist GTR] 18:21:44 Received HTTP response headers after 213.6711ms - 200
[Info   :Zeepkist GTR] 18:21:44 End processing HTTP request after 213.9168ms - 200
[Info   :Zeepkist GTR] 18:21:44 Received HTTP response headers after 384.7479ms - 200
[Info   :Zeepkist GTR] 18:21:44 End processing HTTP request after 385.0039ms - 200
[Info   :Zeepkist GTR] 18:21:44 Start processing HTTP request "POST" https://graphql.zeepki.st/
[Info   :Zeepkist GTR] 18:21:44 Sending HTTP request "POST" https://graphql.zeepki.st/
[Info   :Zeepkist GTR] 18:21:44 Received HTTP response headers after 181.9052ms - 200
[Info   :Zeepkist GTR] 18:21:44 End processing HTTP request after 182.1918ms - 200
[Info   :Zeepkist GTR] 18:21:45 Starting recorder
[Info   :Zeepkist Bingo] [BINGO] === PLAYER SPAWNED ===
[Info   :Zeepkist Bingo] [BINGO] IsInActiveSession: False
[Info   :Zeepkist Bingo] [BINGO] Not in active session, skipping timer reset
[Info   :Zeepkist GTR] 18:22:17 Loading personal best...
[Info   :Zeepkist GTR] 18:22:17 Start processing HTTP request "POST" https://graphql.zeepki.st/
[Info   :Zeepkist GTR] 18:22:17 Sending HTTP request "POST" https://graphql.zeepki.st/
[Info   :Zeepkist GTR] 18:22:17 Stopping existing recorder if any
[Info   :Zeepkist GTR] 18:22:17 Creating new recorder
[Info   :Zeepkist GTR] 18:22:17 Start processing HTTP request "POST" https://graphql.zeepki.st/
[Info   :Zeepkist GTR] 18:22:17 Sending HTTP request "POST" https://graphql.zeepki.st/
[Info   :Zeepkist GTR] 18:22:17 Start processing HTTP request "POST" https://graphql.zeepki.st/
[Info   :Zeepkist GTR] 18:22:17 Sending HTTP request "POST" https://graphql.zeepki.st/
[Info   :Zeepkist GTR] 18:22:17 Received HTTP response headers after 182.4355ms - 200
[Info   :Zeepkist GTR] 18:22:17 Received HTTP response headers after 183.0683ms - 200
[Info   :Zeepkist GTR] 18:22:17 End processing HTTP request after 182.687ms - 200
[Info   :Zeepkist GTR] 18:22:17 End processing HTTP request after 183.2633ms - 200
[Info   :Zeepkist GTR] 18:22:17 Received HTTP response headers after 370.6122ms - 200
[Info   :Zeepkist GTR] 18:22:17 End processing HTTP request after 370.8422ms - 200
[Info   :Zeepkist GTR] 18:22:18 Start processing HTTP request "POST" https://graphql.zeepki.st/
[Info   :Zeepkist GTR] 18:22:18 Sending HTTP request "POST" https://graphql.zeepki.st/
[Info   :Zeepkist GTR] 18:22:18 Received HTTP response headers after 173.8968ms - 200
[Info   :Zeepkist GTR] 18:22:18 End processing HTTP request after 174.1435ms - 200
[Info   :Zeepkist GTR] 18:22:19 Starting recorder
[Info   :Zeepkist Bingo] [BINGO] === PLAYER SPAWNED ===
[Info   :Zeepkist Bingo] [BINGO] IsInActiveSession: False
[Info   :Zeepkist Bingo] [BINGO] Not in active session, skipping timer reset
[Info   :Zeepkist GTR] 18:22:20 Loading personal best...
[Info   :Zeepkist GTR] 18:22:20 Start processing HTTP request "POST" https://graphql.zeepki.st/
[Info   :Zeepkist GTR] 18:22:20 Sending HTTP request "POST" https://graphql.zeepki.st/
[Info   :Zeepkist GTR] 18:22:20 Stopping existing recorder if any
[Info   :Zeepkist GTR] 18:22:20 Creating new recorder
[Info   :Zeepkist GTR] 18:22:20 Start processing HTTP request "POST" https://graphql.zeepki.st/
[Info   :Zeepkist GTR] 18:22:20 Sending HTTP request "POST" https://graphql.zeepki.st/
[Info   :Zeepkist GTR] 18:22:20 Start processing HTTP request "POST" https://graphql.zeepki.st/
[Info   :Zeepkist GTR] 18:22:20 Sending HTTP request "POST" https://graphql.zeepki.st/
[Info   :Zeepkist GTR] 18:22:21 Received HTTP response headers after 164.1771ms - 200
[Info   :Zeepkist GTR] 18:22:21 End processing HTTP request after 164.4042ms - 200
[Info   :Zeepkist GTR] 18:22:21 Received HTTP response headers after 180.3688ms - 200
[Info   :Zeepkist GTR] 18:22:21 End processing HTTP request after 180.5965ms - 200
[Info   :Zeepkist GTR] 18:22:21 Received HTTP response headers after 347.523ms - 200
[Info   :Zeepkist GTR] 18:22:21 End processing HTTP request after 347.733ms - 200
[Info   :Zeepkist GTR] 18:22:21 Start processing HTTP request "POST" https://graphql.zeepki.st/
[Info   :Zeepkist GTR] 18:22:21 Sending HTTP request "POST" https://graphql.zeepki.st/
[Info   :Zeepkist GTR] 18:22:21 Received HTTP response headers after 166.5266ms - 200
[Info   :Zeepkist GTR] 18:22:21 End processing HTTP request after 166.7726ms - 200
[Info   :Zeepkist GTR] 18:22:22 Starting recorder
[Info   :Zeepkist Bingo] [BINGO] === PLAYER SPAWNED ===
[Info   :Zeepkist Bingo] [BINGO] IsInActiveSession: False
[Info   :Zeepkist Bingo] [BINGO] Not in active session, skipping timer reset
[Info   :Zeepkist GTR] 18:22:35 Loading personal best...
[Info   :Zeepkist GTR] 18:22:35 Start processing HTTP request "POST" https://graphql.zeepki.st/
[Info   :Zeepkist GTR] 18:22:35 Sending HTTP request "POST" https://graphql.zeepki.st/
[Info   :Zeepkist GTR] 18:22:35 Stopping existing recorder if any
[Info   :Zeepkist GTR] 18:22:35 Creating new recorder
[Info   :Zeepkist GTR] 18:22:35 Start processing HTTP request "POST" https://graphql.zeepki.st/
[Info   :Zeepkist GTR] 18:22:35 Sending HTTP request "POST" https://graphql.zeepki.st/
[Info   :Zeepkist GTR] 18:22:35 Start processing HTTP request "POST" https://graphql.zeepki.st/
[Info   :Zeepkist GTR] 18:22:35 Sending HTTP request "POST" https://graphql.zeepki.st/
[Info   :Zeepkist GTR] 18:22:35 Received HTTP response headers after 179.6071ms - 200
[Info   :Zeepkist GTR] 18:22:35 End processing HTTP request after 179.8599ms - 200
[Info   :Zeepkist GTR] 18:22:35 Received HTTP response headers after 186.9464ms - 200
[Info   :Zeepkist GTR] 18:22:35 End processing HTTP request after 187.2145ms - 200
[Info   :Zeepkist GTR] 18:22:35 Received HTTP response headers after 342.7787ms - 200
[Info   :Zeepkist GTR] 18:22:35 End processing HTTP request after 343.0102ms - 200
[Info   :Zeepkist GTR] 18:22:35 Start processing HTTP request "POST" https://graphql.zeepki.st/
[Info   :Zeepkist GTR] 18:22:35 Sending HTTP request "POST" https://graphql.zeepki.st/
[Info   :Zeepkist GTR] 18:22:36 Received HTTP response headers after 178.7581ms - 200
[Info   :Zeepkist GTR] 18:22:36 End processing HTTP request after 179.1063ms - 200
[Info   :Zeepkist GTR] 18:22:37 Starting recorder
[Info   :Zeepkist Bingo] [BINGO] === PLAYER SPAWNED ===
[Info   :Zeepkist Bingo] [BINGO] IsInActiveSession: False
[Info   :Zeepkist Bingo] [BINGO] Not in active session, skipping timer reset
[Info   :Zeepkist GTR] 18:22:39 Loading personal best...
[Info   :Zeepkist GTR] 18:22:39 Start processing HTTP request "POST" https://graphql.zeepki.st/
[Info   :Zeepkist GTR] 18:22:39 Sending HTTP request "POST" https://graphql.zeepki.st/
[Info   :Zeepkist GTR] 18:22:39 Stopping existing recorder if any
[Info   :Zeepkist GTR] 18:22:39 Creating new recorder
[Info   :Zeepkist GTR] 18:22:39 Start processing HTTP request "POST" https://graphql.zeepki.st/
[Info   :Zeepkist GTR] 18:22:39 Sending HTTP request "POST" https://graphql.zeepki.st/
[Info   :Zeepkist GTR] 18:22:39 Start processing HTTP request "POST" https://graphql.zeepki.st/
[Info   :Zeepkist GTR] 18:22:39 Sending HTTP request "POST" https://graphql.zeepki.st/
[Info   :Zeepkist GTR] 18:22:39 Received HTTP response headers after 177.7556ms - 200
[Info   :Zeepkist GTR] 18:22:39 End processing HTTP request after 177.9813ms - 200
[Info   :Zeepkist GTR] 18:22:39 Received HTTP response headers after 182.328ms - 200
[Info   :Zeepkist GTR] 18:22:39 End processing HTTP request after 182.588ms - 200
[Info   :Zeepkist GTR] 18:22:39 Received HTTP response headers after 350.5859ms - 200
[Info   :Zeepkist GTR] 18:22:39 End processing HTTP request after 350.8086ms - 200
[Info   :Zeepkist GTR] 18:22:39 Start processing HTTP request "POST" https://graphql.zeepki.st/
[Info   :Zeepkist GTR] 18:22:39 Sending HTTP request "POST" https://graphql.zeepki.st/
[Info   :Zeepkist GTR] 18:22:40 Received HTTP response headers after 311.6095ms - 200
[Info   :Zeepkist GTR] 18:22:40 End processing HTTP request after 311.8707ms - 200
[Info   :Zeepkist GTR] 18:22:41 Starting recorder
[Info   :Zeepkist Bingo] [BINGO] === PLAYER SPAWNED ===
[Info   :Zeepkist Bingo] [BINGO] IsInActiveSession: False
[Info   :Zeepkist Bingo] [BINGO] Not in active session, skipping timer reset
[Info   :Zeepkist GTR] 18:22:42 Loading personal best...
[Info   :Zeepkist GTR] 18:22:42 Start processing HTTP request "POST" https://graphql.zeepki.st/
[Info   :Zeepkist GTR] 18:22:42 Sending HTTP request "POST" https://graphql.zeepki.st/
[Info   :Zeepkist GTR] 18:22:42 Stopping existing recorder if any
[Info   :Zeepkist GTR] 18:22:42 Creating new recorder
[Info   :Zeepkist GTR] 18:22:42 Start processing HTTP request "POST" https://graphql.zeepki.st/
[Info   :Zeepkist GTR] 18:22:42 Sending HTTP request "POST" https://graphql.zeepki.st/
[Info   :Zeepkist GTR] 18:22:42 Start processing HTTP request "POST" https://graphql.zeepki.st/
[Info   :Zeepkist GTR] 18:22:42 Sending HTTP request "POST" https://graphql.zeepki.st/
[Info   :Zeepkist GTR] 18:22:42 Received HTTP response headers after 277.3603ms - 200
[Info   :Zeepkist GTR] 18:22:42 End processing HTTP request after 277.6078ms - 200
[Info   :Zeepkist GTR] 18:22:42 Received HTTP response headers after 305.8401ms - 200
[Info   :Zeepkist GTR] 18:22:42 End processing HTTP request after 306.0903ms - 200
[Info   :Zeepkist GTR] 18:22:42 Received HTTP response headers after 463.0549ms - 200
[Info   :Zeepkist GTR] 18:22:42 End processing HTTP request after 463.3279ms - 200
[Info   :Zeepkist GTR] 18:22:42 Start processing HTTP request "POST" https://graphql.zeepki.st/
[Info   :Zeepkist GTR] 18:22:42 Sending HTTP request "POST" https://graphql.zeepki.st/
[Info   :Zeepkist GTR] 18:22:43 Received HTTP response headers after 184.1121ms - 200
[Info   :Zeepkist GTR] 18:22:43 End processing HTTP request after 184.3885ms - 200
[Info   :Zeepkist GTR] 18:22:44 Starting recorder
[Info   :Zeepkist Bingo] [BINGO] === PLAYER SPAWNED ===
[Info   :Zeepkist Bingo] [BINGO] IsInActiveSession: False
[Info   :Zeepkist Bingo] [BINGO] Not in active session, skipping timer reset
[Info   :Zeepkist GTR] 18:22:58 Loading personal best...
[Info   :Zeepkist GTR] 18:22:58 Start processing HTTP request "POST" https://graphql.zeepki.st/
[Info   :Zeepkist GTR] 18:22:58 Sending HTTP request "POST" https://graphql.zeepki.st/
[Info   :Zeepkist GTR] 18:22:58 Stopping existing recorder if any
[Info   :Zeepkist GTR] 18:22:58 Creating new recorder
[Info   :Zeepkist GTR] 18:22:58 Start processing HTTP request "POST" https://graphql.zeepki.st/
[Info   :Zeepkist GTR] 18:22:58 Sending HTTP request "POST" https://graphql.zeepki.st/
[Info   :Zeepkist GTR] 18:22:58 Start processing HTTP request "POST" https://graphql.zeepki.st/
[Info   :Zeepkist GTR] 18:22:58 Sending HTTP request "POST" https://graphql.zeepki.st/
[Info   :Zeepkist GTR] 18:22:58 Received HTTP response headers after 199.3244ms - 200
[Info   :Zeepkist GTR] 18:22:58 End processing HTTP request after 199.6468ms - 200
[Info   :Zeepkist GTR] 18:22:58 Received HTTP response headers after 198.9579ms - 200
[Info   :Zeepkist GTR] 18:22:58 End processing HTTP request after 199.1743ms - 200
[Info   :Zeepkist GTR] 18:22:59 Received HTTP response headers after 382.5377ms - 200
[Info   :Zeepkist GTR] 18:22:59 End processing HTTP request after 382.7672ms - 200
[Info   :Zeepkist GTR] 18:22:59 Start processing HTTP request "POST" https://graphql.zeepki.st/
[Info   :Zeepkist GTR] 18:22:59 Sending HTTP request "POST" https://graphql.zeepki.st/
[Info   :Zeepkist GTR] 18:22:59 Received HTTP response headers after 178.7839ms - 200
[Info   :Zeepkist GTR] 18:22:59 End processing HTTP request after 179.1033ms - 200
[Info   :Zeepkist GTR] 18:23:00 Starting recorder
[Info   :Zeepkist Bingo] [BINGO] === PLAYER SPAWNED ===
[Info   :Zeepkist Bingo] [BINGO] IsInActiveSession: False
[Info   :Zeepkist Bingo] [BINGO] Not in active session, skipping timer reset
[Info   :Zeepkist GTR] 18:23:01 Loading personal best...
[Info   :Zeepkist GTR] 18:23:01 Start processing HTTP request "POST" https://graphql.zeepki.st/
[Info   :Zeepkist GTR] 18:23:01 Sending HTTP request "POST" https://graphql.zeepki.st/
[Info   :Zeepkist GTR] 18:23:01 Stopping existing recorder if any
[Info   :Zeepkist GTR] 18:23:01 Creating new recorder
[Info   :Zeepkist GTR] 18:23:01 Start processing HTTP request "POST" https://graphql.zeepki.st/
[Info   :Zeepkist GTR] 18:23:01 Sending HTTP request "POST" https://graphql.zeepki.st/
[Info   :Zeepkist GTR] 18:23:01 Start processing HTTP request "POST" https://graphql.zeepki.st/
[Info   :Zeepkist GTR] 18:23:01 Sending HTTP request "POST" https://graphql.zeepki.st/
[Info   :Zeepkist GTR] 18:23:01 Received HTTP response headers after 169.6943ms - 200
[Info   :Zeepkist GTR] 18:23:01 End processing HTTP request after 170.9049ms - 200
[Info   :Zeepkist GTR] 18:23:01 Received HTTP response headers after 179.2648ms - 200
[Info   :Zeepkist GTR] 18:23:01 End processing HTTP request after 179.4713ms - 200
[Info   :Zeepkist GTR] 18:23:01 Received HTTP response headers after 350.5871ms - 200
[Info   :Zeepkist GTR] 18:23:01 End processing HTTP request after 350.7888ms - 200
[Info   :Zeepkist GTR] 18:23:01 Start processing HTTP request "POST" https://graphql.zeepki.st/
[Info   :Zeepkist GTR] 18:23:01 Sending HTTP request "POST" https://graphql.zeepki.st/
[Info   :Zeepkist GTR] 18:23:01 Received HTTP response headers after 184.1018ms - 200
[Info   :Zeepkist GTR] 18:23:01 End processing HTTP request after 184.337ms - 200
[Info   :Zeepkist GTR] 18:23:03 Starting recorder
[Info   :Zeepkist Bingo] [BINGO] === PLAYER SPAWNED ===
[Info   :Zeepkist Bingo] [BINGO] IsInActiveSession: False
[Info   :Zeepkist Bingo] [BINGO] Not in active session, skipping timer reset
[Info   :Zeepkist GTR] 18:23:12 Loading personal best...
[Info   :Zeepkist GTR] 18:23:12 Start processing HTTP request "POST" https://graphql.zeepki.st/
[Info   :Zeepkist GTR] 18:23:12 Sending HTTP request "POST" https://graphql.zeepki.st/
[Info   :Zeepkist GTR] 18:23:12 Stopping existing recorder if any
[Info   :Zeepkist GTR] 18:23:12 Creating new recorder
[Info   :Zeepkist GTR] 18:23:12 Start processing HTTP request "POST" https://graphql.zeepki.st/
[Info   :Zeepkist GTR] 18:23:12 Sending HTTP request "POST" https://graphql.zeepki.st/
[Info   :Zeepkist GTR] 18:23:12 Start processing HTTP request "POST" https://graphql.zeepki.st/
[Info   :Zeepkist GTR] 18:23:12 Sending HTTP request "POST" https://graphql.zeepki.st/
[Info   :Zeepkist GTR] 18:23:13 Received HTTP response headers after 179.4806ms - 200
[Info   :Zeepkist GTR] 18:23:13 End processing HTTP request after 179.7028ms - 200
[Info   :Zeepkist GTR] 18:23:13 Received HTTP response headers after 187.762ms - 200
[Info   :Zeepkist GTR] 18:23:13 End processing HTTP request after 187.9621ms - 200
[Info   :Zeepkist GTR] 18:23:13 Received HTTP response headers after 358.2227ms - 200
[Info   :Zeepkist GTR] 18:23:13 End processing HTTP request after 358.4488ms - 200
[Info   :Zeepkist GTR] 18:23:13 Start processing HTTP request "POST" https://graphql.zeepki.st/
[Info   :Zeepkist GTR] 18:23:13 Sending HTTP request "POST" https://graphql.zeepki.st/
[Info   :Zeepkist GTR] 18:23:13 Received HTTP response headers after 181.5055ms - 200
[Info   :Zeepkist GTR] 18:23:13 End processing HTTP request after 181.7523ms - 200
[Info   :Zeepkist GTR] 18:23:14 Starting recorder
[Info   :Zeepkist Bingo] [BINGO] === PLAYER SPAWNED ===
[Info   :Zeepkist Bingo] [BINGO] IsInActiveSession: False
[Info   :Zeepkist Bingo] [BINGO] Not in active session, skipping timer reset
[Info   :Zeepkist GTR] 18:23:24 Loading personal best...
[Info   :Zeepkist GTR] 18:23:24 Start processing HTTP request "POST" https://graphql.zeepki.st/
[Info   :Zeepkist GTR] 18:23:24 Sending HTTP request "POST" https://graphql.zeepki.st/
[Info   :Zeepkist GTR] 18:23:24 Stopping existing recorder if any
[Info   :Zeepkist GTR] 18:23:24 Creating new recorder
[Info   :Zeepkist GTR] 18:23:24 Start processing HTTP request "POST" https://graphql.zeepki.st/
[Info   :Zeepkist GTR] 18:23:24 Sending HTTP request "POST" https://graphql.zeepki.st/
[Info   :Zeepkist GTR] 18:23:24 Start processing HTTP request "POST" https://graphql.zeepki.st/
[Info   :Zeepkist GTR] 18:23:24 Sending HTTP request "POST" https://graphql.zeepki.st/
[Info   :Zeepkist GTR] 18:23:24 Received HTTP response headers after 329.8021ms - 200
[Info   :Zeepkist GTR] 18:23:24 End processing HTTP request after 330.0417ms - 200
[Info   :Zeepkist GTR] 18:23:24 Received HTTP response headers after 507.8362ms - 200
[Info   :Zeepkist GTR] 18:23:24 End processing HTTP request after 508.0991ms - 200
[Info   :Zeepkist GTR] 18:23:24 Start processing HTTP request "POST" https://graphql.zeepki.st/
[Info   :Zeepkist GTR] 18:23:24 Sending HTTP request "POST" https://graphql.zeepki.st/
[Info   :Zeepkist GTR] 18:23:24 Received HTTP response headers after 694.0718ms - 200
[Info   :Zeepkist GTR] 18:23:24 End processing HTTP request after 694.4019ms - 200
[Info   :Zeepkist GTR] 18:23:24 Received HTTP response headers after 172.7792ms - 200
[Info   :Zeepkist GTR] 18:23:24 End processing HTTP request after 173.0357ms - 200
[Info   :Zeepkist GTR] 18:23:25 Starting recorder
[Info   :Zeepkist Bingo] [BINGO] === PLAYER SPAWNED ===
[Info   :Zeepkist Bingo] [BINGO] IsInActiveSession: False
[Info   :Zeepkist Bingo] [BINGO] Not in active session, skipping timer reset
[Info   :Zeepkist GTR] 18:23:26 Loading personal best...
[Info   :Zeepkist GTR] 18:23:26 Start processing HTTP request "POST" https://graphql.zeepki.st/
[Info   :Zeepkist GTR] 18:23:26 Sending HTTP request "POST" https://graphql.zeepki.st/
[Info   :Zeepkist GTR] 18:23:26 Stopping existing recorder if any
[Info   :Zeepkist GTR] 18:23:26 Creating new recorder
[Info   :Zeepkist GTR] 18:23:26 Start processing HTTP request "POST" https://graphql.zeepki.st/
[Info   :Zeepkist GTR] 18:23:26 Sending HTTP request "POST" https://graphql.zeepki.st/
[Info   :Zeepkist GTR] 18:23:26 Start processing HTTP request "POST" https://graphql.zeepki.st/
[Info   :Zeepkist GTR] 18:23:26 Sending HTTP request "POST" https://graphql.zeepki.st/
[Info   :Zeepkist GTR] 18:23:26 Received HTTP response headers after 188.0198ms - 200
[Info   :Zeepkist GTR] 18:23:26 Received HTTP response headers after 188.498ms - 200
[Info   :Zeepkist GTR] 18:23:26 End processing HTTP request after 188.7668ms - 200
[Info   :Zeepkist GTR] 18:23:26 End processing HTTP request after 188.2546ms - 200
[Info   :Zeepkist GTR] 18:23:27 Received HTTP response headers after 380.5365ms - 200
[Info   :Zeepkist GTR] 18:23:27 End processing HTTP request after 380.7246ms - 200
[Info   :Zeepkist GTR] 18:23:27 Start processing HTTP request "POST" https://graphql.zeepki.st/
[Info   :Zeepkist GTR] 18:23:27 Sending HTTP request "POST" https://graphql.zeepki.st/
[Info   :Zeepkist GTR] 18:23:27 Received HTTP response headers after 185.5463ms - 200
[Info   :Zeepkist GTR] 18:23:27 End processing HTTP request after 185.8055ms - 200
[Info   :Zeepkist GTR] 18:23:28 Starting recorder
[Info   :Zeepkist Bingo] [BINGO] === PLAYER SPAWNED ===
[Info   :Zeepkist Bingo] [BINGO] IsInActiveSession: False
[Info   :Zeepkist Bingo] [BINGO] Not in active session, skipping timer reset
[Info   :Zeepkist GTR] 18:23:30 Loading personal best...
[Info   :Zeepkist GTR] 18:23:30 Start processing HTTP request "POST" https://graphql.zeepki.st/
[Info   :Zeepkist GTR] 18:23:30 Sending HTTP request "POST" https://graphql.zeepki.st/
[Info   :Zeepkist GTR] 18:23:30 Stopping existing recorder if any
[Info   :Zeepkist GTR] 18:23:30 Creating new recorder
[Info   :Zeepkist GTR] 18:23:30 Start processing HTTP request "POST" https://graphql.zeepki.st/
[Info   :Zeepkist GTR] 18:23:30 Sending HTTP request "POST" https://graphql.zeepki.st/
[Info   :Zeepkist GTR] 18:23:30 Start processing HTTP request "POST" https://graphql.zeepki.st/
[Info   :Zeepkist GTR] 18:23:30 Sending HTTP request "POST" https://graphql.zeepki.st/
[Info   :Zeepkist GTR] 18:23:31 Received HTTP response headers after 192.6639ms - 200
[Info   :Zeepkist GTR] 18:23:31 End processing HTTP request after 192.9691ms - 200
[Info   :Zeepkist GTR] 18:23:31 Received HTTP response headers after 195.592ms - 200
[Info   :Zeepkist GTR] 18:23:31 End processing HTTP request after 195.8157ms - 200
[Info   :Zeepkist GTR] 18:23:31 Received HTTP response headers after 379.9645ms - 200
[Info   :Zeepkist GTR] 18:23:31 End processing HTTP request after 380.1743ms - 200
[Info   :Zeepkist GTR] 18:23:31 Start processing HTTP request "POST" https://graphql.zeepki.st/
[Info   :Zeepkist GTR] 18:23:31 Sending HTTP request "POST" https://graphql.zeepki.st/
[Info   :Zeepkist GTR] 18:23:31 Received HTTP response headers after 177.6171ms - 200
[Info   :Zeepkist GTR] 18:23:31 End processing HTTP request after 177.9163ms - 200
[Info   :Zeepkist GTR] 18:23:32 Starting recorder
[Info   :Zeepkist Bingo] [BINGO] === PLAYER SPAWNED ===
[Info   :Zeepkist Bingo] [BINGO] IsInActiveSession: False
[Info   :Zeepkist Bingo] [BINGO] Not in active session, skipping timer reset
[Info   :Zeepkist GTR] 18:23:35 Loading personal best...
[Info   :Zeepkist GTR] 18:23:35 Start processing HTTP request "POST" https://graphql.zeepki.st/
[Info   :Zeepkist GTR] 18:23:35 Sending HTTP request "POST" https://graphql.zeepki.st/
[Info   :Zeepkist GTR] 18:23:35 Stopping existing recorder if any
[Info   :Zeepkist GTR] 18:23:35 Creating new recorder
[Info   :Zeepkist GTR] 18:23:35 Start processing HTTP request "POST" https://graphql.zeepki.st/
[Info   :Zeepkist GTR] 18:23:35 Sending HTTP request "POST" https://graphql.zeepki.st/
[Info   :Zeepkist GTR] 18:23:35 Start processing HTTP request "POST" https://graphql.zeepki.st/
[Info   :Zeepkist GTR] 18:23:35 Sending HTTP request "POST" https://graphql.zeepki.st/
[Info   :Zeepkist GTR] 18:23:35 Received HTTP response headers after 185.1862ms - 200
[Info   :Zeepkist GTR] 18:23:35 Received HTTP response headers after 184.1544ms - 200
[Info   :Zeepkist GTR] 18:23:35 End processing HTTP request after 185.5238ms - 200
[Info   :Zeepkist GTR] 18:23:35 End processing HTTP request after 184.5087ms - 200
[Info   :Zeepkist GTR] 18:23:35 Received HTTP response headers after 365.8858ms - 200
[Info   :Zeepkist GTR] 18:23:35 End processing HTTP request after 366.272ms - 200
[Info   :Zeepkist GTR] 18:23:35 Start processing HTTP request "POST" https://graphql.zeepki.st/
[Info   :Zeepkist GTR] 18:23:35 Sending HTTP request "POST" https://graphql.zeepki.st/
[Info   :Zeepkist GTR] 18:23:35 Received HTTP response headers after 192.4833ms - 200
[Info   :Zeepkist GTR] 18:23:35 End processing HTTP request after 192.7155ms - 200
[Info   :Zeepkist GTR] 18:23:36 Starting recorder
[Info   :Zeepkist Bingo] [BINGO] === PLAYER SPAWNED ===
[Info   :Zeepkist Bingo] [BINGO] IsInActiveSession: False
[Info   :Zeepkist Bingo] [BINGO] Not in active session, skipping timer reset
[Info   :Zeepkist GTR] 18:23:53 Loading personal best...
[Info   :Zeepkist GTR] 18:23:53 Start processing HTTP request "POST" https://graphql.zeepki.st/
[Info   :Zeepkist GTR] 18:23:53 Sending HTTP request "POST" https://graphql.zeepki.st/
[Info   :Zeepkist GTR] 18:23:53 Stopping existing recorder if any
[Info   :Zeepkist GTR] 18:23:53 Creating new recorder
[Info   :Zeepkist GTR] 18:23:53 Start processing HTTP request "POST" https://graphql.zeepki.st/
[Info   :Zeepkist GTR] 18:23:53 Sending HTTP request "POST" https://graphql.zeepki.st/
[Info   :Zeepkist GTR] 18:23:53 Start processing HTTP request "POST" https://graphql.zeepki.st/
[Info   :Zeepkist GTR] 18:23:53 Sending HTTP request "POST" https://graphql.zeepki.st/
[Info   :Zeepkist GTR] 18:23:53 Received HTTP response headers after 179.9208ms - 200
[Info   :Zeepkist GTR] 18:23:53 End processing HTTP request after 180.2927ms - 200
[Info   :Zeepkist GTR] 18:23:53 Received HTTP response headers after 179.5669ms - 200
[Info   :Zeepkist GTR] 18:23:53 End processing HTTP request after 179.783ms - 200
[Info   :Zeepkist GTR] 18:23:53 Received HTTP response headers after 373.4566ms - 200
[Info   :Zeepkist GTR] 18:23:53 End processing HTTP request after 373.7315ms - 200
[Info   :Zeepkist GTR] 18:23:53 Start processing HTTP request "POST" https://graphql.zeepki.st/
[Info   :Zeepkist GTR] 18:23:53 Sending HTTP request "POST" https://graphql.zeepki.st/
[Info   :Zeepkist GTR] 18:23:53 Received HTTP response headers after 174.3771ms - 200
[Info   :Zeepkist GTR] 18:23:53 End processing HTTP request after 174.6606ms - 200
[Info   :Zeepkist GTR] 18:23:54 Starting recorder
[Info   :Zeepkist Bingo] [BINGO] === PLAYER SPAWNED ===
[Info   :Zeepkist Bingo] [BINGO] IsInActiveSession: False
[Info   :Zeepkist Bingo] [BINGO] Not in active session, skipping timer reset
[Info   :Zeepkist GTR] 18:24:21 Loading personal best...
[Info   :Zeepkist GTR] 18:24:21 Start processing HTTP request "POST" https://graphql.zeepki.st/
[Info   :Zeepkist GTR] 18:24:21 Sending HTTP request "POST" https://graphql.zeepki.st/
[Info   :Zeepkist GTR] 18:24:21 Stopping existing recorder if any
[Info   :Zeepkist GTR] 18:24:21 Creating new recorder
[Info   :Zeepkist GTR] 18:24:21 Start processing HTTP request "POST" https://graphql.zeepki.st/
[Info   :Zeepkist GTR] 18:24:21 Sending HTTP request "POST" https://graphql.zeepki.st/
[Info   :Zeepkist GTR] 18:24:21 Start processing HTTP request "POST" https://graphql.zeepki.st/
[Info   :Zeepkist GTR] 18:24:21 Sending HTTP request "POST" https://graphql.zeepki.st/
[Info   :Zeepkist GTR] 18:24:22 Received HTTP response headers after 190.0648ms - 200
[Info   :Zeepkist GTR] 18:24:22 End processing HTTP request after 190.3318ms - 200
[Info   :Zeepkist GTR] 18:24:22 Received HTTP response headers after 190.8325ms - 200
[Info   :Zeepkist GTR] 18:24:22 End processing HTTP request after 191.1282ms - 200
[Info   :Zeepkist GTR] 18:24:22 Received HTTP response headers after 398.2137ms - 200
[Info   :Zeepkist GTR] 18:24:22 End processing HTTP request after 398.4983ms - 200
[Info   :Zeepkist GTR] 18:24:22 Start processing HTTP request "POST" https://graphql.zeepki.st/
[Info   :Zeepkist GTR] 18:24:22 Sending HTTP request "POST" https://graphql.zeepki.st/
[Info   :Zeepkist GTR] 18:24:22 Received HTTP response headers after 178.6178ms - 200
[Info   :Zeepkist GTR] 18:24:22 End processing HTTP request after 178.8853ms - 200
[Info   :Zeepkist GTR] 18:24:23 Starting recorder
[Info   :Zeepkist Bingo] [BINGO] === PLAYER SPAWNED ===
[Info   :Zeepkist Bingo] [BINGO] IsInActiveSession: False
[Info   :Zeepkist Bingo] [BINGO] Not in active session, skipping timer reset
[Info   :Zeepkist GTR] 18:24:25 Loading personal best...
[Info   :Zeepkist GTR] 18:24:25 Start processing HTTP request "POST" https://graphql.zeepki.st/
[Info   :Zeepkist GTR] 18:24:25 Sending HTTP request "POST" https://graphql.zeepki.st/
[Info   :Zeepkist GTR] 18:24:25 Stopping existing recorder if any
[Info   :Zeepkist GTR] 18:24:25 Creating new recorder
[Info   :Zeepkist GTR] 18:24:25 Start processing HTTP request "POST" https://graphql.zeepki.st/
[Info   :Zeepkist GTR] 18:24:25 Sending HTTP request "POST" https://graphql.zeepki.st/
[Info   :Zeepkist GTR] 18:24:25 Start processing HTTP request "POST" https://graphql.zeepki.st/
[Info   :Zeepkist GTR] 18:24:25 Sending HTTP request "POST" https://graphql.zeepki.st/
[Info   :Zeepkist GTR] 18:24:26 Received HTTP response headers after 183.5232ms - 200
[Info   :Zeepkist GTR] 18:24:26 End processing HTTP request after 183.761ms - 200
[Info   :Zeepkist GTR] 18:24:26 Received HTTP response headers after 187.3541ms - 200
[Info   :Zeepkist GTR] 18:24:26 End processing HTTP request after 187.5791ms - 200
[Info   :Zeepkist GTR] 18:24:26 Received HTTP response headers after 382.3645ms - 200
[Info   :Zeepkist GTR] 18:24:26 End processing HTTP request after 382.6302ms - 200
[Info   :Zeepkist GTR] 18:24:26 Start processing HTTP request "POST" https://graphql.zeepki.st/
[Info   :Zeepkist GTR] 18:24:26 Sending HTTP request "POST" https://graphql.zeepki.st/
[Info   :Zeepkist GTR] 18:24:26 Received HTTP response headers after 172.834ms - 200
[Info   :Zeepkist GTR] 18:24:26 End processing HTTP request after 173.074ms - 200
[Info   :Zeepkist GTR] 18:24:27 Starting recorder
[Info   :Zeepkist Bingo] [BINGO] === PLAYER SPAWNED ===
[Info   :Zeepkist Bingo] [BINGO] IsInActiveSession: False
[Info   :Zeepkist Bingo] [BINGO] Not in active session, skipping timer reset
[Info   :Zeepkist GTR] 18:24:38 Loading personal best...
[Info   :Zeepkist GTR] 18:24:38 Start processing HTTP request "POST" https://graphql.zeepki.st/
[Info   :Zeepkist GTR] 18:24:38 Sending HTTP request "POST" https://graphql.zeepki.st/
[Info   :Zeepkist GTR] 18:24:38 Stopping existing recorder if any
[Info   :Zeepkist GTR] 18:24:38 Creating new recorder
[Info   :Zeepkist GTR] 18:24:38 Start processing HTTP request "POST" https://graphql.zeepki.st/
[Info   :Zeepkist GTR] 18:24:38 Sending HTTP request "POST" https://graphql.zeepki.st/
[Info   :Zeepkist GTR] 18:24:38 Start processing HTTP request "POST" https://graphql.zeepki.st/
[Info   :Zeepkist GTR] 18:24:38 Sending HTTP request "POST" https://graphql.zeepki.st/
[Info   :Zeepkist GTR] 18:24:39 Received HTTP response headers after 191.1223ms - 200
[Info   :Zeepkist GTR] 18:24:39 End processing HTTP request after 191.4001ms - 200
[Info   :Zeepkist GTR] 18:24:39 Received HTTP response headers after 217.9265ms - 200
[Info   :Zeepkist GTR] 18:24:39 End processing HTTP request after 218.2035ms - 200
[Info   :Zeepkist GTR] 18:24:39 Received HTTP response headers after 376.8984ms - 200
[Info   :Zeepkist GTR] 18:24:39 End processing HTTP request after 377.1125ms - 200
[Info   :Zeepkist GTR] 18:24:39 Start processing HTTP request "POST" https://graphql.zeepki.st/
[Info   :Zeepkist GTR] 18:24:39 Sending HTTP request "POST" https://graphql.zeepki.st/
[Info   :Zeepkist GTR] 18:24:39 Received HTTP response headers after 172.064ms - 200
[Info   :Zeepkist GTR] 18:24:39 End processing HTTP request after 172.3064ms - 200
[Info   :Zeepkist GTR] 18:24:40 Starting recorder
[Info   :Zeepkist Bingo] [BINGO] === PLAYER SPAWNED ===
[Info   :Zeepkist Bingo] [BINGO] IsInActiveSession: False
[Info   :Zeepkist Bingo] [BINGO] Not in active session, skipping timer reset
[Info   :Zeepkist GTR] 18:24:42 Loading personal best...
[Info   :Zeepkist GTR] 18:24:42 Start processing HTTP request "POST" https://graphql.zeepki.st/
[Info   :Zeepkist GTR] 18:24:42 Sending HTTP request "POST" https://graphql.zeepki.st/
[Info   :Zeepkist GTR] 18:24:42 Stopping existing recorder if any
[Info   :Zeepkist GTR] 18:24:42 Creating new recorder
[Info   :Zeepkist GTR] 18:24:42 Start processing HTTP request "POST" https://graphql.zeepki.st/
[Info   :Zeepkist GTR] 18:24:42 Sending HTTP request "POST" https://graphql.zeepki.st/
[Info   :Zeepkist GTR] 18:24:42 Start processing HTTP request "POST" https://graphql.zeepki.st/
[Info   :Zeepkist GTR] 18:24:42 Sending HTTP request "POST" https://graphql.zeepki.st/
[Info   :Zeepkist GTR] 18:24:42 Received HTTP response headers after 167.9746ms - 200
[Info   :Zeepkist GTR] 18:24:42 End processing HTTP request after 168.203ms - 200
[Info   :Zeepkist GTR] 18:24:42 Received HTTP response headers after 171.9522ms - 200
[Info   :Zeepkist GTR] 18:24:42 End processing HTTP request after 172.2612ms - 200
[Info   :Zeepkist GTR] 18:24:42 Received HTTP response headers after 335.6583ms - 200
[Info   :Zeepkist GTR] 18:24:42 End processing HTTP request after 335.8804ms - 200
[Info   :Zeepkist GTR] 18:24:42 Start processing HTTP request "POST" https://graphql.zeepki.st/
[Info   :Zeepkist GTR] 18:24:42 Sending HTTP request "POST" https://graphql.zeepki.st/
[Info   :Zeepkist GTR] 18:24:42 Received HTTP response headers after 185.8814ms - 200
[Info   :Zeepkist GTR] 18:24:42 End processing HTTP request after 186.2358ms - 200
[Info   :Zeepkist GTR] 18:24:44 Starting recorder
[Info   :Zeepkist Bingo] [BINGO] === PLAYER SPAWNED ===
[Info   :Zeepkist Bingo] [BINGO] IsInActiveSession: False
[Info   :Zeepkist Bingo] [BINGO] Not in active session, skipping timer reset
[Info   :Zeepkist GTR] 18:25:00 Loading personal best...
[Info   :Zeepkist GTR] 18:25:00 Start processing HTTP request "POST" https://graphql.zeepki.st/
[Info   :Zeepkist GTR] 18:25:00 Sending HTTP request "POST" https://graphql.zeepki.st/
[Info   :Zeepkist GTR] 18:25:00 Stopping existing recorder if any
[Info   :Zeepkist GTR] 18:25:00 Creating new recorder
[Info   :Zeepkist GTR] 18:25:00 Start processing HTTP request "POST" https://graphql.zeepki.st/
[Info   :Zeepkist GTR] 18:25:00 Sending HTTP request "POST" https://graphql.zeepki.st/
[Info   :Zeepkist GTR] 18:25:00 Start processing HTTP request "POST" https://graphql.zeepki.st/
[Info   :Zeepkist GTR] 18:25:00 Sending HTTP request "POST" https://graphql.zeepki.st/
[Info   :Zeepkist GTR] 18:25:00 Received HTTP response headers after 166.1274ms - 200
[Info   :Zeepkist GTR] 18:25:00 End processing HTTP request after 166.3446ms - 200
[Info   :Zeepkist GTR] 18:25:00 Received HTTP response headers after 174.8237ms - 200
[Info   :Zeepkist GTR] 18:25:00 End processing HTTP request after 175.049ms - 200
[Info   :Zeepkist GTR] 18:25:01 Received HTTP response headers after 338.1425ms - 200
[Info   :Zeepkist GTR] 18:25:01 End processing HTTP request after 338.3776ms - 200
[Info   :Zeepkist GTR] 18:25:01 Start processing HTTP request "POST" https://graphql.zeepki.st/
[Info   :Zeepkist GTR] 18:25:01 Sending HTTP request "POST" https://graphql.zeepki.st/
[Info   :Zeepkist GTR] 18:25:01 Received HTTP response headers after 182.7003ms - 200
[Info   :Zeepkist GTR] 18:25:01 End processing HTTP request after 182.9568ms - 200
[Info   :Zeepkist GTR] 18:25:02 Starting recorder
[Info   :RoundLeaderboardTab] Drawing leaderboard -> forwarding to Instance.DrawTabLeaderboard()
[Info   :Zeepkist GTR] 18:25:23 Discarding recorder
[Info   :RoundLeaderboardTab] Drawing leaderboard -> forwarding to Instance.DrawTabLeaderboard()
[Info   :Zeepkist Bingo] [BINGO] Level loaded
[Info   :Zeepkist GTR] 18:25:38 Start processing HTTP request "POST" https://backend.zeepki.st/auth/refresh
[Info   :Zeepkist GTR] 18:25:38 Sending HTTP request "POST" https://backend.zeepki.st/auth/refresh
[Info   :BetterSplits] getting gtr splits
[Info   :Zeepkist Bingo] [BINGO] === PLAYER SPAWNED ===
[Info   :Zeepkist Bingo] [BINGO] IsInActiveSession: False
[Info   :Zeepkist Bingo] [BINGO] Not in active session, skipping timer reset
[Info   :Zeepkist GTR] 18:25:38 Loading personal best...
[Info   :Zeepkist GTR] 18:25:38 Start processing HTTP request "POST" https://graphql.zeepki.st/
[Info   :Zeepkist GTR] 18:25:38 Sending HTTP request "POST" https://graphql.zeepki.st/
[Info   :Zeepkist GTR] 18:25:38 Stopping existing recorder if any
[Info   :Zeepkist GTR] 18:25:38 Creating new recorder
[Info   :Zeepkist GTR] 18:25:38 Start processing HTTP request "POST" https://graphql.zeepki.st/
[Info   :Zeepkist GTR] 18:25:38 Sending HTTP request "POST" https://graphql.zeepki.st/
[Info   :Zeepkist GTR] 18:25:38 Start processing HTTP request "POST" https://graphql.zeepki.st/
[Info   :Zeepkist GTR] 18:25:38 Sending HTTP request "POST" https://graphql.zeepki.st/
[Info   :BetterSplits] got gtr splits
[Info   :Zeepkist GTR] 18:25:38 Received HTTP response headers after 313.8145ms - 200
[Info   :Zeepkist GTR] 18:25:38 End processing HTTP request after 314.0475ms - 200
[Info   :Zeepkist GTR] 18:25:38 Received HTTP response headers after 314.3679ms - 200
[Info   :Zeepkist GTR] 18:25:38 End processing HTTP request after 314.6225ms - 200
[Info   :Zeepkist GTR] 18:25:38 Received HTTP response headers after 486.0826ms - 200
[Info   :Zeepkist GTR] 18:25:38 End processing HTTP request after 486.2849ms - 200
[Info   :Zeepkist GTR] 18:25:38 Start processing HTTP request "POST" https://graphql.zeepki.st/
[Info   :Zeepkist GTR] 18:25:38 Sending HTTP request "POST" https://graphql.zeepki.st/
[Info   :Zeepkist GTR] 18:25:38 Received HTTP response headers after 178.1839ms - 200
[Info   :Zeepkist GTR] 18:25:38 Received HTTP response headers after 758.1963ms - 200
[Info   :Zeepkist GTR] 18:25:38 End processing HTTP request after 178.4185ms - 200
[Info   :Zeepkist GTR] 18:25:38 End processing HTTP request after 758.4725ms - 200
[Info   :Zeepkist GTR] 18:25:38 Start processing HTTP request "POST" https://backend.zeepki.st/level/request
[Info   :Zeepkist GTR] 18:25:38 Sending HTTP request "POST" https://backend.zeepki.st/level/request
[Info   :Zeepkist GTR] 18:25:39 Received HTTP response headers after 171.5411ms - 200
[Info   :Zeepkist GTR] 18:25:39 End processing HTTP request after 171.7832ms - 200
[Info   :Zeepkist GTR] 18:25:39 Starting recorder
[Info   :Zeepkist GTR] 18:26:12 Stopping recorder
[Info   :Zeepkist GTR] 18:26:12 Collecting extra information
[Info   :Zeepkist GTR] 18:26:12 Resolved workshop ID "3735211985" from lobby 3735211985 and level 0
[Info   :Zeepkist GTR] 18:26:12 Processing ghost data
[Info   :Zeepkist GTR] 18:26:12 Creating stream
[Info   :Zeepkist GTR] 18:26:12 Writing to stream
[Info   :Zeepkist GTR] 18:26:12 Getting buffer
[Info   :Zeepkist GTR] 18:26:12 Converting to base64
[Info   :Zeepkist GTR] 18:26:12 Creating resource
[Info   :Zeepkist GTR] 18:26:12 Start processing HTTP request "POST" https://backend.zeepki.st/record/submit
[Info   :Zeepkist GTR] 18:26:12 Sending HTTP request "POST" https://backend.zeepki.st/record/submit
[Info   :Zeepkist GTR] 18:26:13 Received HTTP response headers after 686.3694ms - 200
[Info   :Zeepkist GTR] 18:26:13 End processing HTTP request after 686.5972ms - 200
[Info   :Zeepkist Bingo] [BINGO] === PLAYER SPAWNED ===
[Info   :Zeepkist Bingo] [BINGO] IsInActiveSession: False
[Info   :Zeepkist Bingo] [BINGO] Not in active session, skipping timer reset
[Info   :Zeepkist GTR] 18:26:14 Loading personal best...
[Info   :Zeepkist GTR] 18:26:14 Start processing HTTP request "POST" https://graphql.zeepki.st/
[Info   :Zeepkist GTR] 18:26:14 Sending HTTP request "POST" https://graphql.zeepki.st/
[Info   :Zeepkist GTR] 18:26:14 Stopping existing recorder if any
[Info   :Zeepkist GTR] 18:26:14 Creating new recorder
[Info   :Zeepkist GTR] 18:26:14 Start processing HTTP request "POST" https://graphql.zeepki.st/
[Info   :Zeepkist GTR] 18:26:14 Sending HTTP request "POST" https://graphql.zeepki.st/
[Info   :Zeepkist GTR] 18:26:14 Start processing HTTP request "POST" https://graphql.zeepki.st/
[Info   :Zeepkist GTR] 18:26:14 Sending HTTP request "POST" https://graphql.zeepki.st/
[Info   :Zeepkist GTR] 18:26:15 Received HTTP response headers after 187.1185ms - 200
[Info   :Zeepkist GTR] 18:26:15 End processing HTTP request after 187.361ms - 200
[Info   :Zeepkist GTR] 18:26:15 Received HTTP response headers after 191.7282ms - 200
[Info   :Zeepkist GTR] 18:26:15 End processing HTTP request after 191.9543ms - 200
[Info   :Zeepkist GTR] 18:26:15 Received HTTP response headers after 385.1505ms - 200
[Info   :Zeepkist GTR] 18:26:15 End processing HTTP request after 385.3769ms - 200
[Info   :Zeepkist GTR] 18:26:15 Start processing HTTP request "POST" https://graphql.zeepki.st/
[Info   :Zeepkist GTR] 18:26:15 Sending HTTP request "POST" https://graphql.zeepki.st/
[Info   :Zeepkist GTR] 18:26:15 Received HTTP response headers after 176.4283ms - 200
[Info   :Zeepkist GTR] 18:26:15 End processing HTTP request after 176.8375ms - 200
[Info   :Zeepkist GTR] 18:26:16 Starting recorder
[Info   :Zeepkist GTR] 18:26:48 Stopping recorder
[Info   :Zeepkist GTR] 18:26:48 Collecting extra information
[Info   :Zeepkist GTR] 18:26:48 Resolved workshop ID "3735211985" from lobby 3735211985 and level 0
[Info   :Zeepkist GTR] 18:26:48 Processing ghost data
[Info   :Zeepkist GTR] 18:26:48 Creating stream
[Info   :Zeepkist GTR] 18:26:48 Writing to stream
[Info   :Zeepkist GTR] 18:26:49 Getting buffer
[Info   :Zeepkist GTR] 18:26:49 Converting to base64
[Info   :Zeepkist GTR] 18:26:49 Creating resource
[Info   :Zeepkist GTR] 18:26:49 Start processing HTTP request "POST" https://backend.zeepki.st/record/submit
[Info   :Zeepkist GTR] 18:26:49 Sending HTTP request "POST" https://backend.zeepki.st/record/submit
[Info   :Zeepkist GTR] 18:26:49 Received HTTP response headers after 405.3668ms - 200
[Info   :Zeepkist GTR] 18:26:49 End processing HTTP request after 405.7059ms - 200
[Info   :Zeepkist Bingo] [BINGO] === PLAYER SPAWNED ===
[Info   :Zeepkist Bingo] [BINGO] IsInActiveSession: False
[Info   :Zeepkist Bingo] [BINGO] Not in active session, skipping timer reset
[Info   :Zeepkist GTR] 18:26:50 Loading personal best...
[Info   :Zeepkist GTR] 18:26:50 Start processing HTTP request "POST" https://graphql.zeepki.st/
[Info   :Zeepkist GTR] 18:26:50 Sending HTTP request "POST" https://graphql.zeepki.st/
[Info   :Zeepkist GTR] 18:26:50 Stopping existing recorder if any
[Info   :Zeepkist GTR] 18:26:50 Creating new recorder
[Info   :Zeepkist GTR] 18:26:50 Start processing HTTP request "POST" https://graphql.zeepki.st/
[Info   :Zeepkist GTR] 18:26:50 Sending HTTP request "POST" https://graphql.zeepki.st/
[Info   :Zeepkist GTR] 18:26:50 Start processing HTTP request "POST" https://graphql.zeepki.st/
[Info   :Zeepkist GTR] 18:26:50 Sending HTTP request "POST" https://graphql.zeepki.st/
[Info   :Zeepkist GTR] 18:26:50 Received HTTP response headers after 189.6661ms - 200
[Info   :Zeepkist GTR] 18:26:50 End processing HTTP request after 189.9472ms - 200
[Info   :Zeepkist GTR] 18:26:50 Received HTTP response headers after 190.5171ms - 200
[Info   :Zeepkist GTR] 18:26:50 End processing HTTP request after 190.75ms - 200
[Info   :Zeepkist GTR] 18:26:50 Received HTTP response headers after 377.0713ms - 200
[Info   :Zeepkist GTR] 18:26:50 End processing HTTP request after 377.2893ms - 200
[Info   :Zeepkist GTR] 18:26:50 Start processing HTTP request "POST" https://graphql.zeepki.st/
[Info   :Zeepkist GTR] 18:26:50 Sending HTTP request "POST" https://graphql.zeepki.st/
[Info   :Zeepkist GTR] 18:26:50 Received HTTP response headers after 184.7977ms - 200
[Info   :Zeepkist GTR] 18:26:50 End processing HTTP request after 185.0525ms - 200
[Info   :Zeepkist GTR] 18:26:52 Starting recorder
[Info   :Zeepkist Bingo] [BINGO] === PLAYER SPAWNED ===
[Info   :Zeepkist Bingo] [BINGO] IsInActiveSession: False
[Info   :Zeepkist Bingo] [BINGO] Not in active session, skipping timer reset
[Info   :Zeepkist GTR] 18:27:16 Loading personal best...
[Info   :Zeepkist GTR] 18:27:16 Start processing HTTP request "POST" https://graphql.zeepki.st/
[Info   :Zeepkist GTR] 18:27:16 Sending HTTP request "POST" https://graphql.zeepki.st/
[Info   :Zeepkist GTR] 18:27:16 Stopping existing recorder if any
[Info   :Zeepkist GTR] 18:27:16 Creating new recorder
[Info   :Zeepkist GTR] 18:27:16 Start processing HTTP request "POST" https://graphql.zeepki.st/
[Info   :Zeepkist GTR] 18:27:16 Sending HTTP request "POST" https://graphql.zeepki.st/
[Info   :Zeepkist GTR] 18:27:16 Start processing HTTP request "POST" https://graphql.zeepki.st/
[Info   :Zeepkist GTR] 18:27:16 Sending HTTP request "POST" https://graphql.zeepki.st/
[Info   :Zeepkist GTR] 18:27:16 Received HTTP response headers after 191.2398ms - 200
[Info   :Zeepkist GTR] 18:27:16 End processing HTTP request after 191.4854ms - 200
[Info   :Zeepkist GTR] 18:27:16 Received HTTP response headers after 198.3542ms - 200
[Info   :Zeepkist GTR] 18:27:16 End processing HTTP request after 198.5629ms - 200
[Info   :Zeepkist GTR] 18:27:16 Received HTTP response headers after 393.2187ms - 200
[Info   :Zeepkist GTR] 18:27:16 End processing HTTP request after 393.4796ms - 200
[Info   :Zeepkist GTR] 18:27:16 Start processing HTTP request "POST" https://graphql.zeepki.st/
[Info   :Zeepkist GTR] 18:27:16 Sending HTTP request "POST" https://graphql.zeepki.st/
[Info   :Zeepkist GTR] 18:27:17 Received HTTP response headers after 183.3484ms - 200
[Info   :Zeepkist GTR] 18:27:17 End processing HTTP request after 183.6145ms - 200
[Info   :Zeepkist GTR] 18:27:18 Starting recorder
[Info   :Zeepkist GTR] 18:27:50 Stopping recorder
[Info   :Zeepkist GTR] 18:27:50 Collecting extra information
[Info   :Zeepkist GTR] 18:27:50 Resolved workshop ID "3735211985" from lobby 3735211985 and level 0
[Info   :Zeepkist GTR] 18:27:50 Processing ghost data
[Info   :Zeepkist GTR] 18:27:50 Creating stream
[Info   :Zeepkist GTR] 18:27:50 Writing to stream
[Info   :Zeepkist GTR] 18:27:50 Getting buffer
[Info   :Zeepkist GTR] 18:27:50 Converting to base64
[Info   :Zeepkist GTR] 18:27:50 Creating resource
[Info   :Zeepkist GTR] 18:27:50 Start processing HTTP request "POST" https://backend.zeepki.st/record/submit
[Info   :Zeepkist GTR] 18:27:50 Sending HTTP request "POST" https://backend.zeepki.st/record/submit
[Info   :Zeepkist GTR] 18:27:51 Received HTTP response headers after 1388.205ms - 200
[Info   :Zeepkist GTR] 18:27:51 End processing HTTP request after 1388.4563ms - 200
[Info   :Zeepkist Bingo] [BINGO] === PLAYER SPAWNED ===
[Info   :Zeepkist Bingo] [BINGO] IsInActiveSession: False
[Info   :Zeepkist Bingo] [BINGO] Not in active session, skipping timer reset
[Info   :Zeepkist GTR] 18:27:52 Loading personal best...
[Info   :Zeepkist GTR] 18:27:52 Start processing HTTP request "POST" https://graphql.zeepki.st/
[Info   :Zeepkist GTR] 18:27:52 Sending HTTP request "POST" https://graphql.zeepki.st/
[Info   :Zeepkist GTR] 18:27:52 Stopping existing recorder if any
[Info   :Zeepkist GTR] 18:27:52 Creating new recorder
[Info   :Zeepkist GTR] 18:27:52 Start processing HTTP request "POST" https://graphql.zeepki.st/
[Info   :Zeepkist GTR] 18:27:52 Sending HTTP request "POST" https://graphql.zeepki.st/
[Info   :Zeepkist GTR] 18:27:52 Start processing HTTP request "POST" https://graphql.zeepki.st/
[Info   :Zeepkist GTR] 18:27:52 Sending HTTP request "POST" https://graphql.zeepki.st/
[Info   :Zeepkist GTR] 18:27:52 Received HTTP response headers after 375.4298ms - 200
[Info   :Zeepkist GTR] 18:27:52 End processing HTTP request after 375.6335ms - 200
[Info   :Zeepkist GTR] 18:27:53 Received HTTP response headers after 538.8901ms - 200
[Info   :Zeepkist GTR] 18:27:53 End processing HTTP request after 539.1394ms - 200
[Info   :Zeepkist GTR] 18:27:53 Start processing HTTP request "POST" https://graphql.zeepki.st/
[Info   :Zeepkist GTR] 18:27:53 Sending HTTP request "POST" https://graphql.zeepki.st/
[Info   :Zeepkist GTR] 18:27:53 Received HTTP response headers after 786.3119ms - 200
[Info   :Zeepkist GTR] 18:27:53 End processing HTTP request after 786.5754ms - 200
[Info   :Zeepkist GTR] 18:27:53 Received HTTP response headers after 209.6046ms - 200
[Info   :Zeepkist GTR] 18:27:53 End processing HTTP request after 209.8498ms - 200
[Info   :Zeepkist GTR] 18:27:54 Starting recorder
[Info   :RoundLeaderboardTab] Drawing leaderboard -> forwarding to Instance.DrawTabLeaderboard()
[Info   :RoundLeaderboardTab] Drawing leaderboard -> forwarding to Instance.DrawTabLeaderboard()
[Info   :Zeepkist Bingo] [BINGO] === PLAYER SPAWNED ===
[Info   :Zeepkist Bingo] [BINGO] IsInActiveSession: False
[Info   :Zeepkist Bingo] [BINGO] Not in active session, skipping timer reset
[Info   :Zeepkist GTR] 18:28:15 Loading personal best...
[Info   :Zeepkist GTR] 18:28:15 Start processing HTTP request "POST" https://graphql.zeepki.st/
[Info   :Zeepkist GTR] 18:28:15 Sending HTTP request "POST" https://graphql.zeepki.st/
[Info   :Zeepkist GTR] 18:28:15 Stopping existing recorder if any
[Info   :Zeepkist GTR] 18:28:15 Creating new recorder
[Info   :Zeepkist GTR] 18:28:15 Start processing HTTP request "POST" https://graphql.zeepki.st/
[Info   :Zeepkist GTR] 18:28:15 Sending HTTP request "POST" https://graphql.zeepki.st/
[Info   :Zeepkist GTR] 18:28:15 Start processing HTTP request "POST" https://graphql.zeepki.st/
[Info   :Zeepkist GTR] 18:28:15 Sending HTTP request "POST" https://graphql.zeepki.st/
[Info   :Zeepkist GTR] 18:28:15 Received HTTP response headers after 186.4378ms - 200
[Info   :Zeepkist GTR] 18:28:15 Received HTTP response headers after 187.4462ms - 200
[Info   :Zeepkist GTR] 18:28:15 End processing HTTP request after 186.8017ms - 200
[Info   :Zeepkist GTR] 18:28:15 End processing HTTP request after 187.7746ms - 200
[Info   :Zeepkist GTR] 18:28:15 Received HTTP response headers after 375.949ms - 200
[Info   :Zeepkist GTR] 18:28:15 End processing HTTP request after 376.3156ms - 200
[Info   :Zeepkist GTR] 18:28:15 Start processing HTTP request "POST" https://graphql.zeepki.st/
[Info   :Zeepkist GTR] 18:28:15 Sending HTTP request "POST" https://graphql.zeepki.st/
[Info   :Zeepkist GTR] 18:28:16 Received HTTP response headers after 186.8526ms - 200
[Info   :Zeepkist GTR] 18:28:16 End processing HTTP request after 187.1062ms - 200
[Info   :Zeepkist GTR] 18:28:17 Starting recorder
[Info   :Zeepkist GTR] 18:28:49 Stopping recorder
[Info   :Zeepkist GTR] 18:28:49 Collecting extra information
[Info   :Zeepkist GTR] 18:28:49 Resolved workshop ID "3735211985" from lobby 3735211985 and level 0
[Info   :Zeepkist GTR] 18:28:49 Processing ghost data
[Info   :Zeepkist GTR] 18:28:49 Creating stream
[Info   :Zeepkist GTR] 18:28:49 Writing to stream
[Info   :Zeepkist GTR] 18:28:49 Getting buffer
[Info   :Zeepkist GTR] 18:28:49 Converting to base64
[Info   :Zeepkist GTR] 18:28:49 Creating resource
[Info   :Zeepkist GTR] 18:28:49 Start processing HTTP request "POST" https://backend.zeepki.st/record/submit
[Info   :Zeepkist GTR] 18:28:49 Sending HTTP request "POST" https://backend.zeepki.st/record/submit
[Info   :Zeepkist GTR] 18:28:50 Received HTTP response headers after 534.5072ms - 200
[Info   :Zeepkist GTR] 18:28:50 End processing HTTP request after 534.7348ms - 200
[Info   :Zeepkist Bingo] [BINGO] === PLAYER SPAWNED ===
[Info   :Zeepkist Bingo] [BINGO] IsInActiveSession: False
[Info   :Zeepkist Bingo] [BINGO] Not in active session, skipping timer reset
[Info   :Zeepkist GTR] 18:28:50 Loading personal best...
[Info   :Zeepkist GTR] 18:28:50 Start processing HTTP request "POST" https://graphql.zeepki.st/
[Info   :Zeepkist GTR] 18:28:50 Sending HTTP request "POST" https://graphql.zeepki.st/
[Info   :Zeepkist GTR] 18:28:50 Stopping existing recorder if any
[Info   :Zeepkist GTR] 18:28:50 Creating new recorder
[Info   :Zeepkist GTR] 18:28:50 Start processing HTTP request "POST" https://graphql.zeepki.st/
[Info   :Zeepkist GTR] 18:28:50 Sending HTTP request "POST" https://graphql.zeepki.st/
[Info   :Zeepkist GTR] 18:28:50 Start processing HTTP request "POST" https://graphql.zeepki.st/
[Info   :Zeepkist GTR] 18:28:50 Sending HTTP request "POST" https://graphql.zeepki.st/
[Info   :Zeepkist GTR] 18:28:51 Received HTTP response headers after 193.359ms - 200
[Info   :Zeepkist GTR] 18:28:51 Received HTTP response headers after 193.8526ms - 200
[Info   :Zeepkist GTR] 18:28:51 End processing HTTP request after 193.5929ms - 200
[Info   :Zeepkist GTR] 18:28:51 End processing HTTP request after 194.1146ms - 200
[Info   :Zeepkist GTR] 18:28:51 Received HTTP response headers after 376.0716ms - 200
[Info   :Zeepkist GTR] 18:28:51 End processing HTTP request after 376.3393ms - 200
[Info   :Zeepkist GTR] 18:28:51 Start processing HTTP request "POST" https://graphql.zeepki.st/
[Info   :Zeepkist GTR] 18:28:51 Sending HTTP request "POST" https://graphql.zeepki.st/
[Info   :Zeepkist GTR] 18:28:51 Received HTTP response headers after 180.3826ms - 200
[Info   :Zeepkist GTR] 18:28:51 End processing HTTP request after 180.7086ms - 200
[Info   :Zeepkist GTR] 18:28:52 Starting recorder
[Info   :Zeepkist Bingo] [BINGO] === PLAYER SPAWNED ===
[Info   :Zeepkist Bingo] [BINGO] IsInActiveSession: False
[Info   :Zeepkist Bingo] [BINGO] Not in active session, skipping timer reset
[Info   :Zeepkist GTR] 18:28:54 Loading personal best...
[Info   :Zeepkist GTR] 18:28:54 Start processing HTTP request "POST" https://graphql.zeepki.st/
[Info   :Zeepkist GTR] 18:28:54 Sending HTTP request "POST" https://graphql.zeepki.st/
[Info   :Zeepkist GTR] 18:28:54 Stopping existing recorder if any
[Info   :Zeepkist GTR] 18:28:54 Creating new recorder
[Info   :Zeepkist GTR] 18:28:54 Start processing HTTP request "POST" https://graphql.zeepki.st/
[Info   :Zeepkist GTR] 18:28:54 Sending HTTP request "POST" https://graphql.zeepki.st/
[Info   :Zeepkist GTR] 18:28:54 Start processing HTTP request "POST" https://graphql.zeepki.st/
[Info   :Zeepkist GTR] 18:28:54 Sending HTTP request "POST" https://graphql.zeepki.st/
[Info   :Zeepkist GTR] 18:28:55 Received HTTP response headers after 183.5141ms - 200
[Info   :Zeepkist GTR] 18:28:55 End processing HTTP request after 183.7221ms - 200
[Info   :Zeepkist GTR] 18:28:55 Received HTTP response headers after 198.0948ms - 200
[Info   :Zeepkist GTR] 18:28:55 End processing HTTP request after 198.3145ms - 200
[Info   :Zeepkist GTR] 18:28:55 Received HTTP response headers after 380.467ms - 200
[Info   :Zeepkist GTR] 18:28:55 End processing HTTP request after 380.7002ms - 200
[Info   :Zeepkist GTR] 18:28:55 Start processing HTTP request "POST" https://graphql.zeepki.st/
[Info   :Zeepkist GTR] 18:28:55 Sending HTTP request "POST" https://graphql.zeepki.st/
[Info   :Zeepkist GTR] 18:28:55 Received HTTP response headers after 191.9298ms - 200
[Info   :Zeepkist GTR] 18:28:55 End processing HTTP request after 192.1644ms - 200
[Info   :Zeepkist GTR] 18:28:56 Starting recorder
[Info   :Zeepkist Bingo] [BINGO] === PLAYER SPAWNED ===
[Info   :Zeepkist Bingo] [BINGO] IsInActiveSession: False
[Info   :Zeepkist Bingo] [BINGO] Not in active session, skipping timer reset
[Info   :Zeepkist GTR] 18:29:07 Loading personal best...
[Info   :Zeepkist GTR] 18:29:07 Start processing HTTP request "POST" https://graphql.zeepki.st/
[Info   :Zeepkist GTR] 18:29:07 Sending HTTP request "POST" https://graphql.zeepki.st/
[Info   :Zeepkist GTR] 18:29:07 Stopping existing recorder if any
[Info   :Zeepkist GTR] 18:29:07 Creating new recorder
[Info   :Zeepkist GTR] 18:29:07 Start processing HTTP request "POST" https://graphql.zeepki.st/
[Info   :Zeepkist GTR] 18:29:07 Sending HTTP request "POST" https://graphql.zeepki.st/
[Info   :Zeepkist GTR] 18:29:07 Start processing HTTP request "POST" https://graphql.zeepki.st/
[Info   :Zeepkist GTR] 18:29:07 Sending HTTP request "POST" https://graphql.zeepki.st/
[Info   :Zeepkist GTR] 18:29:07 Received HTTP response headers after 218.0177ms - 200
[Info   :Zeepkist GTR] 18:29:07 End processing HTTP request after 218.2339ms - 200
[Info   :Zeepkist GTR] 18:29:07 Received HTTP response headers after 260.4773ms - 200
[Info   :Zeepkist GTR] 18:29:07 End processing HTTP request after 260.7249ms - 200
[Info   :Zeepkist GTR] 18:29:07 Received HTTP response headers after 442.4648ms - 200
[Info   :Zeepkist GTR] 18:29:07 End processing HTTP request after 442.7423ms - 200
[Info   :Zeepkist GTR] 18:29:07 Start processing HTTP request "POST" https://graphql.zeepki.st/
[Info   :Zeepkist GTR] 18:29:07 Sending HTTP request "POST" https://graphql.zeepki.st/
[Info   :Zeepkist GTR] 18:29:08 Received HTTP response headers after 195.1463ms - 200
[Info   :Zeepkist GTR] 18:29:08 End processing HTTP request after 195.4437ms - 200
[Info   :Zeepkist GTR] 18:29:09 Starting recorder
[Info   :Zeepkist GTR] 18:29:41 Stopping recorder
[Info   :Zeepkist GTR] 18:29:41 Collecting extra information
[Info   :Zeepkist GTR] 18:29:41 Resolved workshop ID "3735211985" from lobby 3735211985 and level 0
[Info   :Zeepkist GTR] 18:29:41 Processing ghost data
[Info   :Zeepkist GTR] 18:29:41 Creating stream
[Info   :Zeepkist GTR] 18:29:41 Writing to stream
[Info   :Zeepkist GTR] 18:29:41 Getting buffer
[Info   :Zeepkist GTR] 18:29:41 Converting to base64
[Info   :Zeepkist GTR] 18:29:41 Creating resource
[Info   :Zeepkist GTR] 18:29:41 Start processing HTTP request "POST" https://backend.zeepki.st/record/submit
[Info   :Zeepkist GTR] 18:29:41 Sending HTTP request "POST" https://backend.zeepki.st/record/submit
[Info   :Zeepkist GTR] 18:29:42 Received HTTP response headers after 422.7655ms - 200
[Info   :Zeepkist GTR] 18:29:42 End processing HTTP request after 423.0033ms - 200
[Info   :Zeepkist Bingo] [BINGO] === PLAYER SPAWNED ===
[Info   :Zeepkist Bingo] [BINGO] IsInActiveSession: False
[Info   :Zeepkist Bingo] [BINGO] Not in active session, skipping timer reset
[Info   :Zeepkist GTR] 18:29:44 Loading personal best...
[Info   :Zeepkist GTR] 18:29:44 Start processing HTTP request "POST" https://graphql.zeepki.st/
[Info   :Zeepkist GTR] 18:29:44 Sending HTTP request "POST" https://graphql.zeepki.st/
[Info   :Zeepkist GTR] 18:29:44 Stopping existing recorder if any
[Info   :Zeepkist GTR] 18:29:44 Creating new recorder
[Info   :Zeepkist GTR] 18:29:44 Start processing HTTP request "POST" https://graphql.zeepki.st/
[Info   :Zeepkist GTR] 18:29:44 Sending HTTP request "POST" https://graphql.zeepki.st/
[Info   :Zeepkist GTR] 18:29:44 Start processing HTTP request "POST" https://graphql.zeepki.st/
[Info   :Zeepkist GTR] 18:29:44 Sending HTTP request "POST" https://graphql.zeepki.st/
[Info   :Zeepkist GTR] 18:29:44 Received HTTP response headers after 199.3441ms - 200
[Info   :Zeepkist GTR] 18:29:44 Received HTTP response headers after 198.9117ms - 200
[Info   :Zeepkist GTR] 18:29:44 End processing HTTP request after 199.5793ms - 200
[Info   :Zeepkist GTR] 18:29:44 End processing HTTP request after 199.1324ms - 200
[Info   :Zeepkist GTR] 18:29:44 Received HTTP response headers after 390.0187ms - 200
[Info   :Zeepkist GTR] 18:29:44 End processing HTTP request after 390.239ms - 200
[Info   :Zeepkist GTR] 18:29:44 Start processing HTTP request "POST" https://graphql.zeepki.st/
[Info   :Zeepkist GTR] 18:29:44 Sending HTTP request "POST" https://graphql.zeepki.st/
[Info   :Zeepkist GTR] 18:29:44 Received HTTP response headers after 181.4184ms - 200
[Info   :Zeepkist GTR] 18:29:44 End processing HTTP request after 181.7298ms - 200
[Info   :Zeepkist GTR] 18:29:45 Starting recorder
[Info   :Zeepkist Bingo] [BINGO] === PLAYER SPAWNED ===
[Info   :Zeepkist Bingo] [BINGO] IsInActiveSession: False
[Info   :Zeepkist Bingo] [BINGO] Not in active session, skipping timer reset
[Info   :Zeepkist GTR] 18:30:08 Loading personal best...
[Info   :Zeepkist GTR] 18:30:08 Start processing HTTP request "POST" https://graphql.zeepki.st/
[Info   :Zeepkist GTR] 18:30:08 Sending HTTP request "POST" https://graphql.zeepki.st/
[Info   :Zeepkist GTR] 18:30:08 Stopping existing recorder if any
[Info   :Zeepkist GTR] 18:30:08 Creating new recorder
[Info   :Zeepkist GTR] 18:30:08 Start processing HTTP request "POST" https://graphql.zeepki.st/
[Info   :Zeepkist GTR] 18:30:08 Sending HTTP request "POST" https://graphql.zeepki.st/
[Info   :Zeepkist GTR] 18:30:08 Start processing HTTP request "POST" https://graphql.zeepki.st/
[Info   :Zeepkist GTR] 18:30:08 Sending HTTP request "POST" https://graphql.zeepki.st/
[Info   :Zeepkist GTR] 18:30:08 Received HTTP response headers after 332.9108ms - 200
[Info   :Zeepkist GTR] 18:30:08 Received HTTP response headers after 333.5482ms - 200
[Info   :Zeepkist GTR] 18:30:08 End processing HTTP request after 333.1702ms - 200
[Info   :Zeepkist GTR] 18:30:08 End processing HTTP request after 333.8998ms - 200
[Info   :Zeepkist GTR] 18:30:08 Received HTTP response headers after 526.0919ms - 200
[Info   :Zeepkist GTR] 18:30:08 End processing HTTP request after 526.2902ms - 200
[Info   :Zeepkist GTR] 18:30:08 Start processing HTTP request "POST" https://graphql.zeepki.st/
[Info   :Zeepkist GTR] 18:30:08 Sending HTTP request "POST" https://graphql.zeepki.st/
[Info   :Zeepkist GTR] 18:30:08 Received HTTP response headers after 183.7114ms - 200
[Info   :Zeepkist GTR] 18:30:08 End processing HTTP request after 183.9479ms - 200
[Info   :Zeepkist GTR] 18:30:09 Starting recorder
[Info   :Zeepkist Bingo] [BINGO] === PLAYER SPAWNED ===
[Info   :Zeepkist Bingo] [BINGO] IsInActiveSession: False
[Info   :Zeepkist Bingo] [BINGO] Not in active session, skipping timer reset
[Info   :Zeepkist GTR] 18:30:30 Loading personal best...
[Info   :Zeepkist GTR] 18:30:30 Start processing HTTP request "POST" https://graphql.zeepki.st/
[Info   :Zeepkist GTR] 18:30:30 Sending HTTP request "POST" https://graphql.zeepki.st/
[Info   :Zeepkist GTR] 18:30:30 Stopping existing recorder if any
[Info   :Zeepkist GTR] 18:30:30 Creating new recorder
[Info   :Zeepkist GTR] 18:30:30 Start processing HTTP request "POST" https://graphql.zeepki.st/
[Info   :Zeepkist GTR] 18:30:30 Sending HTTP request "POST" https://graphql.zeepki.st/
[Info   :Zeepkist GTR] 18:30:30 Start processing HTTP request "POST" https://graphql.zeepki.st/
[Info   :Zeepkist GTR] 18:30:30 Sending HTTP request "POST" https://graphql.zeepki.st/
[Info   :Zeepkist GTR] 18:30:30 Received HTTP response headers after 186.3376ms - 200
[Info   :Zeepkist GTR] 18:30:30 End processing HTTP request after 186.5583ms - 200
[Info   :Zeepkist GTR] 18:30:30 Received HTTP response headers after 191.1869ms - 200
[Info   :Zeepkist GTR] 18:30:30 End processing HTTP request after 191.4211ms - 200
[Info   :Zeepkist GTR] 18:30:30 Received HTTP response headers after 378.6801ms - 200
[Info   :Zeepkist GTR] 18:30:30 End processing HTTP request after 378.8904ms - 200
[Info   :Zeepkist GTR] 18:30:30 Start processing HTTP request "POST" https://graphql.zeepki.st/
[Info   :Zeepkist GTR] 18:30:30 Sending HTTP request "POST" https://graphql.zeepki.st/
[Info   :Zeepkist GTR] 18:30:31 Received HTTP response headers after 217.0679ms - 200
[Info   :Zeepkist GTR] 18:30:31 End processing HTTP request after 217.3274ms - 200
[Info   :Zeepkist GTR] 18:30:32 Starting recorder
[Info   :Zeepkist GTR] 18:30:36 Discarding recorder
[Info   :RoundLeaderboardTab] Drawing leaderboard -> forwarding to Instance.DrawTabLeaderboard()
[Info   :Zeepkist Bingo] [BINGO] Level loaded
[Info   :Zeepkist GTR] 18:30:51 Start processing HTTP request "POST" https://backend.zeepki.st/level/request
[Info   :Zeepkist GTR] 18:30:51 Sending HTTP request "POST" https://backend.zeepki.st/level/request
[Info   :BetterSplits] getting gtr splits
[Info   :Zeepkist Bingo] [BINGO] === PLAYER SPAWNED ===
[Info   :Zeepkist Bingo] [BINGO] IsInActiveSession: False
[Info   :Zeepkist Bingo] [BINGO] Not in active session, skipping timer reset
[Info   :Zeepkist GTR] 18:30:51 Loading personal best...
[Info   :Zeepkist GTR] 18:30:51 Start processing HTTP request "POST" https://graphql.zeepki.st/
[Info   :Zeepkist GTR] 18:30:51 Sending HTTP request "POST" https://graphql.zeepki.st/
[Info   :Zeepkist GTR] 18:30:51 Stopping existing recorder if any
[Info   :Zeepkist GTR] 18:30:51 Creating new recorder
[Info   :Zeepkist GTR] 18:30:51 Start processing HTTP request "POST" https://graphql.zeepki.st/
[Info   :Zeepkist GTR] 18:30:51 Sending HTTP request "POST" https://graphql.zeepki.st/
[Info   :Zeepkist GTR] 18:30:51 Start processing HTTP request "POST" https://graphql.zeepki.st/
[Info   :Zeepkist GTR] 18:30:51 Sending HTTP request "POST" https://graphql.zeepki.st/
[Info   :Zeepkist GTR] 18:30:51 Received HTTP response headers after 214.9517ms - 200
[Info   :Zeepkist GTR] 18:30:51 End processing HTTP request after 215.2031ms - 200
[Info   :Zeepkist GTR] 18:30:51 Received HTTP response headers after 215.6988ms - 200
[Info   :Zeepkist GTR] 18:30:51 End processing HTTP request after 215.9472ms - 200
[Info   :Zeepkist GTR] 18:30:51 Received HTTP response headers after 423.1396ms - 200
[Info   :Zeepkist GTR] 18:30:51 End processing HTTP request after 423.3693ms - 200
[Info   :Zeepkist GTR] 18:30:51 Start processing HTTP request "POST" https://graphql.zeepki.st/
[Info   :Zeepkist GTR] 18:30:51 Sending HTTP request "POST" https://graphql.zeepki.st/
[Info   :Zeepkist GTR] 18:30:52 Received HTTP response headers after 197.2265ms - 200
[Info   :Zeepkist GTR] 18:30:52 End processing HTTP request after 197.5047ms - 200
[Info   :Zeepkist GTR] 18:30:52 Received HTTP response headers after 802.4483ms - 200
[Info   :Zeepkist GTR] 18:30:52 End processing HTTP request after 802.731ms - 200
[Info   :BetterSplits] got gtr splits
[Info   :Zeepkist GTR] 18:30:53 Starting recorder
[Info   :Zeepkist Bingo] [BINGO] === PLAYER SPAWNED ===
[Info   :Zeepkist Bingo] [BINGO] IsInActiveSession: False
[Info   :Zeepkist Bingo] [BINGO] Not in active session, skipping timer reset
[Info   :Zeepkist GTR] 18:30:58 Loading personal best...
[Info   :Zeepkist GTR] 18:30:58 Start processing HTTP request "POST" https://graphql.zeepki.st/
[Info   :Zeepkist GTR] 18:30:58 Sending HTTP request "POST" https://graphql.zeepki.st/
[Info   :Zeepkist GTR] 18:30:58 Stopping existing recorder if any
[Info   :Zeepkist GTR] 18:30:58 Creating new recorder
[Info   :Zeepkist GTR] 18:30:58 Start processing HTTP request "POST" https://graphql.zeepki.st/
[Info   :Zeepkist GTR] 18:30:58 Sending HTTP request "POST" https://graphql.zeepki.st/
[Info   :Zeepkist GTR] 18:30:58 Start processing HTTP request "POST" https://graphql.zeepki.st/
[Info   :Zeepkist GTR] 18:30:58 Sending HTTP request "POST" https://graphql.zeepki.st/
[Info   :Zeepkist GTR] 18:30:58 Received HTTP response headers after 204.3855ms - 200
[Info   :Zeepkist GTR] 18:30:58 End processing HTTP request after 204.6226ms - 200
[Info   :Zeepkist GTR] 18:30:58 Received HTTP response headers after 229.0475ms - 200
[Info   :Zeepkist GTR] 18:30:58 End processing HTTP request after 229.3348ms - 200
[Info   :Zeepkist GTR] 18:30:58 Received HTTP response headers after 385.0824ms - 200
[Info   :Zeepkist GTR] 18:30:58 End processing HTTP request after 385.3026ms - 200
[Info   :Zeepkist GTR] 18:30:58 Start processing HTTP request "POST" https://graphql.zeepki.st/
[Info   :Zeepkist GTR] 18:30:58 Sending HTTP request "POST" https://graphql.zeepki.st/
[Info   :Zeepkist GTR] 18:30:58 Received HTTP response headers after 174.6199ms - 200
[Info   :Zeepkist GTR] 18:30:58 End processing HTTP request after 174.8896ms - 200
[Info   :Zeepkist GTR] 18:31:00 Starting recorder
[Info   :Zeepkist Bingo] [BINGO] === PLAYER SPAWNED ===
[Info   :Zeepkist Bingo] [BINGO] IsInActiveSession: False
[Info   :Zeepkist Bingo] [BINGO] Not in active session, skipping timer reset
[Info   :Zeepkist GTR] 18:31:04 Loading personal best...
[Info   :Zeepkist GTR] 18:31:04 Start processing HTTP request "POST" https://graphql.zeepki.st/
[Info   :Zeepkist GTR] 18:31:04 Sending HTTP request "POST" https://graphql.zeepki.st/
[Info   :Zeepkist GTR] 18:31:04 Stopping existing recorder if any
[Info   :Zeepkist GTR] 18:31:04 Creating new recorder
[Info   :Zeepkist GTR] 18:31:04 Start processing HTTP request "POST" https://graphql.zeepki.st/
[Info   :Zeepkist GTR] 18:31:04 Sending HTTP request "POST" https://graphql.zeepki.st/
[Info   :Zeepkist GTR] 18:31:04 Start processing HTTP request "POST" https://graphql.zeepki.st/
[Info   :Zeepkist GTR] 18:31:04 Sending HTTP request "POST" https://graphql.zeepki.st/
[Info   :Zeepkist GTR] 18:31:04 Received HTTP response headers after 185.9023ms - 200
[Info   :Zeepkist GTR] 18:31:04 End processing HTTP request after 186.1305ms - 200
[Info   :Zeepkist GTR] 18:31:04 Received HTTP response headers after 191.0866ms - 200
[Info   :Zeepkist GTR] 18:31:04 End processing HTTP request after 191.3992ms - 200
[Info   :Zeepkist GTR] 18:31:04 Received HTTP response headers after 375.3025ms - 200
[Info   :Zeepkist GTR] 18:31:04 End processing HTTP request after 375.5241ms - 200
[Info   :Zeepkist GTR] 18:31:04 Start processing HTTP request "POST" https://graphql.zeepki.st/
[Info   :Zeepkist GTR] 18:31:04 Sending HTTP request "POST" https://graphql.zeepki.st/
[Info   :Zeepkist GTR] 18:31:04 Received HTTP response headers after 180.4546ms - 200
[Info   :Zeepkist GTR] 18:31:04 End processing HTTP request after 180.7139ms - 200
[Info   :Zeepkist GTR] 18:31:06 Starting recorder
[Info   :RoundLeaderboardTab] Drawing leaderboard -> forwarding to Instance.DrawTabLeaderboard()
[Info   :Zeepkist GTR] 18:31:32 Discarding recorder
[Info   :Zeepkist Bingo] [BINGO] Level loaded
[Info   :Zeepkist GTR] 18:31:46 Start processing HTTP request "POST" https://backend.zeepki.st/level/request
[Info   :Zeepkist GTR] 18:31:46 Sending HTTP request "POST" https://backend.zeepki.st/level/request
[Info   :BetterSplits] getting gtr splits
[Info   :Zeepkist Bingo] [BINGO] === PLAYER SPAWNED ===
[Info   :Zeepkist Bingo] [BINGO] IsInActiveSession: False
[Info   :Zeepkist Bingo] [BINGO] Not in active session, skipping timer reset
[Info   :Zeepkist GTR] 18:31:47 Loading personal best...
[Info   :Zeepkist GTR] 18:31:47 Start processing HTTP request "POST" https://graphql.zeepki.st/
[Info   :Zeepkist GTR] 18:31:47 Sending HTTP request "POST" https://graphql.zeepki.st/
[Info   :Zeepkist GTR] 18:31:47 Stopping existing recorder if any
[Info   :Zeepkist GTR] 18:31:47 Creating new recorder
[Info   :Zeepkist GTR] 18:31:47 Start processing HTTP request "POST" https://graphql.zeepki.st/
[Info   :Zeepkist GTR] 18:31:47 Sending HTTP request "POST" https://graphql.zeepki.st/
[Info   :Zeepkist GTR] 18:31:47 Start processing HTTP request "POST" https://graphql.zeepki.st/
[Info   :Zeepkist GTR] 18:31:47 Sending HTTP request "POST" https://graphql.zeepki.st/
[Info   :Zeepkist GTR] 18:31:47 Received HTTP response headers after 194.4268ms - 200
[Info   :Zeepkist GTR] 18:31:47 End processing HTTP request after 194.7538ms - 200
[Info   :BetterSplits] no record set
[Info   :Zeepkist GTR] 18:31:47 Received HTTP response headers after 195.3904ms - 200
[Info   :Zeepkist GTR] 18:31:47 End processing HTTP request after 195.6375ms - 200
[Info   :Zeepkist GTR] 18:31:47 Received HTTP response headers after 199.8951ms - 200
[Info   :Zeepkist GTR] 18:31:47 End processing HTTP request after 200.1545ms - 200
[Info   :Zeepkist GTR] 18:31:47 Received HTTP response headers after 384.039ms - 200
[Info   :Zeepkist GTR] 18:31:47 End processing HTTP request after 384.2809ms - 200
[Info   :Zeepkist GTR] 18:31:48 Starting recorder
[Info   :RoundLeaderboardTab] Drawing leaderboard -> forwarding to Instance.DrawTabLeaderboard()
[Info   :Zeepkist Bingo] [BINGO] === PLAYER SPAWNED ===
[Info   :Zeepkist Bingo] [BINGO] IsInActiveSession: False
[Info   :Zeepkist Bingo] [BINGO] Not in active session, skipping timer reset
[Info   :Zeepkist GTR] 18:32:24 Loading personal best...
[Info   :Zeepkist GTR] 18:32:24 Start processing HTTP request "POST" https://graphql.zeepki.st/
[Info   :Zeepkist GTR] 18:32:24 Sending HTTP request "POST" https://graphql.zeepki.st/
[Info   :Zeepkist GTR] 18:32:24 Stopping existing recorder if any
[Info   :Zeepkist GTR] 18:32:24 Creating new recorder
[Info   :Zeepkist GTR] 18:32:24 Start processing HTTP request "POST" https://graphql.zeepki.st/
[Info   :Zeepkist GTR] 18:32:24 Sending HTTP request "POST" https://graphql.zeepki.st/
[Info   :Zeepkist GTR] 18:32:24 Start processing HTTP request "POST" https://graphql.zeepki.st/
[Info   :Zeepkist GTR] 18:32:24 Sending HTTP request "POST" https://graphql.zeepki.st/
[Info   :Zeepkist GTR] 18:32:25 Received HTTP response headers after 766.4397ms - 200
[Info   :Zeepkist GTR] 18:32:25 End processing HTTP request after 766.6628ms - 200
[Info   :Zeepkist GTR] 18:32:25 Received HTTP response headers after 902.4098ms - 200
[Info   :Zeepkist GTR] 18:32:25 End processing HTTP request after 902.7049ms - 200
[Info   :Zeepkist GTR] 18:32:25 Received HTTP response headers after 1011.2478ms - 200
[Info   :Zeepkist GTR] 18:32:25 End processing HTTP request after 1011.5642ms - 200
[Info   :Zeepkist GTR] 18:32:26 Starting recorder
[Info   :Zeepkist Bingo] [BINGO] === PLAYER SPAWNED ===
[Info   :Zeepkist Bingo] [BINGO] IsInActiveSession: False
[Info   :Zeepkist Bingo] [BINGO] Not in active session, skipping timer reset
[Info   :Zeepkist GTR] 18:36:46 Loading personal best...
[Info   :Zeepkist GTR] 18:36:46 Start processing HTTP request "POST" https://graphql.zeepki.st/
[Info   :Zeepkist GTR] 18:36:46 Sending HTTP request "POST" https://graphql.zeepki.st/
[Info   :Zeepkist GTR] 18:36:46 Stopping existing recorder if any
[Info   :Zeepkist GTR] 18:36:46 Creating new recorder
[Info   :Zeepkist GTR] 18:36:46 Start processing HTTP request "POST" https://graphql.zeepki.st/
[Info   :Zeepkist GTR] 18:36:46 Sending HTTP request "POST" https://graphql.zeepki.st/
[Info   :Zeepkist GTR] 18:36:46 Start processing HTTP request "POST" https://graphql.zeepki.st/
[Info   :Zeepkist GTR] 18:36:46 Sending HTTP request "POST" https://graphql.zeepki.st/
[Info   :Zeepkist GTR] 18:36:46 Received HTTP response headers after 423.8463ms - 200
[Info   :Zeepkist GTR] 18:36:46 End processing HTTP request after 424.0279ms - 200
[Info   :Zeepkist GTR] 18:36:46 Received HTTP response headers after 428.8819ms - 200
[Info   :Zeepkist GTR] 18:36:46 End processing HTTP request after 429.1698ms - 200
[Info   :Zeepkist GTR] 18:36:46 Received HTTP response headers after 595.8605ms - 200
[Info   :Zeepkist GTR] 18:36:46 End processing HTTP request after 596.1484ms - 200
[Info   :Zeepkist GTR] 18:36:47 Starting recorder
[Info   :Zeepkist Bingo] [BINGO] === PLAYER SPAWNED ===
[Info   :Zeepkist Bingo] [BINGO] IsInActiveSession: False
[Info   :Zeepkist Bingo] [BINGO] Not in active session, skipping timer reset
[Info   :Zeepkist GTR] 18:36:52 Loading personal best...
[Info   :Zeepkist GTR] 18:36:52 Start processing HTTP request "POST" https://graphql.zeepki.st/
[Info   :Zeepkist GTR] 18:36:52 Sending HTTP request "POST" https://graphql.zeepki.st/
[Info   :Zeepkist GTR] 18:36:52 Stopping existing recorder if any
[Info   :Zeepkist GTR] 18:36:52 Creating new recorder
[Info   :Zeepkist GTR] 18:36:52 Start processing HTTP request "POST" https://graphql.zeepki.st/
[Info   :Zeepkist GTR] 18:36:52 Sending HTTP request "POST" https://graphql.zeepki.st/
[Info   :Zeepkist GTR] 18:36:52 Start processing HTTP request "POST" https://graphql.zeepki.st/
[Info   :Zeepkist GTR] 18:36:52 Sending HTTP request "POST" https://graphql.zeepki.st/
[Info   :Zeepkist GTR] 18:36:52 Received HTTP response headers after 207.5061ms - 200
[Info   :Zeepkist GTR] 18:36:52 Received HTTP response headers after 206.966ms - 200
[Info   :Zeepkist GTR] 18:36:52 End processing HTTP request after 207.7869ms - 200
[Info   :Zeepkist GTR] 18:36:52 End processing HTTP request after 207.1721ms - 200
[Info   :Zeepkist GTR] 18:36:53 Received HTTP response headers after 440.538ms - 200
[Info   :Zeepkist GTR] 18:36:53 End processing HTTP request after 440.7889ms - 200
[Info   :Zeepkist GTR] 18:36:54 Starting recorder
[Info   :Zeepkist Bingo] [BINGO] === PLAYER SPAWNED ===
[Info   :Zeepkist Bingo] [BINGO] IsInActiveSession: False
[Info   :Zeepkist Bingo] [BINGO] Not in active session, skipping timer reset
[Info   :Zeepkist GTR] 18:36:55 Loading personal best...
[Info   :Zeepkist GTR] 18:36:55 Start processing HTTP request "POST" https://graphql.zeepki.st/
[Info   :Zeepkist GTR] 18:36:55 Sending HTTP request "POST" https://graphql.zeepki.st/
[Info   :Zeepkist GTR] 18:36:55 Stopping existing recorder if any
[Info   :Zeepkist GTR] 18:36:55 Creating new recorder
[Info   :Zeepkist GTR] 18:36:55 Start processing HTTP request "POST" https://graphql.zeepki.st/
[Info   :Zeepkist GTR] 18:36:55 Sending HTTP request "POST" https://graphql.zeepki.st/
[Info   :Zeepkist GTR] 18:36:55 Start processing HTTP request "POST" https://graphql.zeepki.st/
[Info   :Zeepkist GTR] 18:36:55 Sending HTTP request "POST" https://graphql.zeepki.st/
[Info   :Zeepkist GTR] 18:36:55 Received HTTP response headers after 196.7946ms - 200
[Info   :Zeepkist GTR] 18:36:55 Received HTTP response headers after 196.3367ms - 200
[Info   :Zeepkist GTR] 18:36:55 End processing HTTP request after 196.6042ms - 200
[Info   :Zeepkist GTR] 18:36:55 End processing HTTP request after 197.1092ms - 200
[Info   :Zeepkist GTR] 18:36:56 Received HTTP response headers after 403.2289ms - 200
[Info   :Zeepkist GTR] 18:36:56 End processing HTTP request after 403.4548ms - 200
[Info   :Zeepkist GTR] 18:36:57 Starting recorder
[Info   :Zeepkist Bingo] [BINGO] === PLAYER SPAWNED ===
[Info   :Zeepkist Bingo] [BINGO] IsInActiveSession: False
[Info   :Zeepkist Bingo] [BINGO] Not in active session, skipping timer reset
[Info   :Zeepkist GTR] 18:37:30 Loading personal best...
[Info   :Zeepkist GTR] 18:37:30 Start processing HTTP request "POST" https://graphql.zeepki.st/
[Info   :Zeepkist GTR] 18:37:30 Sending HTTP request "POST" https://graphql.zeepki.st/
[Info   :Zeepkist GTR] 18:37:30 Stopping existing recorder if any
[Info   :Zeepkist GTR] 18:37:30 Creating new recorder
[Info   :Zeepkist GTR] 18:37:30 Start processing HTTP request "POST" https://graphql.zeepki.st/
[Info   :Zeepkist GTR] 18:37:30 Sending HTTP request "POST" https://graphql.zeepki.st/
[Info   :Zeepkist GTR] 18:37:30 Start processing HTTP request "POST" https://graphql.zeepki.st/
[Info   :Zeepkist GTR] 18:37:30 Sending HTTP request "POST" https://graphql.zeepki.st/
[Info   :Zeepkist GTR] 18:37:30 Received HTTP response headers after 185.4081ms - 200
[Info   :Zeepkist GTR] 18:37:30 End processing HTTP request after 185.6666ms - 200
[Info   :Zeepkist GTR] 18:37:30 Received HTTP response headers after 197.3216ms - 200
[Info   :Zeepkist GTR] 18:37:30 End processing HTTP request after 197.5524ms - 200
[Info   :Zeepkist GTR] 18:37:30 Received HTTP response headers after 376.5455ms - 200
[Info   :Zeepkist GTR] 18:37:30 End processing HTTP request after 376.7395ms - 200
[Info   :Zeepkist GTR] 18:37:31 Starting recorder
[Info   :Zeepkist Bingo] [BINGO] === PLAYER SPAWNED ===
[Info   :Zeepkist Bingo] [BINGO] IsInActiveSession: False
[Info   :Zeepkist Bingo] [BINGO] Not in active session, skipping timer reset
[Info   :Zeepkist GTR] 18:38:04 Loading personal best...
[Info   :Zeepkist GTR] 18:38:04 Start processing HTTP request "POST" https://graphql.zeepki.st/
[Info   :Zeepkist GTR] 18:38:04 Sending HTTP request "POST" https://graphql.zeepki.st/
[Info   :Zeepkist GTR] 18:38:04 Stopping existing recorder if any
[Info   :Zeepkist GTR] 18:38:04 Creating new recorder
[Info   :Zeepkist GTR] 18:38:04 Start processing HTTP request "POST" https://graphql.zeepki.st/
[Info   :Zeepkist GTR] 18:38:04 Sending HTTP request "POST" https://graphql.zeepki.st/
[Info   :Zeepkist GTR] 18:38:04 Start processing HTTP request "POST" https://graphql.zeepki.st/
[Info   :Zeepkist GTR] 18:38:04 Sending HTTP request "POST" https://graphql.zeepki.st/
[Info   :Zeepkist GTR] 18:38:04 Received HTTP response headers after 196.4236ms - 200
[Info   :Zeepkist GTR] 18:38:04 Received HTTP response headers after 197.1157ms - 200
[Info   :Zeepkist GTR] 18:38:04 End processing HTTP request after 196.6774ms - 200
[Info   :Zeepkist GTR] 18:38:04 End processing HTTP request after 197.4144ms - 200
[Info   :Zeepkist GTR] 18:38:05 Received HTTP response headers after 389.663ms - 200
[Info   :Zeepkist GTR] 18:38:05 End processing HTTP request after 389.9846ms - 200
[Info   :Zeepkist GTR] 18:38:06 Starting recorder
[Info   :Zeepkist GTR] 18:38:39 Stopping recorder
[Info   :Zeepkist GTR] 18:38:39 Collecting extra information
[Info   :Zeepkist GTR] 18:38:39 Resolved workshop ID "3771063987" from lobby 3771063987 and level 0
[Info   :Zeepkist GTR] 18:38:39 Processing ghost data
[Info   :Zeepkist GTR] 18:38:39 Creating stream
[Info   :Zeepkist GTR] 18:38:39 Writing to stream
[Info   :Zeepkist GTR] 18:38:39 Getting buffer
[Info   :Zeepkist GTR] 18:38:39 Converting to base64
[Info   :Zeepkist GTR] 18:38:39 Creating resource
[Info   :Zeepkist GTR] 18:38:39 Start processing HTTP request "POST" https://backend.zeepki.st/record/submit
[Info   :Zeepkist GTR] 18:38:39 Sending HTTP request "POST" https://backend.zeepki.st/record/submit
[Info   :Zeepkist GTR] 18:38:40 Received HTTP response headers after 1383.6851ms - 200
[Info   :Zeepkist GTR] 18:38:40 End processing HTTP request after 1383.9502ms - 200
[Info   :Zeepkist Bingo] [BINGO] === PLAYER SPAWNED ===
[Info   :Zeepkist Bingo] [BINGO] IsInActiveSession: False
[Info   :Zeepkist Bingo] [BINGO] Not in active session, skipping timer reset
[Info   :Zeepkist GTR] 18:38:43 Loading personal best...
[Info   :Zeepkist GTR] 18:38:43 Start processing HTTP request "POST" https://graphql.zeepki.st/
[Info   :Zeepkist GTR] 18:38:43 Sending HTTP request "POST" https://graphql.zeepki.st/
[Info   :Zeepkist GTR] 18:38:43 Stopping existing recorder if any
[Info   :Zeepkist GTR] 18:38:43 Creating new recorder
[Info   :Zeepkist GTR] 18:38:43 Start processing HTTP request "POST" https://graphql.zeepki.st/
[Info   :Zeepkist GTR] 18:38:43 Sending HTTP request "POST" https://graphql.zeepki.st/
[Info   :Zeepkist GTR] 18:38:43 Start processing HTTP request "POST" https://graphql.zeepki.st/
[Info   :Zeepkist GTR] 18:38:43 Sending HTTP request "POST" https://graphql.zeepki.st/
[Info   :Zeepkist GTR] 18:38:44 Received HTTP response headers after 191.8167ms - 200
[Info   :Zeepkist GTR] 18:38:44 End processing HTTP request after 192.0965ms - 200
[Info   :Zeepkist GTR] 18:38:44 Received HTTP response headers after 202.6971ms - 200
[Info   :Zeepkist GTR] 18:38:44 End processing HTTP request after 203.0071ms - 200
[Info   :Zeepkist GTR] 18:38:44 Start processing HTTP request "GET" https://cdn.zeepki.st/ghosts/01KYB7XNRY8Z7MVVXB9FHDDX9S.bin
[Info   :Zeepkist GTR] 18:38:44 Sending HTTP request "GET" https://cdn.zeepki.st/ghosts/01KYB7XNRY8Z7MVVXB9FHDDX9S.bin
[Info   :Zeepkist GTR] 18:38:44 Received HTTP response headers after 383.1599ms - 200
[Info   :Zeepkist GTR] 18:38:44 End processing HTTP request after 383.4139ms - 200
[Info   :Zeepkist GTR] 18:38:44 Start processing HTTP request "POST" https://graphql.zeepki.st/
[Info   :Zeepkist GTR] 18:38:44 Sending HTTP request "POST" https://graphql.zeepki.st/
[Info   :Zeepkist GTR] 18:38:44 Received HTTP response headers after 188.8493ms - 200
[Info   :Zeepkist GTR] 18:38:44 End processing HTTP request after 189.169ms - 200
[Info   :Zeepkist GTR] 18:38:44 Received HTTP response headers after 685.1565ms - 200
[Info   :Zeepkist GTR] 18:38:44 End processing HTTP request after 685.4557ms - 200
[Info   :Zeepkist GTR] 18:38:45 Starting recorder
[Info   :Zeepkist GTR] 18:41:58 Discarding recorder
[Info   :Zeepkist Bingo] [BINGO] Level loaded
[Info   :BetterSplits] getting gtr splits
[Info   :Zeepkist Bingo] [BINGO] === PLAYER SPAWNED ===
[Info   :Zeepkist Bingo] [BINGO] IsInActiveSession: False
[Info   :Zeepkist Bingo] [BINGO] Not in active session, skipping timer reset
[Info   :Zeepkist GTR] 18:42:13 Loading personal best...
[Info   :Zeepkist GTR] 18:42:13 Start processing HTTP request "POST" https://graphql.zeepki.st/
[Info   :Zeepkist GTR] 18:42:13 Sending HTTP request "POST" https://graphql.zeepki.st/
[Info   :Zeepkist GTR] 18:42:13 Stopping existing recorder if any
[Info   :Zeepkist GTR] 18:42:13 Creating new recorder
[Info   :Zeepkist GTR] 18:42:13 Start processing HTTP request "POST" https://graphql.zeepki.st/
[Info   :Zeepkist GTR] 18:42:13 Sending HTTP request "POST" https://graphql.zeepki.st/
[Info   :Zeepkist GTR] 18:42:13 Start processing HTTP request "POST" https://graphql.zeepki.st/
[Info   :Zeepkist GTR] 18:42:13 Sending HTTP request "POST" https://graphql.zeepki.st/
[Info   :BetterSplits] got gtr splits
[Info   :Zeepkist GTR] 18:42:14 Received HTTP response headers after 684.4077ms - 200
[Info   :Zeepkist GTR] 18:42:14 End processing HTTP request after 684.7001ms - 200
[Info   :Zeepkist GTR] 18:42:14 Received HTTP response headers after 684.6576ms - 200
[Info   :Zeepkist GTR] 18:42:14 End processing HTTP request after 684.9154ms - 200
[Info   :Zeepkist GTR] 18:42:14 Received HTTP response headers after 867.4509ms - 200
[Info   :Zeepkist GTR] 18:42:14 End processing HTTP request after 867.684ms - 200
[Info   :Zeepkist GTR] 18:42:14 Start processing HTTP request "POST" https://graphql.zeepki.st/
[Info   :Zeepkist GTR] 18:42:14 Sending HTTP request "POST" https://graphql.zeepki.st/
[Info   :Zeepkist GTR] 18:42:14 Received HTTP response headers after 177.2619ms - 200
[Info   :Zeepkist GTR] 18:42:14 End processing HTTP request after 177.5488ms - 200
[Info   :Zeepkist GTR] 18:42:15 Starting recorder
[Info   :Zeepkist Bingo] [CHAT] Intercepted message: !cotd startcup
[Info   :Zeepkist Bingo] [CHAT] Not relaying - no bingo session
[Info   :COTDTracker] Starting cup with exclude list: 
[Info   :Zeepkist GTR] 18:42:35 Discarding recorder
[Info   :COTDTracker] Doing eliminations with leaderboard:
[Info   :COTDTracker] Player [ZET] Wheelie: Time: DNF
[Info   :COTDTracker] Player [Auz] Bjenk4: Time: DNF
[Info   :COTDTracker] Player [ZET] CopperFeather: Time: DNF
[Info   :COTDTracker] Player [ZET]vectortrajector: Time: DNF
[Info   :COTDTracker] Player [ZET]maskeddog: Time: DNF
[Info   :COTDTracker] Player Minkus: Time: DNF
[Info   :COTDTracker] Player [FORK] A Broken Forklift: Time: DNF
[Info   :COTDTracker] Player Dartho Mas: Time: DNF
[Info   :COTDTracker] Player [CCC]Shinikage221: Time: DNF
[Info   :COTDTracker] Player SuperHeavy: Time: DNF
[Info   :COTDTracker] Player jjwoznia: Time: DNF
[Info   :COTDTracker] Player [ZET]Stick: Time: DNF
[Info   :COTDTracker] Player Noxitu: Time: DNF
[Info   :COTDTracker] Player [ZET]Sword125: Time: DNF
[Info   :Zeepkist Bingo] [CHAT] Intercepted message: oops :)
[Info   :Zeepkist Bingo] [CHAT] Not relaying - no bingo session
[Info   :COTDTracker] Kicking eliminated players
[Info   :Zeepkist Bingo] [BINGO] Level loaded
[Info   :BetterSplits] getting gtr splits
[Info   :Zeepkist Bingo] [BINGO] === PLAYER SPAWNED ===
[Info   :Zeepkist Bingo] [BINGO] IsInActiveSession: False
[Info   :Zeepkist Bingo] [BINGO] Not in active session, skipping timer reset
[Info   :Zeepkist GTR] 18:42:49 Loading personal best...
[Info   :Zeepkist GTR] 18:42:49 Start processing HTTP request "POST" https://graphql.zeepki.st/
[Info   :Zeepkist GTR] 18:42:49 Sending HTTP request "POST" https://graphql.zeepki.st/
[Info   :Zeepkist GTR] 18:42:49 Stopping existing recorder if any
[Info   :Zeepkist GTR] 18:42:49 Creating new recorder
[Info   :Zeepkist GTR] 18:42:49 Start processing HTTP request "POST" https://graphql.zeepki.st/
[Info   :Zeepkist GTR] 18:42:49 Sending HTTP request "POST" https://graphql.zeepki.st/
[Info   :Zeepkist GTR] 18:42:49 Start processing HTTP request "POST" https://graphql.zeepki.st/
[Info   :Zeepkist GTR] 18:42:49 Sending HTTP request "POST" https://graphql.zeepki.st/
[Info   :BetterSplits] got gtr splits
[Info   :Zeepkist GTR] 18:42:50 Received HTTP response headers after 213.4391ms - 200
[Info   :Zeepkist GTR] 18:42:50 End processing HTTP request after 213.7451ms - 200
[Info   :Zeepkist GTR] 18:42:50 Received HTTP response headers after 235.1284ms - 200
[Info   :Zeepkist GTR] 18:42:50 End processing HTTP request after 235.3982ms - 200
[Info   :Zeepkist GTR] 18:42:50 Received HTTP response headers after 405.5848ms - 200
[Info   :Zeepkist GTR] 18:42:50 End processing HTTP request after 405.7963ms - 200
[Info   :Zeepkist GTR] 18:42:50 Start processing HTTP request "POST" https://graphql.zeepki.st/
[Info   :Zeepkist GTR] 18:42:50 Sending HTTP request "POST" https://graphql.zeepki.st/
[Info   :Zeepkist GTR] 18:42:50 Received HTTP response headers after 170.0821ms - 200
[Info   :Zeepkist GTR] 18:42:50 End processing HTTP request after 170.3319ms - 200
[Info   :Zeepkist GTR] 18:42:51 Starting recorder
[Info   :COTDTracker] Running update tab leaderboard function
[Info   :COTDTracker] Running update tab leaderboard function
[Info   :RoundLeaderboardTab] Drawing leaderboard -> forwarding to Instance.DrawTabLeaderboard()
[Info   :ChampionshipLeaderboardTab] Drawing leaderboard -> forwarding to Instance.DrawTabLeaderboard()
[Info   :Zeepkist GTR] 18:43:52 Start processing HTTP request "POST" https://graphql.zeepki.st/
[Info   :Zeepkist GTR] 18:43:52 Sending HTTP request "POST" https://graphql.zeepki.st/
[Info   :Zeepkist GTR] 18:43:52 Received HTTP response headers after 179.5277ms - 200
[Info   :Zeepkist GTR] 18:43:52 End processing HTTP request after 179.8306ms - 200
[Info   :Zeepkist GTR] 18:43:52 Start processing HTTP request "POST" https://graphql.zeepki.st/
[Info   :Zeepkist GTR] 18:43:52 Sending HTTP request "POST" https://graphql.zeepki.st/
[Info   :Zeepkist GTR] 18:43:52 Received HTTP response headers after 176.1659ms - 200
[Info   :Zeepkist GTR] 18:43:52 End processing HTTP request after 176.4246ms - 200
[Info   :Zeepkist GTR] 18:43:52 Start processing HTTP request "POST" https://graphql.zeepki.st/
[Info   :Zeepkist GTR] 18:43:52 Sending HTTP request "POST" https://graphql.zeepki.st/
[Info   :Zeepkist GTR] 18:43:52 Start processing HTTP request "POST" https://graphql.zeepki.st/
[Info   :Zeepkist GTR] 18:43:52 Sending HTTP request "POST" https://graphql.zeepki.st/
[Info   :Zeepkist GTR] 18:43:52 Received HTTP response headers after 178.8653ms - 200
[Info   :Zeepkist GTR] 18:43:52 End processing HTTP request after 179.1507ms - 200
[Info   :Zeepkist GTR] 18:43:52 Received HTTP response headers after 182.1561ms - 200
[Info   :Zeepkist GTR] 18:43:52 End processing HTTP request after 182.4126ms - 200
[Info   :COTDTracker] Running update tab leaderboard function
[Info   :RoundLeaderboardTab] Drawing leaderboard -> forwarding to Instance.DrawTabLeaderboard()
[Info   :ChampionshipLeaderboardTab] Drawing leaderboard -> forwarding to Instance.DrawTabLeaderboard()
[Info   :Zeepkist GTR] 18:44:02 Start processing HTTP request "POST" https://graphql.zeepki.st/
[Info   :Zeepkist GTR] 18:44:02 Sending HTTP request "POST" https://graphql.zeepki.st/
[Info   :Zeepkist GTR] 18:44:02 Received HTTP response headers after 203.065ms - 200
[Info   :Zeepkist GTR] 18:44:02 End processing HTTP request after 203.3316ms - 200
[Info   :Zeepkist GTR] 18:44:02 Start processing HTTP request "POST" https://graphql.zeepki.st/
[Info   :Zeepkist GTR] 18:44:02 Sending HTTP request "POST" https://graphql.zeepki.st/
[Info   :Zeepkist GTR] 18:44:02 Received HTTP response headers after 226.1095ms - 200
[Info   :Zeepkist GTR] 18:44:02 End processing HTTP request after 226.7832ms - 200
[Info   :COTDTracker] Running update tab leaderboard function
[Info   :COTDTracker] Running update tab leaderboard function
[Info   :Zeepkist GTR] 18:44:50 Discarding recorder
[Info   :COTDTracker] Doing eliminations with leaderboard:
[Info   :COTDTracker] Player [ZET]Stick: Time: 31.64432
[Info   :COTDTracker] Player Minkus: Time: 32.18194
[Info   :COTDTracker] Player [FORK] A Broken Forklift: Time: 32.18662
[Info   :COTDTracker] Player Noxitu: Time: 32.30947
[Info   :COTDTracker] Player Dartho Mas: Time: 32.36193
[Info   :COTDTracker] Player [ZET]Sword125: Time: 32.93756
[Info   :COTDTracker] Player [ZET]maskeddog: Time: 33.07101
[Info   :COTDTracker] Player [Auz] Bjenk4: Time: 40.04888
[Info   :COTDTracker] Player [CCC]Shinikage221: Time: 40.30578
[Info   :COTDTracker] Player jjwoznia: Time: 41.20918
[Info   :COTDTracker] Player SuperHeavy: Time: 42.84388
[Info   :COTDTracker] Player [ZET] Wheelie: Time: DNF
[Info   :COTDTracker] Player [ZET] CopperFeather: Time: DNF
[Info   :COTDTracker] Player [ZET]vectortrajector: Time: DNF
[Info   :COTDTracker] Eliminating DNF: [ZET]vectortrajector
[Info   :COTDTracker] Eliminating DNF: [ZET] CopperFeather
[Info   :COTDTracker] Eliminating DNF: [ZET] Wheelie
[Info   :COTDTracker] Eliminated 3 DNF players
[Info   :COTDTracker] Eliminating 3 players: 
[Info   :COTDTracker] [ZET]vectortrajector
[Info   :COTDTracker] [ZET] CopperFeather
[Info   :COTDTracker] [ZET] Wheelie
[Info   :COTDTracker] Kicking eliminated players
[Info   :Zeepkist Bingo] [BINGO] Level loaded
[Info   :BetterSplits] getting gtr splits
[Info   :Zeepkist Bingo] [BINGO] === PLAYER SPAWNED ===
[Info   :Zeepkist Bingo] [BINGO] IsInActiveSession: False
[Info   :Zeepkist Bingo] [BINGO] Not in active session, skipping timer reset
[Info   :Zeepkist GTR] 18:45:04 Loading personal best...
[Info   :Zeepkist GTR] 18:45:04 Start processing HTTP request "POST" https://graphql.zeepki.st/
[Info   :Zeepkist GTR] 18:45:04 Sending HTTP request "POST" https://graphql.zeepki.st/
[Info   :Zeepkist GTR] 18:45:04 Stopping existing recorder if any
[Info   :Zeepkist GTR] 18:45:04 Creating new recorder
[Info   :Zeepkist GTR] 18:45:04 Start processing HTTP request "POST" https://graphql.zeepki.st/
[Info   :Zeepkist GTR] 18:45:04 Sending HTTP request "POST" https://graphql.zeepki.st/
[Info   :Zeepkist GTR] 18:45:04 Start processing HTTP request "POST" https://graphql.zeepki.st/
[Info   :Zeepkist GTR] 18:45:04 Sending HTTP request "POST" https://graphql.zeepki.st/
[Info   :BetterSplits] got gtr splits
[Info   :Zeepkist GTR] 18:45:04 Received HTTP response headers after 361.3606ms - 200
[Info   :Zeepkist GTR] 18:45:04 Received HTTP response headers after 346.1271ms - 200
[Info   :Zeepkist GTR] 18:45:04 End processing HTTP request after 361.6174ms - 200
[Info   :Zeepkist GTR] 18:45:04 End processing HTTP request after 346.3986ms - 200
[Info   :Zeepkist GTR] 18:45:05 Received HTTP response headers after 548.304ms - 200
[Info   :Zeepkist GTR] 18:45:05 End processing HTTP request after 548.52ms - 200
[Info   :Zeepkist GTR] 18:45:05 Start processing HTTP request "POST" https://graphql.zeepki.st/
[Info   :Zeepkist GTR] 18:45:05 Sending HTTP request "POST" https://graphql.zeepki.st/
[Info   :Zeepkist Bingo] [CHAT] Intercepted message: 3 players eliminated: [ZET]vectortrajector, [ZET] CopperFeather, [ZET] Wheelie
[Info   :Zeepkist Bingo] [CHAT] Not relaying - no bingo session
[Info   :Zeepkist GTR] 18:45:05 Received HTTP response headers after 190.5993ms - 200
[Info   :Zeepkist GTR] 18:45:05 End processing HTTP request after 190.8625ms - 200
[Info   :Zeepkist GTR] 18:45:06 Starting recorder
[Info   :COTDTracker] Running update tab leaderboard function
[Info   :COTDTracker] Running update tab leaderboard function
[Info   :COTDTracker] Running update tab leaderboard function
[Info   :Zeepkist GTR] 18:47:03 Discarding recorder
[Info   :COTDTracker] Running update tab leaderboard function
[Info   :COTDTracker] Doing eliminations with leaderboard:
[Info   :COTDTracker] Player [ZET]Stick: Time: 31.64445
[Info   :COTDTracker] Player Minkus: Time: 32.00967
[Info   :COTDTracker] Player [FORK] A Broken Forklift: Time: 32.20047
[Info   :COTDTracker] Player Noxitu: Time: 32.61069
[Info   :COTDTracker] Player [ZET]Sword125: Time: 33.08922
[Info   :COTDTracker] Player [ZET]maskeddog: Time: 34.03987
[Info   :COTDTracker] Player jjwoznia: Time: 34.04634
[Info   :COTDTracker] Player [Auz] Bjenk4: Time: 39.31116
[Info   :COTDTracker] Player [CCC]Shinikage221: Time: 40.08257
[Info   :COTDTracker] Player Dartho Mas: Time: DNF
[Info   :COTDTracker] Player SuperHeavy: Time: DNF
[Info   :COTDTracker] Eliminating DNF: SuperHeavy
[Info   :COTDTracker] Eliminating DNF: Dartho Mas
[Info   :COTDTracker] Eliminated 2 DNF players
[Info   :COTDTracker] Eliminating 2 players: 
[Info   :COTDTracker] SuperHeavy
[Info   :COTDTracker] Dartho Mas
[Info   :COTDTracker] Running update tab leaderboard function
[Info   :COTDTracker] Kicking eliminated players
[Info   :Zeepkist Bingo] [BINGO] Level loaded
[Info   :BetterSplits] getting gtr splits
[Info   :Zeepkist Bingo] [BINGO] === PLAYER SPAWNED ===
[Info   :Zeepkist Bingo] [BINGO] IsInActiveSession: False
[Info   :Zeepkist Bingo] [BINGO] Not in active session, skipping timer reset
[Info   :Zeepkist GTR] 18:47:17 Loading personal best...
[Info   :Zeepkist GTR] 18:47:17 Start processing HTTP request "POST" https://graphql.zeepki.st/
[Info   :Zeepkist GTR] 18:47:17 Sending HTTP request "POST" https://graphql.zeepki.st/
[Info   :Zeepkist GTR] 18:47:17 Stopping existing recorder if any
[Info   :Zeepkist GTR] 18:47:17 Creating new recorder
[Info   :Zeepkist GTR] 18:47:17 Start processing HTTP request "POST" https://graphql.zeepki.st/
[Info   :Zeepkist GTR] 18:47:17 Sending HTTP request "POST" https://graphql.zeepki.st/
[Info   :Zeepkist GTR] 18:47:17 Start processing HTTP request "POST" https://graphql.zeepki.st/
[Info   :Zeepkist GTR] 18:47:17 Sending HTTP request "POST" https://graphql.zeepki.st/
[Info   :BetterSplits] got gtr splits
[Info   :Zeepkist GTR] 18:47:18 Received HTTP response headers after 385.81ms - 200
[Info   :Zeepkist GTR] 18:47:18 Received HTTP response headers after 385.2376ms - 200
[Info   :Zeepkist GTR] 18:47:18 End processing HTTP request after 386.1852ms - 200
[Info   :Zeepkist GTR] 18:47:18 End processing HTTP request after 385.5232ms - 200
[Info   :Zeepkist GTR] 18:47:18 Received HTTP response headers after 566.7995ms - 200
[Info   :Zeepkist GTR] 18:47:18 End processing HTTP request after 567.1884ms - 200
[Info   :Zeepkist GTR] 18:47:18 Start processing HTTP request "POST" https://graphql.zeepki.st/
[Info   :Zeepkist GTR] 18:47:18 Sending HTTP request "POST" https://graphql.zeepki.st/
[Info   :Zeepkist Bingo] [CHAT] Intercepted message: 2 players eliminated: SuperHeavy, Dartho Mas
[Info   :Zeepkist Bingo] [CHAT] Not relaying - no bingo session
[Info   :Zeepkist GTR] 18:47:18 Received HTTP response headers after 179.1463ms - 200
[Info   :Zeepkist GTR] 18:47:18 End processing HTTP request after 179.5104ms - 200
[Info   :Zeepkist GTR] 18:47:19 Starting recorder
[Info   :COTDTracker] Running update tab leaderboard function
[Info   :COTDTracker] Running update tab leaderboard function
[Info   :COTDTracker] Running update tab leaderboard function
[Info   :COTDTracker] Running update tab leaderboard function
[Info   :Zeepkist GTR] 18:49:16 Discarding recorder
[Info   :COTDTracker] Doing eliminations with leaderboard:
[Info   :COTDTracker] Player [ZET]Stick: Time: 31.54809
[Info   :COTDTracker] Player Minkus: Time: 31.80986
[Info   :COTDTracker] Player [FORK] A Broken Forklift: Time: 31.90979
[Info   :COTDTracker] Player Noxitu: Time: 32.08535
[Info   :COTDTracker] Player [ZET]Sword125: Time: 32.73369
[Info   :COTDTracker] Player [CCC]Shinikage221: Time: 33.34679
[Info   :COTDTracker] Player [ZET]maskeddog: Time: 33.72878
[Info   :COTDTracker] Player jjwoznia: Time: 34.20174
[Info   :COTDTracker] Player [Auz] Bjenk4: Time: DNF
[Info   :COTDTracker] Eliminating DNF: [Auz] Bjenk4
[Info   :COTDTracker] Eliminated 1 DNF players
[Info   :COTDTracker] Eliminating on time: jjwoznia
[Info   :COTDTracker] Eliminating 2 players: 
[Info   :COTDTracker] [Auz] Bjenk4
[Info   :COTDTracker] jjwoznia
[Info   :COTDTracker] Kicking eliminated players
[Info   :Zeepkist Bingo] [BINGO] Level loaded
[Info   :BetterSplits] getting gtr splits
[Info   :Zeepkist Bingo] [BINGO] === PLAYER SPAWNED ===
[Info   :Zeepkist Bingo] [BINGO] IsInActiveSession: False
[Info   :Zeepkist Bingo] [BINGO] Not in active session, skipping timer reset
[Info   :Zeepkist GTR] 18:49:30 Loading personal best...
[Info   :Zeepkist GTR] 18:49:30 Start processing HTTP request "POST" https://graphql.zeepki.st/
[Info   :Zeepkist GTR] 18:49:30 Sending HTTP request "POST" https://graphql.zeepki.st/
[Info   :Zeepkist GTR] 18:49:30 Stopping existing recorder if any
[Info   :Zeepkist GTR] 18:49:30 Creating new recorder
[Info   :Zeepkist GTR] 18:49:30 Start processing HTTP request "POST" https://graphql.zeepki.st/
[Info   :Zeepkist GTR] 18:49:30 Sending HTTP request "POST" https://graphql.zeepki.st/
[Info   :Zeepkist GTR] 18:49:30 Start processing HTTP request "POST" https://graphql.zeepki.st/
[Info   :Zeepkist GTR] 18:49:30 Sending HTTP request "POST" https://graphql.zeepki.st/
[Info   :BetterSplits] got gtr splits
[Info   :Zeepkist GTR] 18:49:31 Received HTTP response headers after 385.1992ms - 200
[Info   :Zeepkist GTR] 18:49:31 End processing HTTP request after 385.5019ms - 200
[Info   :Zeepkist GTR] 18:49:31 Received HTTP response headers after 411.8986ms - 200
[Info   :Zeepkist GTR] 18:49:31 End processing HTTP request after 412.2174ms - 200
[Info   :Zeepkist Bingo] [CHAT] Intercepted message: 2 players eliminated: [Auz] Bjenk4, jjwoznia
[Info   :Zeepkist Bingo] [CHAT] Not relaying - no bingo session
[Info   :Zeepkist GTR] 18:49:31 Received HTTP response headers after 574.881ms - 200
[Info   :Zeepkist GTR] 18:49:31 End processing HTTP request after 575.18ms - 200
[Info   :Zeepkist GTR] 18:49:31 Start processing HTTP request "POST" https://graphql.zeepki.st/
[Info   :Zeepkist GTR] 18:49:31 Sending HTTP request "POST" https://graphql.zeepki.st/
[Info   :Zeepkist GTR] 18:49:31 Received HTTP response headers after 189.3354ms - 200
[Info   :Zeepkist GTR] 18:49:31 End processing HTTP request after 189.7024ms - 200
[Info   :Zeepkist GTR] 18:49:32 Starting recorder
[Info   :COTDTracker] Running update tab leaderboard function
[Info   :COTDTracker] Running update tab leaderboard function
[Info   :COTDTracker] Running update tab leaderboard function
[Info   :Zeepkist GTR] 18:51:29 Discarding recorder
[Info   :COTDTracker] Doing eliminations with leaderboard:
[Info   :COTDTracker] Player [ZET]Stick: Time: 31.73701
[Info   :COTDTracker] Player Minkus: Time: 31.88118
[Info   :COTDTracker] Player [FORK] A Broken Forklift: Time: 32.22026
[Info   :COTDTracker] Player [CCC]Shinikage221: Time: 33.03408
[Info   :COTDTracker] Player [ZET]Sword125: Time: 33.34664
[Info   :COTDTracker] Player [ZET]maskeddog: Time: 33.36911
[Info   :COTDTracker] Player Noxitu: Time: DNF
[Info   :COTDTracker] Eliminating DNF: Noxitu
[Info   :COTDTracker] Eliminated 1 DNF players
[Info   :COTDTracker] Eliminating on time: [ZET]maskeddog
[Info   :COTDTracker] Eliminating 2 players: 
[Info   :COTDTracker] Noxitu
[Info   :COTDTracker] [ZET]maskeddog
[Info   :COTDTracker] Running update tab leaderboard function
[Info   :COTDTracker] Kicking eliminated players
[Info   :Zeepkist Bingo] [BINGO] Level loaded
[Info   :BetterSplits] getting gtr splits
[Info   :Zeepkist Bingo] [BINGO] === PLAYER SPAWNED ===
[Info   :Zeepkist Bingo] [BINGO] IsInActiveSession: False
[Info   :Zeepkist Bingo] [BINGO] Not in active session, skipping timer reset
[Info   :Zeepkist GTR] 18:51:43 Loading personal best...
[Info   :Zeepkist GTR] 18:51:43 Start processing HTTP request "POST" https://graphql.zeepki.st/
[Info   :Zeepkist GTR] 18:51:43 Sending HTTP request "POST" https://graphql.zeepki.st/
[Info   :Zeepkist GTR] 18:51:43 Stopping existing recorder if any
[Info   :Zeepkist GTR] 18:51:43 Creating new recorder
[Info   :Zeepkist GTR] 18:51:43 Start processing HTTP request "POST" https://graphql.zeepki.st/
[Info   :Zeepkist GTR] 18:51:43 Sending HTTP request "POST" https://graphql.zeepki.st/
[Info   :Zeepkist GTR] 18:51:43 Start processing HTTP request "POST" https://graphql.zeepki.st/
[Info   :Zeepkist GTR] 18:51:43 Sending HTTP request "POST" https://graphql.zeepki.st/
[Info   :Zeepkist GTR] 18:51:44 Received HTTP response headers after 343.7711ms - 200
[Info   :Zeepkist GTR] 18:51:44 End processing HTTP request after 344.1084ms - 200
[Info   :BetterSplits] got gtr splits
[Info   :Zeepkist GTR] 18:51:44 Received HTTP response headers after 384.3368ms - 200
[Info   :Zeepkist GTR] 18:51:44 End processing HTTP request after 384.5466ms - 200
[Info   :Zeepkist GTR] 18:51:44 Received HTTP response headers after 543.8598ms - 200
[Info   :Zeepkist GTR] 18:51:44 End processing HTTP request after 544.083ms - 200
[Info   :Zeepkist GTR] 18:51:44 Start processing HTTP request "POST" https://graphql.zeepki.st/
[Info   :Zeepkist GTR] 18:51:44 Sending HTTP request "POST" https://graphql.zeepki.st/
[Info   :Zeepkist Bingo] [CHAT] Intercepted message: 2 players eliminated: Noxitu, [ZET]maskeddog
[Info   :Zeepkist Bingo] [CHAT] Not relaying - no bingo session
[Info   :Zeepkist GTR] 18:51:44 Received HTTP response headers after 200.9888ms - 200
[Info   :Zeepkist GTR] 18:51:44 End processing HTTP request after 201.2609ms - 200
[Info   :Zeepkist GTR] 18:51:45 Starting recorder
[Info   :COTDTracker] Running update tab leaderboard function
[Info   :COTDTracker] Running update tab leaderboard function
[Info   :COTDTracker] Running update tab leaderboard function
[Info   :RoundLeaderboardTab] Drawing leaderboard -> forwarding to Instance.DrawTabLeaderboard()
[Info   :ChampionshipLeaderboardTab] Drawing leaderboard -> forwarding to Instance.DrawTabLeaderboard()
[Info   :Zeepkist GTR] 18:53:25 Start processing HTTP request "POST" https://graphql.zeepki.st/
[Info   :Zeepkist GTR] 18:53:25 Sending HTTP request "POST" https://graphql.zeepki.st/
[Info   :Zeepkist GTR] 18:53:25 Received HTTP response headers after 334.8222ms - 200
[Info   :Zeepkist GTR] 18:53:25 End processing HTTP request after 335.1064ms - 200
[Info   :Zeepkist GTR] 18:53:25 Start processing HTTP request "POST" https://graphql.zeepki.st/
[Info   :Zeepkist GTR] 18:53:25 Sending HTTP request "POST" https://graphql.zeepki.st/
[Info   :Zeepkist GTR] 18:53:25 Received HTTP response headers after 191.9918ms - 200
[Info   :Zeepkist GTR] 18:53:25 End processing HTTP request after 192.2397ms - 200
[Info   :Zeepkist GTR] 18:53:25 Start processing HTTP request "POST" https://graphql.zeepki.st/
[Info   :Zeepkist GTR] 18:53:25 Sending HTTP request "POST" https://graphql.zeepki.st/
[Info   :Zeepkist GTR] 18:53:26 Received HTTP response headers after 191.2986ms - 200
[Info   :Zeepkist GTR] 18:53:26 End processing HTTP request after 191.5654ms - 200
[Info   :Zeepkist GTR] 18:53:42 Discarding recorder
[Info   :COTDTracker] Doing eliminations with leaderboard:
[Info   :COTDTracker] Player [ZET]Stick: Time: 31.72661
[Info   :COTDTracker] Player Minkus: Time: 31.7966
[Info   :COTDTracker] Player [FORK] A Broken Forklift: Time: 32.21005
[Info   :COTDTracker] Player [ZET]Sword125: Time: 32.78165
[Info   :COTDTracker] Player [CCC]Shinikage221: Time: DNF
[Info   :COTDTracker] Eliminating DNF: [CCC]Shinikage221
[Info   :COTDTracker] Eliminated 1 DNF players
[Info   :COTDTracker] Eliminating 1 players: 
[Info   :COTDTracker] [CCC]Shinikage221
[Info   :COTDTracker] Kicking eliminated players
[Info   :Zeepkist Bingo] [BINGO] Level loaded
[Info   :BetterSplits] getting gtr splits
[Info   :Zeepkist Bingo] [BINGO] === PLAYER SPAWNED ===
[Info   :Zeepkist Bingo] [BINGO] IsInActiveSession: False
[Info   :Zeepkist Bingo] [BINGO] Not in active session, skipping timer reset
[Info   :Zeepkist GTR] 18:53:56 Loading personal best...
[Info   :Zeepkist GTR] 18:53:56 Start processing HTTP request "POST" https://graphql.zeepki.st/
[Info   :Zeepkist GTR] 18:53:56 Sending HTTP request "POST" https://graphql.zeepki.st/
[Info   :Zeepkist GTR] 18:53:56 Stopping existing recorder if any
[Info   :Zeepkist GTR] 18:53:56 Creating new recorder
[Info   :Zeepkist GTR] 18:53:56 Start processing HTTP request "POST" https://graphql.zeepki.st/
[Info   :Zeepkist GTR] 18:53:56 Sending HTTP request "POST" https://graphql.zeepki.st/
[Info   :Zeepkist GTR] 18:53:56 Start processing HTTP request "POST" https://graphql.zeepki.st/
[Info   :Zeepkist GTR] 18:53:56 Sending HTTP request "POST" https://graphql.zeepki.st/
[Info   :BetterSplits] got gtr splits
[Info   :Zeepkist GTR] 18:53:56 Received HTTP response headers after 321.8659ms - 200
[Info   :Zeepkist GTR] 18:53:56 End processing HTTP request after 322.0731ms - 200
[Info   :Zeepkist GTR] 18:53:56 Received HTTP response headers after 330.6896ms - 200
[Info   :Zeepkist GTR] 18:53:56 End processing HTTP request after 330.9176ms - 200
[Info   :Zeepkist GTR] 18:53:57 Received HTTP response headers after 507.0312ms - 200
[Info   :Zeepkist GTR] 18:53:57 End processing HTTP request after 507.2482ms - 200
[Info   :Zeepkist GTR] 18:53:57 Start processing HTTP request "POST" https://graphql.zeepki.st/
[Info   :Zeepkist GTR] 18:53:57 Sending HTTP request "POST" https://graphql.zeepki.st/
[Info   :Zeepkist GTR] 18:53:57 Received HTTP response headers after 179.2407ms - 200
[Info   :Zeepkist GTR] 18:53:57 End processing HTTP request after 179.5459ms - 200
[Info   :Zeepkist Bingo] [CHAT] Intercepted message: 1 player eliminated: [CCC]Shinikage221
[Info   :Zeepkist Bingo] [CHAT] Not relaying - no bingo session
[Info   :Zeepkist GTR] 18:53:58 Starting recorder
[Info   :COTDTracker] Running update tab leaderboard function
[Info   :RoundLeaderboardTab] Drawing leaderboard -> forwarding to Instance.DrawTabLeaderboard()
[Info   :Zeepkist GTR] 18:55:55 Discarding recorder
[Info   :COTDTracker] Doing eliminations with leaderboard:
[Info   :COTDTracker] Player Minkus: Time: 31.49535
[Info   :COTDTracker] Player [ZET]Stick: Time: 31.58807
[Info   :COTDTracker] Player [FORK] A Broken Forklift: Time: 32.03363
[Info   :COTDTracker] Player [ZET]Sword125: Time: 32.92604
[Info   :COTDTracker] Eliminated 0 DNF players
[Info   :COTDTracker] Eliminating on time: [ZET]Sword125
[Info   :COTDTracker] Eliminating 1 players: 
[Info   :COTDTracker] [ZET]Sword125
[Info   :COTDTracker] Kicking eliminated players
[Info   :Zeepkist Bingo] [BINGO] Level loaded
[Info   :BetterSplits] getting gtr splits
[Info   :Zeepkist Bingo] [BINGO] === PLAYER SPAWNED ===
[Info   :Zeepkist Bingo] [BINGO] IsInActiveSession: False
[Info   :Zeepkist Bingo] [BINGO] Not in active session, skipping timer reset
[Info   :Zeepkist GTR] 18:56:09 Loading personal best...
[Info   :Zeepkist GTR] 18:56:09 Start processing HTTP request "POST" https://graphql.zeepki.st/
[Info   :Zeepkist GTR] 18:56:09 Sending HTTP request "POST" https://graphql.zeepki.st/
[Info   :Zeepkist GTR] 18:56:09 Stopping existing recorder if any
[Info   :Zeepkist GTR] 18:56:09 Creating new recorder
[Info   :Zeepkist GTR] 18:56:09 Start processing HTTP request "POST" https://graphql.zeepki.st/
[Info   :Zeepkist GTR] 18:56:09 Sending HTTP request "POST" https://graphql.zeepki.st/
[Info   :Zeepkist GTR] 18:56:09 Start processing HTTP request "POST" https://graphql.zeepki.st/
[Info   :Zeepkist GTR] 18:56:09 Sending HTTP request "POST" https://graphql.zeepki.st/
[Info   :BetterSplits] got gtr splits
[Info   :Zeepkist GTR] 18:56:10 Received HTTP response headers after 388.3881ms - 200
[Info   :Zeepkist GTR] 18:56:10 End processing HTTP request after 388.6571ms - 200
[Info   :Zeepkist GTR] 18:56:10 Received HTTP response headers after 595.8639ms - 200
[Info   :Zeepkist GTR] 18:56:10 End processing HTTP request after 596.0869ms - 200
[Info   :Zeepkist GTR] 18:56:10 Start processing HTTP request "POST" https://graphql.zeepki.st/
[Info   :Zeepkist GTR] 18:56:10 Sending HTTP request "POST" https://graphql.zeepki.st/
[Info   :Zeepkist Bingo] [CHAT] Intercepted message: 1 player eliminated: [ZET]Sword125
[Info   :Zeepkist Bingo] [CHAT] Not relaying - no bingo session
[Info   :Zeepkist GTR] 18:56:10 Received HTTP response headers after 793.8448ms - 200
[Info   :Zeepkist GTR] 18:56:10 End processing HTTP request after 794.0898ms - 200
[Info   :Zeepkist GTR] 18:56:10 Received HTTP response headers after 189.709ms - 200
[Info   :Zeepkist GTR] 18:56:10 End processing HTTP request after 190.0478ms - 200
[Info   :Zeepkist GTR] 18:56:11 Starting recorder
[Info   :Zeepkist Bingo] [CHAT] Intercepted message: o7
[Info   :Zeepkist Bingo] [CHAT] Not relaying - no bingo session
[Info   :Zeepkist GTR] 18:58:08 Discarding recorder
[Info   :COTDTracker] Doing eliminations with leaderboard:
[Info   :COTDTracker] Player [ZET]Stick: Time: 31.77933
[Info   :COTDTracker] Player Minkus: Time: 31.85585
[Info   :COTDTracker] Player [FORK] A Broken Forklift: Time: 32.18822
[Info   :COTDTracker] Eliminated 0 DNF players
[Info   :COTDTracker] Eliminating on time: [FORK] A Broken Forklift
[Info   :COTDTracker] Eliminating 1 players: 
[Info   :COTDTracker] [FORK] A Broken Forklift
[Info   :COTDTracker] Running update tab leaderboard function
[Info   :COTDTracker] Kicking eliminated players
[Info   :Zeepkist Bingo] [BINGO] Level loaded
[Info   :BetterSplits] getting gtr splits
[Info   :Zeepkist Bingo] [BINGO] === PLAYER SPAWNED ===
[Info   :Zeepkist Bingo] [BINGO] IsInActiveSession: False
[Info   :Zeepkist Bingo] [BINGO] Not in active session, skipping timer reset
[Info   :Zeepkist GTR] 18:58:22 Loading personal best...
[Info   :Zeepkist GTR] 18:58:22 Start processing HTTP request "POST" https://graphql.zeepki.st/
[Info   :Zeepkist GTR] 18:58:22 Sending HTTP request "POST" https://graphql.zeepki.st/
[Info   :Zeepkist GTR] 18:58:22 Stopping existing recorder if any
[Info   :Zeepkist GTR] 18:58:22 Creating new recorder
[Info   :Zeepkist GTR] 18:58:22 Start processing HTTP request "POST" https://graphql.zeepki.st/
[Info   :Zeepkist GTR] 18:58:22 Sending HTTP request "POST" https://graphql.zeepki.st/
[Info   :Zeepkist GTR] 18:58:22 Start processing HTTP request "POST" https://graphql.zeepki.st/
[Info   :Zeepkist GTR] 18:58:22 Sending HTTP request "POST" https://graphql.zeepki.st/
[Info   :Zeepkist GTR] 18:58:23 Received HTTP response headers after 367.3673ms - 200
[Info   :Zeepkist GTR] 18:58:23 End processing HTTP request after 367.631ms - 200
[Info   :Zeepkist GTR] 18:58:23 Received HTTP response headers after 603.3299ms - 200
[Info   :Zeepkist GTR] 18:58:23 End processing HTTP request after 603.6015ms - 200
[Info   :Zeepkist GTR] 18:58:23 Start processing HTTP request "POST" https://graphql.zeepki.st/
[Info   :Zeepkist GTR] 18:58:23 Sending HTTP request "POST" https://graphql.zeepki.st/
[Info   :BetterSplits] got gtr splits
[Info   :Zeepkist GTR] 18:58:23 Received HTTP response headers after 748.9952ms - 200
[Info   :Zeepkist GTR] 18:58:23 End processing HTTP request after 749.3014ms - 200
[Info   :Zeepkist Bingo] [CHAT] Intercepted message: 1 player eliminated: [FORK] A Broken Forklift
[Info   :Zeepkist Bingo] [CHAT] Not relaying - no bingo session
[Info   :Zeepkist GTR] 18:58:23 Received HTTP response headers after 183.8957ms - 200
[Info   :Zeepkist GTR] 18:58:23 End processing HTTP request after 184.4036ms - 200
[Info   :Zeepkist GTR] 18:58:24 Starting recorder
[Info   :COTDTracker] Running update tab leaderboard function
[Info   :Zeepkist GTR] 19:00:21 Discarding recorder
[Info   :COTDTracker] Doing eliminations with leaderboard:
[Info   :COTDTracker] Player [ZET]Stick: Time: 31.83388
[Info   :COTDTracker] Player Minkus: Time: 31.88728
[Info   :COTDTracker] Eliminated 0 DNF players
[Info   :COTDTracker] Eliminating on time: Minkus
[Info   :COTDTracker] Eliminating 1 players: 
[Info   :COTDTracker] Minkus
[Info   :Zeepkist Bingo] [CHAT] Intercepted message: gg
[Info   :Zeepkist Bingo] [CHAT] Not relaying - no bingo session
[Info   :COTDTracker] Kicking eliminated players
[Info   :Zeepkist Bingo] [BINGO] Level loaded
[Info   :BetterSplits] getting gtr splits
[Info   :Zeepkist Bingo] [BINGO] === PLAYER SPAWNED ===
[Info   :Zeepkist Bingo] [BINGO] IsInActiveSession: False
[Info   :Zeepkist Bingo] [BINGO] Not in active session, skipping timer reset
[Info   :Zeepkist GTR] 19:00:36 Loading personal best...
[Info   :Zeepkist GTR] 19:00:36 Start processing HTTP request "POST" https://graphql.zeepki.st/
[Info   :Zeepkist GTR] 19:00:36 Sending HTTP request "POST" https://graphql.zeepki.st/
[Info   :Zeepkist GTR] 19:00:36 Stopping existing recorder if any
[Info   :Zeepkist GTR] 19:00:36 Creating new recorder
[Info   :Zeepkist GTR] 19:00:36 Start processing HTTP request "POST" https://graphql.zeepki.st/
[Info   :Zeepkist GTR] 19:00:36 Sending HTTP request "POST" https://graphql.zeepki.st/
[Info   :Zeepkist GTR] 19:00:36 Start processing HTTP request "POST" https://graphql.zeepki.st/
[Info   :Zeepkist GTR] 19:00:36 Sending HTTP request "POST" https://graphql.zeepki.st/
[Info   :Zeepkist Bingo] [CHAT] Intercepted message: 1 player eliminated: Minkus
[Info   :Zeepkist Bingo] [CHAT] Not relaying - no bingo session
[Info   :Zeepkist GTR] 19:00:36 Received HTTP response headers after 705.7676ms - 200
[Info   :Zeepkist GTR] 19:00:36 End processing HTTP request after 706.0607ms - 200
[Info   :Zeepkist GTR] 19:00:36 Received HTTP response headers after 725.8077ms - 200
[Info   :Zeepkist GTR] 19:00:36 End processing HTTP request after 726.073ms - 200
[Info   :BetterSplits] got gtr splits
[Info   :Zeepkist GTR] 19:00:36 Received HTTP response headers after 876.3101ms - 200
[Info   :Zeepkist GTR] 19:00:36 End processing HTTP request after 876.5436ms - 200
[Info   :Zeepkist GTR] 19:00:36 Start processing HTTP request "POST" https://graphql.zeepki.st/
[Info   :Zeepkist GTR] 19:00:36 Sending HTTP request "POST" https://graphql.zeepki.st/
[Info   :Zeepkist GTR] 19:00:37 Received HTTP response headers after 207.9409ms - 200
[Info   :Zeepkist GTR] 19:00:37 End processing HTTP request after 208.225ms - 200
[Info   :Zeepkist GTR] 19:00:37 Starting recorder
[Info   :COTDTracker] Running update tab leaderboard function
[Info   :Zeepkist Bingo] [CHAT] Intercepted message: !cotd endcup
[Info   :Zeepkist Bingo] [CHAT] Not relaying - no bingo session
[Info   :Zeepkist Bingo] [BINGO] === PLAYER SPAWNED ===
[Info   :Zeepkist Bingo] [BINGO] IsInActiveSession: False
[Info   :Zeepkist Bingo] [BINGO] Not in active session, skipping timer reset
[Info   :Zeepkist GTR] 19:00:54 Loading personal best...
[Info   :Zeepkist GTR] 19:00:54 Start processing HTTP request "POST" https://graphql.zeepki.st/
[Info   :Zeepkist GTR] 19:00:54 Sending HTTP request "POST" https://graphql.zeepki.st/
[Info   :Zeepkist GTR] 19:00:54 Stopping existing recorder if any
[Info   :Zeepkist GTR] 19:00:54 Creating new recorder
[Info   :Zeepkist GTR] 19:00:54 Start processing HTTP request "POST" https://graphql.zeepki.st/
[Info   :Zeepkist GTR] 19:00:54 Sending HTTP request "POST" https://graphql.zeepki.st/
[Info   :Zeepkist GTR] 19:00:54 Start processing HTTP request "POST" https://graphql.zeepki.st/
[Info   :Zeepkist GTR] 19:00:54 Sending HTTP request "POST" https://graphql.zeepki.st/
[Info   :Zeepkist GTR] 19:00:54 Received HTTP response headers after 182.8976ms - 200
[Info   :Zeepkist GTR] 19:00:54 End processing HTTP request after 183.1697ms - 200
[Info   :Zeepkist GTR] 19:00:54 Received HTTP response headers after 199.458ms - 200
[Info   :Zeepkist GTR] 19:00:54 End processing HTTP request after 199.7183ms - 200
[Info   :Zeepkist GTR] 19:00:54 Received HTTP response headers after 373.6747ms - 200
[Info   :Zeepkist GTR] 19:00:54 End processing HTTP request after 373.9009ms - 200
[Info   :Zeepkist GTR] 19:00:54 Start processing HTTP request "POST" https://graphql.zeepki.st/
[Info   :Zeepkist GTR] 19:00:54 Sending HTTP request "POST" https://graphql.zeepki.st/
[Info   :Zeepkist GTR] 19:00:55 Received HTTP response headers after 231.0501ms - 200
[Info   :Zeepkist GTR] 19:00:55 End processing HTTP request after 231.3226ms - 200
[Info   :Zeepkist GTR] 19:00:56 Starting recorder
[Info   :Zeepkist Bingo] [BINGO] === PLAYER SPAWNED ===
[Info   :Zeepkist Bingo] [BINGO] IsInActiveSession: False
[Info   :Zeepkist Bingo] [BINGO] Not in active session, skipping timer reset
[Info   :Zeepkist GTR] 19:01:01 Loading personal best...
[Info   :Zeepkist GTR] 19:01:01 Start processing HTTP request "POST" https://graphql.zeepki.st/
[Info   :Zeepkist GTR] 19:01:01 Sending HTTP request "POST" https://graphql.zeepki.st/
[Info   :Zeepkist GTR] 19:01:01 Stopping existing recorder if any
[Info   :Zeepkist GTR] 19:01:01 Creating new recorder
[Info   :Zeepkist GTR] 19:01:01 Start processing HTTP request "POST" https://graphql.zeepki.st/
[Info   :Zeepkist GTR] 19:01:01 Sending HTTP request "POST" https://graphql.zeepki.st/
[Info   :Zeepkist GTR] 19:01:01 Start processing HTTP request "POST" https://graphql.zeepki.st/
[Info   :Zeepkist GTR] 19:01:01 Sending HTTP request "POST" https://graphql.zeepki.st/
[Info   :Zeepkist GTR] 19:01:01 Received HTTP response headers after 198.4181ms - 200
[Info   :Zeepkist GTR] 19:01:01 Received HTTP response headers after 197.8055ms - 200
[Info   :Zeepkist GTR] 19:01:01 End processing HTTP request after 198.6873ms - 200
[Info   :Zeepkist GTR] 19:01:01 End processing HTTP request after 198.0707ms - 200
[Info   :Zeepkist GTR] 19:01:01 Received HTTP response headers after 382.3313ms - 200
[Info   :Zeepkist GTR] 19:01:01 End processing HTTP request after 382.6134ms - 200
[Info   :Zeepkist GTR] 19:01:01 Start processing HTTP request "POST" https://graphql.zeepki.st/
[Info   :Zeepkist GTR] 19:01:01 Sending HTTP request "POST" https://graphql.zeepki.st/
[Info   :Zeepkist GTR] 19:01:01 Received HTTP response headers after 175.5738ms - 200
[Info   :Zeepkist GTR] 19:01:01 End processing HTTP request after 175.8329ms - 200
[Info   :Zeepkist GTR] 19:01:02 Starting recorder
[Info   :Zeepkist GTR] 19:01:34 Stopping recorder
[Info   :Zeepkist GTR] 19:01:34 Collecting extra information
[Info   :Zeepkist GTR] 19:01:34 Resolved workshop ID "3771063987" from lobby 3771063987 and level 0
[Info   :Zeepkist GTR] 19:01:34 Processing ghost data
[Info   :Zeepkist GTR] 19:01:34 Creating stream
[Info   :Zeepkist GTR] 19:01:34 Writing to stream
[Info   :Zeepkist GTR] 19:01:35 Getting buffer
[Info   :Zeepkist GTR] 19:01:35 Converting to base64
[Info   :Zeepkist GTR] 19:01:35 Creating resource
[Info   :Zeepkist GTR] 19:01:35 Start processing HTTP request "POST" https://backend.zeepki.st/auth/refresh
[Info   :Zeepkist GTR] 19:01:35 Sending HTTP request "POST" https://backend.zeepki.st/auth/refresh
[Info   :Zeepkist GTR] 19:01:35 Received HTTP response headers after 803.7708ms - 200
[Info   :Zeepkist GTR] 19:01:35 End processing HTTP request after 803.9912ms - 200
[Info   :Zeepkist GTR] 19:01:35 Start processing HTTP request "POST" https://backend.zeepki.st/record/submit
[Info   :Zeepkist GTR] 19:01:35 Sending HTTP request "POST" https://backend.zeepki.st/record/submit
[Info   :Zeepkist GTR] 19:01:36 Received HTTP response headers after 628.8558ms - 200
[Info   :Zeepkist GTR] 19:01:36 End processing HTTP request after 629.1017ms - 200
[Info   :Zeepkist Bingo] [BINGO] === PLAYER SPAWNED ===
[Info   :Zeepkist Bingo] [BINGO] IsInActiveSession: False
[Info   :Zeepkist Bingo] [BINGO] Not in active session, skipping timer reset
[Info   :Zeepkist GTR] 19:01:37 Loading personal best...
[Info   :Zeepkist GTR] 19:01:37 Start processing HTTP request "POST" https://graphql.zeepki.st/
[Info   :Zeepkist GTR] 19:01:37 Sending HTTP request "POST" https://graphql.zeepki.st/
[Info   :Zeepkist GTR] 19:01:37 Stopping existing recorder if any
[Info   :Zeepkist GTR] 19:01:37 Creating new recorder
[Info   :Zeepkist GTR] 19:01:37 Start processing HTTP request "POST" https://graphql.zeepki.st/
[Info   :Zeepkist GTR] 19:01:37 Sending HTTP request "POST" https://graphql.zeepki.st/
[Info   :Zeepkist GTR] 19:01:37 Start processing HTTP request "POST" https://graphql.zeepki.st/
[Info   :Zeepkist GTR] 19:01:37 Sending HTTP request "POST" https://graphql.zeepki.st/
[Info   :Zeepkist GTR] 19:01:37 Received HTTP response headers after 200.691ms - 200
[Info   :Zeepkist GTR] 19:01:37 End processing HTTP request after 200.9475ms - 200
[Info   :Zeepkist GTR] 19:01:37 Received HTTP response headers after 213.9499ms - 200
[Info   :Zeepkist GTR] 19:01:37 End processing HTTP request after 214.2023ms - 200
[Info   :Zeepkist GTR] 19:01:37 Start processing HTTP request "GET" https://cdn.zeepki.st/ghosts/01KYB97N7A2N5FW74QXBPPSVBD.bin
[Info   :Zeepkist GTR] 19:01:37 Sending HTTP request "GET" https://cdn.zeepki.st/ghosts/01KYB97N7A2N5FW74QXBPPSVBD.bin
[Info   :Zeepkist GTR] 19:01:38 Received HTTP response headers after 424.0002ms - 200
[Info   :Zeepkist GTR] 19:01:38 End processing HTTP request after 424.2319ms - 200
[Info   :Zeepkist GTR] 19:01:38 Start processing HTTP request "POST" https://graphql.zeepki.st/
[Info   :Zeepkist GTR] 19:01:38 Sending HTTP request "POST" https://graphql.zeepki.st/
[Info   :Zeepkist GTR] 19:01:38 Received HTTP response headers after 204.7002ms - 200
[Info   :Zeepkist GTR] 19:01:38 End processing HTTP request after 204.9777ms - 200
[Info   :Zeepkist GTR] 19:01:38 Received HTTP response headers after 746.4946ms - 200
[Info   :Zeepkist GTR] 19:01:38 End processing HTTP request after 746.7442ms - 200
[Info   :Zeepkist GTR] 19:01:39 Starting recorder
[Info   :RoundLeaderboardTab] Drawing leaderboard -> forwarding to Instance.DrawTabLeaderboard()
[Info   :Zeepkist Bingo] [BINGO] === PLAYER SPAWNED ===
[Info   :Zeepkist Bingo] [BINGO] IsInActiveSession: False
[Info   :Zeepkist Bingo] [BINGO] Not in active session, skipping timer reset
[Info   :Zeepkist GTR] 19:02:31 Loading personal best...
[Info   :Zeepkist GTR] 19:02:31 Start processing HTTP request "POST" https://graphql.zeepki.st/
[Info   :Zeepkist GTR] 19:02:31 Sending HTTP request "POST" https://graphql.zeepki.st/
[Info   :Zeepkist GTR] 19:02:31 Stopping existing recorder if any
[Info   :Zeepkist GTR] 19:02:31 Creating new recorder
[Info   :Zeepkist GTR] 19:02:31 Start processing HTTP request "POST" https://graphql.zeepki.st/
[Info   :Zeepkist GTR] 19:02:31 Sending HTTP request "POST" https://graphql.zeepki.st/
[Info   :Zeepkist GTR] 19:02:31 Start processing HTTP request "POST" https://graphql.zeepki.st/
[Info   :Zeepkist GTR] 19:02:31 Sending HTTP request "POST" https://graphql.zeepki.st/
[Info   :Zeepkist GTR] 19:02:32 Received HTTP response headers after 186.9642ms - 200
[Info   :Zeepkist GTR] 19:02:32 End processing HTTP request after 187.2048ms - 200
[Info   :Zeepkist GTR] 19:02:32 Received HTTP response headers after 193.9517ms - 200
[Info   :Zeepkist GTR] 19:02:32 End processing HTTP request after 194.2493ms - 200
[Info   :Zeepkist GTR] 19:02:32 Received HTTP response headers after 387.6777ms - 200
[Info   :Zeepkist GTR] 19:02:32 End processing HTTP request after 387.9734ms - 200
[Info   :Zeepkist GTR] 19:02:32 Start processing HTTP request "POST" https://graphql.zeepki.st/
[Info   :Zeepkist GTR] 19:02:32 Sending HTTP request "POST" https://graphql.zeepki.st/
[Info   :Zeepkist GTR] 19:02:32 Received HTTP response headers after 193.8245ms - 200
[Info   :Zeepkist GTR] 19:02:32 End processing HTTP request after 194.1081ms - 200
[Info   :Zeepkist GTR] 19:02:33 Starting recorder
[Info   :Zeepkist Bingo] [BINGO] === PLAYER SPAWNED ===
[Info   :Zeepkist Bingo] [BINGO] IsInActiveSession: False
[Info   :Zeepkist Bingo] [BINGO] Not in active session, skipping timer reset
[Info   :Zeepkist GTR] 19:02:34 Loading personal best...
[Info   :Zeepkist GTR] 19:02:34 Start processing HTTP request "POST" https://graphql.zeepki.st/
[Info   :Zeepkist GTR] 19:02:34 Sending HTTP request "POST" https://graphql.zeepki.st/
[Info   :Zeepkist GTR] 19:02:34 Stopping existing recorder if any
[Info   :Zeepkist GTR] 19:02:34 Creating new recorder
[Info   :Zeepkist GTR] 19:02:34 Start processing HTTP request "POST" https://graphql.zeepki.st/
[Info   :Zeepkist GTR] 19:02:34 Sending HTTP request "POST" https://graphql.zeepki.st/
[Info   :Zeepkist GTR] 19:02:34 Start processing HTTP request "POST" https://graphql.zeepki.st/
[Info   :Zeepkist GTR] 19:02:34 Sending HTTP request "POST" https://graphql.zeepki.st/
[Info   :Zeepkist GTR] 19:02:34 Received HTTP response headers after 185.0388ms - 200
[Info   :Zeepkist GTR] 19:02:34 End processing HTTP request after 185.2957ms - 200
[Info   :Zeepkist GTR] 19:02:34 Received HTTP response headers after 185.8966ms - 200
[Info   :Zeepkist GTR] 19:02:34 End processing HTTP request after 186.1144ms - 200
[Info   :Zeepkist GTR] 19:02:35 Received HTTP response headers after 397.05ms - 200
[Info   :Zeepkist GTR] 19:02:35 End processing HTTP request after 397.2709ms - 200
[Info   :Zeepkist GTR] 19:02:35 Start processing HTTP request "POST" https://graphql.zeepki.st/
[Info   :Zeepkist GTR] 19:02:35 Sending HTTP request "POST" https://graphql.zeepki.st/
[Info   :Zeepkist GTR] 19:02:35 Received HTTP response headers after 175.3402ms - 200
[Info   :Zeepkist GTR] 19:02:35 End processing HTTP request after 175.6199ms - 200
[Info   :Zeepkist GTR] 19:02:36 Starting recorder
[Info   :Zeepkist Bingo] [BINGO] === PLAYER SPAWNED ===
[Info   :Zeepkist Bingo] [BINGO] IsInActiveSession: False
[Info   :Zeepkist Bingo] [BINGO] Not in active session, skipping timer reset
[Info   :Zeepkist GTR] 19:03:24 Loading personal best...
[Info   :Zeepkist GTR] 19:03:24 Start processing HTTP request "POST" https://graphql.zeepki.st/
[Info   :Zeepkist GTR] 19:03:24 Sending HTTP request "POST" https://graphql.zeepki.st/
[Info   :Zeepkist GTR] 19:03:24 Stopping existing recorder if any
[Info   :Zeepkist GTR] 19:03:24 Creating new recorder
[Info   :Zeepkist GTR] 19:03:24 Start processing HTTP request "POST" https://graphql.zeepki.st/
[Info   :Zeepkist GTR] 19:03:24 Sending HTTP request "POST" https://graphql.zeepki.st/
[Info   :Zeepkist GTR] 19:03:24 Start processing HTTP request "POST" https://graphql.zeepki.st/
[Info   :Zeepkist GTR] 19:03:24 Sending HTTP request "POST" https://graphql.zeepki.st/
[Info   :Zeepkist GTR] 19:03:25 Received HTTP response headers after 718.536ms - 200
[Info   :Zeepkist GTR] 19:03:25 End processing HTTP request after 718.817ms - 200
[Info   :Zeepkist GTR] 19:03:25 Received HTTP response headers after 722.7458ms - 200
[Info   :Zeepkist GTR] 19:03:25 End processing HTTP request after 723.0985ms - 200
[Info   :Zeepkist GTR] 19:03:25 Received HTTP response headers after 851.8481ms - 200
[Info   :Zeepkist GTR] 19:03:25 End processing HTTP request after 852.1135ms - 200
[Info   :Zeepkist GTR] 19:03:25 Start processing HTTP request "POST" https://graphql.zeepki.st/
[Info   :Zeepkist GTR] 19:03:25 Sending HTTP request "POST" https://graphql.zeepki.st/
[Info   :Zeepkist GTR] 19:03:25 Received HTTP response headers after 171.765ms - 200
[Info   :Zeepkist GTR] 19:03:25 End processing HTTP request after 172.0463ms - 200
[Info   :Zeepkist GTR] 19:03:26 Starting recorder
[Info   :Zeepkist Bingo] [BINGO] === PLAYER SPAWNED ===
[Info   :Zeepkist Bingo] [BINGO] IsInActiveSession: False
[Info   :Zeepkist Bingo] [BINGO] Not in active session, skipping timer reset
[Info   :Zeepkist GTR] 19:03:56 Loading personal best...
[Info   :Zeepkist GTR] 19:03:56 Start processing HTTP request "POST" https://graphql.zeepki.st/
[Info   :Zeepkist GTR] 19:03:56 Sending HTTP request "POST" https://graphql.zeepki.st/
[Info   :Zeepkist GTR] 19:03:56 Stopping existing recorder if any
[Info   :Zeepkist GTR] 19:03:56 Creating new recorder
[Info   :Zeepkist GTR] 19:03:56 Start processing HTTP request "POST" https://graphql.zeepki.st/
[Info   :Zeepkist GTR] 19:03:56 Sending HTTP request "POST" https://graphql.zeepki.st/
[Info   :Zeepkist GTR] 19:03:56 Start processing HTTP request "POST" https://graphql.zeepki.st/
[Info   :Zeepkist GTR] 19:03:56 Sending HTTP request "POST" https://graphql.zeepki.st/
[Info   :Zeepkist GTR] 19:03:56 Received HTTP response headers after 185.8841ms - 200
[Info   :Zeepkist GTR] 19:03:56 Received HTTP response headers after 185.431ms - 200
[Info   :Zeepkist GTR] 19:03:56 End processing HTTP request after 186.2223ms - 200
[Info   :Zeepkist GTR] 19:03:56 End processing HTTP request after 185.7429ms - 200
[Info   :Zeepkist GTR] 19:03:56 Received HTTP response headers after 372.5608ms - 200
[Info   :Zeepkist GTR] 19:03:56 End processing HTTP request after 372.8381ms - 200
[Info   :Zeepkist GTR] 19:03:56 Start processing HTTP request "POST" https://graphql.zeepki.st/
[Info   :Zeepkist GTR] 19:03:56 Sending HTTP request "POST" https://graphql.zeepki.st/
[Info   :Zeepkist GTR] 19:03:56 Received HTTP response headers after 180.2833ms - 200
[Info   :Zeepkist GTR] 19:03:56 End processing HTTP request after 180.5301ms - 200
[Info   :Zeepkist GTR] 19:03:58 Starting recorder
[Info   :Zeepkist Bingo] [BINGO] === PLAYER SPAWNED ===
[Info   :Zeepkist Bingo] [BINGO] IsInActiveSession: False
[Info   :Zeepkist Bingo] [BINGO] Not in active session, skipping timer reset
[Info   :Zeepkist GTR] 19:04:03 Loading personal best...
[Info   :Zeepkist GTR] 19:04:03 Start processing HTTP request "POST" https://graphql.zeepki.st/
[Info   :Zeepkist GTR] 19:04:03 Sending HTTP request "POST" https://graphql.zeepki.st/
[Info   :Zeepkist GTR] 19:04:03 Stopping existing recorder if any
[Info   :Zeepkist GTR] 19:04:03 Creating new recorder
[Info   :Zeepkist GTR] 19:04:03 Start processing HTTP request "POST" https://graphql.zeepki.st/
[Info   :Zeepkist GTR] 19:04:03 Sending HTTP request "POST" https://graphql.zeepki.st/
[Info   :Zeepkist GTR] 19:04:03 Start processing HTTP request "POST" https://graphql.zeepki.st/
[Info   :Zeepkist GTR] 19:04:03 Sending HTTP request "POST" https://graphql.zeepki.st/
[Info   :Zeepkist GTR] 19:04:03 Received HTTP response headers after 181.8882ms - 200
[Info   :Zeepkist GTR] 19:04:03 End processing HTTP request after 182.1052ms - 200
[Info   :Zeepkist GTR] 19:04:03 Received HTTP response headers after 198.2466ms - 200
[Info   :Zeepkist GTR] 19:04:03 End processing HTTP request after 198.5053ms - 200
[Info   :Zeepkist GTR] 19:04:03 Received HTTP response headers after 368.3442ms - 200
[Info   :Zeepkist GTR] 19:04:03 End processing HTTP request after 368.5987ms - 200
[Info   :Zeepkist GTR] 19:04:03 Start processing HTTP request "POST" https://graphql.zeepki.st/
[Info   :Zeepkist GTR] 19:04:03 Sending HTTP request "POST" https://graphql.zeepki.st/
[Info   :Zeepkist GTR] 19:04:03 Received HTTP response headers after 193.4351ms - 200
[Info   :Zeepkist GTR] 19:04:03 End processing HTTP request after 193.6891ms - 200
[Info   :Zeepkist GTR] 19:04:05 Starting recorder
[Info   :Zeepkist Bingo] [BINGO] === PLAYER SPAWNED ===
[Info   :Zeepkist Bingo] [BINGO] IsInActiveSession: False
[Info   :Zeepkist Bingo] [BINGO] Not in active session, skipping timer reset
[Info   :Zeepkist GTR] 19:04:17 Loading personal best...
[Info   :Zeepkist GTR] 19:04:17 Start processing HTTP request "POST" https://graphql.zeepki.st/
[Info   :Zeepkist GTR] 19:04:17 Sending HTTP request "POST" https://graphql.zeepki.st/
[Info   :Zeepkist GTR] 19:04:17 Stopping existing recorder if any
[Info   :Zeepkist GTR] 19:04:17 Creating new recorder
[Info   :Zeepkist GTR] 19:04:17 Start processing HTTP request "POST" https://graphql.zeepki.st/
[Info   :Zeepkist GTR] 19:04:17 Sending HTTP request "POST" https://graphql.zeepki.st/
[Info   :Zeepkist GTR] 19:04:17 Start processing HTTP request "POST" https://graphql.zeepki.st/
[Info   :Zeepkist GTR] 19:04:17 Sending HTTP request "POST" https://graphql.zeepki.st/
[Info   :Zeepkist GTR] 19:04:17 Received HTTP response headers after 184.6023ms - 200
[Info   :Zeepkist GTR] 19:04:17 Received HTTP response headers after 184.0642ms - 200
[Info   :Zeepkist GTR] 19:04:17 End processing HTTP request after 184.8822ms - 200
[Info   :Zeepkist GTR] 19:04:17 End processing HTTP request after 184.3462ms - 200
[Info   :Zeepkist GTR] 19:04:17 Received HTTP response headers after 374.6907ms - 200
[Info   :Zeepkist GTR] 19:04:17 End processing HTTP request after 374.9313ms - 200
[Info   :Zeepkist GTR] 19:04:17 Start processing HTTP request "POST" https://graphql.zeepki.st/
[Info   :Zeepkist GTR] 19:04:17 Sending HTTP request "POST" https://graphql.zeepki.st/
[Info   :Zeepkist GTR] 19:04:17 Received HTTP response headers after 179.3215ms - 200
[Info   :Zeepkist GTR] 19:04:17 End processing HTTP request after 179.5741ms - 200
[Info   :Zeepkist GTR] 19:04:19 Starting recorder
[Info   :Zeepkist Bingo] [BINGO] === PLAYER SPAWNED ===
[Info   :Zeepkist Bingo] [BINGO] IsInActiveSession: False
[Info   :Zeepkist Bingo] [BINGO] Not in active session, skipping timer reset
[Info   :Zeepkist GTR] 19:04:31 Loading personal best...
[Info   :Zeepkist GTR] 19:04:31 Start processing HTTP request "POST" https://graphql.zeepki.st/
[Info   :Zeepkist GTR] 19:04:31 Sending HTTP request "POST" https://graphql.zeepki.st/
[Info   :Zeepkist GTR] 19:04:31 Stopping existing recorder if any
[Info   :Zeepkist GTR] 19:04:31 Creating new recorder
[Info   :Zeepkist GTR] 19:04:31 Start processing HTTP request "POST" https://graphql.zeepki.st/
[Info   :Zeepkist GTR] 19:04:31 Sending HTTP request "POST" https://graphql.zeepki.st/
[Info   :Zeepkist GTR] 19:04:31 Start processing HTTP request "POST" https://graphql.zeepki.st/
[Info   :Zeepkist GTR] 19:04:31 Sending HTTP request "POST" https://graphql.zeepki.st/
[Info   :Zeepkist GTR] 19:04:31 Received HTTP response headers after 181.7887ms - 200
[Info   :Zeepkist GTR] 19:04:31 End processing HTTP request after 182.0921ms - 200
[Info   :Zeepkist GTR] 19:04:31 Received HTTP response headers after 186.5791ms - 200
[Info   :Zeepkist GTR] 19:04:31 End processing HTTP request after 186.8099ms - 200
[Info   :Zeepkist GTR] 19:04:31 Received HTTP response headers after 359.6825ms - 200
[Info   :Zeepkist GTR] 19:04:31 End processing HTTP request after 359.9508ms - 200
[Info   :Zeepkist GTR] 19:04:31 Start processing HTTP request "POST" https://graphql.zeepki.st/
[Info   :Zeepkist GTR] 19:04:31 Sending HTTP request "POST" https://graphql.zeepki.st/
[Info   :Zeepkist GTR] 19:04:31 Received HTTP response headers after 185.1427ms - 200
[Info   :Zeepkist GTR] 19:04:31 End processing HTTP request after 185.4697ms - 200
[Info   :Zeepkist GTR] 19:04:32 Starting recorder
[Info   :Zeepkist Bingo] [BINGO] === PLAYER SPAWNED ===
[Info   :Zeepkist Bingo] [BINGO] IsInActiveSession: False
[Info   :Zeepkist Bingo] [BINGO] Not in active session, skipping timer reset
[Info   :Zeepkist GTR] 19:04:43 Loading personal best...
[Info   :Zeepkist GTR] 19:04:43 Start processing HTTP request "POST" https://graphql.zeepki.st/
[Info   :Zeepkist GTR] 19:04:43 Sending HTTP request "POST" https://graphql.zeepki.st/
[Info   :Zeepkist GTR] 19:04:43 Stopping existing recorder if any
[Info   :Zeepkist GTR] 19:04:43 Creating new recorder
[Info   :Zeepkist GTR] 19:04:43 Start processing HTTP request "POST" https://graphql.zeepki.st/
[Info   :Zeepkist GTR] 19:04:43 Sending HTTP request "POST" https://graphql.zeepki.st/
[Info   :Zeepkist GTR] 19:04:43 Start processing HTTP request "POST" https://graphql.zeepki.st/
[Info   :Zeepkist GTR] 19:04:43 Sending HTTP request "POST" https://graphql.zeepki.st/
[Info   :Zeepkist GTR] 19:04:43 Received HTTP response headers after 312.8311ms - 200
[Info   :Zeepkist GTR] 19:04:43 End processing HTTP request after 313.0744ms - 200
[Info   :Zeepkist GTR] 19:04:43 Received HTTP response headers after 323.4675ms - 200
[Info   :Zeepkist GTR] 19:04:43 End processing HTTP request after 323.7647ms - 200
[Info   :Zeepkist GTR] 19:04:43 Received HTTP response headers after 535.7266ms - 200
[Info   :Zeepkist GTR] 19:04:43 End processing HTTP request after 535.9486ms - 200
[Info   :Zeepkist GTR] 19:04:43 Start processing HTTP request "POST" https://graphql.zeepki.st/
[Info   :Zeepkist GTR] 19:04:43 Sending HTTP request "POST" https://graphql.zeepki.st/
[Info   :Zeepkist GTR] 19:04:43 Received HTTP response headers after 173.3891ms - 200
[Info   :Zeepkist GTR] 19:04:43 End processing HTTP request after 173.6362ms - 200
[Info   :Zeepkist GTR] 19:04:44 Starting recorder
[Info   :Zeepkist Bingo] [BINGO] === PLAYER SPAWNED ===
[Info   :Zeepkist Bingo] [BINGO] IsInActiveSession: False
[Info   :Zeepkist Bingo] [BINGO] Not in active session, skipping timer reset
[Info   :Zeepkist GTR] 19:04:57 Loading personal best...
[Info   :Zeepkist GTR] 19:04:57 Start processing HTTP request "POST" https://graphql.zeepki.st/
[Info   :Zeepkist GTR] 19:04:57 Sending HTTP request "POST" https://graphql.zeepki.st/
[Info   :Zeepkist GTR] 19:04:57 Stopping existing recorder if any
[Info   :Zeepkist GTR] 19:04:57 Creating new recorder
[Info   :Zeepkist GTR] 19:04:57 Start processing HTTP request "POST" https://graphql.zeepki.st/
[Info   :Zeepkist GTR] 19:04:57 Sending HTTP request "POST" https://graphql.zeepki.st/
[Info   :Zeepkist GTR] 19:04:57 Start processing HTTP request "POST" https://graphql.zeepki.st/
[Info   :Zeepkist GTR] 19:04:57 Sending HTTP request "POST" https://graphql.zeepki.st/
[Info   :Zeepkist GTR] 19:04:57 Received HTTP response headers after 190.1187ms - 200
[Info   :Zeepkist GTR] 19:04:57 End processing HTTP request after 190.3555ms - 200
[Info   :Zeepkist GTR] 19:04:57 Received HTTP response headers after 206.9328ms - 200
[Info   :Zeepkist GTR] 19:04:57 End processing HTTP request after 207.3041ms - 200
[Info   :Zeepkist GTR] 19:04:57 Received HTTP response headers after 386.5843ms - 200
[Info   :Zeepkist GTR] 19:04:57 End processing HTTP request after 386.8283ms - 200
[Info   :Zeepkist GTR] 19:04:57 Start processing HTTP request "POST" https://graphql.zeepki.st/
[Info   :Zeepkist GTR] 19:04:57 Sending HTTP request "POST" https://graphql.zeepki.st/
[Info   :Zeepkist GTR] 19:04:57 Received HTTP response headers after 190.1806ms - 200
[Info   :Zeepkist GTR] 19:04:57 End processing HTTP request after 190.4184ms - 200
[Info   :Zeepkist GTR] 19:04:58 Starting recorder
[Info   :Zeepkist Bingo] [BINGO] === PLAYER SPAWNED ===
[Info   :Zeepkist Bingo] [BINGO] IsInActiveSession: False
[Info   :Zeepkist Bingo] [BINGO] Not in active session, skipping timer reset
[Info   :Zeepkist GTR] 19:05:03 Loading personal best...
[Info   :Zeepkist GTR] 19:05:03 Start processing HTTP request "POST" https://graphql.zeepki.st/
[Info   :Zeepkist GTR] 19:05:03 Sending HTTP request "POST" https://graphql.zeepki.st/
[Info   :Zeepkist GTR] 19:05:03 Stopping existing recorder if any
[Info   :Zeepkist GTR] 19:05:03 Creating new recorder
[Info   :Zeepkist GTR] 19:05:03 Start processing HTTP request "POST" https://graphql.zeepki.st/
[Info   :Zeepkist GTR] 19:05:03 Sending HTTP request "POST" https://graphql.zeepki.st/
[Info   :Zeepkist GTR] 19:05:03 Start processing HTTP request "POST" https://graphql.zeepki.st/
[Info   :Zeepkist GTR] 19:05:03 Sending HTTP request "POST" https://graphql.zeepki.st/
[Info   :Zeepkist GTR] 19:05:03 Received HTTP response headers after 180.2758ms - 200
[Info   :Zeepkist GTR] 19:05:03 End processing HTTP request after 180.578ms - 200
[Info   :Zeepkist GTR] 19:05:03 Received HTTP response headers after 185.2469ms - 200
[Info   :Zeepkist GTR] 19:05:03 End processing HTTP request after 185.5197ms - 200
[Info   :Zeepkist GTR] 19:05:04 Received HTTP response headers after 386.7521ms - 200
[Info   :Zeepkist GTR] 19:05:04 End processing HTTP request after 386.9833ms - 200
[Info   :Zeepkist GTR] 19:05:04 Start processing HTTP request "POST" https://graphql.zeepki.st/
[Info   :Zeepkist GTR] 19:05:04 Sending HTTP request "POST" https://graphql.zeepki.st/
[Info   :Zeepkist GTR] 19:05:04 Received HTTP response headers after 192.0779ms - 200
[Info   :Zeepkist GTR] 19:05:04 End processing HTTP request after 192.3897ms - 200
[Info   :Zeepkist GTR] 19:05:05 Starting recorder
[Info   :Zeepkist GTR] 19:05:37 Stopping recorder
[Info   :Zeepkist GTR] 19:05:37 Collecting extra information
[Info   :Zeepkist GTR] 19:05:37 Resolved workshop ID "3771063987" from lobby 3771063987 and level 0
[Info   :Zeepkist GTR] 19:05:37 Processing ghost data
[Info   :Zeepkist GTR] 19:05:37 Creating stream
[Info   :Zeepkist GTR] 19:05:37 Writing to stream
[Info   :Zeepkist GTR] 19:05:37 Getting buffer
[Info   :Zeepkist GTR] 19:05:37 Converting to base64
[Info   :Zeepkist GTR] 19:05:37 Creating resource
[Info   :Zeepkist GTR] 19:05:37 Start processing HTTP request "POST" https://backend.zeepki.st/record/submit
[Info   :Zeepkist GTR] 19:05:37 Sending HTTP request "POST" https://backend.zeepki.st/record/submit
[Info   :Zeepkist Bingo] [BINGO] === PLAYER SPAWNED ===
[Info   :Zeepkist Bingo] [BINGO] IsInActiveSession: False
[Info   :Zeepkist Bingo] [BINGO] Not in active session, skipping timer reset
[Info   :Zeepkist GTR] 19:05:38 Loading personal best...
[Info   :Zeepkist GTR] 19:05:38 Start processing HTTP request "POST" https://graphql.zeepki.st/
[Info   :Zeepkist GTR] 19:05:38 Sending HTTP request "POST" https://graphql.zeepki.st/
[Info   :Zeepkist GTR] 19:05:38 Stopping existing recorder if any
[Info   :Zeepkist GTR] 19:05:38 Creating new recorder
[Info   :Zeepkist GTR] 19:05:38 Start processing HTTP request "POST" https://graphql.zeepki.st/
[Info   :Zeepkist GTR] 19:05:38 Sending HTTP request "POST" https://graphql.zeepki.st/
[Info   :Zeepkist GTR] 19:05:38 Start processing HTTP request "POST" https://graphql.zeepki.st/
[Info   :Zeepkist GTR] 19:05:38 Sending HTTP request "POST" https://graphql.zeepki.st/
[Info   :Zeepkist GTR] 19:05:39 Received HTTP response headers after 1418.3074ms - 200
[Info   :Zeepkist GTR] 19:05:39 End processing HTTP request after 1418.5758ms - 200
[Info   :Zeepkist GTR] 19:05:39 Received HTTP response headers after 366.2238ms - 200
[Info   :Zeepkist GTR] 19:05:39 Received HTTP response headers after 365.8051ms - 200
[Info   :Zeepkist GTR] 19:05:39 End processing HTTP request after 366.5045ms - 200
[Info   :Zeepkist GTR] 19:05:39 End processing HTTP request after 366.0875ms - 200
[Error  :Zeepkist GTR] 19:05:39 Unobserved task exception
[Info   :Zeepkist GTR] 19:05:39 Received HTTP response headers after 567.9821ms - 200
[Info   :Zeepkist GTR] 19:05:39 End processing HTTP request after 568.2162ms - 200
[Info   :Zeepkist GTR] 19:05:39 Start processing HTTP request "POST" https://graphql.zeepki.st/
[Info   :Zeepkist GTR] 19:05:39 Sending HTTP request "POST" https://graphql.zeepki.st/
[Info   :Zeepkist GTR] 19:05:39 Received HTTP response headers after 193.8073ms - 200
[Info   :Zeepkist GTR] 19:05:39 End processing HTTP request after 194.0622ms - 200
[Info   :Zeepkist Bingo] [BINGO] === PLAYER SPAWNED ===
[Info   :Zeepkist Bingo] [BINGO] IsInActiveSession: False
[Info   :Zeepkist Bingo] [BINGO] Not in active session, skipping timer reset
[Info   :Zeepkist GTR] 19:05:40 Loading personal best...
[Info   :Zeepkist GTR] 19:05:40 Start processing HTTP request "POST" https://graphql.zeepki.st/
[Info   :Zeepkist GTR] 19:05:40 Sending HTTP request "POST" https://graphql.zeepki.st/
[Info   :Zeepkist GTR] 19:05:40 Stopping existing recorder if any
[Info   :Zeepkist GTR] 19:05:40 Creating new recorder
[Info   :Zeepkist GTR] 19:05:40 Start processing HTTP request "POST" https://graphql.zeepki.st/
[Info   :Zeepkist GTR] 19:05:40 Sending HTTP request "POST" https://graphql.zeepki.st/
[Info   :Zeepkist GTR] 19:05:40 Start processing HTTP request "POST" https://graphql.zeepki.st/
[Info   :Zeepkist GTR] 19:05:40 Sending HTTP request "POST" https://graphql.zeepki.st/
[Info   :Zeepkist GTR] 19:05:40 Received HTTP response headers after 183.4384ms - 200
[Info   :Zeepkist GTR] 19:05:40 End processing HTTP request after 183.7159ms - 200
[Info   :Zeepkist GTR] 19:05:40 Received HTTP response headers after 187.0728ms - 200
[Info   :Zeepkist GTR] 19:05:40 End processing HTTP request after 187.3328ms - 200
[Info   :Zeepkist GTR] 19:05:40 Start processing HTTP request "GET" https://cdn.zeepki.st/ghosts/01KYB9F21KFAZCTF9RZY1AY0WE.bin
[Info   :Zeepkist GTR] 19:05:40 Sending HTTP request "GET" https://cdn.zeepki.st/ghosts/01KYB9F21KFAZCTF9RZY1AY0WE.bin
[Info   :Zeepkist GTR] 19:05:40 Received HTTP response headers after 377.8016ms - 200
[Info   :Zeepkist GTR] 19:05:40 End processing HTTP request after 378.0193ms - 200
[Info   :Zeepkist GTR] 19:05:40 Start processing HTTP request "POST" https://graphql.zeepki.st/
[Info   :Zeepkist GTR] 19:05:40 Sending HTTP request "POST" https://graphql.zeepki.st/
[Info   :Zeepkist GTR] 19:05:41 Received HTTP response headers after 190.9948ms - 200
[Info   :Zeepkist GTR] 19:05:41 End processing HTTP request after 191.2657ms - 200
[Info   :Zeepkist GTR] 19:05:41 Received HTTP response headers after 732.3019ms - 200
[Info   :Zeepkist GTR] 19:05:41 End processing HTTP request after 732.6033ms - 200
[Info   :Zeepkist GTR] 19:05:42 Starting recorder
[Info   :RoundLeaderboardTab] Drawing leaderboard -> forwarding to Instance.DrawTabLeaderboard()
[Info   :ChampionshipLeaderboardTab] Drawing leaderboard -> forwarding to Instance.DrawTabLeaderboard()
[Info   :Zeepkist GTR] 19:05:43 Start processing HTTP request "POST" https://graphql.zeepki.st/
[Info   :Zeepkist GTR] 19:05:43 Sending HTTP request "POST" https://graphql.zeepki.st/
[Info   :Zeepkist GTR] 19:05:43 Received HTTP response headers after 170.4397ms - 200
[Info   :Zeepkist GTR] 19:05:43 End processing HTTP request after 170.7282ms - 200
[Info   :Zeepkist GTR] 19:05:43 Start processing HTTP request "POST" https://graphql.zeepki.st/
[Info   :Zeepkist GTR] 19:05:43 Sending HTTP request "POST" https://graphql.zeepki.st/
[Info   :Zeepkist GTR] 19:05:43 Received HTTP response headers after 210.6623ms - 200
[Info   :Zeepkist GTR] 19:05:43 End processing HTTP request after 210.9333ms - 200
[Info   :Zeepkist GTR] 19:05:43 Start processing HTTP request "POST" https://graphql.zeepki.st/
[Info   :Zeepkist GTR] 19:05:43 Sending HTTP request "POST" https://graphql.zeepki.st/
[Info   :RoundLeaderboardTab] Drawing leaderboard -> forwarding to Instance.DrawTabLeaderboard()
[Info   :Zeepkist GTR] 19:05:43 Received HTTP response headers after 198.9766ms - 200
[Info   :Zeepkist GTR] 19:05:43 End processing HTTP request after 199.2031ms - 200
[Info   :ChampionshipLeaderboardTab] Drawing leaderboard -> forwarding to Instance.DrawTabLeaderboard()
[Info   :Zeepkist GTR] 19:05:44 Start processing HTTP request "POST" https://graphql.zeepki.st/
[Info   :Zeepkist GTR] 19:05:44 Sending HTTP request "POST" https://graphql.zeepki.st/
[Info   :Zeepkist GTR] 19:05:44 Received HTTP response headers after 184.0603ms - 200
[Info   :Zeepkist GTR] 19:05:44 End processing HTTP request after 184.312ms - 200
[Info   :Zeepkist GTR] 19:05:44 Start processing HTTP request "POST" https://graphql.zeepki.st/
[Info   :Zeepkist GTR] 19:05:44 Sending HTTP request "POST" https://graphql.zeepki.st/
[Info   :Zeepkist GTR] 19:05:44 Received HTTP response headers after 193.6792ms - 200
[Info   :Zeepkist GTR] 19:05:44 End processing HTTP request after 193.9209ms - 200
[Info   :Zeepkist Bingo] [BINGO] === PLAYER SPAWNED ===
[Info   :Zeepkist Bingo] [BINGO] IsInActiveSession: False
[Info   :Zeepkist Bingo] [BINGO] Not in active session, skipping timer reset
[Info   :Zeepkist GTR] 19:05:55 Loading personal best...
[Info   :Zeepkist GTR] 19:05:55 Start processing HTTP request "POST" https://graphql.zeepki.st/
[Info   :Zeepkist GTR] 19:05:55 Sending HTTP request "POST" https://graphql.zeepki.st/
[Info   :Zeepkist GTR] 19:05:55 Stopping existing recorder if any
[Info   :Zeepkist GTR] 19:05:55 Creating new recorder
[Info   :Zeepkist GTR] 19:05:55 Start processing HTTP request "POST" https://graphql.zeepki.st/
[Info   :Zeepkist GTR] 19:05:55 Sending HTTP request "POST" https://graphql.zeepki.st/
[Info   :Zeepkist GTR] 19:05:55 Start processing HTTP request "POST" https://graphql.zeepki.st/
[Info   :Zeepkist GTR] 19:05:55 Sending HTTP request "POST" https://graphql.zeepki.st/
[Info   :Zeepkist GTR] 19:05:55 Received HTTP response headers after 179.3348ms - 200
[Info   :Zeepkist GTR] 19:05:55 End processing HTTP request after 179.6123ms - 200
[Info   :Zeepkist GTR] 19:05:55 Received HTTP response headers after 183.2858ms - 200
[Info   :Zeepkist GTR] 19:05:55 End processing HTTP request after 183.5719ms - 200
[Info   :Zeepkist GTR] 19:05:56 Received HTTP response headers after 369.7295ms - 200
[Info   :Zeepkist GTR] 19:05:56 End processing HTTP request after 369.9821ms - 200
[Info   :Zeepkist GTR] 19:05:56 Start processing HTTP request "POST" https://graphql.zeepki.st/
[Info   :Zeepkist GTR] 19:05:56 Sending HTTP request "POST" https://graphql.zeepki.st/
[Info   :Zeepkist GTR] 19:05:56 Received HTTP response headers after 179.3177ms - 200
[Info   :Zeepkist GTR] 19:05:56 End processing HTTP request after 179.5728ms - 200
[Info   :Zeepkist GTR] 19:05:57 Starting recorder
[Info   :Zeepkist Bingo] [BINGO] === PLAYER SPAWNED ===
[Info   :Zeepkist Bingo] [BINGO] IsInActiveSession: False
[Info   :Zeepkist Bingo] [BINGO] Not in active session, skipping timer reset
[Info   :Zeepkist GTR] 19:06:14 Loading personal best...
[Info   :Zeepkist GTR] 19:06:14 Start processing HTTP request "POST" https://graphql.zeepki.st/
[Info   :Zeepkist GTR] 19:06:14 Sending HTTP request "POST" https://graphql.zeepki.st/
[Info   :Zeepkist GTR] 19:06:14 Stopping existing recorder if any
[Info   :Zeepkist GTR] 19:06:14 Creating new recorder
[Info   :Zeepkist GTR] 19:06:14 Start processing HTTP request "POST" https://graphql.zeepki.st/
[Info   :Zeepkist GTR] 19:06:14 Sending HTTP request "POST" https://graphql.zeepki.st/
[Info   :Zeepkist GTR] 19:06:14 Start processing HTTP request "POST" https://graphql.zeepki.st/
[Info   :Zeepkist GTR] 19:06:14 Sending HTTP request "POST" https://graphql.zeepki.st/
[Info   :Zeepkist GTR] 19:06:14 Received HTTP response headers after 210.8455ms - 200
[Info   :Zeepkist GTR] 19:06:14 Received HTTP response headers after 211.3575ms - 200
[Info   :Zeepkist GTR] 19:06:14 End processing HTTP request after 211.0971ms - 200
[Info   :Zeepkist GTR] 19:06:14 End processing HTTP request after 211.6157ms - 200
[Info   :Zeepkist GTR] 19:06:14 Received HTTP response headers after 404.705ms - 200
[Info   :Zeepkist GTR] 19:06:14 End processing HTTP request after 404.9133ms - 200
[Info   :Zeepkist GTR] 19:06:14 Start processing HTTP request "POST" https://graphql.zeepki.st/
[Info   :Zeepkist GTR] 19:06:14 Sending HTTP request "POST" https://graphql.zeepki.st/
[Info   :Zeepkist GTR] 19:06:14 Received HTTP response headers after 179.1589ms - 200
[Info   :Zeepkist GTR] 19:06:14 End processing HTTP request after 179.4363ms - 200
[Info   :Zeepkist GTR] 19:06:16 Starting recorder
[Info   :Zeepkist Bingo] [BINGO] === PLAYER SPAWNED ===
[Info   :Zeepkist Bingo] [BINGO] IsInActiveSession: False
[Info   :Zeepkist Bingo] [BINGO] Not in active session, skipping timer reset
[Info   :Zeepkist GTR] 19:06:25 Loading personal best...
[Info   :Zeepkist GTR] 19:06:25 Start processing HTTP request "POST" https://graphql.zeepki.st/
[Info   :Zeepkist GTR] 19:06:25 Sending HTTP request "POST" https://graphql.zeepki.st/
[Info   :Zeepkist GTR] 19:06:25 Stopping existing recorder if any
[Info   :Zeepkist GTR] 19:06:25 Creating new recorder
[Info   :Zeepkist GTR] 19:06:25 Start processing HTTP request "POST" https://graphql.zeepki.st/
[Info   :Zeepkist GTR] 19:06:25 Sending HTTP request "POST" https://graphql.zeepki.st/
[Info   :Zeepkist GTR] 19:06:25 Start processing HTTP request "POST" https://graphql.zeepki.st/
[Info   :Zeepkist GTR] 19:06:25 Sending HTTP request "POST" https://graphql.zeepki.st/
[Info   :Zeepkist GTR] 19:06:25 Received HTTP response headers after 172.1266ms - 200
[Info   :Zeepkist GTR] 19:06:25 End processing HTTP request after 172.3525ms - 200
[Info   :Zeepkist GTR] 19:06:25 Received HTTP response headers after 185.2099ms - 200
[Info   :Zeepkist GTR] 19:06:25 End processing HTTP request after 185.4618ms - 200
[Info   :Zeepkist GTR] 19:06:25 Received HTTP response headers after 362.7085ms - 200
[Info   :Zeepkist GTR] 19:06:25 End processing HTTP request after 362.9198ms - 200
[Info   :Zeepkist GTR] 19:06:25 Start processing HTTP request "POST" https://graphql.zeepki.st/
[Info   :Zeepkist GTR] 19:06:25 Sending HTTP request "POST" https://graphql.zeepki.st/
[Info   :Zeepkist GTR] 19:06:25 Received HTTP response headers after 200.6241ms - 200
[Info   :Zeepkist GTR] 19:06:25 End processing HTTP request after 200.8335ms - 200
[Info   :Zeepkist GTR] 19:06:27 Starting recorder
[Info   :Zeepkist Bingo] [BINGO] === PLAYER SPAWNED ===
[Info   :Zeepkist Bingo] [BINGO] IsInActiveSession: False
[Info   :Zeepkist Bingo] [BINGO] Not in active session, skipping timer reset
[Info   :Zeepkist GTR] 19:06:58 Loading personal best...
[Info   :Zeepkist GTR] 19:06:58 Start processing HTTP request "POST" https://graphql.zeepki.st/
[Info   :Zeepkist GTR] 19:06:58 Sending HTTP request "POST" https://graphql.zeepki.st/
[Info   :Zeepkist GTR] 19:06:58 Stopping existing recorder if any
[Info   :Zeepkist GTR] 19:06:58 Creating new recorder
[Info   :Zeepkist GTR] 19:06:58 Start processing HTTP request "POST" https://graphql.zeepki.st/
[Info   :Zeepkist GTR] 19:06:58 Sending HTTP request "POST" https://graphql.zeepki.st/
[Info   :Zeepkist GTR] 19:06:58 Start processing HTTP request "POST" https://graphql.zeepki.st/
[Info   :Zeepkist GTR] 19:06:58 Sending HTTP request "POST" https://graphql.zeepki.st/
[Info   :Zeepkist GTR] 19:06:59 Received HTTP response headers after 193.3751ms - 200
[Info   :Zeepkist GTR] 19:06:59 End processing HTTP request after 193.6997ms - 200
[Info   :Zeepkist GTR] 19:06:59 Received HTTP response headers after 194.3954ms - 200
[Info   :Zeepkist GTR] 19:06:59 End processing HTTP request after 194.6973ms - 200
[Info   :Zeepkist GTR] 19:06:59 Received HTTP response headers after 388.443ms - 200
[Info   :Zeepkist GTR] 19:06:59 End processing HTTP request after 388.6655ms - 200
[Info   :Zeepkist GTR] 19:06:59 Start processing HTTP request "POST" https://graphql.zeepki.st/
[Info   :Zeepkist GTR] 19:06:59 Sending HTTP request "POST" https://graphql.zeepki.st/
[Info   :Zeepkist GTR] 19:06:59 Received HTTP response headers after 174.182ms - 200
[Info   :Zeepkist GTR] 19:06:59 End processing HTTP request after 174.4528ms - 200
[Info   :Zeepkist GTR] 19:07:00 Starting recorder
[Info   :Zeepkist Bingo] [BINGO] === PLAYER SPAWNED ===
[Info   :Zeepkist Bingo] [BINGO] IsInActiveSession: False
[Info   :Zeepkist Bingo] [BINGO] Not in active session, skipping timer reset
[Info   :Zeepkist GTR] 19:07:25 Loading personal best...
[Info   :Zeepkist GTR] 19:07:25 Start processing HTTP request "POST" https://graphql.zeepki.st/
[Info   :Zeepkist GTR] 19:07:25 Sending HTTP request "POST" https://graphql.zeepki.st/
[Info   :Zeepkist GTR] 19:07:25 Stopping existing recorder if any
[Info   :Zeepkist GTR] 19:07:25 Creating new recorder
[Info   :Zeepkist GTR] 19:07:25 Start processing HTTP request "POST" https://graphql.zeepki.st/
[Info   :Zeepkist GTR] 19:07:25 Sending HTTP request "POST" https://graphql.zeepki.st/
[Info   :Zeepkist GTR] 19:07:25 Start processing HTTP request "POST" https://graphql.zeepki.st/
[Info   :Zeepkist GTR] 19:07:25 Sending HTTP request "POST" https://graphql.zeepki.st/
[Info   :Zeepkist GTR] 19:07:25 Received HTTP response headers after 185.2566ms - 200
[Info   :Zeepkist GTR] 19:07:25 End processing HTTP request after 185.579ms - 200
[Info   :Zeepkist GTR] 19:07:25 Received HTTP response headers after 184.9133ms - 200
[Info   :Zeepkist GTR] 19:07:25 End processing HTTP request after 185.1257ms - 200
[Info   :Zeepkist GTR] 19:07:25 Received HTTP response headers after 375.2695ms - 200
[Info   :Zeepkist GTR] 19:07:25 End processing HTTP request after 375.4802ms - 200
[Info   :Zeepkist GTR] 19:07:26 Start processing HTTP request "POST" https://graphql.zeepki.st/
[Info   :Zeepkist GTR] 19:07:26 Sending HTTP request "POST" https://graphql.zeepki.st/
[Info   :Zeepkist GTR] 19:07:26 Received HTTP response headers after 168.6591ms - 200
[Info   :Zeepkist GTR] 19:07:26 End processing HTTP request after 168.8993ms - 200
[Info   :Zeepkist GTR] 19:07:27 Starting recorder
[Info   :Zeepkist Bingo] [BINGO] === PLAYER SPAWNED ===
[Info   :Zeepkist Bingo] [BINGO] IsInActiveSession: False
[Info   :Zeepkist Bingo] [BINGO] Not in active session, skipping timer reset
[Info   :Zeepkist GTR] 19:07:32 Loading personal best...
[Info   :Zeepkist GTR] 19:07:32 Start processing HTTP request "POST" https://graphql.zeepki.st/
[Info   :Zeepkist GTR] 19:07:32 Sending HTTP request "POST" https://graphql.zeepki.st/
[Info   :Zeepkist GTR] 19:07:32 Stopping existing recorder if any
[Info   :Zeepkist GTR] 19:07:32 Creating new recorder
[Info   :Zeepkist GTR] 19:07:32 Start processing HTTP request "POST" https://graphql.zeepki.st/
[Info   :Zeepkist GTR] 19:07:32 Sending HTTP request "POST" https://graphql.zeepki.st/
[Info   :Zeepkist GTR] 19:07:32 Start processing HTTP request "POST" https://graphql.zeepki.st/
[Info   :Zeepkist GTR] 19:07:32 Sending HTTP request "POST" https://graphql.zeepki.st/
[Info   :Zeepkist GTR] 19:07:32 Received HTTP response headers after 190.9566ms - 200
[Info   :Zeepkist GTR] 19:07:32 End processing HTTP request after 191.2055ms - 200
[Info   :Zeepkist GTR] 19:07:32 Received HTTP response headers after 190.6124ms - 200
[Info   :Zeepkist GTR] 19:07:32 End processing HTTP request after 190.813ms - 200
[Info   :Zeepkist GTR] 19:07:32 Received HTTP response headers after 379.3746ms - 200
[Info   :Zeepkist GTR] 19:07:32 End processing HTTP request after 379.5852ms - 200
[Info   :Zeepkist GTR] 19:07:32 Start processing HTTP request "POST" https://graphql.zeepki.st/
[Info   :Zeepkist GTR] 19:07:32 Sending HTTP request "POST" https://graphql.zeepki.st/
[Info   :Zeepkist GTR] 19:07:32 Received HTTP response headers after 182.7135ms - 200
[Info   :Zeepkist GTR] 19:07:32 End processing HTTP request after 182.9548ms - 200
[Info   :Zeepkist GTR] 19:07:33 Starting recorder
[Info   :Zeepkist Bingo] [BINGO] === PLAYER SPAWNED ===
[Info   :Zeepkist Bingo] [BINGO] IsInActiveSession: False
[Info   :Zeepkist Bingo] [BINGO] Not in active session, skipping timer reset
[Info   :Zeepkist GTR] 19:07:56 Loading personal best...
[Info   :Zeepkist GTR] 19:07:56 Start processing HTTP request "POST" https://graphql.zeepki.st/
[Info   :Zeepkist GTR] 19:07:56 Sending HTTP request "POST" https://graphql.zeepki.st/
[Info   :Zeepkist GTR] 19:07:56 Stopping existing recorder if any
[Info   :Zeepkist GTR] 19:07:56 Creating new recorder
[Info   :Zeepkist GTR] 19:07:56 Start processing HTTP request "POST" https://graphql.zeepki.st/
[Info   :Zeepkist GTR] 19:07:56 Sending HTTP request "POST" https://graphql.zeepki.st/
[Info   :Zeepkist GTR] 19:07:56 Start processing HTTP request "POST" https://graphql.zeepki.st/
[Info   :Zeepkist GTR] 19:07:56 Sending HTTP request "POST" https://graphql.zeepki.st/
[Info   :Zeepkist GTR] 19:07:56 Received HTTP response headers after 326.2128ms - 200
[Info   :Zeepkist GTR] 19:07:56 End processing HTTP request after 326.4507ms - 200
[Info   :Zeepkist GTR] 19:07:56 Received HTTP response headers after 340.973ms - 200
[Info   :Zeepkist GTR] 19:07:56 End processing HTTP request after 341.2339ms - 200
[Info   :Zeepkist GTR] 19:07:56 Received HTTP response headers after 523.7632ms - 200
[Info   :Zeepkist GTR] 19:07:56 End processing HTTP request after 523.9874ms - 200
[Info   :Zeepkist GTR] 19:07:56 Start processing HTTP request "POST" https://graphql.zeepki.st/
[Info   :Zeepkist GTR] 19:07:56 Sending HTTP request "POST" https://graphql.zeepki.st/
[Info   :Zeepkist GTR] 19:07:56 Received HTTP response headers after 192.9649ms - 200
[Info   :Zeepkist GTR] 19:07:56 End processing HTTP request after 193.1893ms - 200
[Info   :Zeepkist GTR] 19:07:57 Starting recorder
[Info   :Zeepkist Bingo] [BINGO] === PLAYER SPAWNED ===
[Info   :Zeepkist Bingo] [BINGO] IsInActiveSession: False
[Info   :Zeepkist Bingo] [BINGO] Not in active session, skipping timer reset
[Info   :Zeepkist GTR] 19:08:29 Loading personal best...
[Info   :Zeepkist GTR] 19:08:29 Start processing HTTP request "POST" https://graphql.zeepki.st/
[Info   :Zeepkist GTR] 19:08:29 Sending HTTP request "POST" https://graphql.zeepki.st/
[Info   :Zeepkist GTR] 19:08:29 Stopping existing recorder if any
[Info   :Zeepkist GTR] 19:08:29 Creating new recorder
[Info   :Zeepkist GTR] 19:08:29 Start processing HTTP request "POST" https://graphql.zeepki.st/
[Info   :Zeepkist GTR] 19:08:29 Sending HTTP request "POST" https://graphql.zeepki.st/
[Info   :Zeepkist GTR] 19:08:29 Start processing HTTP request "POST" https://graphql.zeepki.st/
[Info   :Zeepkist GTR] 19:08:29 Sending HTTP request "POST" https://graphql.zeepki.st/
[Info   :Zeepkist GTR] 19:08:29 Received HTTP response headers after 192.9718ms - 200
[Info   :Zeepkist GTR] 19:08:29 End processing HTTP request after 193.2003ms - 200
[Info   :Zeepkist GTR] 19:08:29 Received HTTP response headers after 211.3217ms - 200
[Info   :Zeepkist GTR] 19:08:29 End processing HTTP request after 211.5534ms - 200
[Info   :Zeepkist GTR] 19:08:29 Received HTTP response headers after 392.1354ms - 200
[Info   :Zeepkist GTR] 19:08:29 End processing HTTP request after 392.3528ms - 200
[Info   :Zeepkist GTR] 19:08:29 Start processing HTTP request "POST" https://graphql.zeepki.st/
[Info   :Zeepkist GTR] 19:08:29 Sending HTTP request "POST" https://graphql.zeepki.st/
[Info   :Zeepkist GTR] 19:08:29 Received HTTP response headers after 186.1927ms - 200
[Info   :Zeepkist GTR] 19:08:29 End processing HTTP request after 186.5273ms - 200
[Info   :Zeepkist GTR] 19:08:30 Starting recorder
[Info   :Zeepkist Bingo] [BINGO] === PLAYER SPAWNED ===
[Info   :Zeepkist Bingo] [BINGO] IsInActiveSession: False
[Info   :Zeepkist Bingo] [BINGO] Not in active session, skipping timer reset
[Info   :Zeepkist GTR] 19:08:43 Loading personal best...
[Info   :Zeepkist GTR] 19:08:43 Start processing HTTP request "POST" https://graphql.zeepki.st/
[Info   :Zeepkist GTR] 19:08:43 Sending HTTP request "POST" https://graphql.zeepki.st/
[Info   :Zeepkist GTR] 19:08:43 Stopping existing recorder if any
[Info   :Zeepkist GTR] 19:08:43 Creating new recorder
[Info   :Zeepkist GTR] 19:08:43 Start processing HTTP request "POST" https://graphql.zeepki.st/
[Info   :Zeepkist GTR] 19:08:43 Sending HTTP request "POST" https://graphql.zeepki.st/
[Info   :Zeepkist GTR] 19:08:43 Start processing HTTP request "POST" https://graphql.zeepki.st/
[Info   :Zeepkist GTR] 19:08:43 Sending HTTP request "POST" https://graphql.zeepki.st/
[Info   :Zeepkist GTR] 19:08:43 Received HTTP response headers after 196.5682ms - 200
[Info   :Zeepkist GTR] 19:08:43 End processing HTTP request after 196.7914ms - 200
[Info   :Zeepkist GTR] 19:08:43 Received HTTP response headers after 206.9834ms - 200
[Info   :Zeepkist GTR] 19:08:43 End processing HTTP request after 207.2779ms - 200
[Info   :Zeepkist GTR] 19:08:44 Received HTTP response headers after 425.8142ms - 200
[Info   :Zeepkist GTR] 19:08:44 End processing HTTP request after 426.0489ms - 200
[Info   :Zeepkist GTR] 19:08:44 Start processing HTTP request "POST" https://graphql.zeepki.st/
[Info   :Zeepkist GTR] 19:08:44 Sending HTTP request "POST" https://graphql.zeepki.st/
[Info   :Zeepkist GTR] 19:08:44 Received HTTP response headers after 203.6011ms - 200
[Info   :Zeepkist GTR] 19:08:44 End processing HTTP request after 203.913ms - 200
[Info   :Zeepkist GTR] 19:08:45 Starting recorder
[Info   :Zeepkist Bingo] [BINGO] === PLAYER SPAWNED ===
[Info   :Zeepkist Bingo] [BINGO] IsInActiveSession: False
[Info   :Zeepkist Bingo] [BINGO] Not in active session, skipping timer reset
[Info   :Zeepkist GTR] 19:09:13 Loading personal best...
[Info   :Zeepkist GTR] 19:09:13 Start processing HTTP request "POST" https://graphql.zeepki.st/
[Info   :Zeepkist GTR] 19:09:13 Sending HTTP request "POST" https://graphql.zeepki.st/
[Info   :Zeepkist GTR] 19:09:13 Stopping existing recorder if any
[Info   :Zeepkist GTR] 19:09:13 Creating new recorder
[Info   :Zeepkist GTR] 19:09:13 Start processing HTTP request "POST" https://graphql.zeepki.st/
[Info   :Zeepkist GTR] 19:09:13 Sending HTTP request "POST" https://graphql.zeepki.st/
[Info   :Zeepkist GTR] 19:09:13 Start processing HTTP request "POST" https://graphql.zeepki.st/
[Info   :Zeepkist GTR] 19:09:13 Sending HTTP request "POST" https://graphql.zeepki.st/
[Info   :Zeepkist GTR] 19:09:13 Received HTTP response headers after 174.0436ms - 200
[Info   :Zeepkist GTR] 19:09:13 End processing HTTP request after 174.2636ms - 200
[Info   :Zeepkist GTR] 19:09:13 Received HTTP response headers after 189.9577ms - 200
[Info   :Zeepkist GTR] 19:09:13 End processing HTTP request after 190.1848ms - 200
[Info   :Zeepkist GTR] 19:09:14 Received HTTP response headers after 371.828ms - 200
[Info   :Zeepkist GTR] 19:09:14 End processing HTTP request after 372.0555ms - 200
[Info   :Zeepkist GTR] 19:09:14 Start processing HTTP request "POST" https://graphql.zeepki.st/
[Info   :Zeepkist GTR] 19:09:14 Sending HTTP request "POST" https://graphql.zeepki.st/
[Info   :Zeepkist GTR] 19:09:14 Received HTTP response headers after 179.8292ms - 200
[Info   :Zeepkist GTR] 19:09:14 End processing HTTP request after 180.0803ms - 200
[Info   :Zeepkist GTR] 19:09:15 Starting recorder
[Info   :Zeepkist Bingo] [BINGO] === PLAYER SPAWNED ===
[Info   :Zeepkist Bingo] [BINGO] IsInActiveSession: False
[Info   :Zeepkist Bingo] [BINGO] Not in active session, skipping timer reset
[Info   :Zeepkist GTR] 19:09:20 Loading personal best...
[Info   :Zeepkist GTR] 19:09:20 Start processing HTTP request "POST" https://graphql.zeepki.st/
[Info   :Zeepkist GTR] 19:09:20 Sending HTTP request "POST" https://graphql.zeepki.st/
[Info   :Zeepkist GTR] 19:09:20 Stopping existing recorder if any
[Info   :Zeepkist GTR] 19:09:20 Creating new recorder
[Info   :Zeepkist GTR] 19:09:20 Start processing HTTP request "POST" https://graphql.zeepki.st/
[Info   :Zeepkist GTR] 19:09:20 Sending HTTP request "POST" https://graphql.zeepki.st/
[Info   :Zeepkist GTR] 19:09:20 Start processing HTTP request "POST" https://graphql.zeepki.st/
[Info   :Zeepkist GTR] 19:09:20 Sending HTTP request "POST" https://graphql.zeepki.st/
[Info   :Zeepkist GTR] 19:09:20 Received HTTP response headers after 186.7262ms - 200
[Info   :Zeepkist GTR] 19:09:20 End processing HTTP request after 186.9744ms - 200
[Info   :Zeepkist GTR] 19:09:20 Received HTTP response headers after 199.0515ms - 200
[Info   :Zeepkist GTR] 19:09:20 End processing HTTP request after 199.3057ms - 200
[Info   :Zeepkist GTR] 19:09:20 Received HTTP response headers after 362.0497ms - 200
[Info   :Zeepkist GTR] 19:09:20 End processing HTTP request after 362.2666ms - 200
[Info   :Zeepkist GTR] 19:09:20 Start processing HTTP request "POST" https://graphql.zeepki.st/
[Info   :Zeepkist GTR] 19:09:20 Sending HTTP request "POST" https://graphql.zeepki.st/
[Info   :Zeepkist GTR] 19:09:20 Received HTTP response headers after 184.4247ms - 200
[Info   :Zeepkist GTR] 19:09:20 End processing HTTP request after 184.6918ms - 200
[Info   :Zeepkist GTR] 19:09:22 Starting recorder
[Info   :Zeepkist Bingo] [BINGO] === PLAYER SPAWNED ===
[Info   :Zeepkist Bingo] [BINGO] IsInActiveSession: False
[Info   :Zeepkist Bingo] [BINGO] Not in active session, skipping timer reset
[Info   :Zeepkist GTR] 19:09:34 Loading personal best...
[Info   :Zeepkist GTR] 19:09:34 Start processing HTTP request "POST" https://graphql.zeepki.st/
[Info   :Zeepkist GTR] 19:09:34 Sending HTTP request "POST" https://graphql.zeepki.st/
[Info   :Zeepkist GTR] 19:09:34 Stopping existing recorder if any
[Info   :Zeepkist GTR] 19:09:34 Creating new recorder
[Info   :Zeepkist GTR] 19:09:34 Start processing HTTP request "POST" https://graphql.zeepki.st/
[Info   :Zeepkist GTR] 19:09:34 Sending HTTP request "POST" https://graphql.zeepki.st/
[Info   :Zeepkist GTR] 19:09:34 Start processing HTTP request "POST" https://graphql.zeepki.st/
[Info   :Zeepkist GTR] 19:09:34 Sending HTTP request "POST" https://graphql.zeepki.st/
[Info   :Zeepkist GTR] 19:09:34 Received HTTP response headers after 181.8212ms - 200
[Info   :Zeepkist GTR] 19:09:34 End processing HTTP request after 182.0519ms - 200
[Info   :Zeepkist GTR] 19:09:34 Received HTTP response headers after 192.8096ms - 200
[Info   :Zeepkist GTR] 19:09:34 End processing HTTP request after 193.2214ms - 200
[Info   :Zeepkist GTR] 19:09:35 Received HTTP response headers after 374.6511ms - 200
[Info   :Zeepkist GTR] 19:09:35 End processing HTTP request after 374.8729ms - 200
[Info   :Zeepkist GTR] 19:09:35 Start processing HTTP request "POST" https://graphql.zeepki.st/
[Info   :Zeepkist GTR] 19:09:35 Sending HTTP request "POST" https://graphql.zeepki.st/
[Info   :Zeepkist GTR] 19:09:35 Received HTTP response headers after 186.4891ms - 200
[Info   :Zeepkist GTR] 19:09:35 End processing HTTP request after 186.7241ms - 200
[Info   :Zeepkist GTR] 19:09:36 Starting recorder
[Info   :RoundLeaderboardTab] Drawing leaderboard -> forwarding to Instance.DrawTabLeaderboard()
[Info   :Zeepkist Bingo] [BINGO] === PLAYER SPAWNED ===
[Info   :Zeepkist Bingo] [BINGO] IsInActiveSession: False
[Info   :Zeepkist Bingo] [BINGO] Not in active session, skipping timer reset
[Info   :Zeepkist GTR] 19:10:46 Loading personal best...
[Info   :Zeepkist GTR] 19:10:46 Start processing HTTP request "POST" https://graphql.zeepki.st/
[Info   :Zeepkist GTR] 19:10:46 Sending HTTP request "POST" https://graphql.zeepki.st/
[Info   :Zeepkist GTR] 19:10:46 Stopping existing recorder if any
[Info   :Zeepkist GTR] 19:10:46 Creating new recorder
[Info   :Zeepkist GTR] 19:10:46 Start processing HTTP request "POST" https://graphql.zeepki.st/
[Info   :Zeepkist GTR] 19:10:46 Sending HTTP request "POST" https://graphql.zeepki.st/
[Info   :Zeepkist GTR] 19:10:46 Start processing HTTP request "POST" https://graphql.zeepki.st/
[Info   :Zeepkist GTR] 19:10:46 Sending HTTP request "POST" https://graphql.zeepki.st/
[Info   :Zeepkist GTR] 19:10:47 Received HTTP response headers after 752.6055ms - 200
[Info   :Zeepkist GTR] 19:10:47 Received HTTP response headers after 751.9512ms - 200
[Info   :Zeepkist GTR] 19:10:47 End processing HTTP request after 752.855ms - 200
[Info   :Zeepkist GTR] 19:10:47 End processing HTTP request after 752.1841ms - 200
[Info   :Zeepkist GTR] 19:10:47 Received HTTP response headers after 884.0818ms - 200
[Info   :Zeepkist GTR] 19:10:47 End processing HTTP request after 884.4154ms - 200
[Info   :Zeepkist GTR] 19:10:47 Start processing HTTP request "POST" https://graphql.zeepki.st/
[Info   :Zeepkist GTR] 19:10:47 Sending HTTP request "POST" https://graphql.zeepki.st/
[Info   :Zeepkist GTR] 19:10:47 Received HTTP response headers after 179.3249ms - 200
[Info   :Zeepkist GTR] 19:10:47 End processing HTTP request after 179.5883ms - 200
[Info   :Zeepkist GTR] 19:10:48 Starting recorder
[Info   :Zeepkist Bingo] [BINGO] === PLAYER SPAWNED ===
[Info   :Zeepkist Bingo] [BINGO] IsInActiveSession: False
[Info   :Zeepkist Bingo] [BINGO] Not in active session, skipping timer reset
[Info   :Zeepkist GTR] 19:11:18 Loading personal best...
[Info   :Zeepkist GTR] 19:11:18 Start processing HTTP request "POST" https://graphql.zeepki.st/
[Info   :Zeepkist GTR] 19:11:18 Sending HTTP request "POST" https://graphql.zeepki.st/
[Info   :Zeepkist GTR] 19:11:18 Stopping existing recorder if any
[Info   :Zeepkist GTR] 19:11:18 Creating new recorder
[Info   :Zeepkist GTR] 19:11:18 Start processing HTTP request "POST" https://graphql.zeepki.st/
[Info   :Zeepkist GTR] 19:11:18 Sending HTTP request "POST" https://graphql.zeepki.st/
[Info   :Zeepkist GTR] 19:11:18 Start processing HTTP request "POST" https://graphql.zeepki.st/
[Info   :Zeepkist GTR] 19:11:18 Sending HTTP request "POST" https://graphql.zeepki.st/
[Info   :Zeepkist GTR] 19:11:18 Received HTTP response headers after 179.6144ms - 200
[Info   :Zeepkist GTR] 19:11:18 Received HTTP response headers after 179.1796ms - 200
[Info   :Zeepkist GTR] 19:11:18 End processing HTTP request after 179.3781ms - 200
[Info   :Zeepkist GTR] 19:11:18 End processing HTTP request after 179.879ms - 200
[Info   :Zeepkist GTR] 19:11:18 Received HTTP response headers after 372.231ms - 200
[Info   :Zeepkist GTR] 19:11:18 End processing HTTP request after 372.4831ms - 200
[Info   :Zeepkist GTR] 19:11:18 Start processing HTTP request "POST" https://graphql.zeepki.st/
[Info   :Zeepkist GTR] 19:11:18 Sending HTTP request "POST" https://graphql.zeepki.st/
[Info   :Zeepkist GTR] 19:11:18 Received HTTP response headers after 187.2569ms - 200
[Info   :Zeepkist GTR] 19:11:18 End processing HTTP request after 187.4964ms - 200
[Info   :Zeepkist GTR] 19:11:19 Starting recorder
[Info   :Zeepkist Bingo] [BINGO] === PLAYER SPAWNED ===
[Info   :Zeepkist Bingo] [BINGO] IsInActiveSession: False
[Info   :Zeepkist Bingo] [BINGO] Not in active session, skipping timer reset
[Info   :Zeepkist GTR] 19:11:30 Loading personal best...
[Info   :Zeepkist GTR] 19:11:30 Start processing HTTP request "POST" https://graphql.zeepki.st/
[Info   :Zeepkist GTR] 19:11:30 Sending HTTP request "POST" https://graphql.zeepki.st/
[Info   :Zeepkist GTR] 19:11:30 Stopping existing recorder if any
[Info   :Zeepkist GTR] 19:11:30 Creating new recorder
[Info   :Zeepkist GTR] 19:11:30 Start processing HTTP request "POST" https://graphql.zeepki.st/
[Info   :Zeepkist GTR] 19:11:30 Sending HTTP request "POST" https://graphql.zeepki.st/
[Info   :Zeepkist GTR] 19:11:30 Start processing HTTP request "POST" https://graphql.zeepki.st/
[Info   :Zeepkist GTR] 19:11:30 Sending HTTP request "POST" https://graphql.zeepki.st/
[Info   :Zeepkist GTR] 19:11:30 Received HTTP response headers after 184.6055ms - 200
[Info   :Zeepkist GTR] 19:11:30 End processing HTTP request after 184.8301ms - 200
[Info   :Zeepkist GTR] 19:11:30 Received HTTP response headers after 185.2465ms - 200
[Info   :Zeepkist GTR] 19:11:30 End processing HTTP request after 185.5881ms - 200
[Info   :Zeepkist GTR] 19:11:30 Received HTTP response headers after 369.9335ms - 200
[Info   :Zeepkist GTR] 19:11:30 End processing HTTP request after 370.1781ms - 200
[Info   :Zeepkist GTR] 19:11:30 Start processing HTTP request "POST" https://graphql.zeepki.st/
[Info   :Zeepkist GTR] 19:11:30 Sending HTTP request "POST" https://graphql.zeepki.st/
[Info   :Zeepkist GTR] 19:11:31 Received HTTP response headers after 171.7351ms - 200
[Info   :Zeepkist GTR] 19:11:31 End processing HTTP request after 171.9821ms - 200
[Info   :Zeepkist GTR] 19:11:32 Starting recorder
[Info   :Zeepkist Bingo] [BINGO] === PLAYER SPAWNED ===
[Info   :Zeepkist Bingo] [BINGO] IsInActiveSession: False
[Info   :Zeepkist Bingo] [BINGO] Not in active session, skipping timer reset
[Info   :Zeepkist GTR] 19:12:05 Loading personal best...
[Info   :Zeepkist GTR] 19:12:05 Start processing HTTP request "POST" https://graphql.zeepki.st/
[Info   :Zeepkist GTR] 19:12:05 Sending HTTP request "POST" https://graphql.zeepki.st/
[Info   :Zeepkist GTR] 19:12:05 Stopping existing recorder if any
[Info   :Zeepkist GTR] 19:12:05 Creating new recorder
[Info   :Zeepkist GTR] 19:12:05 Start processing HTTP request "POST" https://graphql.zeepki.st/
[Info   :Zeepkist GTR] 19:12:05 Sending HTTP request "POST" https://graphql.zeepki.st/
[Info   :Zeepkist GTR] 19:12:05 Start processing HTTP request "POST" https://graphql.zeepki.st/
[Info   :Zeepkist GTR] 19:12:05 Sending HTTP request "POST" https://graphql.zeepki.st/
[Info   :Zeepkist GTR] 19:12:05 Received HTTP response headers after 196.9204ms - 200
[Info   :Zeepkist GTR] 19:12:05 Received HTTP response headers after 196.3655ms - 200
[Info   :Zeepkist GTR] 19:12:05 End processing HTTP request after 196.6731ms - 200
[Info   :Zeepkist GTR] 19:12:05 End processing HTTP request after 197.2252ms - 200
[Info   :Zeepkist GTR] 19:12:05 Received HTTP response headers after 391.9147ms - 200
[Info   :Zeepkist GTR] 19:12:05 End processing HTTP request after 392.1453ms - 200
[Info   :Zeepkist GTR] 19:12:05 Start processing HTTP request "POST" https://graphql.zeepki.st/
[Info   :Zeepkist GTR] 19:12:05 Sending HTTP request "POST" https://graphql.zeepki.st/
[Info   :Zeepkist GTR] 19:12:06 Received HTTP response headers after 174.8813ms - 200
[Info   :Zeepkist GTR] 19:12:06 End processing HTTP request after 175.1518ms - 200
[Info   :Zeepkist GTR] 19:12:07 Starting recorder
[Info   :Zeepkist Bingo] [BINGO] === PLAYER SPAWNED ===
[Info   :Zeepkist Bingo] [BINGO] IsInActiveSession: False
[Info   :Zeepkist Bingo] [BINGO] Not in active session, skipping timer reset
[Info   :Zeepkist GTR] 19:12:39 Loading personal best...
[Info   :Zeepkist GTR] 19:12:39 Start processing HTTP request "POST" https://graphql.zeepki.st/
[Info   :Zeepkist GTR] 19:12:39 Sending HTTP request "POST" https://graphql.zeepki.st/
[Info   :Zeepkist GTR] 19:12:39 Stopping existing recorder if any
[Info   :Zeepkist GTR] 19:12:39 Creating new recorder
[Info   :Zeepkist GTR] 19:12:39 Start processing HTTP request "POST" https://graphql.zeepki.st/
[Info   :Zeepkist GTR] 19:12:39 Sending HTTP request "POST" https://graphql.zeepki.st/
[Info   :Zeepkist GTR] 19:12:39 Start processing HTTP request "POST" https://graphql.zeepki.st/
[Info   :Zeepkist GTR] 19:12:39 Sending HTTP request "POST" https://graphql.zeepki.st/
[Info   :Zeepkist GTR] 19:12:39 Received HTTP response headers after 198.0733ms - 200
[Info   :Zeepkist GTR] 19:12:39 Received HTTP response headers after 197.5397ms - 200
[Info   :Zeepkist GTR] 19:12:39 End processing HTTP request after 198.3411ms - 200
[Info   :Zeepkist GTR] 19:12:39 End processing HTTP request after 197.8249ms - 200
[Info   :Zeepkist GTR] 19:12:40 Received HTTP response headers after 411.3975ms - 200
[Info   :Zeepkist GTR] 19:12:40 End processing HTTP request after 411.6201ms - 200
[Info   :Zeepkist GTR] 19:12:40 Start processing HTTP request "POST" https://graphql.zeepki.st/
[Info   :Zeepkist GTR] 19:12:40 Sending HTTP request "POST" https://graphql.zeepki.st/
[Info   :Zeepkist GTR] 19:12:40 Received HTTP response headers after 194.245ms - 200
[Info   :Zeepkist GTR] 19:12:40 End processing HTTP request after 194.5581ms - 200
[Info   :Zeepkist GTR] 19:12:41 Starting recorder
[Info   :Zeepkist Bingo] [BINGO] === PLAYER SPAWNED ===
[Info   :Zeepkist Bingo] [BINGO] IsInActiveSession: False
[Info   :Zeepkist Bingo] [BINGO] Not in active session, skipping timer reset
[Info   :Zeepkist GTR] 19:12:53 Loading personal best...
[Info   :Zeepkist GTR] 19:12:53 Start processing HTTP request "POST" https://graphql.zeepki.st/
[Info   :Zeepkist GTR] 19:12:53 Sending HTTP request "POST" https://graphql.zeepki.st/
[Info   :Zeepkist GTR] 19:12:53 Stopping existing recorder if any
[Info   :Zeepkist GTR] 19:12:53 Creating new recorder
[Info   :Zeepkist GTR] 19:12:53 Start processing HTTP request "POST" https://graphql.zeepki.st/
[Info   :Zeepkist GTR] 19:12:53 Sending HTTP request "POST" https://graphql.zeepki.st/
[Info   :Zeepkist GTR] 19:12:53 Start processing HTTP request "POST" https://graphql.zeepki.st/
[Info   :Zeepkist GTR] 19:12:53 Sending HTTP request "POST" https://graphql.zeepki.st/
[Info   :Zeepkist GTR] 19:12:53 Received HTTP response headers after 327.3838ms - 200
[Info   :Zeepkist GTR] 19:12:53 End processing HTTP request after 327.6262ms - 200
[Info   :Zeepkist GTR] 19:12:53 Received HTTP response headers after 367.6828ms - 200
[Info   :Zeepkist GTR] 19:12:53 End processing HTTP request after 367.9388ms - 200
[Info   :Zeepkist GTR] 19:12:54 Received HTTP response headers after 517.1545ms - 200
[Info   :Zeepkist GTR] 19:12:54 End processing HTTP request after 517.4245ms - 200
[Info   :Zeepkist GTR] 19:12:54 Start processing HTTP request "POST" https://graphql.zeepki.st/
[Info   :Zeepkist GTR] 19:12:54 Sending HTTP request "POST" https://graphql.zeepki.st/
[Info   :Zeepkist GTR] 19:12:54 Received HTTP response headers after 175.812ms - 200
[Info   :Zeepkist GTR] 19:12:54 End processing HTTP request after 176.2283ms - 200
[Info   :Zeepkist GTR] 19:12:55 Starting recorder
[Info   :Zeepkist Bingo] [BINGO] === PLAYER SPAWNED ===
[Info   :Zeepkist Bingo] [BINGO] IsInActiveSession: False
[Info   :Zeepkist Bingo] [BINGO] Not in active session, skipping timer reset
[Info   :Zeepkist GTR] 19:13:15 Loading personal best...
[Info   :Zeepkist GTR] 19:13:15 Start processing HTTP request "POST" https://graphql.zeepki.st/
[Info   :Zeepkist GTR] 19:13:15 Sending HTTP request "POST" https://graphql.zeepki.st/
[Info   :Zeepkist GTR] 19:13:15 Stopping existing recorder if any
[Info   :Zeepkist GTR] 19:13:15 Creating new recorder
[Info   :Zeepkist GTR] 19:13:15 Start processing HTTP request "POST" https://graphql.zeepki.st/
[Info   :Zeepkist GTR] 19:13:15 Sending HTTP request "POST" https://graphql.zeepki.st/
[Info   :Zeepkist GTR] 19:13:15 Start processing HTTP request "POST" https://graphql.zeepki.st/
[Info   :Zeepkist GTR] 19:13:15 Sending HTTP request "POST" https://graphql.zeepki.st/
[Info   :Zeepkist GTR] 19:13:15 Received HTTP response headers after 186.1347ms - 200
[Info   :Zeepkist GTR] 19:13:15 Received HTTP response headers after 186.6924ms - 200
[Info   :Zeepkist GTR] 19:13:15 End processing HTTP request after 186.9533ms - 200
[Info   :Zeepkist GTR] 19:13:15 End processing HTTP request after 186.3996ms - 200
[Info   :Zeepkist GTR] 19:13:16 Received HTTP response headers after 382.3852ms - 200
[Info   :Zeepkist GTR] 19:13:16 End processing HTTP request after 382.6066ms - 200
[Info   :Zeepkist GTR] 19:13:16 Start processing HTTP request "POST" https://graphql.zeepki.st/
[Info   :Zeepkist GTR] 19:13:16 Sending HTTP request "POST" https://graphql.zeepki.st/
[Info   :Zeepkist GTR] 19:13:16 Received HTTP response headers after 201.6619ms - 200
[Info   :Zeepkist GTR] 19:13:16 End processing HTTP request after 202.0155ms - 200
[Info   :Zeepkist GTR] 19:13:17 Starting recorder
[Info   :Zeepkist Bingo] [BINGO] === PLAYER SPAWNED ===
[Info   :Zeepkist Bingo] [BINGO] IsInActiveSession: False
[Info   :Zeepkist Bingo] [BINGO] Not in active session, skipping timer reset
[Info   :Zeepkist GTR] 19:13:22 Loading personal best...
[Info   :Zeepkist GTR] 19:13:22 Start processing HTTP request "POST" https://graphql.zeepki.st/
[Info   :Zeepkist GTR] 19:13:22 Sending HTTP request "POST" https://graphql.zeepki.st/
[Info   :Zeepkist GTR] 19:13:22 Stopping existing recorder if any
[Info   :Zeepkist GTR] 19:13:22 Creating new recorder
[Info   :Zeepkist GTR] 19:13:22 Start processing HTTP request "POST" https://graphql.zeepki.st/
[Info   :Zeepkist GTR] 19:13:22 Sending HTTP request "POST" https://graphql.zeepki.st/
[Info   :Zeepkist GTR] 19:13:22 Start processing HTTP request "POST" https://graphql.zeepki.st/
[Info   :Zeepkist GTR] 19:13:22 Sending HTTP request "POST" https://graphql.zeepki.st/
[Info   :Zeepkist GTR] 19:13:22 Received HTTP response headers after 244.7876ms - 200
[Info   :Zeepkist GTR] 19:13:22 End processing HTTP request after 245.0126ms - 200
[Info   :Zeepkist GTR] 19:13:22 Received HTTP response headers after 268.3948ms - 200
[Info   :Zeepkist GTR] 19:13:22 End processing HTTP request after 268.6384ms - 200
[Info   :Zeepkist GTR] 19:13:22 Received HTTP response headers after 450.53ms - 200
[Info   :Zeepkist GTR] 19:13:22 End processing HTTP request after 450.7734ms - 200
[Info   :Zeepkist GTR] 19:13:22 Start processing HTTP request "POST" https://graphql.zeepki.st/
[Info   :Zeepkist GTR] 19:13:22 Sending HTTP request "POST" https://graphql.zeepki.st/
[Info   :Zeepkist GTR] 19:13:22 Received HTTP response headers after 176.8967ms - 200
[Info   :Zeepkist GTR] 19:13:22 End processing HTTP request after 177.1367ms - 200
[Info   :Zeepkist GTR] 19:13:24 Starting recorder
[Info   :Zeepkist Bingo] [BINGO] === PLAYER SPAWNED ===
[Info   :Zeepkist Bingo] [BINGO] IsInActiveSession: False
[Info   :Zeepkist Bingo] [BINGO] Not in active session, skipping timer reset
[Info   :Zeepkist GTR] 19:13:36 Loading personal best...
[Info   :Zeepkist GTR] 19:13:36 Start processing HTTP request "POST" https://graphql.zeepki.st/
[Info   :Zeepkist GTR] 19:13:36 Sending HTTP request "POST" https://graphql.zeepki.st/
[Info   :Zeepkist GTR] 19:13:36 Stopping existing recorder if any
[Info   :Zeepkist GTR] 19:13:36 Creating new recorder
[Info   :Zeepkist GTR] 19:13:36 Start processing HTTP request "POST" https://graphql.zeepki.st/
[Info   :Zeepkist GTR] 19:13:36 Sending HTTP request "POST" https://graphql.zeepki.st/
[Info   :Zeepkist GTR] 19:13:36 Start processing HTTP request "POST" https://graphql.zeepki.st/
[Info   :Zeepkist GTR] 19:13:36 Sending HTTP request "POST" https://graphql.zeepki.st/
[Info   :Zeepkist GTR] 19:13:36 Received HTTP response headers after 189.1014ms - 200
[Info   :Zeepkist GTR] 19:13:36 Received HTTP response headers after 188.4794ms - 200
[Info   :Zeepkist GTR] 19:13:36 End processing HTTP request after 189.3478ms - 200
[Info   :Zeepkist GTR] 19:13:36 End processing HTTP request after 188.7671ms - 200
[Info   :Zeepkist GTR] 19:13:37 Received HTTP response headers after 372.8062ms - 200
[Info   :Zeepkist GTR] 19:13:37 End processing HTTP request after 373.0535ms - 200
[Info   :Zeepkist GTR] 19:13:37 Start processing HTTP request "POST" https://graphql.zeepki.st/
[Info   :Zeepkist GTR] 19:13:37 Sending HTTP request "POST" https://graphql.zeepki.st/
[Info   :Zeepkist GTR] 19:13:37 Received HTTP response headers after 195.4452ms - 200
[Info   :Zeepkist GTR] 19:13:37 End processing HTTP request after 195.7281ms - 200
[Info   :Zeepkist GTR] 19:13:38 Starting recorder
[Info   :Zeepkist Bingo] [BINGO] === PLAYER SPAWNED ===
[Info   :Zeepkist Bingo] [BINGO] IsInActiveSession: False
[Info   :Zeepkist Bingo] [BINGO] Not in active session, skipping timer reset
[Info   :Zeepkist GTR] 19:14:13 Loading personal best...
[Info   :Zeepkist GTR] 19:14:13 Start processing HTTP request "POST" https://graphql.zeepki.st/
[Info   :Zeepkist GTR] 19:14:13 Sending HTTP request "POST" https://graphql.zeepki.st/
[Info   :Zeepkist GTR] 19:14:13 Stopping existing recorder if any
[Info   :Zeepkist GTR] 19:14:13 Creating new recorder
[Info   :Zeepkist GTR] 19:14:13 Start processing HTTP request "POST" https://graphql.zeepki.st/
[Info   :Zeepkist GTR] 19:14:13 Sending HTTP request "POST" https://graphql.zeepki.st/
[Info   :Zeepkist GTR] 19:14:13 Start processing HTTP request "POST" https://graphql.zeepki.st/
[Info   :Zeepkist GTR] 19:14:13 Sending HTTP request "POST" https://graphql.zeepki.st/
[Info   :Zeepkist GTR] 19:14:13 Received HTTP response headers after 178.771ms - 200
[Info   :Zeepkist GTR] 19:14:13 Received HTTP response headers after 179.5918ms - 200
[Info   :Zeepkist GTR] 19:14:13 End processing HTTP request after 179.0284ms - 200
[Info   :Zeepkist GTR] 19:14:13 End processing HTTP request after 179.8641ms - 200
[Info   :Zeepkist GTR] 19:14:13 Received HTTP response headers after 365.7188ms - 200
[Info   :Zeepkist GTR] 19:14:13 End processing HTTP request after 365.978ms - 200
[Info   :Zeepkist GTR] 19:14:13 Start processing HTTP request "POST" https://graphql.zeepki.st/
[Info   :Zeepkist GTR] 19:14:13 Sending HTTP request "POST" https://graphql.zeepki.st/
[Info   :Zeepkist GTR] 19:14:13 Received HTTP response headers after 191.207ms - 200
[Info   :Zeepkist GTR] 19:14:13 End processing HTTP request after 191.4491ms - 200
[Info   :Zeepkist GTR] 19:14:14 Starting recorder
[Info   :Zeepkist Bingo] [BINGO] === PLAYER SPAWNED ===
[Info   :Zeepkist Bingo] [BINGO] IsInActiveSession: False
[Info   :Zeepkist Bingo] [BINGO] Not in active session, skipping timer reset
[Info   :Zeepkist GTR] 19:14:43 Loading personal best...
[Info   :Zeepkist GTR] 19:14:43 Start processing HTTP request "POST" https://graphql.zeepki.st/
[Info   :Zeepkist GTR] 19:14:43 Sending HTTP request "POST" https://graphql.zeepki.st/
[Info   :Zeepkist GTR] 19:14:43 Stopping existing recorder if any
[Info   :Zeepkist GTR] 19:14:43 Creating new recorder
[Info   :Zeepkist GTR] 19:14:43 Start processing HTTP request "POST" https://graphql.zeepki.st/
[Info   :Zeepkist GTR] 19:14:43 Sending HTTP request "POST" https://graphql.zeepki.st/
[Info   :Zeepkist GTR] 19:14:43 Start processing HTTP request "POST" https://graphql.zeepki.st/
[Info   :Zeepkist GTR] 19:14:43 Sending HTTP request "POST" https://graphql.zeepki.st/
[Info   :Zeepkist GTR] 19:14:43 Received HTTP response headers after 185.1327ms - 200
[Info   :Zeepkist GTR] 19:14:43 End processing HTTP request after 185.3994ms - 200
[Info   :Zeepkist GTR] 19:14:43 Received HTTP response headers after 203.7069ms - 200
[Info   :Zeepkist GTR] 19:14:43 End processing HTTP request after 203.9515ms - 200
[Info   :Zeepkist GTR] 19:14:44 Received HTTP response headers after 403.4891ms - 200
[Info   :Zeepkist GTR] 19:14:44 End processing HTTP request after 403.6926ms - 200
[Info   :Zeepkist GTR] 19:14:44 Start processing HTTP request "POST" https://graphql.zeepki.st/
[Info   :Zeepkist GTR] 19:14:44 Sending HTTP request "POST" https://graphql.zeepki.st/
[Info   :Zeepkist GTR] 19:14:44 Received HTTP response headers after 186.0643ms - 200
[Info   :Zeepkist GTR] 19:14:44 End processing HTTP request after 186.3145ms - 200
[Info   :Zeepkist GTR] 19:14:45 Starting recorder
[Info   :Zeepkist Bingo] [BINGO] === PLAYER SPAWNED ===
[Info   :Zeepkist Bingo] [BINGO] IsInActiveSession: False
[Info   :Zeepkist Bingo] [BINGO] Not in active session, skipping timer reset
[Info   :Zeepkist GTR] 19:14:58 Loading personal best...
[Info   :Zeepkist GTR] 19:14:58 Start processing HTTP request "POST" https://graphql.zeepki.st/
[Info   :Zeepkist GTR] 19:14:58 Sending HTTP request "POST" https://graphql.zeepki.st/
[Info   :Zeepkist GTR] 19:14:58 Stopping existing recorder if any
[Info   :Zeepkist GTR] 19:14:58 Creating new recorder
[Info   :Zeepkist GTR] 19:14:58 Start processing HTTP request "POST" https://graphql.zeepki.st/
[Info   :Zeepkist GTR] 19:14:58 Sending HTTP request "POST" https://graphql.zeepki.st/
[Info   :Zeepkist GTR] 19:14:58 Start processing HTTP request "POST" https://graphql.zeepki.st/
[Info   :Zeepkist GTR] 19:14:58 Sending HTTP request "POST" https://graphql.zeepki.st/
[Info   :Zeepkist GTR] 19:14:59 Received HTTP response headers after 304.762ms - 200
[Info   :Zeepkist GTR] 19:14:59 End processing HTTP request after 304.9563ms - 200
[Info   :Zeepkist GTR] 19:14:59 Received HTTP response headers after 487.3772ms - 200
[Info   :Zeepkist GTR] 19:14:59 End processing HTTP request after 487.6081ms - 200
[Info   :Zeepkist GTR] 19:14:59 Start processing HTTP request "POST" https://graphql.zeepki.st/
[Info   :Zeepkist GTR] 19:14:59 Sending HTTP request "POST" https://graphql.zeepki.st/
[Info   :Zeepkist GTR] 19:14:59 Received HTTP response headers after 181.0974ms - 200
[Info   :Zeepkist GTR] 19:14:59 End processing HTTP request after 181.3455ms - 200
[Info   :Zeepkist GTR] 19:14:59 Received HTTP response headers after 711.686ms - 200
[Info   :Zeepkist GTR] 19:14:59 End processing HTTP request after 712.0345ms - 200
[Info   :Zeepkist GTR] 19:15:00 Starting recorder
[Info   :Zeepkist Bingo] [BINGO] === PLAYER SPAWNED ===
[Info   :Zeepkist Bingo] [BINGO] IsInActiveSession: False
[Info   :Zeepkist Bingo] [BINGO] Not in active session, skipping timer reset
[Info   :Zeepkist GTR] 19:15:23 Loading personal best...
[Info   :Zeepkist GTR] 19:15:23 Start processing HTTP request "POST" https://graphql.zeepki.st/
[Info   :Zeepkist GTR] 19:15:23 Sending HTTP request "POST" https://graphql.zeepki.st/
[Info   :Zeepkist GTR] 19:15:23 Stopping existing recorder if any
[Info   :Zeepkist GTR] 19:15:23 Creating new recorder
[Info   :Zeepkist GTR] 19:15:23 Start processing HTTP request "POST" https://graphql.zeepki.st/
[Info   :Zeepkist GTR] 19:15:23 Sending HTTP request "POST" https://graphql.zeepki.st/
[Info   :Zeepkist GTR] 19:15:23 Start processing HTTP request "POST" https://graphql.zeepki.st/
[Info   :Zeepkist GTR] 19:15:23 Sending HTTP request "POST" https://graphql.zeepki.st/
[Info   :Zeepkist GTR] 19:15:24 Received HTTP response headers after 170.7695ms - 200
[Info   :Zeepkist GTR] 19:15:24 End processing HTTP request after 171.0423ms - 200
[Info   :Zeepkist GTR] 19:15:24 Received HTTP response headers after 179.3706ms - 200
[Info   :Zeepkist GTR] 19:15:24 End processing HTTP request after 179.7238ms - 200
[Info   :Zeepkist GTR] 19:15:24 Received HTTP response headers after 362.1505ms - 200
[Info   :Zeepkist GTR] 19:15:24 End processing HTTP request after 362.3925ms - 200
[Info   :Zeepkist GTR] 19:15:24 Start processing HTTP request "POST" https://graphql.zeepki.st/
[Info   :Zeepkist GTR] 19:15:24 Sending HTTP request "POST" https://graphql.zeepki.st/
[Info   :Zeepkist GTR] 19:15:24 Received HTTP response headers after 165.9289ms - 200
[Info   :Zeepkist GTR] 19:15:24 End processing HTTP request after 166.2183ms - 200
[Info   :Zeepkist GTR] 19:15:25 Starting recorder
[Info   :Zeepkist GTR] 19:15:57 Stopping recorder
[Info   :Zeepkist GTR] 19:15:57 Collecting extra information
[Info   :Zeepkist GTR] 19:15:57 Resolved workshop ID "3771063987" from lobby 3771063987 and level 0
[Info   :Zeepkist GTR] 19:15:57 Processing ghost data
[Info   :Zeepkist GTR] 19:15:57 Creating stream
[Info   :Zeepkist GTR] 19:15:57 Writing to stream
[Info   :Zeepkist GTR] 19:15:57 Getting buffer
[Info   :Zeepkist GTR] 19:15:57 Converting to base64
[Info   :Zeepkist GTR] 19:15:57 Creating resource
[Info   :Zeepkist GTR] 19:15:57 Start processing HTTP request "POST" https://backend.zeepki.st/record/submit
[Info   :Zeepkist GTR] 19:15:57 Sending HTTP request "POST" https://backend.zeepki.st/record/submit
[Info   :Zeepkist GTR] 19:15:59 Received HTTP response headers after 1326.7076ms - 200
[Info   :Zeepkist GTR] 19:15:59 End processing HTTP request after 1326.9692ms - 200
[Info   :Zeepkist Bingo] [BINGO] === PLAYER SPAWNED ===
[Info   :Zeepkist Bingo] [BINGO] IsInActiveSession: False
[Info   :Zeepkist Bingo] [BINGO] Not in active session, skipping timer reset
[Info   :Zeepkist GTR] 19:15:59 Loading personal best...
[Info   :Zeepkist GTR] 19:15:59 Start processing HTTP request "POST" https://graphql.zeepki.st/
[Info   :Zeepkist GTR] 19:15:59 Sending HTTP request "POST" https://graphql.zeepki.st/
[Info   :Zeepkist GTR] 19:15:59 Stopping existing recorder if any
[Info   :Zeepkist GTR] 19:15:59 Creating new recorder
[Info   :Zeepkist GTR] 19:15:59 Start processing HTTP request "POST" https://graphql.zeepki.st/
[Info   :Zeepkist GTR] 19:15:59 Sending HTTP request "POST" https://graphql.zeepki.st/
[Info   :Zeepkist GTR] 19:15:59 Start processing HTTP request "POST" https://graphql.zeepki.st/
[Info   :Zeepkist GTR] 19:15:59 Sending HTTP request "POST" https://graphql.zeepki.st/
[Info   :Zeepkist GTR] 19:15:59 Received HTTP response headers after 193.4481ms - 200
[Info   :Zeepkist GTR] 19:15:59 Received HTTP response headers after 193.9637ms - 200
[Info   :Zeepkist GTR] 19:15:59 End processing HTTP request after 193.7475ms - 200
[Info   :Zeepkist GTR] 19:15:59 End processing HTTP request after 194.2758ms - 200
[Info   :Zeepkist GTR] 19:15:59 Received HTTP response headers after 388.9171ms - 200
[Info   :Zeepkist GTR] 19:15:59 End processing HTTP request after 389.1539ms - 200
[Info   :Zeepkist GTR] 19:15:59 Start processing HTTP request "POST" https://graphql.zeepki.st/
[Info   :Zeepkist GTR] 19:15:59 Sending HTTP request "POST" https://graphql.zeepki.st/
[Info   :Zeepkist GTR] 19:15:59 Received HTTP response headers after 178.8293ms - 200
[Info   :Zeepkist GTR] 19:15:59 End processing HTTP request after 179.1131ms - 200
[Info   :Zeepkist GTR] 19:16:01 Starting recorder
[Info   :Zeepkist Bingo] [BINGO] === PLAYER SPAWNED ===
[Info   :Zeepkist Bingo] [BINGO] IsInActiveSession: False
[Info   :Zeepkist Bingo] [BINGO] Not in active session, skipping timer reset
[Info   :Zeepkist GTR] 19:16:33 Loading personal best...
[Info   :Zeepkist GTR] 19:16:33 Start processing HTTP request "POST" https://graphql.zeepki.st/
[Info   :Zeepkist GTR] 19:16:33 Sending HTTP request "POST" https://graphql.zeepki.st/
[Info   :Zeepkist GTR] 19:16:33 Stopping existing recorder if any
[Info   :Zeepkist GTR] 19:16:33 Creating new recorder
[Info   :Zeepkist GTR] 19:16:33 Start processing HTTP request "POST" https://graphql.zeepki.st/
[Info   :Zeepkist GTR] 19:16:33 Sending HTTP request "POST" https://graphql.zeepki.st/
[Info   :Zeepkist GTR] 19:16:33 Start processing HTTP request "POST" https://graphql.zeepki.st/
[Info   :Zeepkist GTR] 19:16:33 Sending HTTP request "POST" https://graphql.zeepki.st/
[Info   :Zeepkist GTR] 19:16:33 Received HTTP response headers after 181.0176ms - 200
[Info   :Zeepkist GTR] 19:16:33 End processing HTTP request after 181.2373ms - 200
[Info   :Zeepkist GTR] 19:16:33 Received HTTP response headers after 191.5927ms - 200
[Info   :Zeepkist GTR] 19:16:33 End processing HTTP request after 191.8148ms - 200
[Info   :Zeepkist GTR] 19:16:34 Received HTTP response headers after 385.9461ms - 200
[Info   :Zeepkist GTR] 19:16:34 End processing HTTP request after 386.1576ms - 200
[Info   :Zeepkist GTR] 19:16:34 Start processing HTTP request "POST" https://graphql.zeepki.st/
[Info   :Zeepkist GTR] 19:16:34 Sending HTTP request "POST" https://graphql.zeepki.st/
[Info   :Zeepkist GTR] 19:16:34 Received HTTP response headers after 196.4295ms - 200
[Info   :Zeepkist GTR] 19:16:34 End processing HTTP request after 196.673ms - 200
[Info   :Zeepkist GTR] 19:16:35 Starting recorder
[Info   :Zeepkist Bingo] [BINGO] === PLAYER SPAWNED ===
[Info   :Zeepkist Bingo] [BINGO] IsInActiveSession: False
[Info   :Zeepkist Bingo] [BINGO] Not in active session, skipping timer reset
[Info   :Zeepkist GTR] 19:16:40 Loading personal best...
[Info   :Zeepkist GTR] 19:16:40 Start processing HTTP request "POST" https://graphql.zeepki.st/
[Info   :Zeepkist GTR] 19:16:40 Sending HTTP request "POST" https://graphql.zeepki.st/
[Info   :Zeepkist GTR] 19:16:40 Stopping existing recorder if any
[Info   :Zeepkist GTR] 19:16:40 Creating new recorder
[Info   :Zeepkist GTR] 19:16:40 Start processing HTTP request "POST" https://graphql.zeepki.st/
[Info   :Zeepkist GTR] 19:16:40 Sending HTTP request "POST" https://graphql.zeepki.st/
[Info   :Zeepkist GTR] 19:16:40 Start processing HTTP request "POST" https://graphql.zeepki.st/
[Info   :Zeepkist GTR] 19:16:40 Sending HTTP request "POST" https://graphql.zeepki.st/
[Info   :Zeepkist GTR] 19:16:40 Received HTTP response headers after 182.9024ms - 200
[Info   :Zeepkist GTR] 19:16:40 End processing HTTP request after 183.1475ms - 200
[Info   :Zeepkist GTR] 19:16:40 Received HTTP response headers after 193.1869ms - 200
[Info   :Zeepkist GTR] 19:16:40 End processing HTTP request after 193.4573ms - 200
[Info   :Zeepkist GTR] 19:16:40 Received HTTP response headers after 361.557ms - 200
[Info   :Zeepkist GTR] 19:16:40 End processing HTTP request after 361.8109ms - 200
[Info   :Zeepkist GTR] 19:16:40 Start processing HTTP request "POST" https://graphql.zeepki.st/
[Info   :Zeepkist GTR] 19:16:40 Sending HTTP request "POST" https://graphql.zeepki.st/
[Info   :Zeepkist GTR] 19:16:40 Received HTTP response headers after 170.2707ms - 200
[Info   :Zeepkist GTR] 19:16:40 End processing HTTP request after 170.5296ms - 200
[Info   :Zeepkist GTR] 19:16:41 Starting recorder
[Info   :Zeepkist Bingo] [BINGO] === PLAYER SPAWNED ===
[Info   :Zeepkist Bingo] [BINGO] IsInActiveSession: False
[Info   :Zeepkist Bingo] [BINGO] Not in active session, skipping timer reset
[Info   :Zeepkist GTR] 19:17:05 Loading personal best...
[Info   :Zeepkist GTR] 19:17:05 Start processing HTTP request "POST" https://graphql.zeepki.st/
[Info   :Zeepkist GTR] 19:17:05 Sending HTTP request "POST" https://graphql.zeepki.st/
[Info   :Zeepkist GTR] 19:17:05 Stopping existing recorder if any
[Info   :Zeepkist GTR] 19:17:05 Creating new recorder
[Info   :Zeepkist GTR] 19:17:05 Start processing HTTP request "POST" https://graphql.zeepki.st/
[Info   :Zeepkist GTR] 19:17:05 Sending HTTP request "POST" https://graphql.zeepki.st/
[Info   :Zeepkist GTR] 19:17:05 Start processing HTTP request "POST" https://graphql.zeepki.st/
[Info   :Zeepkist GTR] 19:17:05 Sending HTTP request "POST" https://graphql.zeepki.st/
[Info   :Zeepkist GTR] 19:17:05 Received HTTP response headers after 730.9747ms - 200
[Info   :Zeepkist GTR] 19:17:05 End processing HTTP request after 731.197ms - 200
[Info   :Zeepkist GTR] 19:17:06 Received HTTP response headers after 788.695ms - 200
[Info   :Zeepkist GTR] 19:17:06 End processing HTTP request after 788.9144ms - 200
[Info   :Zeepkist GTR] 19:17:06 Received HTTP response headers after 864.8763ms - 200
[Info   :Zeepkist GTR] 19:17:06 End processing HTTP request after 865.1349ms - 200
[Info   :Zeepkist GTR] 19:17:06 Start processing HTTP request "POST" https://graphql.zeepki.st/
[Info   :Zeepkist GTR] 19:17:06 Sending HTTP request "POST" https://graphql.zeepki.st/
[Info   :Zeepkist GTR] 19:17:06 Received HTTP response headers after 186.9311ms - 200
[Info   :Zeepkist GTR] 19:17:06 End processing HTTP request after 187.1853ms - 200
[Info   :Zeepkist GTR] 19:17:06 Starting recorder
[Info   :Zeepkist Bingo] [BINGO] === PLAYER SPAWNED ===
[Info   :Zeepkist Bingo] [BINGO] IsInActiveSession: False
[Info   :Zeepkist Bingo] [BINGO] Not in active session, skipping timer reset
[Info   :Zeepkist GTR] 19:17:11 Loading personal best...
[Info   :Zeepkist GTR] 19:17:11 Start processing HTTP request "POST" https://graphql.zeepki.st/
[Info   :Zeepkist GTR] 19:17:11 Sending HTTP request "POST" https://graphql.zeepki.st/
[Info   :Zeepkist GTR] 19:17:11 Stopping existing recorder if any
[Info   :Zeepkist GTR] 19:17:11 Creating new recorder
[Info   :Zeepkist GTR] 19:17:11 Start processing HTTP request "POST" https://graphql.zeepki.st/
[Info   :Zeepkist GTR] 19:17:11 Sending HTTP request "POST" https://graphql.zeepki.st/
[Info   :Zeepkist GTR] 19:17:11 Start processing HTTP request "POST" https://graphql.zeepki.st/
[Info   :Zeepkist GTR] 19:17:11 Sending HTTP request "POST" https://graphql.zeepki.st/
[Info   :Zeepkist GTR] 19:17:11 Received HTTP response headers after 180.6725ms - 200
[Info   :Zeepkist GTR] 19:17:11 End processing HTTP request after 180.9863ms - 200
[Info   :Zeepkist GTR] 19:17:11 Received HTTP response headers after 202.2217ms - 200
[Info   :Zeepkist GTR] 19:17:11 End processing HTTP request after 202.5019ms - 200
[Info   :Zeepkist GTR] 19:17:11 Received HTTP response headers after 377.0341ms - 200
[Info   :Zeepkist GTR] 19:17:11 End processing HTTP request after 377.3007ms - 200
[Info   :Zeepkist GTR] 19:17:11 Start processing HTTP request "POST" https://graphql.zeepki.st/
[Info   :Zeepkist GTR] 19:17:11 Sending HTTP request "POST" https://graphql.zeepki.st/
[Info   :Zeepkist GTR] 19:17:12 Received HTTP response headers after 185.429ms - 200
[Info   :Zeepkist GTR] 19:17:12 End processing HTTP request after 185.7374ms - 200
[Info   :Zeepkist GTR] 19:17:13 Starting recorder
[Info   :Zeepkist Bingo] [BINGO] === PLAYER SPAWNED ===
[Info   :Zeepkist Bingo] [BINGO] IsInActiveSession: False
[Info   :Zeepkist Bingo] [BINGO] Not in active session, skipping timer reset
[Info   :Zeepkist GTR] 19:17:15 Loading personal best...
[Info   :Zeepkist GTR] 19:17:15 Start processing HTTP request "POST" https://graphql.zeepki.st/
[Info   :Zeepkist GTR] 19:17:15 Sending HTTP request "POST" https://graphql.zeepki.st/
[Info   :Zeepkist GTR] 19:17:15 Stopping existing recorder if any
[Info   :Zeepkist GTR] 19:17:15 Creating new recorder
[Info   :Zeepkist GTR] 19:17:15 Start processing HTTP request "POST" https://graphql.zeepki.st/
[Info   :Zeepkist GTR] 19:17:15 Sending HTTP request "POST" https://graphql.zeepki.st/
[Info   :Zeepkist GTR] 19:17:15 Start processing HTTP request "POST" https://graphql.zeepki.st/
[Info   :Zeepkist GTR] 19:17:15 Sending HTTP request "POST" https://graphql.zeepki.st/
[Info   :Zeepkist GTR] 19:17:15 Received HTTP response headers after 186.1805ms - 200
[Info   :Zeepkist GTR] 19:17:15 Received HTTP response headers after 185.6643ms - 200
[Info   :Zeepkist GTR] 19:17:15 End processing HTTP request after 186.428ms - 200
[Info   :Zeepkist GTR] 19:17:15 End processing HTTP request after 185.9183ms - 200
[Info   :Zeepkist GTR] 19:17:15 Received HTTP response headers after 370.3448ms - 200
[Info   :Zeepkist GTR] 19:17:15 End processing HTTP request after 370.5773ms - 200
[Info   :Zeepkist GTR] 19:17:15 Start processing HTTP request "POST" https://graphql.zeepki.st/
[Info   :Zeepkist GTR] 19:17:15 Sending HTTP request "POST" https://graphql.zeepki.st/
[Info   :Zeepkist GTR] 19:17:15 Received HTTP response headers after 189.0711ms - 200
[Info   :Zeepkist GTR] 19:17:15 End processing HTTP request after 189.3308ms - 200
[Info   :Zeepkist GTR] 19:17:16 Starting recorder
[Info   :Zeepkist GTR] 19:17:48 Stopping recorder
[Info   :Zeepkist GTR] 19:17:48 Collecting extra information
[Info   :Zeepkist GTR] 19:17:48 Resolved workshop ID "3771063987" from lobby 3771063987 and level 0
[Info   :Zeepkist GTR] 19:17:48 Processing ghost data
[Info   :Zeepkist GTR] 19:17:48 Creating stream
[Info   :Zeepkist GTR] 19:17:48 Writing to stream
[Info   :Zeepkist GTR] 19:17:49 Getting buffer
[Info   :Zeepkist GTR] 19:17:49 Converting to base64
[Info   :Zeepkist GTR] 19:17:49 Creating resource
[Info   :Zeepkist GTR] 19:17:49 Start processing HTTP request "POST" https://backend.zeepki.st/auth/refresh
[Info   :Zeepkist GTR] 19:17:49 Sending HTTP request "POST" https://backend.zeepki.st/auth/refresh
[Info   :Zeepkist GTR] 19:17:49 Received HTTP response headers after 731.2894ms - 200
[Info   :Zeepkist GTR] 19:17:49 End processing HTTP request after 731.5726ms - 200
[Info   :Zeepkist GTR] 19:17:49 Start processing HTTP request "POST" https://backend.zeepki.st/record/submit
[Info   :Zeepkist GTR] 19:17:49 Sending HTTP request "POST" https://backend.zeepki.st/record/submit
[Info   :Zeepkist GTR] 19:17:50 Received HTTP response headers after 801.1084ms - 200
[Info   :Zeepkist GTR] 19:17:50 End processing HTTP request after 801.3358ms - 200
[Error  :     TeamX]  [TEAMX] Operation failed: Client is already disconnected.
[Info   :Zeepkist Bingo] [BINGO] Application quitting - force disposing WebSocket
[Info   :Zeepkist Bingo] [WEBSOCKET] Force disposed
[Info   :Zeepkist Bingo] [WEBSOCKET] Force disposed
