[Message:   BepInEx] BepInEx 5.4.22.0 - Zeepkist (1/15/2026 3:08:57 PM)
[Info   :   BepInEx] Running under Unity v2021.3.10.1867021
[Info   :   BepInEx] CLR runtime version: 4.0.30319.42000
[Info   :   BepInEx] Supports SRE: True
[Info   :   BepInEx] System platform: Bits64, Windows
[Message:   BepInEx] Preloader started
[Info   :   BepInEx] Loaded 1 patcher method from [BepInEx.Preloader 5.4.22.0]
[Info   :   BepInEx] 1 patcher plugin loaded
[Info   :   BepInEx] Patching [UnityEngine.CoreModule] with [BepInEx.Chainloader]
[Message:   BepInEx] Preloader finished
[Message:   BepInEx] Chainloader ready
[Message:   BepInEx] Chainloader started
[Info   :   BepInEx] 11 plugins to load
[Info   :   BepInEx] Loading [Zeep SDK 2.2.0]
[Info   :  Zeep SDK] Plugin ZeepSDK is loaded!
[Info   :   BepInEx] Loading [AuthorTimeHunting 1.17.4]
[Info   :AuthorTimeHunting] StateMachine: Transitioning from null to StateMasterOff
[Info   :AuthorTimeHunting] Plugin AuthorTimeHunting is loaded!
[Info   :   BepInEx] Loading [BetterSplits 0.2.2]
[Info   :BetterSplits] Plugin BetterSplits is loaded!
[Info   :   BepInEx] Loading [TeamX 2.1]
[Info   :   BepInEx] Loading [FastStart 1.0.0]
[Info   : FastStart] Plugin FastStart is loaded!
[Info   :   BepInEx] Loading [Zeepkist Bingo 1.1.5]
[Info   :Zeepkist Bingo] Zeepkist Bingo v1.1.5 is loading...
[Info   :Zeepkist Bingo] [BINGO] Loaded 0 muted players
[Info   :Zeepkist Bingo] [BingoTTS] Initialized. Cache: C:/Users/joshs/AppData/Local/Temp/Steelpan Interactive/Zeepkist\ZeepkistBingo_TTS
[Info   :Zeepkist Bingo] [BingoTTS] Available voices: Microsoft David Desktop, Microsoft Zira Desktop
[Info   :Zeepkist Bingo] [BINGO UI] Menu initialized
[Info   :Zeepkist Bingo] [BINGO UI] Mini board initialized
[Info   :Zeepkist Bingo] [BINGO UI] Team status initialized
[Info   :Zeepkist Bingo] [BINGO] V2 UI components initialized
[Info   :Zeepkist Bingo] [InstantLoader] Initialized
[Info   :Zeepkist Bingo] Bingo commands registered
[Info   :Zeepkist Bingo] [BINGO TEST] Test commands registered (/bt0 - /bt50)
[Info   :Zeepkist Bingo] Event hooks registered
[Info   :Zeepkist Bingo] [WEBSOCKET] Base URL set to: wss://zeepkist-bingo.chrisleiter.workers.dev
[Info   :Zeepkist Bingo] Zeepkist Bingo loaded successfully!
[Info   :   BepInEx] Loading [COTDTracker 0.11.1]
[Info   :COTDTracker] Plugin COTDTracker is loaded!
[Info   :   BepInEx] Loading [Level Editor Trails 4.0.2]
[Info   :Level Editor Trails] Plugin LevelEditorTrails is loaded!
[Info   :   BepInEx] Loading [Zeepkist GTR 0.40.3]
[Info   :   BepInEx] Loading [Medal Times 5.3.1]
[Info   :Medal Times] Plugin net.tnrd.zeepkist.medaltimes is loaded!
[Info   :   BepInEx] Loading [ZeepTourney 0.0.9]
[Info   :ZeepTourney] Plugin ZeepTourney is loaded!
[Message:   BepInEx] Chainloader startup complete
[Info   :AuthorTimeHunting] GraphQL client initialized.
[Info   :Zeepkist Bingo] [BINGO AUDIO] Generating custom sounds...
[Info   :Zeepkist Bingo] [BINGO AUDIO] All custom sounds generated!
[Info   :Zeepkist Bingo] [BINGO AUDIO] Custom FMOD audio system initialized!
[Info   :Zeepkist GTR] 17:55:38 Patching
[Info   :Zeepkist GTR] 17:55:39 Found 17 eager services
[Info   :Zeepkist GTR] 17:55:39 Application started. Press Ctrl+C to shut down.
[Info   :Zeepkist GTR] 17:55:39 Hosting environment: "Production"
[Info   :Zeepkist GTR] 17:55:39 Content root path: "C:\Program Files (x86)\Steam\steamapps\common\Zeepkist\BepInEx\plugins\Mods\2948039_6688852"
[Info   :Zeepkist GTR] Plugin net.tnrd.zeepkist.gtr is loaded!
[Info   :AuthorTimeHunting] Successfully retrieved 5 random levels
[Info   :     TeamX]  [TEAMX] Initializing TeamX...
[Info   :Zeepkist GTR] 17:57:22 Start processing HTTP request "POST" "https://backend.zeepki.st/auth/login"
[Info   :Zeepkist GTR] 17:57:22 Sending HTTP request "POST" "https://backend.zeepki.st/auth/login"
[Info   :CrashlyticsApi] Initializing bugsnag
[Info   :CrashlyticsApi] Bugsnag initialized
[Info   :Zeepkist GTR] 17:57:26 Received HTTP response headers after 3183.8436ms - 200
[Info   :Zeepkist GTR] 17:57:26 End processing HTTP request after 3197.1759ms - 200
[Info   :Zeepkist Bingo] [BINGO] Level loaded
[Info   :BetterSplits] getting gtr splits
[Info   :Zeepkist Bingo] [BINGO] === PLAYER SPAWNED ===
[Info   :Zeepkist Bingo] [BINGO] IsInActiveSession: False
[Info   :Zeepkist Bingo] [BINGO] Not in active session, skipping timer reset
[Info   :Zeepkist GTR] 17:57:45 Loading personal best...
[Info   :Zeepkist GTR] 17:57:45 Start processing HTTP request "POST" "https://graphql.zeepki.st/"
[Info   :Zeepkist GTR] 17:57:45 Sending HTTP request "POST" "https://graphql.zeepki.st/"
[Info   :Zeepkist GTR] 17:57:45 Stopping existing recorder if any
[Info   :Zeepkist GTR] 17:57:45 Creating new recorder
[Info   :Zeepkist GTR] 17:57:45 Start processing HTTP request "POST" "https://graphql.zeepki.st/"
[Info   :Zeepkist GTR] 17:57:45 Sending HTTP request "POST" "https://graphql.zeepki.st/"
[Info   :Zeepkist GTR] 17:57:45 Start processing HTTP request "POST" "https://graphql.zeepki.st/"
[Info   :Zeepkist GTR] 17:57:45 Sending HTTP request "POST" "https://graphql.zeepki.st/"
[Info   :Zeepkist GTR] 17:57:47 Starting recorder
[Info   :Zeepkist GTR] 17:57:48 Received HTTP response headers after 2612.9223ms - 200
[Info   :Zeepkist GTR] 17:57:48 End processing HTTP request after 2613.2961ms - 200
[Info   :Zeepkist GTR] 17:57:48 Ghost version: 5
[Error  :BetterSplits] could not get splits
Response: StatusCode: 400, ReasonPhrase: 'Bad Request', Version: 1.1, Content: System.Net.Http.StreamContent, Headers:
{
Date: Fri, 19 Jun 2026 22:57:50 GMT
Connection: keep-alive
Access-Control-Allow-Headers: Origin, X-Requested-With, Accept, Authorization, X-Apollo-Tracing, Content-Type, Content-Length, X-PostGraphile-Explain
Access-Control-Allow-Methods: HEAD, GET, POST
Access-Control-Allow-Origin: *
Access-Control-Expose-Headers: X-GraphQL-Event-Stream
Alt-Svc: h3=":443"; ma=86400
Vary: Origin
Via: 1.1 Caddy
X-Graphql-Event-Stream: /stream
X-Query-Cost: 115
Cf-Cache-Status: DYNAMIC
Strict-Transport-Security: max-age=15552000; includeSubDomains; preload
x-content-type-options: nosniff
Server-Timing: cfCacheStatus;desc="DYNAMIC", cfEdge;dur=12,cfOrigin;dur=127
Report-To: {"group":"cf-nel","max_age":604800,"endpoints":[{"url":"https://a.nel.cloudflare.com/report/v4?s=NbEzPDOBU48x33ybcXdDL9H8yVJYdY5YnpiclLJxvbRTs%2FnZkI67%2BLXD7X5Oa7UjMXlJSg%2FbZIhyGFwIwvJW2soTQEZkdJKbAxCs4gqH1S9Z24vQp6pirxQy4TO0zc2PNp%2Ft9Q%3D%3D"}]}
Nel: {"report_to":"cf-nel","success_fraction":0.0,"max_age":604800}
expect-ct: max-age=86400, enforce
referrer-policy: same-origin
x-frame-options: SAMEORIGIN
x-xss-protection: 1; mode=block
Server: cloudflare
CF-RAY: a0e6229339b8a215-MSP
Content-Type: application/json; charset=utf-8
Content-Length: 172
} 
Content: {"errors":[{"message":"Cannot query field \"personalBestGlobalsByIdLevel\" on type \"Level\". Did you mean \"personalBestGlobals\"?","locations":[{"line":1,"column":87}]}]}
Url: https://graphql.zeepki.st
Request: {"query":"query BetterSplitsPB($hash: String!, $steamId: BigFloat) { levelByHash(hash: $hash) { personalBestGlobalsByIdLevel(filter: {userByIdUser: {steamId: {equalTo: $steamId}}}) { nodes { recordByIdRecord { speeds splits time }}}}}","variables":{"hash":"ea1","steamId":"76561199218214543"}}
[Info   :Zeepkist GTR] 17:57:49 Received HTTP response headers after 3437.5579ms - 200
[Info   :Zeepkist GTR] 17:57:49 End processing HTTP request after 3437.8954ms - 200
[Info   :Zeepkist GTR] 17:57:51 Received HTTP response headers after 6043.8181ms - 200
[Info   :Zeepkist GTR] 17:57:51 End processing HTTP request after 6044.1598ms - 200
[Info   :Zeepkist GTR] 17:57:51 Start processing HTTP request "POST" "https://graphql.zeepki.st/"
[Info   :Zeepkist GTR] 17:57:51 Sending HTTP request "POST" "https://graphql.zeepki.st/"
[Info   :Zeepkist GTR] 17:57:52 Received HTTP response headers after 654.8675ms - 200
[Info   :Zeepkist GTR] 17:57:52 End processing HTTP request after 655.2078ms - 200
[Info   :Zeepkist GTR] 17:57:59 Discarding recorder
[Info   :RoundLeaderboardTab] Drawing leaderboard -> forwarding to Instance.DrawTabLeaderboard()
[Info   :Zeepkist Bingo] [BINGO] Level loaded
[Info   :BetterSplits] getting gtr splits
[Info   :Zeepkist Bingo] [BINGO] === PLAYER SPAWNED ===
[Info   :Zeepkist Bingo] [BINGO] IsInActiveSession: False
[Info   :Zeepkist Bingo] [BINGO] Not in active session, skipping timer reset
[Info   :Zeepkist GTR] 17:58:14 Loading personal best...
[Info   :Zeepkist GTR] 17:58:14 Start processing HTTP request "POST" "https://graphql.zeepki.st/"
[Info   :Zeepkist GTR] 17:58:14 Sending HTTP request "POST" "https://graphql.zeepki.st/"
[Info   :Zeepkist GTR] 17:58:14 Stopping existing recorder if any
[Info   :Zeepkist GTR] 17:58:14 Creating new recorder
[Info   :Zeepkist GTR] 17:58:14 Start processing HTTP request "POST" "https://graphql.zeepki.st/"
[Info   :Zeepkist GTR] 17:58:14 Sending HTTP request "POST" "https://graphql.zeepki.st/"
[Info   :Zeepkist GTR] 17:58:14 Start processing HTTP request "POST" "https://graphql.zeepki.st/"
[Info   :Zeepkist GTR] 17:58:14 Sending HTTP request "POST" "https://graphql.zeepki.st/"
[Error  :BetterSplits] could not get splits
Response: StatusCode: 400, ReasonPhrase: 'Bad Request', Version: 1.1, Content: System.Net.Http.StreamContent, Headers:
{
Date: Fri, 19 Jun 2026 22:58:16 GMT
Connection: keep-alive
Access-Control-Allow-Headers: Origin, X-Requested-With, Accept, Authorization, X-Apollo-Tracing, Content-Type, Content-Length, X-PostGraphile-Explain
Access-Control-Allow-Methods: HEAD, GET, POST
Access-Control-Allow-Origin: *
Access-Control-Expose-Headers: X-GraphQL-Event-Stream
Alt-Svc: h3=":443"; ma=86400
Vary: Origin
Via: 1.1 Caddy
X-Graphql-Event-Stream: /stream
X-Query-Cost: 115
Cf-Cache-Status: DYNAMIC
x-xss-protection: 1; mode=block
Strict-Transport-Security: max-age=15552000; includeSubDomains; preload
x-content-type-options: nosniff
Server-Timing: cfCacheStatus;desc="DYNAMIC", cfEdge;dur=5,cfOrigin;dur=129
Report-To: {"group":"cf-nel","max_age":604800,"endpoints":[{"url":"https://a.nel.cloudflare.com/report/v4?s=Ppw3O7RUJCh1uYLzjwP0oEFT2BSGGkqp25IVX7VAG%2Bi4n%2B%2BiW3%2FcSdBY39T1Q4Z7%2BFpGXegTM3X2UjmHqHx6lCM9p2BwvBWixZ7seieYXM2xCiVgZv9i7PbU6aEDWZ%2BRlpxOnw%3D%3D"}]}
Nel: {"report_to":"cf-nel","success_fraction":0.0,"max_age":604800}
expect-ct: max-age=86400, enforce
referrer-policy: same-origin
x-frame-options: SAMEORIGIN
Server: cloudflare
CF-RAY: a0e62336fa35a215-MSP
Content-Type: application/json; charset=utf-8
Content-Length: 172
} 
Content: {"errors":[{"message":"Cannot query field \"personalBestGlobalsByIdLevel\" on type \"Level\". Did you mean \"personalBestGlobals\"?","locations":[{"line":1,"column":87}]}]}
Url: https://graphql.zeepki.st
Request: {"query":"query BetterSplitsPB($hash: String!, $steamId: BigFloat) { levelByHash(hash: $hash) { personalBestGlobalsByIdLevel(filter: {userByIdUser: {steamId: {equalTo: $steamId}}}) { nodes { recordByIdRecord { speeds splits time }}}}}","variables":{"hash":"971C3C94E15FFCCE5ED28015D38314464CEE0004","steamId":"76561199218214543"}}
[Info   :Zeepkist GTR] 17:58:14 Received HTTP response headers after 168.7115ms - 200
[Info   :Zeepkist GTR] 17:58:14 End processing HTTP request after 169.1655ms - 200
[Info   :Zeepkist GTR] 17:58:14 Received HTTP response headers after 168.4544ms - 200
[Info   :Zeepkist GTR] 17:58:14 End processing HTTP request after 168.7561ms - 200
[Info   :Zeepkist GTR] 17:58:14 Ghost version: 5
[Info   :Zeepkist GTR] 17:58:14 Received HTTP response headers after 336.3926ms - 200
[Info   :Zeepkist GTR] 17:58:14 End processing HTTP request after 336.7046ms - 200
[Info   :Zeepkist GTR] 17:58:14 Start processing HTTP request "POST" "https://graphql.zeepki.st/"
[Info   :Zeepkist GTR] 17:58:14 Sending HTTP request "POST" "https://graphql.zeepki.st/"
[Info   :Zeepkist GTR] 17:58:14 Received HTTP response headers after 159.1964ms - 200
[Info   :Zeepkist GTR] 17:58:14 End processing HTTP request after 159.5163ms - 200
[Info   :Zeepkist GTR] 17:58:16 Starting recorder
[Info   :Zeepkist GTR] 18:03:12 Discarding recorder
[Info   :Zeepkist Bingo] [BINGO] Level loaded
[Info   :BetterSplits] getting gtr splits
[Info   :Zeepkist Bingo] [BINGO] === PLAYER SPAWNED ===
[Info   :Zeepkist Bingo] [BINGO] IsInActiveSession: False
[Info   :Zeepkist Bingo] [BINGO] Not in active session, skipping timer reset
[Info   :Zeepkist GTR] 18:03:27 Loading personal best...
[Info   :Zeepkist GTR] 18:03:27 Start processing HTTP request "POST" "https://graphql.zeepki.st/"
[Info   :Zeepkist GTR] 18:03:27 Sending HTTP request "POST" "https://graphql.zeepki.st/"
[Info   :Zeepkist GTR] 18:03:27 Stopping existing recorder if any
[Info   :Zeepkist GTR] 18:03:27 Creating new recorder
[Info   :Zeepkist GTR] 18:03:27 Start processing HTTP request "POST" "https://graphql.zeepki.st/"
[Info   :Zeepkist GTR] 18:03:27 Sending HTTP request "POST" "https://graphql.zeepki.st/"
[Info   :Zeepkist GTR] 18:03:27 Start processing HTTP request "POST" "https://graphql.zeepki.st/"
[Info   :Zeepkist GTR] 18:03:27 Sending HTTP request "POST" "https://graphql.zeepki.st/"
[Info   :Zeepkist GTR] 18:03:27 Received HTTP response headers after 268.8064ms - 200
[Info   :Zeepkist GTR] 18:03:27 End processing HTTP request after 269.1436ms - 200
[Info   :Zeepkist GTR] 18:03:27 Received HTTP response headers after 626.8294ms - 200
[Info   :Zeepkist GTR] 18:03:27 End processing HTTP request after 627.1733ms - 200
[Info   :Zeepkist GTR] 18:03:27 Ghost version: 5
[Info   :Zeepkist GTR] 18:03:28 Received HTTP response headers after 443.0623ms - 200
[Info   :Zeepkist GTR] 18:03:28 End processing HTTP request after 443.312ms - 200
[Info   :Zeepkist GTR] 18:03:28 Start processing HTTP request "POST" "https://graphql.zeepki.st/"
[Info   :Zeepkist GTR] 18:03:28 Sending HTTP request "POST" "https://graphql.zeepki.st/"
[Info   :Zeepkist GTR] 18:03:28 Received HTTP response headers after 168.1224ms - 200
[Info   :Zeepkist GTR] 18:03:28 End processing HTTP request after 168.4836ms - 200
[Error  :BetterSplits] could not get splits
Response: StatusCode: 400, ReasonPhrase: 'Bad Request', Version: 1.1, Content: System.Net.Http.StreamContent, Headers:
{
Date: Fri, 19 Jun 2026 23:03:30 GMT
Connection: keep-alive
Access-Control-Allow-Headers: Origin, X-Requested-With, Accept, Authorization, X-Apollo-Tracing, Content-Type, Content-Length, X-PostGraphile-Explain
Access-Control-Allow-Methods: HEAD, GET, POST
Access-Control-Allow-Origin: *
Access-Control-Expose-Headers: X-GraphQL-Event-Stream
Alt-Svc: h3=":443"; ma=86400
Vary: Origin
Via: 1.1 Caddy
X-Graphql-Event-Stream: /stream
X-Query-Cost: 115
Cf-Cache-Status: DYNAMIC
Strict-Transport-Security: max-age=15552000; includeSubDomains; preload
x-content-type-options: nosniff
Server-Timing: cfCacheStatus;desc="DYNAMIC", cfEdge;dur=12,cfOrigin;dur=514
Report-To: {"group":"cf-nel","max_age":604800,"endpoints":[{"url":"https://a.nel.cloudflare.com/report/v4?s=il34bYOKXKQLHKkPfJmaHKALFGKgBgFgrUQVe5M7rUXpcn2xBbANMm0YpnBpNBbNhRY39Lbzkd81HvOxgP0ztMvN4fcv5BFJowYL%2BQ1kxtKWEoF%2Br4m%2FgbSpkJ%2FjtHAH9ET7pg%3D%3D"}]}
Nel: {"report_to":"cf-nel","success_fraction":0.0,"max_age":604800}
expect-ct: max-age=86400, enforce
referrer-policy: same-origin
x-frame-options: SAMEORIGIN
x-xss-protection: 1; mode=block
Server: cloudflare
CF-RAY: a0e62add9ae7acf0-MSP
Content-Type: application/json; charset=utf-8
Content-Length: 172
} 
Content: {"errors":[{"message":"Cannot query field \"personalBestGlobalsByIdLevel\" on type \"Level\". Did you mean \"personalBestGlobals\"?","locations":[{"line":1,"column":87}]}]}
Url: https://graphql.zeepki.st
Request: {"query":"query BetterSplitsPB($hash: String!, $steamId: BigFloat) { levelByHash(hash: $hash) { personalBestGlobalsByIdLevel(filter: {userByIdUser: {steamId: {equalTo: $steamId}}}) { nodes { recordByIdRecord { speeds splits time }}}}}","variables":{"hash":"1FC3A03DCAA97FEBFC749369488F397F692BCFC5-2","steamId":"76561199218214543"}}
[Info   :Zeepkist GTR] 18:03:29 Starting recorder
[Info   :Zeepkist GTR] 18:03:29 Starting recorder
[Info   :RoundLeaderboardTab] Drawing leaderboard -> forwarding to Instance.DrawTabLeaderboard()
[Info   :Zeepkist Bingo] [CHAT] Intercepted message: back
[Info   :Zeepkist Bingo] [CHAT] Not relaying - no bingo session
[Info   :Zeepkist Bingo] [BINGO] === PLAYER SPAWNED ===
[Info   :Zeepkist Bingo] [BINGO] IsInActiveSession: False
[Info   :Zeepkist Bingo] [BINGO] Not in active session, skipping timer reset
[Info   :Zeepkist GTR] 18:07:11 Loading personal best...
[Info   :Zeepkist GTR] 18:07:11 Start processing HTTP request "POST" "https://graphql.zeepki.st/"
[Info   :Zeepkist GTR] 18:07:11 Sending HTTP request "POST" "https://graphql.zeepki.st/"
[Info   :Zeepkist GTR] 18:07:11 Stopping existing recorder if any
[Info   :Zeepkist GTR] 18:07:11 Creating new recorder
[Info   :Zeepkist GTR] 18:07:11 Start processing HTTP request "POST" "https://graphql.zeepki.st/"
[Info   :Zeepkist GTR] 18:07:11 Sending HTTP request "POST" "https://graphql.zeepki.st/"
[Info   :Zeepkist GTR] 18:07:11 Start processing HTTP request "POST" "https://graphql.zeepki.st/"
[Info   :Zeepkist GTR] 18:07:11 Sending HTTP request "POST" "https://graphql.zeepki.st/"
[Info   :Zeepkist GTR] 18:07:11 Received HTTP response headers after 277.1927ms - 200
[Info   :Zeepkist GTR] 18:07:11 Received HTTP response headers after 277.7801ms - 200
[Info   :Zeepkist GTR] 18:07:11 End processing HTTP request after 278.137ms - 200
[Info   :Zeepkist GTR] 18:07:11 End processing HTTP request after 277.5168ms - 200
[Info   :Zeepkist GTR] 18:07:11 Ghost version: 5
[Info   :Zeepkist GTR] 18:07:12 Received HTTP response headers after 455.7183ms - 200
[Info   :Zeepkist GTR] 18:07:12 End processing HTTP request after 455.9809ms - 200
[Info   :Zeepkist GTR] 18:07:12 Start processing HTTP request "POST" "https://graphql.zeepki.st/"
[Info   :Zeepkist GTR] 18:07:12 Sending HTTP request "POST" "https://graphql.zeepki.st/"
[Info   :Zeepkist GTR] 18:07:12 Received HTTP response headers after 176.2143ms - 200
[Info   :Zeepkist GTR] 18:07:12 End processing HTTP request after 176.5527ms - 200
[Info   :Zeepkist GTR] 18:07:13 Starting recorder
[Info   :Zeepkist GTR] 18:07:13 Starting recorder
[Info   :Zeepkist Bingo] [BINGO] === PLAYER SPAWNED ===
[Info   :Zeepkist Bingo] [BINGO] IsInActiveSession: False
[Info   :Zeepkist Bingo] [BINGO] Not in active session, skipping timer reset
[Info   :Zeepkist GTR] 18:07:26 Loading personal best...
[Info   :Zeepkist GTR] 18:07:26 Start processing HTTP request "POST" "https://graphql.zeepki.st/"
[Info   :Zeepkist GTR] 18:07:26 Sending HTTP request "POST" "https://graphql.zeepki.st/"
[Info   :Zeepkist GTR] 18:07:26 Stopping existing recorder if any
[Info   :Zeepkist GTR] 18:07:26 Creating new recorder
[Info   :Zeepkist GTR] 18:07:26 Start processing HTTP request "POST" "https://graphql.zeepki.st/"
[Info   :Zeepkist GTR] 18:07:26 Sending HTTP request "POST" "https://graphql.zeepki.st/"
[Info   :Zeepkist GTR] 18:07:26 Start processing HTTP request "POST" "https://graphql.zeepki.st/"
[Info   :Zeepkist GTR] 18:07:26 Sending HTTP request "POST" "https://graphql.zeepki.st/"
[Info   :Zeepkist GTR] 18:07:26 Received HTTP response headers after 170.6706ms - 200
[Info   :Zeepkist GTR] 18:07:26 End processing HTTP request after 170.909ms - 200
[Info   :Zeepkist GTR] 18:07:26 Received HTTP response headers after 174.3763ms - 200
[Info   :Zeepkist GTR] 18:07:26 End processing HTTP request after 174.6277ms - 200
[Info   :Zeepkist GTR] 18:07:26 Ghost version: 5
[Info   :Zeepkist GTR] 18:07:26 Received HTTP response headers after 335.3556ms - 200
[Info   :Zeepkist GTR] 18:07:26 End processing HTTP request after 335.6605ms - 200
[Info   :Zeepkist GTR] 18:07:26 Start processing HTTP request "POST" "https://graphql.zeepki.st/"
[Info   :Zeepkist GTR] 18:07:26 Sending HTTP request "POST" "https://graphql.zeepki.st/"
[Info   :Zeepkist GTR] 18:07:27 Received HTTP response headers after 163.8272ms - 200
[Info   :Zeepkist GTR] 18:07:27 End processing HTTP request after 164.1179ms - 200
[Info   :Zeepkist GTR] 18:07:28 Starting recorder
[Info   :Zeepkist GTR] 18:07:28 Starting recorder
[Info   :Zeepkist Bingo] [BINGO] === PLAYER SPAWNED ===
[Info   :Zeepkist Bingo] [BINGO] IsInActiveSession: False
[Info   :Zeepkist Bingo] [BINGO] Not in active session, skipping timer reset
[Info   :Zeepkist GTR] 18:07:49 Loading personal best...
[Info   :Zeepkist GTR] 18:07:49 Start processing HTTP request "POST" "https://graphql.zeepki.st/"
[Info   :Zeepkist GTR] 18:07:49 Sending HTTP request "POST" "https://graphql.zeepki.st/"
[Info   :Zeepkist GTR] 18:07:49 Stopping existing recorder if any
[Info   :Zeepkist GTR] 18:07:49 Creating new recorder
[Info   :Zeepkist GTR] 18:07:49 Start processing HTTP request "POST" "https://graphql.zeepki.st/"
[Info   :Zeepkist GTR] 18:07:49 Sending HTTP request "POST" "https://graphql.zeepki.st/"
[Info   :Zeepkist GTR] 18:07:49 Start processing HTTP request "POST" "https://graphql.zeepki.st/"
[Info   :Zeepkist GTR] 18:07:49 Sending HTTP request "POST" "https://graphql.zeepki.st/"
[Info   :Zeepkist GTR] 18:07:50 Received HTTP response headers after 287.2968ms - 200
[Info   :Zeepkist GTR] 18:07:50 End processing HTTP request after 287.5797ms - 200
[Info   :Zeepkist GTR] 18:07:50 Received HTTP response headers after 287.9814ms - 200
[Info   :Zeepkist GTR] 18:07:50 End processing HTTP request after 288.2596ms - 200
[Info   :Zeepkist GTR] 18:07:50 Ghost version: 5
[Info   :Zeepkist GTR] 18:07:50 Received HTTP response headers after 460.4251ms - 200
[Info   :Zeepkist GTR] 18:07:50 End processing HTTP request after 460.6653ms - 200
[Info   :Zeepkist GTR] 18:07:50 Start processing HTTP request "POST" "https://graphql.zeepki.st/"
[Info   :Zeepkist GTR] 18:07:50 Sending HTTP request "POST" "https://graphql.zeepki.st/"
[Info   :Zeepkist GTR] 18:07:50 Received HTTP response headers after 174.817ms - 200
[Info   :Zeepkist GTR] 18:07:50 End processing HTTP request after 175.1575ms - 200
[Info   :Zeepkist GTR] 18:07:51 Starting recorder
[Info   :Zeepkist GTR] 18:07:51 Starting recorder
[Info   :Zeepkist GTR] 18:08:25 Discarding recorder
[Info   :Zeepkist Bingo] [BINGO] Level loaded
[Info   :BetterSplits] getting gtr splits
[Info   :Zeepkist Bingo] [BINGO] === PLAYER SPAWNED ===
[Info   :Zeepkist Bingo] [BINGO] IsInActiveSession: False
[Info   :Zeepkist Bingo] [BINGO] Not in active session, skipping timer reset
[Info   :Zeepkist GTR] 18:08:40 Loading personal best...
[Info   :Zeepkist GTR] 18:08:40 Start processing HTTP request "POST" "https://graphql.zeepki.st/"
[Info   :Zeepkist GTR] 18:08:40 Sending HTTP request "POST" "https://graphql.zeepki.st/"
[Info   :Zeepkist GTR] 18:08:40 Stopping existing recorder if any
[Info   :Zeepkist GTR] 18:08:40 Creating new recorder
[Info   :Zeepkist GTR] 18:08:40 Start processing HTTP request "POST" "https://graphql.zeepki.st/"
[Info   :Zeepkist GTR] 18:08:40 Sending HTTP request "POST" "https://graphql.zeepki.st/"
[Info   :Zeepkist GTR] 18:08:40 Start processing HTTP request "POST" "https://graphql.zeepki.st/"
[Info   :Zeepkist GTR] 18:08:40 Sending HTTP request "POST" "https://graphql.zeepki.st/"
[Info   :Zeepkist GTR] 18:08:40 Received HTTP response headers after 172.9459ms - 200
[Info   :Zeepkist GTR] 18:08:40 End processing HTTP request after 173.2218ms - 200
[Info   :Zeepkist GTR] 18:08:40 Received HTTP response headers after 230.2857ms - 200
[Info   :Zeepkist GTR] 18:08:40 End processing HTTP request after 230.5419ms - 200
[Info   :Zeepkist GTR] 18:08:40 Ghost version: 5
[Error  :BetterSplits] could not get splits
Response: StatusCode: 400, ReasonPhrase: 'Bad Request', Version: 1.1, Content: System.Net.Http.StreamContent, Headers:
{
Date: Fri, 19 Jun 2026 23:08:42 GMT
Connection: keep-alive
Access-Control-Allow-Headers: Origin, X-Requested-With, Accept, Authorization, X-Apollo-Tracing, Content-Type, Content-Length, X-PostGraphile-Explain
Access-Control-Allow-Methods: HEAD, GET, POST
Access-Control-Allow-Origin: *
Access-Control-Expose-Headers: X-GraphQL-Event-Stream
Alt-Svc: h3=":443"; ma=86400
Vary: Origin
Via: 1.1 Caddy
X-Graphql-Event-Stream: /stream
X-Query-Cost: 115
Cf-Cache-Status: DYNAMIC
Strict-Transport-Security: max-age=15552000; includeSubDomains; preload
x-content-type-options: nosniff
Server-Timing: cfCacheStatus;desc="DYNAMIC", cfEdge;dur=31,cfOrigin;dur=149
Report-To: {"group":"cf-nel","max_age":604800,"endpoints":[{"url":"https://a.nel.cloudflare.com/report/v4?s=f6Jr2HcMi7YzaOxqAlI6tw6Idya%2FKuqYsObd0quRChNTQA%2BDlnSLHVLjds21ZptktdXn%2BvxugiaHAfBNRFVJZ8mfNKdSQpz6JDveG2kLCSu85FjvL%2B1UoK9xaQzNRFW76gX6Kw%3D%3D"}]}
Nel: {"report_to":"cf-nel","success_fraction":0.0,"max_age":604800}
expect-ct: max-age=86400, enforce
referrer-policy: same-origin
x-frame-options: SAMEORIGIN
x-xss-protection: 1; mode=block
Server: cloudflare
CF-RAY: a0e6327e8b52ad0c-MSP
Content-Type: application/json; charset=utf-8
Content-Length: 172
} 
Content: {"errors":[{"message":"Cannot query field \"personalBestGlobalsByIdLevel\" on type \"Level\". Did you mean \"personalBestGlobals\"?","locations":[{"line":1,"column":87}]}]}
Url: https://graphql.zeepki.st
Request: {"query":"query BetterSplitsPB($hash: String!, $steamId: BigFloat) { levelByHash(hash: $hash) { personalBestGlobalsByIdLevel(filter: {userByIdUser: {steamId: {equalTo: $steamId}}}) { nodes { recordByIdRecord { speeds splits time }}}}}","variables":{"hash":"8A97A8A085A3E7F1A80D9EEEBFDB6E263D844CC5","steamId":"76561199218214543"}}
[Info   :Zeepkist GTR] 18:08:40 Received HTTP response headers after 402.8257ms - 200
[Info   :Zeepkist GTR] 18:08:40 End processing HTTP request after 403.1019ms - 200
[Info   :Zeepkist GTR] 18:08:40 Start processing HTTP request "POST" "https://graphql.zeepki.st/"
[Info   :Zeepkist GTR] 18:08:40 Sending HTTP request "POST" "https://graphql.zeepki.st/"
[Info   :Zeepkist GTR] 18:08:40 Received HTTP response headers after 159.4021ms - 200
[Info   :Zeepkist GTR] 18:08:40 End processing HTTP request after 159.7281ms - 200
[Info   :Zeepkist GTR] 18:08:41 Starting recorder
[Info   :RoundLeaderboardTab] Drawing leaderboard -> forwarding to Instance.DrawTabLeaderboard()
[Info   :Zeepkist Bingo] [BINGO] === PLAYER SPAWNED ===
[Info   :Zeepkist Bingo] [BINGO] IsInActiveSession: False
[Info   :Zeepkist Bingo] [BINGO] Not in active session, skipping timer reset
[Info   :Zeepkist GTR] 18:08:55 Loading personal best...
[Info   :Zeepkist GTR] 18:08:55 Start processing HTTP request "POST" "https://graphql.zeepki.st/"
[Info   :Zeepkist GTR] 18:08:55 Sending HTTP request "POST" "https://graphql.zeepki.st/"
[Info   :Zeepkist GTR] 18:08:55 Stopping existing recorder if any
[Info   :Zeepkist GTR] 18:08:55 Creating new recorder
[Info   :Zeepkist GTR] 18:08:55 Start processing HTTP request "POST" "https://graphql.zeepki.st/"
[Info   :Zeepkist GTR] 18:08:55 Sending HTTP request "POST" "https://graphql.zeepki.st/"
[Info   :Zeepkist GTR] 18:08:55 Start processing HTTP request "POST" "https://graphql.zeepki.st/"
[Info   :Zeepkist GTR] 18:08:55 Sending HTTP request "POST" "https://graphql.zeepki.st/"
[Info   :Zeepkist GTR] 18:08:56 Received HTTP response headers after 180.0764ms - 200
[Info   :Zeepkist GTR] 18:08:56 End processing HTTP request after 180.325ms - 200
[Info   :Zeepkist GTR] 18:08:56 Received HTTP response headers after 189.2048ms - 200
[Info   :Zeepkist GTR] 18:08:56 End processing HTTP request after 189.4992ms - 200
[Info   :Zeepkist GTR] 18:08:56 Ghost version: 5
[Info   :Zeepkist GTR] 18:08:56 Received HTTP response headers after 353.5486ms - 200
[Info   :Zeepkist GTR] 18:08:56 End processing HTTP request after 353.7885ms - 200
[Info   :Zeepkist GTR] 18:08:56 Start processing HTTP request "POST" "https://graphql.zeepki.st/"
[Info   :Zeepkist GTR] 18:08:56 Sending HTTP request "POST" "https://graphql.zeepki.st/"
[Info   :Zeepkist GTR] 18:08:56 Received HTTP response headers after 164.9194ms - 200
[Info   :Zeepkist GTR] 18:08:56 End processing HTTP request after 165.2075ms - 200
[Info   :Zeepkist Bingo] [BINGO] === PLAYER SPAWNED ===
[Info   :Zeepkist Bingo] [BINGO] IsInActiveSession: False
[Info   :Zeepkist Bingo] [BINGO] Not in active session, skipping timer reset
[Info   :Zeepkist GTR] 18:08:57 Loading personal best...
[Info   :Zeepkist GTR] 18:08:57 Start processing HTTP request "POST" "https://graphql.zeepki.st/"
[Info   :Zeepkist GTR] 18:08:57 Sending HTTP request "POST" "https://graphql.zeepki.st/"
[Info   :Zeepkist GTR] 18:08:57 Stopping existing recorder if any
[Info   :Zeepkist GTR] 18:08:57 Creating new recorder
[Info   :Zeepkist GTR] 18:08:57 Start processing HTTP request "POST" "https://graphql.zeepki.st/"
[Info   :Zeepkist GTR] 18:08:57 Sending HTTP request "POST" "https://graphql.zeepki.st/"
[Info   :Zeepkist GTR] 18:08:57 Start processing HTTP request "POST" "https://graphql.zeepki.st/"
[Info   :Zeepkist GTR] 18:08:57 Sending HTTP request "POST" "https://graphql.zeepki.st/"
[Info   :Zeepkist GTR] 18:08:57 Received HTTP response headers after 164.3328ms - 200
[Info   :Zeepkist GTR] 18:08:57 End processing HTTP request after 164.6832ms - 200
[Info   :Zeepkist GTR] 18:08:57 Received HTTP response headers after 169.878ms - 200
[Info   :Zeepkist GTR] 18:08:57 End processing HTTP request after 170.1624ms - 200
[Info   :Zeepkist GTR] 18:08:57 Ghost version: 5
[Info   :Zeepkist GTR] 18:08:57 Received HTTP response headers after 332.9997ms - 200
[Info   :Zeepkist GTR] 18:08:57 End processing HTTP request after 333.3018ms - 200
[Info   :Zeepkist GTR] 18:08:57 Start processing HTTP request "POST" "https://graphql.zeepki.st/"
[Info   :Zeepkist GTR] 18:08:57 Sending HTTP request "POST" "https://graphql.zeepki.st/"
[Info   :Zeepkist GTR] 18:08:57 Received HTTP response headers after 167.6ms - 200
[Info   :Zeepkist GTR] 18:08:57 End processing HTTP request after 167.888ms - 200
[Info   :Zeepkist GTR] 18:08:58 Starting recorder
[Info   :Zeepkist Bingo] [CHAT] Intercepted message: btw im not playing bc i playtested
[Info   :Zeepkist Bingo] [CHAT] Not relaying - no bingo session
[Info   :RoundLeaderboardTab] Drawing leaderboard -> forwarding to Instance.DrawTabLeaderboard()
[Info   :RoundLeaderboardTab] Drawing leaderboard -> forwarding to Instance.DrawTabLeaderboard()
[Info   :RoundLeaderboardTab] Drawing leaderboard -> forwarding to Instance.DrawTabLeaderboard()
[Info   :Zeepkist GTR] 18:13:38 Discarding recorder
[Info   :Zeepkist Bingo] [BINGO] Level loaded
[Info   :BetterSplits] getting gtr splits
[Info   :Zeepkist Bingo] [BINGO] === PLAYER SPAWNED ===
[Info   :Zeepkist Bingo] [BINGO] IsInActiveSession: False
[Info   :Zeepkist Bingo] [BINGO] Not in active session, skipping timer reset
[Info   :Zeepkist GTR] 18:13:53 Loading personal best...
[Info   :Zeepkist GTR] 18:13:53 Start processing HTTP request "POST" "https://graphql.zeepki.st/"
[Info   :Zeepkist GTR] 18:13:53 Sending HTTP request "POST" "https://graphql.zeepki.st/"
[Info   :Zeepkist GTR] 18:13:53 Stopping existing recorder if any
[Info   :Zeepkist GTR] 18:13:53 Creating new recorder
[Info   :Zeepkist GTR] 18:13:53 Start processing HTTP request "POST" "https://graphql.zeepki.st/"
[Info   :Zeepkist GTR] 18:13:53 Sending HTTP request "POST" "https://graphql.zeepki.st/"
[Info   :Zeepkist GTR] 18:13:53 Start processing HTTP request "POST" "https://graphql.zeepki.st/"
[Info   :Zeepkist GTR] 18:13:53 Sending HTTP request "POST" "https://graphql.zeepki.st/"
[Error  :BetterSplits] could not get splits
Response: StatusCode: 400, ReasonPhrase: 'Bad Request', Version: 1.1, Content: System.Net.Http.StreamContent, Headers:
{
Date: Fri, 19 Jun 2026 23:13:56 GMT
Connection: keep-alive
Access-Control-Allow-Headers: Origin, X-Requested-With, Accept, Authorization, X-Apollo-Tracing, Content-Type, Content-Length, X-PostGraphile-Explain
Access-Control-Allow-Methods: HEAD, GET, POST
Access-Control-Allow-Origin: *
Access-Control-Expose-Headers: X-GraphQL-Event-Stream
Alt-Svc: h3=":443"; ma=86400
Vary: Origin
Via: 1.1 Caddy
X-Graphql-Event-Stream: /stream
X-Query-Cost: 115
Cf-Cache-Status: DYNAMIC
x-xss-protection: 1; mode=block
Strict-Transport-Security: max-age=15552000; includeSubDomains; preload
x-content-type-options: nosniff
Server-Timing: cfCacheStatus;desc="DYNAMIC", cfEdge;dur=14,cfOrigin;dur=132
Report-To: {"group":"cf-nel","max_age":604800,"endpoints":[{"url":"https://a.nel.cloudflare.com/report/v4?s=nKcS9Kl9dVOyeIWvcq5qNhZHJP5ClmOtTOmLnvsg%2Fr%2Bk6ji4a4PiItXvxlXIiSX%2BGtQNAaUvxJFg0rOGYAPkxQN5bl3tJGMXYM%2FGRiV9hx9pFfLG%2B6npzjLZTKLKiXPfiUBP2Q%3D%3D"}]}
Nel: {"report_to":"cf-nel","success_fraction":0.0,"max_age":604800}
expect-ct: max-age=86400, enforce
referrer-policy: same-origin
x-frame-options: SAMEORIGIN
Server: cloudflare
CF-RAY: a0e63a2499d1ad17-MSP
Content-Type: application/json; charset=utf-8
Content-Length: 172
} 
Content: {"errors":[{"message":"Cannot query field \"personalBestGlobalsByIdLevel\" on type \"Level\". Did you mean \"personalBestGlobals\"?","locations":[{"line":1,"column":87}]}]}
Url: https://graphql.zeepki.st
Request: {"query":"query BetterSplitsPB($hash: String!, $steamId: BigFloat) { levelByHash(hash: $hash) { personalBestGlobalsByIdLevel(filter: {userByIdUser: {steamId: {equalTo: $steamId}}}) { nodes { recordByIdRecord { speeds splits time }}}}}","variables":{"hash":"EAF33833663CFB87B8E7A83AF5ACFAF4B426EF71","steamId":"76561199218214543"}}
[Info   :Zeepkist GTR] 18:13:53 Received HTTP response headers after 599.3536ms - 200
[Info   :Zeepkist GTR] 18:13:53 End processing HTTP request after 599.6275ms - 200
[Info   :Zeepkist GTR] 18:13:53 Received HTTP response headers after 275.3574ms - 200
[Info   :Zeepkist GTR] 18:13:53 End processing HTTP request after 275.6648ms - 200
[Info   :Zeepkist GTR] 18:13:53 Ghost version: 5
[Info   :Zeepkist GTR] 18:13:53 Received HTTP response headers after 440.6841ms - 200
[Info   :Zeepkist GTR] 18:13:53 End processing HTTP request after 440.9121ms - 200
[Info   :Zeepkist GTR] 18:13:53 Start processing HTTP request "POST" "https://graphql.zeepki.st/"
[Info   :Zeepkist GTR] 18:13:53 Sending HTTP request "POST" "https://graphql.zeepki.st/"
[Info   :Zeepkist GTR] 18:13:53 Received HTTP response headers after 165.3312ms - 200
[Info   :Zeepkist GTR] 18:13:53 End processing HTTP request after 165.6945ms - 200
[Info   :Zeepkist GTR] 18:13:54 Starting recorder
[Info   :Zeepkist GTR] 18:18:51 Discarding recorder
[Info   :Zeepkist Bingo] [BINGO] Level loaded
[Info   :BetterSplits] getting gtr splits
[Info   :Zeepkist Bingo] [BINGO] === PLAYER SPAWNED ===
[Info   :Zeepkist Bingo] [BINGO] IsInActiveSession: False
[Info   :Zeepkist Bingo] [BINGO] Not in active session, skipping timer reset
[Info   :Zeepkist GTR] 18:19:06 Loading personal best...
[Info   :Zeepkist GTR] 18:19:06 Start processing HTTP request "POST" "https://graphql.zeepki.st/"
[Info   :Zeepkist GTR] 18:19:06 Sending HTTP request "POST" "https://graphql.zeepki.st/"
[Info   :Zeepkist GTR] 18:19:06 Stopping existing recorder if any
[Info   :Zeepkist GTR] 18:19:06 Creating new recorder
[Info   :Zeepkist GTR] 18:19:06 Start processing HTTP request "POST" "https://graphql.zeepki.st/"
[Info   :Zeepkist GTR] 18:19:06 Sending HTTP request "POST" "https://graphql.zeepki.st/"
[Info   :Zeepkist GTR] 18:19:06 Start processing HTTP request "POST" "https://graphql.zeepki.st/"
[Info   :Zeepkist GTR] 18:19:06 Sending HTTP request "POST" "https://graphql.zeepki.st/"
[Error  :BetterSplits] could not get splits
Response: StatusCode: 400, ReasonPhrase: 'Bad Request', Version: 1.1, Content: System.Net.Http.StreamContent, Headers:
{
Date: Fri, 19 Jun 2026 23:19:09 GMT
Connection: keep-alive
Access-Control-Allow-Headers: Origin, X-Requested-With, Accept, Authorization, X-Apollo-Tracing, Content-Type, Content-Length, X-PostGraphile-Explain
Access-Control-Allow-Methods: HEAD, GET, POST
Access-Control-Allow-Origin: *
Access-Control-Expose-Headers: X-GraphQL-Event-Stream
Alt-Svc: h3=":443"; ma=86400
Vary: Origin
Via: 1.1 Caddy
X-Graphql-Event-Stream: /stream
X-Query-Cost: 115
Cf-Cache-Status: DYNAMIC
x-xss-protection: 1; mode=block
Strict-Transport-Security: max-age=15552000; includeSubDomains; preload
x-content-type-options: nosniff
Server-Timing: cfCacheStatus;desc="DYNAMIC", cfEdge;dur=14,cfOrigin;dur=509
Report-To: {"group":"cf-nel","max_age":604800,"endpoints":[{"url":"https://a.nel.cloudflare.com/report/v4?s=jYc%2B1UKBI57A%2BBAX9qRxLYKVFRFq3wWtPDdZ2SPZz4HnXh6fhbe0SujHwV0NGNgPc5c0UGwKJEOJgeNADILXVTf%2Fl7xoFi9WKy%2B%2BKr4MjRhf7f1X4c%2BKb7AyFpaZArqO8rHexA%3D%3D"}]}
Nel: {"report_to":"cf-nel","success_fraction":0.0,"max_age":604800}
expect-ct: max-age=86400, enforce
referrer-policy: same-origin
x-frame-options: SAMEORIGIN
Server: cloudflare
CF-RAY: a0e641c7186d5122-MSP
Content-Type: application/json; charset=utf-8
Content-Length: 172
} 
Content: {"errors":[{"message":"Cannot query field \"personalBestGlobalsByIdLevel\" on type \"Level\". Did you mean \"personalBestGlobals\"?","locations":[{"line":1,"column":87}]}]}
Url: https://graphql.zeepki.st
Request: {"query":"query BetterSplitsPB($hash: String!, $steamId: BigFloat) { levelByHash(hash: $hash) { personalBestGlobalsByIdLevel(filter: {userByIdUser: {steamId: {equalTo: $steamId}}}) { nodes { recordByIdRecord { speeds splits time }}}}}","variables":{"hash":"A955485A32C3B38FADE326FA9EE6108A814922B0","steamId":"76561199218214543"}}
[Info   :Zeepkist GTR] 18:19:06 Received HTTP response headers after 654.707ms - 200
[Info   :Zeepkist GTR] 18:19:06 End processing HTTP request after 655.0425ms - 200
[Info   :Zeepkist GTR] 18:19:06 Received HTTP response headers after 671.5717ms - 200
[Info   :Zeepkist GTR] 18:19:06 End processing HTTP request after 671.8765ms - 200
[Info   :Zeepkist GTR] 18:19:06 Ghost version: 5
[Info   :Zeepkist GTR] 18:19:06 Received HTTP response headers after 834.9999ms - 200
[Info   :Zeepkist GTR] 18:19:06 End processing HTTP request after 835.2944ms - 200
[Info   :Zeepkist GTR] 18:19:06 Start processing HTTP request "POST" "https://graphql.zeepki.st/"
[Info   :Zeepkist GTR] 18:19:06 Sending HTTP request "POST" "https://graphql.zeepki.st/"
[Info   :Zeepkist GTR] 18:19:07 Received HTTP response headers after 168.3428ms - 200
[Info   :Zeepkist GTR] 18:19:07 End processing HTTP request after 168.7603ms - 200
[Info   :Zeepkist GTR] 18:19:07 Starting recorder
[Info   :Zeepkist GTR] 18:24:04 Discarding recorder
[Info   :Zeepkist Bingo] [BINGO] Level loaded
[Info   :BetterSplits] getting gtr splits
[Info   :Zeepkist Bingo] [BINGO] === PLAYER SPAWNED ===
[Info   :Zeepkist Bingo] [BINGO] IsInActiveSession: False
[Info   :Zeepkist Bingo] [BINGO] Not in active session, skipping timer reset
[Info   :Zeepkist GTR] 18:24:19 Loading personal best...
[Info   :Zeepkist GTR] 18:24:19 Start processing HTTP request "POST" "https://graphql.zeepki.st/"
[Info   :Zeepkist GTR] 18:24:19 Sending HTTP request "POST" "https://graphql.zeepki.st/"
[Info   :Zeepkist GTR] 18:24:19 Stopping existing recorder if any
[Info   :Zeepkist GTR] 18:24:19 Creating new recorder
[Info   :Zeepkist GTR] 18:24:19 Start processing HTTP request "POST" "https://graphql.zeepki.st/"
[Info   :Zeepkist GTR] 18:24:19 Sending HTTP request "POST" "https://graphql.zeepki.st/"
[Info   :Zeepkist GTR] 18:24:19 Start processing HTTP request "POST" "https://graphql.zeepki.st/"
[Info   :Zeepkist GTR] 18:24:19 Sending HTTP request "POST" "https://graphql.zeepki.st/"
[Error  :BetterSplits] could not get splits
Response: StatusCode: 400, ReasonPhrase: 'Bad Request', Version: 1.1, Content: System.Net.Http.StreamContent, Headers:
{
Date: Fri, 19 Jun 2026 23:24:22 GMT
Connection: keep-alive
Access-Control-Allow-Headers: Origin, X-Requested-With, Accept, Authorization, X-Apollo-Tracing, Content-Type, Content-Length, X-PostGraphile-Explain
Access-Control-Allow-Methods: HEAD, GET, POST
Access-Control-Allow-Origin: *
Access-Control-Expose-Headers: X-GraphQL-Event-Stream
Alt-Svc: h3=":443"; ma=86400
Vary: Origin
Via: 1.1 Caddy
X-Graphql-Event-Stream: /stream
X-Query-Cost: 115
Cf-Cache-Status: DYNAMIC
x-xss-protection: 1; mode=block
Strict-Transport-Security: max-age=15552000; includeSubDomains; preload
x-content-type-options: nosniff
Server-Timing: cfCacheStatus;desc="DYNAMIC", cfEdge;dur=10,cfOrigin;dur=135
Report-To: {"group":"cf-nel","max_age":604800,"endpoints":[{"url":"https://a.nel.cloudflare.com/report/v4?s=g5al52fz%2FBk3TdXJtlj0bMSnvtRtwnJRbRPxHXlzDLckujIjnTtbJguwed5mYFwkQ%2BU8qIYY78R1SvFVTjQCFOHzUpGIh79Sp9XH4AV2wa9CJMOVDGD3mFFiOtLD9%2Bw8LCArCA%3D%3D"}]}
Nel: {"report_to":"cf-nel","success_fraction":0.0,"max_age":604800}
expect-ct: max-age=86400, enforce
referrer-policy: same-origin
x-frame-options: SAMEORIGIN
Server: cloudflare
CF-RAY: a0e6496d7cefd133-MSP
Content-Type: application/json; charset=utf-8
Content-Length: 172
} 
Content: {"errors":[{"message":"Cannot query field \"personalBestGlobalsByIdLevel\" on type \"Level\". Did you mean \"personalBestGlobals\"?","locations":[{"line":1,"column":87}]}]}
Url: https://graphql.zeepki.st
Request: {"query":"query BetterSplitsPB($hash: String!, $steamId: BigFloat) { levelByHash(hash: $hash) { personalBestGlobalsByIdLevel(filter: {userByIdUser: {steamId: {equalTo: $steamId}}}) { nodes { recordByIdRecord { speeds splits time }}}}}","variables":{"hash":"4BCE16A9DA64B66A8827F30FAAB45600699224F9","steamId":"76561199218214543"}}
[Info   :Zeepkist GTR] 18:24:19 Received HTTP response headers after 580.2018ms - 200
[Info   :Zeepkist GTR] 18:24:19 End processing HTTP request after 580.636ms - 200
[Info   :Zeepkist GTR] 18:24:19 Received HTTP response headers after 281.7136ms - 200
[Info   :Zeepkist GTR] 18:24:19 End processing HTTP request after 281.9656ms - 200
[Info   :Zeepkist GTR] 18:24:19 Ghost version: 5
[Info   :Zeepkist GTR] 18:24:19 Received HTTP response headers after 441.1137ms - 200
[Info   :Zeepkist GTR] 18:24:19 End processing HTTP request after 441.3964ms - 200
[Info   :Zeepkist GTR] 18:24:19 Start processing HTTP request "POST" "https://graphql.zeepki.st/"
[Info   :Zeepkist GTR] 18:24:19 Sending HTTP request "POST" "https://graphql.zeepki.st/"
[Info   :Zeepkist GTR] 18:24:20 Received HTTP response headers after 203.5511ms - 200
[Info   :Zeepkist GTR] 18:24:20 End processing HTTP request after 203.857ms - 200
[Info   :Zeepkist GTR] 18:24:21 Starting recorder
[Info   :RoundLeaderboardTab] Drawing leaderboard -> forwarding to Instance.DrawTabLeaderboard()
[Info   :Zeepkist Bingo] [CHAT] Intercepted message: hi
[Info   :Zeepkist Bingo] [CHAT] Not relaying - no bingo session
[Info   :RoundLeaderboardTab] Drawing leaderboard -> forwarding to Instance.DrawTabLeaderboard()
[Info   :Zeepkist Bingo] [CHAT] Intercepted message: 20 ppl w
[Info   :Zeepkist Bingo] [CHAT] Not relaying - no bingo session
[Info   :Zeepkist Bingo] [BINGO] === PLAYER SPAWNED ===
[Info   :Zeepkist Bingo] [BINGO] IsInActiveSession: False
[Info   :Zeepkist Bingo] [BINGO] Not in active session, skipping timer reset
[Info   :Zeepkist GTR] 18:25:32 Loading personal best...
[Info   :Zeepkist GTR] 18:25:32 Start processing HTTP request "POST" "https://graphql.zeepki.st/"
[Info   :Zeepkist GTR] 18:25:32 Sending HTTP request "POST" "https://graphql.zeepki.st/"
[Info   :Zeepkist GTR] 18:25:32 Stopping existing recorder if any
[Info   :Zeepkist GTR] 18:25:32 Creating new recorder
[Info   :Zeepkist GTR] 18:25:32 Start processing HTTP request "POST" "https://graphql.zeepki.st/"
[Info   :Zeepkist GTR] 18:25:32 Sending HTTP request "POST" "https://graphql.zeepki.st/"
[Info   :Zeepkist GTR] 18:25:32 Start processing HTTP request "POST" "https://graphql.zeepki.st/"
[Info   :Zeepkist GTR] 18:25:32 Sending HTTP request "POST" "https://graphql.zeepki.st/"
[Info   :Zeepkist GTR] 18:25:32 Received HTTP response headers after 173.9109ms - 200
[Info   :Zeepkist GTR] 18:25:32 End processing HTTP request after 174.2586ms - 200
[Info   :Zeepkist GTR] 18:25:32 Received HTTP response headers after 178.4386ms - 200
[Info   :Zeepkist GTR] 18:25:32 End processing HTTP request after 178.8617ms - 200
[Info   :Zeepkist GTR] 18:25:32 Ghost version: 5
[Info   :Zeepkist GTR] 18:25:32 Received HTTP response headers after 343.0751ms - 200
[Info   :Zeepkist GTR] 18:25:32 End processing HTTP request after 343.5954ms - 200
[Info   :Zeepkist GTR] 18:25:32 Start processing HTTP request "POST" "https://graphql.zeepki.st/"
[Info   :Zeepkist GTR] 18:25:32 Sending HTTP request "POST" "https://graphql.zeepki.st/"
[Info   :Zeepkist GTR] 18:25:32 Received HTTP response headers after 164.5863ms - 200
[Info   :Zeepkist GTR] 18:25:32 End processing HTTP request after 165.0688ms - 200
[Info   :Zeepkist GTR] 18:25:33 Starting recorder
[Info   :Zeepkist Bingo] [BINGO] === PLAYER SPAWNED ===
[Info   :Zeepkist Bingo] [BINGO] IsInActiveSession: False
[Info   :Zeepkist Bingo] [BINGO] Not in active session, skipping timer reset
[Info   :Zeepkist GTR] 18:25:44 Loading personal best...
[Info   :Zeepkist GTR] 18:25:44 Start processing HTTP request "POST" "https://graphql.zeepki.st/"
[Info   :Zeepkist GTR] 18:25:44 Sending HTTP request "POST" "https://graphql.zeepki.st/"
[Info   :Zeepkist GTR] 18:25:44 Stopping existing recorder if any
[Info   :Zeepkist GTR] 18:25:44 Creating new recorder
[Info   :Zeepkist GTR] 18:25:44 Start processing HTTP request "POST" "https://graphql.zeepki.st/"
[Info   :Zeepkist GTR] 18:25:44 Sending HTTP request "POST" "https://graphql.zeepki.st/"
[Info   :Zeepkist GTR] 18:25:44 Start processing HTTP request "POST" "https://graphql.zeepki.st/"
[Info   :Zeepkist GTR] 18:25:44 Sending HTTP request "POST" "https://graphql.zeepki.st/"
[Info   :Zeepkist GTR] 18:25:44 Received HTTP response headers after 187.2655ms - 200
[Info   :Zeepkist GTR] 18:25:44 End processing HTTP request after 187.6568ms - 200
[Info   :Zeepkist GTR] 18:25:44 Received HTTP response headers after 186.9345ms - 200
[Info   :Zeepkist GTR] 18:25:44 End processing HTTP request after 187.1715ms - 200
[Info   :Zeepkist GTR] 18:25:45 Ghost version: 5
[Info   :Zeepkist GTR] 18:25:45 Received HTTP response headers after 352.9923ms - 200
[Info   :Zeepkist GTR] 18:25:45 End processing HTTP request after 353.2881ms - 200
[Info   :Zeepkist GTR] 18:25:45 Start processing HTTP request "POST" "https://graphql.zeepki.st/"
[Info   :Zeepkist GTR] 18:25:45 Sending HTTP request "POST" "https://graphql.zeepki.st/"
[Info   :Zeepkist GTR] 18:25:45 Received HTTP response headers after 168.888ms - 200
[Info   :Zeepkist GTR] 18:25:45 End processing HTTP request after 169.2794ms - 200
[Info   :Zeepkist GTR] 18:25:46 Starting recorder
[Info   :Zeepkist Bingo] [BINGO] === PLAYER SPAWNED ===
[Info   :Zeepkist Bingo] [BINGO] IsInActiveSession: False
[Info   :Zeepkist Bingo] [BINGO] Not in active session, skipping timer reset
[Info   :Zeepkist GTR] 18:25:55 Loading personal best...
[Info   :Zeepkist GTR] 18:25:55 Start processing HTTP request "POST" "https://graphql.zeepki.st/"
[Info   :Zeepkist GTR] 18:25:55 Sending HTTP request "POST" "https://graphql.zeepki.st/"
[Info   :Zeepkist GTR] 18:25:55 Stopping existing recorder if any
[Info   :Zeepkist GTR] 18:25:55 Creating new recorder
[Info   :Zeepkist GTR] 18:25:55 Start processing HTTP request "POST" "https://graphql.zeepki.st/"
[Info   :Zeepkist GTR] 18:25:55 Sending HTTP request "POST" "https://graphql.zeepki.st/"
[Info   :Zeepkist GTR] 18:25:55 Start processing HTTP request "POST" "https://graphql.zeepki.st/"
[Info   :Zeepkist GTR] 18:25:55 Sending HTTP request "POST" "https://graphql.zeepki.st/"
[Info   :Zeepkist GTR] 18:25:55 Received HTTP response headers after 178.8672ms - 200
[Info   :Zeepkist GTR] 18:25:55 Received HTTP response headers after 179.5911ms - 200
[Info   :Zeepkist GTR] 18:25:55 End processing HTTP request after 179.8584ms - 200
[Info   :Zeepkist GTR] 18:25:55 End processing HTTP request after 179.1586ms - 200
[Info   :Zeepkist GTR] 18:25:55 Ghost version: 5
[Info   :Zeepkist GTR] 18:25:55 Received HTTP response headers after 341.678ms - 200
[Info   :Zeepkist GTR] 18:25:55 End processing HTTP request after 341.9823ms - 200
[Info   :Zeepkist GTR] 18:25:55 Start processing HTTP request "POST" "https://graphql.zeepki.st/"
[Info   :Zeepkist GTR] 18:25:55 Sending HTTP request "POST" "https://graphql.zeepki.st/"
[Info   :Zeepkist GTR] 18:25:55 Received HTTP response headers after 166.2993ms - 200
[Info   :Zeepkist GTR] 18:25:55 End processing HTTP request after 166.5773ms - 200
[Info   :Zeepkist GTR] 18:25:57 Starting recorder
[Info   :RoundLeaderboardTab] Drawing leaderboard -> forwarding to Instance.DrawTabLeaderboard()
[Info   :ChampionshipLeaderboardTab] Drawing leaderboard -> forwarding to Instance.DrawTabLeaderboard()
[Info   :Zeepkist GTR] 18:26:12 Start processing HTTP request "POST" "https://graphql.zeepki.st/"
[Info   :Zeepkist GTR] 18:26:12 Sending HTTP request "POST" "https://graphql.zeepki.st/"
[Info   :Zeepkist GTR] 18:26:12 Received HTTP response headers after 175.7965ms - 200
[Info   :Zeepkist GTR] 18:26:12 End processing HTTP request after 176.107ms - 200
[Info   :Zeepkist GTR] 18:26:12 Start processing HTTP request "POST" "https://graphql.zeepki.st/"
[Info   :Zeepkist GTR] 18:26:12 Sending HTTP request "POST" "https://graphql.zeepki.st/"
[Info   :Zeepkist GTR] 18:26:12 Received HTTP response headers after 174.5765ms - 200
[Info   :Zeepkist GTR] 18:26:12 End processing HTTP request after 175.056ms - 200
[Info   :RoundLeaderboardTab] Drawing leaderboard -> forwarding to Instance.DrawTabLeaderboard()
[Info   :Zeepkist GTR] 18:26:12 Start processing HTTP request "POST" "https://graphql.zeepki.st/"
[Info   :Zeepkist GTR] 18:26:12 Sending HTTP request "POST" "https://graphql.zeepki.st/"
[Info   :Zeepkist GTR] 18:26:12 Start processing HTTP request "POST" "https://graphql.zeepki.st/"
[Info   :Zeepkist GTR] 18:26:12 Sending HTTP request "POST" "https://graphql.zeepki.st/"
[Info   :Zeepkist GTR] 18:26:12 Received HTTP response headers after 182.4972ms - 200
[Info   :Zeepkist GTR] 18:26:12 End processing HTTP request after 182.8592ms - 200
[Info   :Zeepkist GTR] 18:26:12 Received HTTP response headers after 180.6866ms - 200
[Info   :Zeepkist GTR] 18:26:12 End processing HTTP request after 181.0025ms - 200
[Info   :ChampionshipLeaderboardTab] Drawing leaderboard -> forwarding to Instance.DrawTabLeaderboard()
[Info   :Zeepkist GTR] 18:26:13 Start processing HTTP request "POST" "https://graphql.zeepki.st/"
[Info   :Zeepkist GTR] 18:26:13 Sending HTTP request "POST" "https://graphql.zeepki.st/"
[Info   :Zeepkist GTR] 18:26:13 Received HTTP response headers after 172.4976ms - 200
[Info   :Zeepkist GTR] 18:26:13 End processing HTTP request after 172.8083ms - 200
[Info   :Zeepkist GTR] 18:26:13 Start processing HTTP request "POST" "https://graphql.zeepki.st/"
[Info   :Zeepkist GTR] 18:26:13 Sending HTTP request "POST" "https://graphql.zeepki.st/"
[Info   :Zeepkist GTR] 18:26:13 Received HTTP response headers after 195.557ms - 200
[Info   :Zeepkist GTR] 18:26:13 End processing HTTP request after 195.8712ms - 200
[Info   :Zeepkist Bingo] [BINGO] === PLAYER SPAWNED ===
[Info   :Zeepkist Bingo] [BINGO] IsInActiveSession: False
[Info   :Zeepkist Bingo] [BINGO] Not in active session, skipping timer reset
[Info   :Zeepkist GTR] 18:26:20 Loading personal best...
[Info   :Zeepkist GTR] 18:26:20 Start processing HTTP request "POST" "https://graphql.zeepki.st/"
[Info   :Zeepkist GTR] 18:26:20 Sending HTTP request "POST" "https://graphql.zeepki.st/"
[Info   :Zeepkist GTR] 18:26:20 Stopping existing recorder if any
[Info   :Zeepkist GTR] 18:26:20 Creating new recorder
[Info   :Zeepkist GTR] 18:26:20 Start processing HTTP request "POST" "https://graphql.zeepki.st/"
[Info   :Zeepkist GTR] 18:26:20 Sending HTTP request "POST" "https://graphql.zeepki.st/"
[Info   :Zeepkist GTR] 18:26:20 Start processing HTTP request "POST" "https://graphql.zeepki.st/"
[Info   :Zeepkist GTR] 18:26:20 Sending HTTP request "POST" "https://graphql.zeepki.st/"
[Info   :Zeepkist GTR] 18:26:20 Received HTTP response headers after 270.8194ms - 200
[Info   :Zeepkist GTR] 18:26:20 End processing HTTP request after 271.0589ms - 200
[Info   :Zeepkist GTR] 18:26:20 Received HTTP response headers after 276.5105ms - 200
[Info   :Zeepkist GTR] 18:26:20 End processing HTTP request after 276.8011ms - 200
[Info   :Zeepkist GTR] 18:26:20 Ghost version: 5
[Info   :Zeepkist GTR] 18:26:20 Received HTTP response headers after 467.5421ms - 200
[Info   :Zeepkist GTR] 18:26:20 End processing HTTP request after 467.8481ms - 200
[Info   :Zeepkist GTR] 18:26:20 Start processing HTTP request "POST" "https://graphql.zeepki.st/"
[Info   :Zeepkist GTR] 18:26:20 Sending HTTP request "POST" "https://graphql.zeepki.st/"
[Info   :Zeepkist GTR] 18:26:20 Received HTTP response headers after 191.6881ms - 200
[Info   :Zeepkist GTR] 18:26:20 End processing HTTP request after 191.9821ms - 200
[Info   :Zeepkist GTR] 18:26:21 Starting recorder
[Info   :Zeepkist GTR] 18:26:43 Stopping recorder
[Info   :Zeepkist GTR] 18:26:43 Collecting extra information
[Info   :Zeepkist GTR] 18:26:43 Processing ghost data
[Info   :Zeepkist GTR] 18:26:43 Creating stream
[Info   :Zeepkist GTR] 18:26:43 Writing to stream
[Info   :Zeepkist GTR] 18:26:43 Closing stream
[Info   :Zeepkist GTR] 18:26:43 Getting buffer
[Info   :Zeepkist GTR] 18:26:43 Converting to base64
[Info   :Zeepkist GTR] 18:26:43 Creating resource
[Info   :Zeepkist GTR] 18:26:43 Start processing HTTP request "POST" "https://backend.zeepki.st/auth/refresh"
[Info   :Zeepkist GTR] 18:26:43 Sending HTTP request "POST" "https://backend.zeepki.st/auth/refresh"
[Info   :Zeepkist GTR] 18:26:43 Received HTTP response headers after 558.744ms - 200
[Info   :Zeepkist GTR] 18:26:43 End processing HTTP request after 559.046ms - 200
[Info   :Zeepkist GTR] 18:26:43 Start processing HTTP request "POST" "https://backend.zeepki.st/record/submit"
[Info   :Zeepkist GTR] 18:26:43 Sending HTTP request "POST" "https://backend.zeepki.st/record/submit"
[Info   :Zeepkist GTR] 18:26:44 Received HTTP response headers after 323.9739ms - 200
[Info   :Zeepkist GTR] 18:26:44 End processing HTTP request after 324.2632ms - 200
[Info   :Zeepkist Bingo] [CHAT] Intercepted message: im not playing bc i playtested btw
[Info   :Zeepkist Bingo] [CHAT] Not relaying - no bingo session
[Info   :Zeepkist Bingo] [BINGO] === PLAYER SPAWNED ===
[Info   :Zeepkist Bingo] [BINGO] IsInActiveSession: False
[Info   :Zeepkist Bingo] [BINGO] Not in active session, skipping timer reset
[Info   :Zeepkist GTR] 18:26:55 Loading personal best...
[Info   :Zeepkist GTR] 18:26:55 Start processing HTTP request "POST" "https://graphql.zeepki.st/"
[Info   :Zeepkist GTR] 18:26:55 Sending HTTP request "POST" "https://graphql.zeepki.st/"
[Info   :Zeepkist GTR] 18:26:55 Stopping existing recorder if any
[Info   :Zeepkist GTR] 18:26:55 Creating new recorder
[Info   :Zeepkist GTR] 18:26:55 Start processing HTTP request "POST" "https://graphql.zeepki.st/"
[Info   :Zeepkist GTR] 18:26:55 Sending HTTP request "POST" "https://graphql.zeepki.st/"
[Info   :Zeepkist GTR] 18:26:55 Start processing HTTP request "POST" "https://graphql.zeepki.st/"
[Info   :Zeepkist GTR] 18:26:55 Sending HTTP request "POST" "https://graphql.zeepki.st/"
[Info   :Zeepkist GTR] 18:26:55 Received HTTP response headers after 178.2554ms - 200
[Info   :Zeepkist GTR] 18:26:55 End processing HTTP request after 178.5582ms - 200
[Info   :Zeepkist GTR] 18:26:55 Received HTTP response headers after 185.8785ms - 200
[Info   :Zeepkist GTR] 18:26:55 End processing HTTP request after 186.2484ms - 200
[Info   :Zeepkist GTR] 18:26:55 Ghost version: 5
[Info   :Zeepkist GTR] 18:26:55 Received HTTP response headers after 362.0035ms - 200
[Info   :Zeepkist GTR] 18:26:55 End processing HTTP request after 362.2422ms - 200
[Info   :Zeepkist GTR] 18:26:56 Start processing HTTP request "POST" "https://graphql.zeepki.st/"
[Info   :Zeepkist GTR] 18:26:56 Sending HTTP request "POST" "https://graphql.zeepki.st/"
[Info   :Zeepkist GTR] 18:26:56 Received HTTP response headers after 181.5014ms - 200
[Info   :Zeepkist GTR] 18:26:56 End processing HTTP request after 181.8232ms - 200
[Info   :Zeepkist GTR] 18:26:57 Starting recorder
[Info   :Zeepkist Bingo] [BINGO] === PLAYER SPAWNED ===
[Info   :Zeepkist Bingo] [BINGO] IsInActiveSession: False
[Info   :Zeepkist Bingo] [BINGO] Not in active session, skipping timer reset
[Info   :Zeepkist GTR] 18:27:13 Loading personal best...
[Info   :Zeepkist GTR] 18:27:13 Start processing HTTP request "POST" "https://graphql.zeepki.st/"
[Info   :Zeepkist GTR] 18:27:13 Sending HTTP request "POST" "https://graphql.zeepki.st/"
[Info   :Zeepkist GTR] 18:27:13 Stopping existing recorder if any
[Info   :Zeepkist GTR] 18:27:13 Creating new recorder
[Info   :Zeepkist GTR] 18:27:13 Start processing HTTP request "POST" "https://graphql.zeepki.st/"
[Info   :Zeepkist GTR] 18:27:13 Sending HTTP request "POST" "https://graphql.zeepki.st/"
[Info   :Zeepkist GTR] 18:27:13 Start processing HTTP request "POST" "https://graphql.zeepki.st/"
[Info   :Zeepkist GTR] 18:27:13 Sending HTTP request "POST" "https://graphql.zeepki.st/"
[Info   :Zeepkist GTR] 18:27:14 Received HTTP response headers after 180.2619ms - 200
[Info   :Zeepkist GTR] 18:27:14 End processing HTTP request after 180.5509ms - 200
[Info   :Zeepkist GTR] 18:27:14 Received HTTP response headers after 186.6984ms - 200
[Info   :Zeepkist GTR] 18:27:14 End processing HTTP request after 186.948ms - 200
[Info   :Zeepkist GTR] 18:27:14 Ghost version: 5
[Info   :Zeepkist GTR] 18:27:14 Received HTTP response headers after 371.5191ms - 200
[Info   :Zeepkist GTR] 18:27:14 End processing HTTP request after 371.7721ms - 200
[Info   :Zeepkist GTR] 18:27:14 Start processing HTTP request "POST" "https://graphql.zeepki.st/"
[Info   :Zeepkist GTR] 18:27:14 Sending HTTP request "POST" "https://graphql.zeepki.st/"
[Info   :Zeepkist GTR] 18:27:14 Received HTTP response headers after 348.1275ms - 200
[Info   :Zeepkist GTR] 18:27:14 End processing HTTP request after 348.4266ms - 200
[Info   :Zeepkist GTR] 18:27:15 Starting recorder
[Info   :Zeepkist GTR] 18:27:36 Stopping recorder
[Info   :Zeepkist GTR] 18:27:36 Collecting extra information
[Info   :Zeepkist GTR] 18:27:36 Processing ghost data
[Info   :Zeepkist GTR] 18:27:36 Creating stream
[Info   :Zeepkist GTR] 18:27:36 Writing to stream
[Info   :Zeepkist GTR] 18:27:36 Closing stream
[Info   :Zeepkist GTR] 18:27:36 Getting buffer
[Info   :Zeepkist GTR] 18:27:36 Converting to base64
[Info   :Zeepkist GTR] 18:27:36 Creating resource
[Info   :Zeepkist GTR] 18:27:36 Start processing HTTP request "POST" "https://backend.zeepki.st/auth/refresh"
[Info   :Zeepkist GTR] 18:27:36 Sending HTTP request "POST" "https://backend.zeepki.st/auth/refresh"
[Info   :Zeepkist GTR] 18:27:36 Received HTTP response headers after 196.4158ms - 200
[Info   :Zeepkist GTR] 18:27:36 End processing HTTP request after 196.6814ms - 200
[Info   :Zeepkist GTR] 18:27:36 Start processing HTTP request "POST" "https://backend.zeepki.st/record/submit"
[Info   :Zeepkist GTR] 18:27:36 Sending HTTP request "POST" "https://backend.zeepki.st/record/submit"
[Info   :Zeepkist GTR] 18:27:36 Received HTTP response headers after 346.2801ms - 200
[Info   :Zeepkist GTR] 18:27:36 End processing HTTP request after 346.5901ms - 200
[Info   :Zeepkist Bingo] [CHAT] Intercepted message: no bc i played it i cant play in the cup
[Info   :Zeepkist Bingo] [CHAT] Not relaying - no bingo session
[Info   :Zeepkist Bingo] [BINGO] === PLAYER SPAWNED ===
[Info   :Zeepkist Bingo] [BINGO] IsInActiveSession: False
[Info   :Zeepkist Bingo] [BINGO] Not in active session, skipping timer reset
[Info   :Zeepkist GTR] 18:27:58 Loading personal best...
[Info   :Zeepkist GTR] 18:27:58 Start processing HTTP request "POST" "https://graphql.zeepki.st/"
[Info   :Zeepkist GTR] 18:27:58 Sending HTTP request "POST" "https://graphql.zeepki.st/"
[Info   :Zeepkist GTR] 18:27:58 Stopping existing recorder if any
[Info   :Zeepkist GTR] 18:27:58 Creating new recorder
[Info   :Zeepkist GTR] 18:27:58 Start processing HTTP request "POST" "https://graphql.zeepki.st/"
[Info   :Zeepkist GTR] 18:27:58 Sending HTTP request "POST" "https://graphql.zeepki.st/"
[Info   :Zeepkist GTR] 18:27:58 Start processing HTTP request "POST" "https://graphql.zeepki.st/"
[Info   :Zeepkist GTR] 18:27:58 Sending HTTP request "POST" "https://graphql.zeepki.st/"
[Info   :Zeepkist GTR] 18:27:59 Received HTTP response headers after 203.3143ms - 200
[Info   :Zeepkist GTR] 18:27:59 End processing HTTP request after 203.5702ms - 200
[Info   :Zeepkist GTR] 18:27:59 Received HTTP response headers after 212.4881ms - 200
[Info   :Zeepkist GTR] 18:27:59 End processing HTTP request after 212.8119ms - 200
[Info   :Zeepkist GTR] 18:27:59 Ghost version: 5
[Info   :Zeepkist GTR] 18:27:59 Received HTTP response headers after 383.0007ms - 200
[Info   :Zeepkist GTR] 18:27:59 End processing HTTP request after 383.2925ms - 200
[Info   :Zeepkist GTR] 18:27:59 Start processing HTTP request "POST" "https://graphql.zeepki.st/"
[Info   :Zeepkist GTR] 18:27:59 Sending HTTP request "POST" "https://graphql.zeepki.st/"
[Info   :Zeepkist GTR] 18:27:59 Received HTTP response headers after 191.4398ms - 200
[Info   :Zeepkist GTR] 18:27:59 End processing HTTP request after 191.9158ms - 200
[Info   :Zeepkist GTR] 18:28:00 Starting recorder
[Info   :RoundLeaderboardTab] Drawing leaderboard -> forwarding to Instance.DrawTabLeaderboard()
[Info   :Zeepkist Bingo] [CHAT] Intercepted message: cant
[Info   :Zeepkist Bingo] [CHAT] Not relaying - no bingo session
[Info   :RoundLeaderboardTab] Drawing leaderboard -> forwarding to Instance.DrawTabLeaderboard()
[Info   :RoundLeaderboardTab] Drawing leaderboard -> forwarding to Instance.DrawTabLeaderboard()
[Info   :Zeepkist GTR] 18:29:17 Discarding recorder
[Info   :RoundLeaderboardTab] Drawing leaderboard -> forwarding to Instance.DrawTabLeaderboard()
[Info   :   Console] Download started for AppId: 1440670, FileId: 3748059922, Result: OK
[Info   :Zeepkist Bingo] [BINGO] Level loaded
[Info   :BetterSplits] getting gtr splits
[Info   :Zeepkist Bingo] [BINGO] === PLAYER SPAWNED ===
[Info   :Zeepkist Bingo] [BINGO] IsInActiveSession: False
[Info   :Zeepkist Bingo] [BINGO] Not in active session, skipping timer reset
[Info   :Zeepkist GTR] 18:29:32 Loading personal best...
[Info   :Zeepkist GTR] 18:29:32 Start processing HTTP request "POST" "https://graphql.zeepki.st/"
[Info   :Zeepkist GTR] 18:29:32 Sending HTTP request "POST" "https://graphql.zeepki.st/"
[Info   :Zeepkist GTR] 18:29:32 Stopping existing recorder if any
[Info   :Zeepkist GTR] 18:29:32 Creating new recorder
[Info   :Zeepkist GTR] 18:29:32 Start processing HTTP request "POST" "https://graphql.zeepki.st/"
[Info   :Zeepkist GTR] 18:29:32 Sending HTTP request "POST" "https://graphql.zeepki.st/"
[Info   :Zeepkist GTR] 18:29:32 Start processing HTTP request "POST" "https://graphql.zeepki.st/"
[Info   :Zeepkist GTR] 18:29:32 Sending HTTP request "POST" "https://graphql.zeepki.st/"
[Error  :BetterSplits] could not get splits
Response: StatusCode: 400, ReasonPhrase: 'Bad Request', Version: 1.1, Content: System.Net.Http.StreamContent, Headers:
{
Date: Fri, 19 Jun 2026 23:29:35 GMT
Connection: keep-alive
Access-Control-Allow-Headers: Origin, X-Requested-With, Accept, Authorization, X-Apollo-Tracing, Content-Type, Content-Length, X-PostGraphile-Explain
Access-Control-Allow-Methods: HEAD, GET, POST
Access-Control-Allow-Origin: *
Access-Control-Expose-Headers: X-GraphQL-Event-Stream
Alt-Svc: h3=":443"; ma=86400
Vary: Origin
Via: 1.1 Caddy
X-Graphql-Event-Stream: /stream
X-Query-Cost: 115
Cf-Cache-Status: DYNAMIC
Strict-Transport-Security: max-age=15552000; includeSubDomains; preload
x-content-type-options: nosniff
Server-Timing: cfCacheStatus;desc="DYNAMIC", cfEdge;dur=7,cfOrigin;dur=132
Report-To: {"group":"cf-nel","max_age":604800,"endpoints":[{"url":"https://a.nel.cloudflare.com/report/v4?s=8n3YyuCIVypfvD0kRp%2F%2BP0Xw0tFs%2FzrRuHos1L7ZC0JtHBNGYpPAvTENAH1p65p0YPgGdDP4IpJ0ljuIoV4XYUeL%2F3c%2BgrWU%2Bjk9ts1wiTc1T6%2F0d9%2BTzjSZGW9l0ACHSBcLiA%3D%3D"}]}
Nel: {"report_to":"cf-nel","success_fraction":0.0,"max_age":604800}
expect-ct: max-age=86400, enforce
referrer-policy: same-origin
x-frame-options: SAMEORIGIN
x-xss-protection: 1; mode=block
Server: cloudflare
CF-RAY: a0e65114ef5da209-MSP
Content-Type: application/json; charset=utf-8
Content-Length: 172
} 
Content: {"errors":[{"message":"Cannot query field \"personalBestGlobalsByIdLevel\" on type \"Level\". Did you mean \"personalBestGlobals\"?","locations":[{"line":1,"column":87}]}]}
Url: https://graphql.zeepki.st
Request: {"query":"query BetterSplitsPB($hash: String!, $steamId: BigFloat) { levelByHash(hash: $hash) { personalBestGlobalsByIdLevel(filter: {userByIdUser: {steamId: {equalTo: $steamId}}}) { nodes { recordByIdRecord { speeds splits time }}}}}","variables":{"hash":"5CAF0120B0C7243FEED8577BEF2A80132DFBFD2E-3","steamId":"76561199218214543"}}
[Info   :Zeepkist GTR] 18:29:33 Received HTTP response headers after 714.9155ms - 200
[Info   :Zeepkist GTR] 18:29:33 End processing HTTP request after 715.2405ms - 200
[Info   :Zeepkist GTR] 18:29:33 Received HTTP response headers after 1048.962ms - 200
[Info   :Zeepkist GTR] 18:29:33 End processing HTTP request after 1049.2556ms - 200
[Info   :Zeepkist GTR] 18:29:33 Received HTTP response headers after 1038.3893ms - 200
[Info   :Zeepkist GTR] 18:29:33 End processing HTTP request after 1038.6625ms - 200
[Info   :Zeepkist GTR] 18:29:34 Starting recorder
[Info   :Zeepkist Bingo] [CHAT] Intercepted message: ok this is it
[Info   :Zeepkist Bingo] [CHAT] Not relaying - no bingo session
[Info   :Zeepkist Bingo] [BINGO] === PLAYER SPAWNED ===
[Info   :Zeepkist Bingo] [BINGO] IsInActiveSession: False
[Info   :Zeepkist Bingo] [BINGO] Not in active session, skipping timer reset
[Info   :Zeepkist GTR] 18:30:16 Loading personal best...
[Info   :Zeepkist GTR] 18:30:16 Start processing HTTP request "POST" "https://graphql.zeepki.st/"
[Info   :Zeepkist GTR] 18:30:16 Sending HTTP request "POST" "https://graphql.zeepki.st/"
[Info   :Zeepkist GTR] 18:30:16 Stopping existing recorder if any
[Info   :Zeepkist GTR] 18:30:16 Creating new recorder
[Info   :Zeepkist GTR] 18:30:16 Start processing HTTP request "POST" "https://graphql.zeepki.st/"
[Info   :Zeepkist GTR] 18:30:16 Sending HTTP request "POST" "https://graphql.zeepki.st/"
[Info   :Zeepkist GTR] 18:30:16 Start processing HTTP request "POST" "https://graphql.zeepki.st/"
[Info   :Zeepkist GTR] 18:30:16 Sending HTTP request "POST" "https://graphql.zeepki.st/"
[Info   :Zeepkist GTR] 18:30:16 Received HTTP response headers after 170.7253ms - 200
[Info   :Zeepkist GTR] 18:30:16 End processing HTTP request after 170.9603ms - 200
[Info   :Zeepkist GTR] 18:30:16 Received HTTP response headers after 176.8952ms - 200
[Info   :Zeepkist GTR] 18:30:16 End processing HTTP request after 177.2094ms - 200
[Info   :Zeepkist GTR] 18:30:16 Received HTTP response headers after 338.9195ms - 200
[Info   :Zeepkist GTR] 18:30:16 End processing HTTP request after 339.1811ms - 200
[Info   :Zeepkist GTR] 18:30:18 Starting recorder
[Info   :Zeepkist Bingo] [BINGO] === PLAYER SPAWNED ===
[Info   :Zeepkist Bingo] [BINGO] IsInActiveSession: False
[Info   :Zeepkist Bingo] [BINGO] Not in active session, skipping timer reset
[Info   :Zeepkist GTR] 18:30:40 Loading personal best...
[Info   :Zeepkist GTR] 18:30:40 Start processing HTTP request "POST" "https://graphql.zeepki.st/"
[Info   :Zeepkist GTR] 18:30:40 Sending HTTP request "POST" "https://graphql.zeepki.st/"
[Info   :Zeepkist GTR] 18:30:40 Stopping existing recorder if any
[Info   :Zeepkist GTR] 18:30:40 Creating new recorder
[Info   :Zeepkist GTR] 18:30:40 Start processing HTTP request "POST" "https://graphql.zeepki.st/"
[Info   :Zeepkist GTR] 18:30:40 Sending HTTP request "POST" "https://graphql.zeepki.st/"
[Info   :Zeepkist GTR] 18:30:40 Start processing HTTP request "POST" "https://graphql.zeepki.st/"
[Info   :Zeepkist GTR] 18:30:40 Sending HTTP request "POST" "https://graphql.zeepki.st/"
[Info   :Zeepkist GTR] 18:30:40 Received HTTP response headers after 185.4422ms - 200
[Info   :Zeepkist GTR] 18:30:40 End processing HTTP request after 185.754ms - 200
[Info   :Zeepkist GTR] 18:30:40 Received HTTP response headers after 192.3619ms - 200
[Info   :Zeepkist GTR] 18:30:40 End processing HTTP request after 192.6513ms - 200
[Info   :Zeepkist GTR] 18:30:40 Received HTTP response headers after 365.8943ms - 200
[Info   :Zeepkist GTR] 18:30:40 End processing HTTP request after 366.1647ms - 200
[Info   :Zeepkist GTR] 18:30:41 Starting recorder
[Info   :Zeepkist Bingo] [CHAT] Intercepted message: bc idk 
[Info   :Zeepkist Bingo] [CHAT] Not relaying - no bingo session
[Info   :Zeepkist Bingo] [BINGO] === PLAYER SPAWNED ===
[Info   :Zeepkist Bingo] [BINGO] IsInActiveSession: False
[Info   :Zeepkist Bingo] [BINGO] Not in active session, skipping timer reset
[Info   :Zeepkist GTR] 18:30:53 Loading personal best...
[Info   :Zeepkist GTR] 18:30:53 Start processing HTTP request "POST" "https://graphql.zeepki.st/"
[Info   :Zeepkist GTR] 18:30:53 Sending HTTP request "POST" "https://graphql.zeepki.st/"
[Info   :Zeepkist GTR] 18:30:53 Stopping existing recorder if any
[Info   :Zeepkist GTR] 18:30:53 Creating new recorder
[Info   :Zeepkist GTR] 18:30:53 Start processing HTTP request "POST" "https://graphql.zeepki.st/"
[Info   :Zeepkist GTR] 18:30:53 Sending HTTP request "POST" "https://graphql.zeepki.st/"
[Info   :Zeepkist GTR] 18:30:53 Start processing HTTP request "POST" "https://graphql.zeepki.st/"
[Info   :Zeepkist GTR] 18:30:53 Sending HTTP request "POST" "https://graphql.zeepki.st/"
[Info   :Zeepkist GTR] 18:30:54 Received HTTP response headers after 167.2159ms - 200
[Info   :Zeepkist GTR] 18:30:54 End processing HTTP request after 167.4831ms - 200
[Info   :Zeepkist GTR] 18:30:54 Received HTTP response headers after 167.5323ms - 200
[Info   :Zeepkist GTR] 18:30:54 End processing HTTP request after 167.774ms - 200
[Info   :Zeepkist GTR] 18:30:54 Received HTTP response headers after 339.8393ms - 200
[Info   :Zeepkist GTR] 18:30:54 End processing HTTP request after 340.1537ms - 200
[Info   :Zeepkist GTR] 18:30:55 Starting recorder
[Info   :Zeepkist Bingo] [BINGO] === PLAYER SPAWNED ===
[Info   :Zeepkist Bingo] [BINGO] IsInActiveSession: False
[Info   :Zeepkist Bingo] [BINGO] Not in active session, skipping timer reset
[Info   :Zeepkist GTR] 18:30:58 Loading personal best...
[Info   :Zeepkist GTR] 18:30:58 Start processing HTTP request "POST" "https://graphql.zeepki.st/"
[Info   :Zeepkist GTR] 18:30:58 Sending HTTP request "POST" "https://graphql.zeepki.st/"
[Info   :Zeepkist GTR] 18:30:58 Stopping existing recorder if any
[Info   :Zeepkist GTR] 18:30:58 Creating new recorder
[Info   :Zeepkist GTR] 18:30:58 Start processing HTTP request "POST" "https://graphql.zeepki.st/"
[Info   :Zeepkist GTR] 18:30:58 Sending HTTP request "POST" "https://graphql.zeepki.st/"
[Info   :Zeepkist GTR] 18:30:58 Start processing HTTP request "POST" "https://graphql.zeepki.st/"
[Info   :Zeepkist GTR] 18:30:58 Sending HTTP request "POST" "https://graphql.zeepki.st/"
[Info   :Zeepkist GTR] 18:30:58 Received HTTP response headers after 174.2416ms - 200
[Info   :Zeepkist GTR] 18:30:58 End processing HTTP request after 174.5129ms - 200
[Info   :Zeepkist GTR] 18:30:58 Received HTTP response headers after 177.505ms - 200
[Info   :Zeepkist GTR] 18:30:58 End processing HTTP request after 177.7101ms - 200
[Info   :Zeepkist GTR] 18:30:59 Received HTTP response headers after 355.2136ms - 200
[Info   :Zeepkist GTR] 18:30:59 End processing HTTP request after 355.4689ms - 200
[Info   :Zeepkist GTR] 18:31:00 Starting recorder
[Info   :Zeepkist GTR] 18:31:26 Stopping recorder
[Info   :Zeepkist GTR] 18:31:26 Collecting extra information
[Info   :Zeepkist GTR] 18:31:26 Processing ghost data
[Info   :Zeepkist GTR] 18:31:26 Creating stream
[Info   :Zeepkist GTR] 18:31:26 Writing to stream
[Info   :Zeepkist GTR] 18:31:26 Closing stream
[Info   :Zeepkist GTR] 18:31:26 Getting buffer
[Info   :Zeepkist GTR] 18:31:26 Converting to base64
[Info   :Zeepkist GTR] 18:31:26 Creating resource
[Info   :Zeepkist GTR] 18:31:26 Start processing HTTP request "POST" "https://backend.zeepki.st/auth/refresh"
[Info   :Zeepkist GTR] 18:31:26 Sending HTTP request "POST" "https://backend.zeepki.st/auth/refresh"
[Info   :Zeepkist GTR] 18:31:26 Received HTTP response headers after 302.122ms - 200
[Info   :Zeepkist GTR] 18:31:26 End processing HTTP request after 302.5091ms - 200
[Info   :Zeepkist GTR] 18:31:26 Start processing HTTP request "POST" "https://backend.zeepki.st/record/submit"
[Info   :Zeepkist GTR] 18:31:26 Sending HTTP request "POST" "https://backend.zeepki.st/record/submit"
[Info   :Zeepkist GTR] 18:31:27 Received HTTP response headers after 368.7703ms - 200
[Info   :Zeepkist GTR] 18:31:27 End processing HTTP request after 369.0903ms - 200
[Info   :Zeepkist Bingo] [BINGO] === PLAYER SPAWNED ===
[Info   :Zeepkist Bingo] [BINGO] IsInActiveSession: False
[Info   :Zeepkist Bingo] [BINGO] Not in active session, skipping timer reset
[Info   :Zeepkist GTR] 18:31:36 Loading personal best...
[Info   :Zeepkist GTR] 18:31:36 Start processing HTTP request "POST" "https://graphql.zeepki.st/"
[Info   :Zeepkist GTR] 18:31:36 Sending HTTP request "POST" "https://graphql.zeepki.st/"
[Info   :Zeepkist GTR] 18:31:36 Stopping existing recorder if any
[Info   :Zeepkist GTR] 18:31:36 Creating new recorder
[Info   :Zeepkist GTR] 18:31:36 Start processing HTTP request "POST" "https://graphql.zeepki.st/"
[Info   :Zeepkist GTR] 18:31:36 Sending HTTP request "POST" "https://graphql.zeepki.st/"
[Info   :Zeepkist GTR] 18:31:36 Start processing HTTP request "POST" "https://graphql.zeepki.st/"
[Info   :Zeepkist GTR] 18:31:36 Sending HTTP request "POST" "https://graphql.zeepki.st/"
[Info   :Zeepkist GTR] 18:31:37 Received HTTP response headers after 283.6585ms - 200
[Info   :Zeepkist GTR] 18:31:37 End processing HTTP request after 283.9747ms - 200
[Info   :Zeepkist GTR] 18:31:37 Received HTTP response headers after 289.173ms - 200
[Info   :Zeepkist GTR] 18:31:37 End processing HTTP request after 289.4466ms - 200
[Info   :Zeepkist GTR] 18:31:37 Start processing HTTP request "GET" "https://cdn.zeepki.st/ghosts/01KVH3K9QK9QNZA0EX5C0MA2WT.bin"
[Info   :Zeepkist GTR] 18:31:37 Sending HTTP request "GET" "https://cdn.zeepki.st/ghosts/01KVH3K9QK9QNZA0EX5C0MA2WT.bin"
[Info   :Zeepkist GTR] 18:31:37 Received HTTP response headers after 479.8042ms - 200
[Info   :Zeepkist GTR] 18:31:37 End processing HTTP request after 480.1104ms - 200
[Info   :Zeepkist GTR] 18:31:37 Start processing HTTP request "POST" "https://graphql.zeepki.st/"
[Info   :Zeepkist GTR] 18:31:37 Sending HTTP request "POST" "https://graphql.zeepki.st/"
[Info   :Zeepkist GTR] 18:31:37 Received HTTP response headers after 189.6093ms - 200
[Info   :Zeepkist GTR] 18:31:37 End processing HTTP request after 189.9617ms - 200
[Info   :Zeepkist GTR] 18:31:38 Received HTTP response headers after 937.5303ms - 200
[Info   :Zeepkist GTR] 18:31:38 End processing HTTP request after 937.8802ms - 200
[Info   :Zeepkist GTR] 18:31:38 Ghost version: 5
[Info   :Zeepkist GTR] 18:31:38 Starting recorder
[Info   :Zeepkist Bingo] [CHAT] Intercepted message: bruh
[Info   :Zeepkist Bingo] [CHAT] Not relaying - no bingo session
[Info   :Zeepkist Bingo] [CHAT] Intercepted message: its a good map :)
[Info   :Zeepkist Bingo] [CHAT] Not relaying - no bingo session
[Info   :RoundLeaderboardTab] Drawing leaderboard -> forwarding to Instance.DrawTabLeaderboard()
[Info   :Zeepkist Bingo] [CHAT] Intercepted message: fr
[Info   :Zeepkist Bingo] [CHAT] Not relaying - no bingo session
[Info   :Zeepkist Bingo] [CHAT] Intercepted message: ^
[Info   :Zeepkist Bingo] [CHAT] Not relaying - no bingo session
[Info   :RoundLeaderboardTab] Drawing leaderboard -> forwarding to Instance.DrawTabLeaderboard()
[Info   :RoundLeaderboardTab] Drawing leaderboard -> forwarding to Instance.DrawTabLeaderboard()
[Info   :Zeepkist Bingo] [BINGO] === PLAYER SPAWNED ===
[Info   :Zeepkist Bingo] [BINGO] IsInActiveSession: False
[Info   :Zeepkist Bingo] [BINGO] Not in active session, skipping timer reset
[Info   :Zeepkist GTR] 18:36:41 Loading personal best...
[Info   :Zeepkist GTR] 18:36:41 Start processing HTTP request "POST" "https://graphql.zeepki.st/"
[Info   :Zeepkist GTR] 18:36:41 Sending HTTP request "POST" "https://graphql.zeepki.st/"
[Info   :Zeepkist GTR] 18:36:41 Stopping existing recorder if any
[Info   :Zeepkist GTR] 18:36:41 Creating new recorder
[Info   :Zeepkist GTR] 18:36:41 Start processing HTTP request "POST" "https://graphql.zeepki.st/"
[Info   :Zeepkist GTR] 18:36:41 Sending HTTP request "POST" "https://graphql.zeepki.st/"
[Info   :Zeepkist GTR] 18:36:41 Start processing HTTP request "POST" "https://graphql.zeepki.st/"
[Info   :Zeepkist GTR] 18:36:41 Sending HTTP request "POST" "https://graphql.zeepki.st/"
[Info   :Zeepkist GTR] 18:36:42 Received HTTP response headers after 544.1329ms - 200
[Info   :Zeepkist GTR] 18:36:42 End processing HTTP request after 544.4536ms - 200
[Info   :Zeepkist GTR] 18:36:42 Received HTTP response headers after 560.9125ms - 200
[Info   :Zeepkist GTR] 18:36:42 End processing HTTP request after 561.1868ms - 200
[Info   :Zeepkist GTR] 18:36:42 Ghost version: 5
[Info   :Zeepkist GTR] 18:36:42 Received HTTP response headers after 421.2216ms - 200
[Info   :Zeepkist GTR] 18:36:42 End processing HTTP request after 421.5347ms - 200
[Info   :Zeepkist GTR] 18:36:42 Start processing HTTP request "POST" "https://graphql.zeepki.st/"
[Info   :Zeepkist GTR] 18:36:42 Sending HTTP request "POST" "https://graphql.zeepki.st/"
[Info   :Zeepkist GTR] 18:36:42 Received HTTP response headers after 178.4935ms - 200
[Info   :Zeepkist GTR] 18:36:42 End processing HTTP request after 178.8456ms - 200
[Info   :Zeepkist GTR] 18:36:43 Starting recorder
[Info   :RoundLeaderboardTab] Drawing leaderboard -> forwarding to Instance.DrawTabLeaderboard()
[Info   :RoundLeaderboardTab] Drawing leaderboard -> forwarding to Instance.DrawTabLeaderboard()
[Info   :Zeepkist Bingo] [CHAT] Intercepted message: !cotd startcup
[Info   :Zeepkist Bingo] [CHAT] Not relaying - no bingo session
[Info   :COTDTracker] Starting cup with exclude list: 
[Info   :Zeepkist GTR] 18:39:30 Discarding recorder
[Info   :COTDTracker] Doing eliminations with leaderboard:
[Info   :COTDTracker] Player [ZET]Stick: Time: 25.42447
[Info   :COTDTracker] Player Shattersmith: Time: 25.51274
[Info   :COTDTracker] Player 𝒱V𝑜o𝒾i𝒹d𝒱: Time: 25.52727
[Info   :COTDTracker] Player Eclipse135: Time: 25.59643
[Info   :COTDTracker] Player Minkus: Time: 25.71629
[Info   :COTDTracker] Player MALIYO: Time: 25.73099
[Info   :COTDTracker] Player zodiak: Time: 25.77035
[Info   :COTDTracker] Player PlusMicron: Time: 25.8691
[Info   :COTDTracker] Player Noxitu: Time: 25.89112
[Info   :COTDTracker] Player huhconduct: Time: 25.90388
[Info   :COTDTracker] Player BrickEdwards: Time: 25.92665
[Info   :COTDTracker] Player Savage Package: Time: 25.95456
[Info   :COTDTracker] Player justMaki: Time: 26.01628
[Info   :COTDTracker] Player [ZET] Wheelie: Time: 26.03041
[Info   :COTDTracker] Player M4DSCOTSM4N: Time: 26.27135
[Info   :COTDTracker] Player pannekoekbijter: Time: 26.29371
[Info   :COTDTracker] Player [CCC]Shinikage221: Time: 26.32275
[Info   :COTDTracker] Player [ZET]Sword125: Time: 26.35598
[Info   :COTDTracker] Player [ZET]maskeddog: Time: 26.36039
[Info   :COTDTracker] Player SuperHeavy: Time: 26.52018
[Info   :COTDTracker] Player Maki: Time: 26.71544
[Info   :COTDTracker] Player Dartho Mas: Time: 26.73264
[Info   :COTDTracker] Player SkyPromp: Time: 26.83954
[Info   :COTDTracker] Player Wyz1324: Time: 26.90701
[Info   :COTDTracker] Player Jsus: Time: 27.00914
[Info   :COTDTracker] Player Sumo_Tsunami: Time: 27.17357
[Info   :COTDTracker] Player [CLWN]DryDoc: Time: 27.36779
[Info   :COTDTracker] Player nicolasmudd13: Time: DNF
[Info   :COTDTracker] Kicking eliminated players
[Info   :Zeepkist Bingo] [BINGO] Level loaded
[Info   :BetterSplits] getting gtr splits
[Info   :Zeepkist Bingo] [BINGO] === PLAYER SPAWNED ===
[Info   :Zeepkist Bingo] [BINGO] IsInActiveSession: False
[Info   :Zeepkist Bingo] [BINGO] Not in active session, skipping timer reset
[Info   :Zeepkist GTR] 18:39:45 Loading personal best...
[Info   :Zeepkist GTR] 18:39:45 Start processing HTTP request "POST" "https://graphql.zeepki.st/"
[Info   :Zeepkist GTR] 18:39:45 Sending HTTP request "POST" "https://graphql.zeepki.st/"
[Info   :Zeepkist GTR] 18:39:45 Stopping existing recorder if any
[Info   :Zeepkist GTR] 18:39:45 Creating new recorder
[Info   :Zeepkist GTR] 18:39:45 Start processing HTTP request "POST" "https://graphql.zeepki.st/"
[Info   :Zeepkist GTR] 18:39:45 Sending HTTP request "POST" "https://graphql.zeepki.st/"
[Info   :Zeepkist GTR] 18:39:45 Start processing HTTP request "POST" "https://graphql.zeepki.st/"
[Info   :Zeepkist GTR] 18:39:45 Sending HTTP request "POST" "https://graphql.zeepki.st/"
[Error  :BetterSplits] could not get splits
Response: StatusCode: 400, ReasonPhrase: 'Bad Request', Version: 1.1, Content: System.Net.Http.StreamContent, Headers:
{
Date: Fri, 19 Jun 2026 23:39:48 GMT
Connection: keep-alive
Access-Control-Allow-Headers: Origin, X-Requested-With, Accept, Authorization, X-Apollo-Tracing, Content-Type, Content-Length, X-PostGraphile-Explain
Access-Control-Allow-Methods: HEAD, GET, POST
Access-Control-Allow-Origin: *
Access-Control-Expose-Headers: X-GraphQL-Event-Stream
Alt-Svc: h3=":443"; ma=86400
Vary: Origin
Via: 1.1 Caddy
X-Graphql-Event-Stream: /stream
X-Query-Cost: 115
Cf-Cache-Status: DYNAMIC
x-xss-protection: 1; mode=block
Strict-Transport-Security: max-age=15552000; includeSubDomains; preload
x-content-type-options: nosniff
Server-Timing: cfCacheStatus;desc="DYNAMIC", cfEdge;dur=10,cfOrigin;dur=131
Report-To: {"group":"cf-nel","max_age":604800,"endpoints":[{"url":"https://a.nel.cloudflare.com/report/v4?s=SRkNyv%2F81y9f4%2BrRSzQLJsNPY5kDJTD%2BwmJGkmK93gasuDGE5q1er0SGliRyq9zWC7kuRDw4hfviw97Ci8XIIrMiyAIBVfSg66aVkKP%2Fu%2Bv21TfofbVEIf3bXdrg%2FvdOZEMpXA%3D%3D"}]}
Nel: {"report_to":"cf-nel","success_fraction":0.0,"max_age":604800}
expect-ct: max-age=86400, enforce
referrer-policy: same-origin
x-frame-options: SAMEORIGIN
Server: cloudflare
CF-RAY: a0e660092bb7acfa-MSP
Content-Type: application/json; charset=utf-8
Content-Length: 172
} 
Content: {"errors":[{"message":"Cannot query field \"personalBestGlobalsByIdLevel\" on type \"Level\". Did you mean \"personalBestGlobals\"?","locations":[{"line":1,"column":87}]}]}
Url: https://graphql.zeepki.st
Request: {"query":"query BetterSplitsPB($hash: String!, $steamId: BigFloat) { levelByHash(hash: $hash) { personalBestGlobalsByIdLevel(filter: {userByIdUser: {steamId: {equalTo: $steamId}}}) { nodes { recordByIdRecord { speeds splits time }}}}}","variables":{"hash":"5CAF0120B0C7243FEED8577BEF2A80132DFBFD2E-3","steamId":"76561199218214543"}}
[Info   :Zeepkist GTR] 18:39:45 Received HTTP response headers after 265.7111ms - 200
[Info   :Zeepkist GTR] 18:39:45 End processing HTTP request after 265.9752ms - 200
[Info   :Zeepkist GTR] 18:39:45 Received HTTP response headers after 278.8819ms - 200
[Info   :Zeepkist GTR] 18:39:45 End processing HTTP request after 279.1532ms - 200
[Info   :Zeepkist GTR] 18:39:45 Ghost version: 5
[Info   :Zeepkist GTR] 18:39:45 Received HTTP response headers after 442.2277ms - 200
[Info   :Zeepkist GTR] 18:39:45 End processing HTTP request after 442.4844ms - 200
[Info   :Zeepkist GTR] 18:39:45 Start processing HTTP request "POST" "https://graphql.zeepki.st/"
[Info   :Zeepkist GTR] 18:39:45 Sending HTTP request "POST" "https://graphql.zeepki.st/"
[Info   :Zeepkist GTR] 18:39:46 Received HTTP response headers after 174.4178ms - 200
[Info   :Zeepkist GTR] 18:39:46 End processing HTTP request after 174.777ms - 200
[Info   :Zeepkist GTR] 18:39:47 Starting recorder
[Info   :Zeepkist GTR] 18:41:45 Discarding recorder
[Info   :COTDTracker] Doing eliminations with leaderboard:
[Info   :COTDTracker] Player 𝒱V𝑜o𝒾i𝒹d𝒱: Time: 25.42133
[Info   :COTDTracker] Player [ZET]Stick: Time: 25.54503
[Info   :COTDTracker] Player justMaki: Time: 25.64688
[Info   :COTDTracker] Player Eclipse135: Time: 25.68638
[Info   :COTDTracker] Player Minkus: Time: 25.69002
[Info   :COTDTracker] Player Shattersmith: Time: 25.79342
[Info   :COTDTracker] Player zodiak: Time: 25.80414
[Info   :COTDTracker] Player Savage Package: Time: 25.86899
[Info   :COTDTracker] Player PlusMicron: Time: 25.97801
[Info   :COTDTracker] Player BrickEdwards: Time: 25.97926
[Info   :COTDTracker] Player MALIYO: Time: 26.03267
[Info   :COTDTracker] Player pannekoekbijter: Time: 26.11386
[Info   :COTDTracker] Player Noxitu: Time: 26.11643
[Info   :COTDTracker] Player [CCC]Shinikage221: Time: 26.12902
[Info   :COTDTracker] Player huhconduct: Time: 26.13931
[Info   :COTDTracker] Player [ZET]Sword125: Time: 26.20166
[Info   :COTDTracker] Player M4DSCOTSM4N: Time: 26.24136
[Info   :COTDTracker] Player [ZET]maskeddog: Time: 26.69747
[Info   :COTDTracker] Player Maki: Time: 26.73682
[Info   :COTDTracker] Player Dartho Mas: Time: 26.74404
[Info   :COTDTracker] Player Sumo_Tsunami: Time: 26.86772
[Info   :COTDTracker] Player Wyz1324: Time: 26.96371
[Info   :COTDTracker] Player [CLWN]DryDoc: Time: 29.41959
[Info   :COTDTracker] Player SuperHeavy: Time: DNF
[Info   :COTDTracker] Player [ZET] Wheelie: Time: DNF
[Info   :COTDTracker] Player SkyPromp: Time: DNF
[Info   :COTDTracker] Player Jsus: Time: DNF
[Info   :COTDTracker] Player nicolasmudd13: Time: DNF
[Info   :COTDTracker] Eliminating DNF: nicolasmudd13
[Info   :COTDTracker] Eliminating DNF: Jsus
[Info   :COTDTracker] Eliminating DNF: SkyPromp
[Info   :COTDTracker] Eliminating DNF: [ZET] Wheelie
[Info   :COTDTracker] Eliminating DNF: SuperHeavy
[Info   :COTDTracker] Eliminated 5 DNF players
[Info   :COTDTracker] Eliminating 5 players: 
[Info   :COTDTracker] nicolasmudd13
[Info   :COTDTracker] Jsus
[Info   :COTDTracker] SkyPromp
[Info   :COTDTracker] [ZET] Wheelie
[Info   :COTDTracker] SuperHeavy
[Info   :COTDTracker] Kicking eliminated players
[Info   :Zeepkist Bingo] [BINGO] Level loaded
[Info   :BetterSplits] getting gtr splits
[Info   :Zeepkist Bingo] [BINGO] === PLAYER SPAWNED ===
[Info   :Zeepkist Bingo] [BINGO] IsInActiveSession: False
[Info   :Zeepkist Bingo] [BINGO] Not in active session, skipping timer reset
[Info   :Zeepkist GTR] 18:42:00 Loading personal best...
[Info   :Zeepkist GTR] 18:42:00 Start processing HTTP request "POST" "https://graphql.zeepki.st/"
[Info   :Zeepkist GTR] 18:42:00 Sending HTTP request "POST" "https://graphql.zeepki.st/"
[Info   :Zeepkist GTR] 18:42:01 Stopping existing recorder if any
[Info   :Zeepkist GTR] 18:42:01 Creating new recorder
[Info   :Zeepkist GTR] 18:42:01 Start processing HTTP request "POST" "https://graphql.zeepki.st/"
[Info   :Zeepkist GTR] 18:42:01 Sending HTTP request "POST" "https://graphql.zeepki.st/"
[Info   :Zeepkist GTR] 18:42:01 Start processing HTTP request "POST" "https://graphql.zeepki.st/"
[Info   :Zeepkist GTR] 18:42:01 Sending HTTP request "POST" "https://graphql.zeepki.st/"
[Info   :Zeepkist GTR] 18:42:01 Received HTTP response headers after 619.8241ms - 200
[Info   :Zeepkist GTR] 18:42:01 End processing HTTP request after 620.1554ms - 200
[Info   :Zeepkist GTR] 18:42:01 Received HTTP response headers after 372.5726ms - 200
[Info   :Zeepkist GTR] 18:42:01 End processing HTTP request after 372.9414ms - 200
[Error  :BetterSplits] could not get splits
Response: StatusCode: 400, ReasonPhrase: 'Bad Request', Version: 1.1, Content: System.Net.Http.StreamContent, Headers:
{
Date: Fri, 19 Jun 2026 23:42:03 GMT
Connection: keep-alive
Access-Control-Allow-Headers: Origin, X-Requested-With, Accept, Authorization, X-Apollo-Tracing, Content-Type, Content-Length, X-PostGraphile-Explain
Access-Control-Allow-Methods: HEAD, GET, POST
Access-Control-Allow-Origin: *
Access-Control-Expose-Headers: X-GraphQL-Event-Stream
Alt-Svc: h3=":443"; ma=86400
Vary: Origin
Via: 1.1 Caddy
X-Graphql-Event-Stream: /stream
X-Query-Cost: 115
Cf-Cache-Status: DYNAMIC
x-xss-protection: 1; mode=block
Strict-Transport-Security: max-age=15552000; includeSubDomains; preload
x-content-type-options: nosniff
Server-Timing: cfCacheStatus;desc="DYNAMIC", cfEdge;dur=4,cfOrigin;dur=128
Report-To: {"group":"cf-nel","max_age":604800,"endpoints":[{"url":"https://a.nel.cloudflare.com/report/v4?s=n1Hda6BxFODOPF6fSCP%2Fcb65mY2TwLYftRDY447KkYoox6iSIAKu2B1A8nrIN%2FRls%2Bav0Mp7d9j%2Fx21Yu5IDYiqEruYIET6n%2FKfFdBqGxjuIswqNG93c4VNAILlgcqE5FpOJCw%3D%3D"}]}
Nel: {"report_to":"cf-nel","success_fraction":0.0,"max_age":604800}
expect-ct: max-age=86400, enforce
referrer-policy: same-origin
x-frame-options: SAMEORIGIN
Server: cloudflare
CF-RAY: a0e66359d8cd8bdc-MSP
Content-Type: application/json; charset=utf-8
Content-Length: 172
} 
Content: {"errors":[{"message":"Cannot query field \"personalBestGlobalsByIdLevel\" on type \"Level\". Did you mean \"personalBestGlobals\"?","locations":[{"line":1,"column":87}]}]}
Url: https://graphql.zeepki.st
Request: {"query":"query BetterSplitsPB($hash: String!, $steamId: BigFloat) { levelByHash(hash: $hash) { personalBestGlobalsByIdLevel(filter: {userByIdUser: {steamId: {equalTo: $steamId}}}) { nodes { recordByIdRecord { speeds splits time }}}}}","variables":{"hash":"5CAF0120B0C7243FEED8577BEF2A80132DFBFD2E-3","steamId":"76561199218214543"}}
[Info   :Zeepkist GTR] 18:42:01 Ghost version: 5
[Info   :Zeepkist Bingo] [CHAT] Intercepted message: 5 players eliminated: nicolasmudd13, Jsus, SkyPromp, [ZET] Wheelie, SuperHeavy
[Info   :Zeepkist Bingo] [CHAT] Not relaying - no bingo session
[Info   :Zeepkist GTR] 18:42:01 Received HTTP response headers after 538.4283ms - 200
[Info   :Zeepkist GTR] 18:42:01 End processing HTTP request after 540.3425ms - 200
[Info   :Zeepkist GTR] 18:42:01 Start processing HTTP request "POST" "https://graphql.zeepki.st/"
[Info   :Zeepkist GTR] 18:42:01 Sending HTTP request "POST" "https://graphql.zeepki.st/"
[Info   :Zeepkist GTR] 18:42:01 Received HTTP response headers after 222.4096ms - 200
[Info   :Zeepkist GTR] 18:42:01 End processing HTTP request after 222.9004ms - 200
[Info   :Zeepkist GTR] 18:42:02 Starting recorder
[Info   :Zeepkist GTR] 18:43:59 Discarding recorder
[Info   :COTDTracker] Doing eliminations with leaderboard:
[Info   :COTDTracker] Player [ZET]Stick: Time: 25.39904
[Info   :COTDTracker] Player justMaki: Time: 25.51634
[Info   :COTDTracker] Player 𝒱V𝑜o𝒾i𝒹d𝒱: Time: 25.52961
[Info   :COTDTracker] Player Minkus: Time: 25.56764
[Info   :COTDTracker] Player zodiak: Time: 25.64915
[Info   :COTDTracker] Player MALIYO: Time: 25.6663
[Info   :COTDTracker] Player PlusMicron: Time: 25.72207
[Info   :COTDTracker] Player Eclipse135: Time: 25.73436
[Info   :COTDTracker] Player Shattersmith: Time: 25.89216
[Info   :COTDTracker] Player huhconduct: Time: 25.9601
[Info   :COTDTracker] Player [CCC]Shinikage221: Time: 26.04395
[Info   :COTDTracker] Player Noxitu: Time: 26.08443
[Info   :COTDTracker] Player Savage Package: Time: 26.0886
[Info   :COTDTracker] Player pannekoekbijter: Time: 26.11515
[Info   :COTDTracker] Player BrickEdwards: Time: 26.34201
[Info   :COTDTracker] Player [ZET]Sword125: Time: 26.38308
[Info   :COTDTracker] Player Dartho Mas: Time: 26.40805
[Info   :COTDTracker] Player Maki: Time: 26.55286
[Info   :COTDTracker] Player [ZET]maskeddog: Time: 26.55307
[Info   :COTDTracker] Player Wyz1324: Time: 26.64723
[Info   :COTDTracker] Player M4DSCOTSM4N: Time: 26.93549
[Info   :COTDTracker] Player Sumo_Tsunami: Time: 26.95736
[Info   :COTDTracker] Player [CLWN]DryDoc: Time: DNF
[Info   :COTDTracker] Eliminating DNF: [CLWN]DryDoc
[Info   :COTDTracker] Eliminated 1 DNF players
[Info   :COTDTracker] Eliminating on time: Sumo_Tsunami
[Info   :COTDTracker] Eliminating on time: M4DSCOTSM4N
[Info   :COTDTracker] Eliminating on time: Wyz1324
[Info   :COTDTracker] Eliminating 4 players: 
[Info   :COTDTracker] [CLWN]DryDoc
[Info   :COTDTracker] Sumo_Tsunami
[Info   :COTDTracker] M4DSCOTSM4N
[Info   :COTDTracker] Wyz1324
[Info   :COTDTracker] Kicking eliminated players
[Info   :Zeepkist Bingo] [BINGO] Level loaded
[Info   :BetterSplits] getting gtr splits
[Info   :Zeepkist Bingo] [BINGO] === PLAYER SPAWNED ===
[Info   :Zeepkist Bingo] [BINGO] IsInActiveSession: False
[Info   :Zeepkist Bingo] [BINGO] Not in active session, skipping timer reset
[Info   :Zeepkist GTR] 18:44:14 Loading personal best...
[Info   :Zeepkist GTR] 18:44:14 Start processing HTTP request "POST" "https://graphql.zeepki.st/"
[Info   :Zeepkist GTR] 18:44:14 Sending HTTP request "POST" "https://graphql.zeepki.st/"
[Info   :Zeepkist GTR] 18:44:14 Stopping existing recorder if any
[Info   :Zeepkist GTR] 18:44:14 Creating new recorder
[Info   :Zeepkist GTR] 18:44:14 Start processing HTTP request "POST" "https://graphql.zeepki.st/"
[Info   :Zeepkist GTR] 18:44:14 Sending HTTP request "POST" "https://graphql.zeepki.st/"
[Info   :Zeepkist GTR] 18:44:14 Start processing HTTP request "POST" "https://graphql.zeepki.st/"
[Info   :Zeepkist GTR] 18:44:14 Sending HTTP request "POST" "https://graphql.zeepki.st/"
[Info   :Zeepkist Bingo] [CHAT] Intercepted message: 4 players eliminated: [CLWN]DryDoc, Sumo_Tsunami, M4DSCOTSM4N, Wyz1324
[Info   :Zeepkist Bingo] [CHAT] Not relaying - no bingo session
[Error  :BetterSplits] could not get splits
Response: StatusCode: 400, ReasonPhrase: 'Bad Request', Version: 1.1, Content: System.Net.Http.StreamContent, Headers:
{
Date: Fri, 19 Jun 2026 23:44:17 GMT
Connection: keep-alive
Access-Control-Allow-Headers: Origin, X-Requested-With, Accept, Authorization, X-Apollo-Tracing, Content-Type, Content-Length, X-PostGraphile-Explain
Access-Control-Allow-Methods: HEAD, GET, POST
Access-Control-Allow-Origin: *
Access-Control-Expose-Headers: X-GraphQL-Event-Stream
Alt-Svc: h3=":443"; ma=86400
Vary: Origin
Via: 1.1 Caddy
X-Graphql-Event-Stream: /stream
X-Query-Cost: 115
Cf-Cache-Status: DYNAMIC
Strict-Transport-Security: max-age=15552000; includeSubDomains; preload
x-content-type-options: nosniff
Server-Timing: cfCacheStatus;desc="DYNAMIC", cfEdge;dur=6,cfOrigin;dur=131
Report-To: {"group":"cf-nel","max_age":604800,"endpoints":[{"url":"https://a.nel.cloudflare.com/report/v4?s=J9mfXIzmGkvWgVg8gqtWfH09h8Sjs4w%2FaykK0GQPGJg1kXRPwh%2Bby8N5rj9Oq6o93ZILQfGKco11AwBfxynB9bHwPYbBVnIXNq9CBz3vDHtj9WE00sBUn7baw9TjmK2Accpszw%3D%3D"}]}
Nel: {"report_to":"cf-nel","success_fraction":0.0,"max_age":604800}
expect-ct: max-age=86400, enforce
referrer-policy: same-origin
x-frame-options: SAMEORIGIN
x-xss-protection: 1; mode=block
Server: cloudflare
CF-RAY: a0e6669969fea1b9-MSP
Content-Type: application/json; charset=utf-8
Content-Length: 172
} 
Content: {"errors":[{"message":"Cannot query field \"personalBestGlobalsByIdLevel\" on type \"Level\". Did you mean \"personalBestGlobals\"?","locations":[{"line":1,"column":87}]}]}
Url: https://graphql.zeepki.st
Request: {"query":"query BetterSplitsPB($hash: String!, $steamId: BigFloat) { levelByHash(hash: $hash) { personalBestGlobalsByIdLevel(filter: {userByIdUser: {steamId: {equalTo: $steamId}}}) { nodes { recordByIdRecord { speeds splits time }}}}}","variables":{"hash":"5CAF0120B0C7243FEED8577BEF2A80132DFBFD2E-3","steamId":"76561199218214543"}}
[Info   :Zeepkist GTR] 18:44:14 Received HTTP response headers after 602.3891ms - 200
[Info   :Zeepkist GTR] 18:44:14 Received HTTP response headers after 601.6977ms - 200
[Info   :Zeepkist GTR] 18:44:14 End processing HTTP request after 602.789ms - 200
[Info   :Zeepkist GTR] 18:44:14 End processing HTTP request after 602.0144ms - 200
[Info   :Zeepkist GTR] 18:44:14 Ghost version: 5
[Info   :Zeepkist GTR] 18:44:15 Received HTTP response headers after 1016.2116ms - 200
[Info   :Zeepkist GTR] 18:44:15 End processing HTTP request after 1016.633ms - 200
[Info   :Zeepkist GTR] 18:44:15 Start processing HTTP request "POST" "https://graphql.zeepki.st/"
[Info   :Zeepkist GTR] 18:44:15 Sending HTTP request "POST" "https://graphql.zeepki.st/"
[Info   :Zeepkist GTR] 18:44:15 Received HTTP response headers after 290.0071ms - 200
[Info   :Zeepkist GTR] 18:44:15 End processing HTTP request after 290.428ms - 200
[Info   :Zeepkist GTR] 18:44:15 Starting recorder
[Info   :Zeepkist GTR] 18:46:11 Discarding recorder
[Info   :COTDTracker] Doing eliminations with leaderboard:
[Info   :COTDTracker] Player justMaki: Time: 25.46172
[Info   :COTDTracker] Player 𝒱V𝑜o𝒾i𝒹d𝒱: Time: 25.51177
[Info   :COTDTracker] Player Minkus: Time: 25.52558
[Info   :COTDTracker] Player Shattersmith: Time: 25.60907
[Info   :COTDTracker] Player [ZET]Stick: Time: 25.61784
[Info   :COTDTracker] Player Eclipse135: Time: 25.68728
[Info   :COTDTracker] Player Savage Package: Time: 25.72513
[Info   :COTDTracker] Player Noxitu: Time: 25.89229
[Info   :COTDTracker] Player MALIYO: Time: 25.90462
[Info   :COTDTracker] Player huhconduct: Time: 25.93412
[Info   :COTDTracker] Player BrickEdwards: Time: 26.01753
[Info   :COTDTracker] Player zodiak: Time: 26.02941
[Info   :COTDTracker] Player PlusMicron: Time: 26.06808
[Info   :COTDTracker] Player Maki: Time: 26.35759
[Info   :COTDTracker] Player Dartho Mas: Time: 26.43825
[Info   :COTDTracker] Player [CCC]Shinikage221: Time: 26.47118
[Info   :COTDTracker] Player pannekoekbijter: Time: 26.4819
[Info   :COTDTracker] Player [ZET]maskeddog: Time: 26.54818
[Info   :COTDTracker] Player [ZET]Sword125: Time: DNF
[Info   :COTDTracker] Eliminating DNF: [ZET]Sword125
[Info   :COTDTracker] Eliminated 1 DNF players
[Info   :COTDTracker] Eliminating on time: [ZET]maskeddog
[Info   :COTDTracker] Eliminating on time: pannekoekbijter
[Info   :COTDTracker] Eliminating on time: [CCC]Shinikage221
[Info   :COTDTracker] Eliminating 4 players: 
[Info   :COTDTracker] [ZET]Sword125
[Info   :COTDTracker] [ZET]maskeddog
[Info   :COTDTracker] pannekoekbijter
[Info   :COTDTracker] [CCC]Shinikage221
[Info   :COTDTracker] Kicking eliminated players
[Info   :Zeepkist Bingo] [BINGO] Level loaded
[Info   :BetterSplits] getting gtr splits
[Info   :Zeepkist Bingo] [BINGO] === PLAYER SPAWNED ===
[Info   :Zeepkist Bingo] [BINGO] IsInActiveSession: False
[Info   :Zeepkist Bingo] [BINGO] Not in active session, skipping timer reset
[Info   :Zeepkist GTR] 18:46:27 Loading personal best...
[Info   :Zeepkist GTR] 18:46:27 Start processing HTTP request "POST" "https://graphql.zeepki.st/"
[Info   :Zeepkist GTR] 18:46:27 Sending HTTP request "POST" "https://graphql.zeepki.st/"
[Info   :Zeepkist GTR] 18:46:27 Stopping existing recorder if any
[Info   :Zeepkist GTR] 18:46:27 Creating new recorder
[Info   :Zeepkist GTR] 18:46:27 Start processing HTTP request "POST" "https://graphql.zeepki.st/"
[Info   :Zeepkist GTR] 18:46:27 Sending HTTP request "POST" "https://graphql.zeepki.st/"
[Info   :Zeepkist GTR] 18:46:27 Start processing HTTP request "POST" "https://graphql.zeepki.st/"
[Info   :Zeepkist GTR] 18:46:27 Sending HTTP request "POST" "https://graphql.zeepki.st/"
[Info   :Zeepkist Bingo] [CHAT] Intercepted message: 4 players eliminated: [ZET]Sword125, [ZET]maskeddog, pannekoekbijter, [CCC]Shinikage221
[Info   :Zeepkist Bingo] [CHAT] Not relaying - no bingo session
[Error  :BetterSplits] could not get splits
Response: StatusCode: 400, ReasonPhrase: 'Bad Request', Version: 1.1, Content: System.Net.Http.StreamContent, Headers:
{
Date: Fri, 19 Jun 2026 23:46:30 GMT
Connection: keep-alive
Access-Control-Allow-Headers: Origin, X-Requested-With, Accept, Authorization, X-Apollo-Tracing, Content-Type, Content-Length, X-PostGraphile-Explain
Access-Control-Allow-Methods: HEAD, GET, POST
Access-Control-Allow-Origin: *
Access-Control-Expose-Headers: X-GraphQL-Event-Stream
Alt-Svc: h3=":443"; ma=86400
Vary: Origin
Via: 1.1 Caddy
X-Graphql-Event-Stream: /stream
X-Query-Cost: 115
Cf-Cache-Status: DYNAMIC
Strict-Transport-Security: max-age=15552000; includeSubDomains; preload
x-content-type-options: nosniff
Server-Timing: cfCacheStatus;desc="DYNAMIC", cfEdge;dur=13,cfOrigin;dur=134
Report-To: {"group":"cf-nel","max_age":604800,"endpoints":[{"url":"https://a.nel.cloudflare.com/report/v4?s=pEFSd9Zeqb3gMu5SD26saNitVq9RnhFLlQARvGHRw2igyn8v7UslerIxfakwZyy%2BAHh8EV3BeynQRjK9ehs166FvNv4iRBxltPquMI71OS5sovQlZ0QAPEfSYphQPMeU%2BDFduA%3D%3D"}]}
Nel: {"report_to":"cf-nel","success_fraction":0.0,"max_age":604800}
expect-ct: max-age=86400, enforce
referrer-policy: same-origin
x-frame-options: SAMEORIGIN
x-xss-protection: 1; mode=block
Server: cloudflare
CF-RAY: a0e669d99903ad1a-MSP
Content-Type: application/json; charset=utf-8
Content-Length: 172
} 
Content: {"errors":[{"message":"Cannot query field \"personalBestGlobalsByIdLevel\" on type \"Level\". Did you mean \"personalBestGlobals\"?","locations":[{"line":1,"column":87}]}]}
Url: https://graphql.zeepki.st
Request: {"query":"query BetterSplitsPB($hash: String!, $steamId: BigFloat) { levelByHash(hash: $hash) { personalBestGlobalsByIdLevel(filter: {userByIdUser: {steamId: {equalTo: $steamId}}}) { nodes { recordByIdRecord { speeds splits time }}}}}","variables":{"hash":"5CAF0120B0C7243FEED8577BEF2A80132DFBFD2E-3","steamId":"76561199218214543"}}
[Info   :Zeepkist GTR] 18:46:28 Received HTTP response headers after 1332.0023ms - 200
[Info   :Zeepkist GTR] 18:46:28 End processing HTTP request after 1332.4401ms - 200
[Info   :Zeepkist GTR] 18:46:28 Ghost version: 5
[Info   :Zeepkist GTR] 18:46:28 Received HTTP response headers after 1395.4098ms - 200
[Info   :Zeepkist GTR] 18:46:28 End processing HTTP request after 1395.6773ms - 200
[Info   :Zeepkist GTR] 18:46:28 Starting recorder
[Info   :Zeepkist GTR] 18:46:28 Received HTTP response headers after 1788.4863ms - 200
[Info   :Zeepkist GTR] 18:46:28 End processing HTTP request after 1788.8446ms - 200
[Info   :Zeepkist GTR] 18:46:28 Start processing HTTP request "POST" "https://graphql.zeepki.st/"
[Info   :Zeepkist GTR] 18:46:28 Sending HTTP request "POST" "https://graphql.zeepki.st/"
[Info   :Zeepkist GTR] 18:46:29 Received HTTP response headers after 310.5046ms - 200
[Info   :Zeepkist GTR] 18:46:29 End processing HTTP request after 310.8349ms - 200
[Info   :Zeepkist GTR] 18:48:24 Discarding recorder
[Info   :COTDTracker] Doing eliminations with leaderboard:
[Info   :COTDTracker] Player Minkus: Time: 25.49418
[Info   :COTDTracker] Player [ZET]Stick: Time: 25.5554
[Info   :COTDTracker] Player Shattersmith: Time: 25.58071
[Info   :COTDTracker] Player Eclipse135: Time: 25.60256
[Info   :COTDTracker] Player zodiak: Time: 25.61726
[Info   :COTDTracker] Player justMaki: Time: 25.64495
[Info   :COTDTracker] Player PlusMicron: Time: 25.73886
[Info   :COTDTracker] Player 𝒱V𝑜o𝒾i𝒹d𝒱: Time: 25.7725
[Info   :COTDTracker] Player Noxitu: Time: 25.77346
[Info   :COTDTracker] Player MALIYO: Time: 25.80855
[Info   :COTDTracker] Player Savage Package: Time: 25.86979
[Info   :COTDTracker] Player huhconduct: Time: 26.14494
[Info   :COTDTracker] Player BrickEdwards: Time: 26.18941
[Info   :COTDTracker] Player Dartho Mas: Time: 26.38194
[Info   :COTDTracker] Player Maki: Time: 26.42963
[Info   :COTDTracker] Eliminated 0 DNF players
[Info   :COTDTracker] Eliminating on time: Maki
[Info   :COTDTracker] Eliminating on time: Dartho Mas
[Info   :COTDTracker] Eliminating on time: BrickEdwards
[Info   :COTDTracker] Eliminating 3 players: 
[Info   :COTDTracker] Maki
[Info   :COTDTracker] Dartho Mas
[Info   :COTDTracker] BrickEdwards
[Info   :COTDTracker] Kicking eliminated players
[Info   :Zeepkist Bingo] [BINGO] Level loaded
[Info   :BetterSplits] getting gtr splits
[Info   :Zeepkist Bingo] [BINGO] === PLAYER SPAWNED ===
[Info   :Zeepkist Bingo] [BINGO] IsInActiveSession: False
[Info   :Zeepkist Bingo] [BINGO] Not in active session, skipping timer reset
[Info   :Zeepkist GTR] 18:48:39 Loading personal best...
[Info   :Zeepkist GTR] 18:48:39 Start processing HTTP request "POST" "https://graphql.zeepki.st/"
[Info   :Zeepkist GTR] 18:48:39 Sending HTTP request "POST" "https://graphql.zeepki.st/"
[Info   :Zeepkist GTR] 18:48:39 Stopping existing recorder if any
[Info   :Zeepkist GTR] 18:48:39 Creating new recorder
[Info   :Zeepkist GTR] 18:48:39 Start processing HTTP request "POST" "https://graphql.zeepki.st/"
[Info   :Zeepkist GTR] 18:48:39 Sending HTTP request "POST" "https://graphql.zeepki.st/"
[Info   :Zeepkist GTR] 18:48:39 Start processing HTTP request "POST" "https://graphql.zeepki.st/"
[Info   :Zeepkist GTR] 18:48:39 Sending HTTP request "POST" "https://graphql.zeepki.st/"
[Error  :BetterSplits] could not get splits
Response: StatusCode: 400, ReasonPhrase: 'Bad Request', Version: 1.1, Content: System.Net.Http.StreamContent, Headers:
{
Date: Fri, 19 Jun 2026 23:48:42 GMT
Connection: keep-alive
Access-Control-Allow-Headers: Origin, X-Requested-With, Accept, Authorization, X-Apollo-Tracing, Content-Type, Content-Length, X-PostGraphile-Explain
Access-Control-Allow-Methods: HEAD, GET, POST
Access-Control-Allow-Origin: *
Access-Control-Expose-Headers: X-GraphQL-Event-Stream
Alt-Svc: h3=":443"; ma=86400
Vary: Origin
Via: 1.1 Caddy
X-Graphql-Event-Stream: /stream
X-Query-Cost: 115
Cf-Cache-Status: DYNAMIC
x-xss-protection: 1; mode=block
Strict-Transport-Security: max-age=15552000; includeSubDomains; preload
x-content-type-options: nosniff
Server-Timing: cfCacheStatus;desc="DYNAMIC", cfEdge;dur=10,cfOrigin;dur=131
Report-To: {"group":"cf-nel","max_age":604800,"endpoints":[{"url":"https://a.nel.cloudflare.com/report/v4?s=GGqmguiiNGU77FkckDJ21saPplAWboC6bP3Tdjuye6nAMbsj0XgFgwOLvr7Gw0gNf41xgfSOZ3K8DVN2h%2Bx1TcCGC5c19q%2F6IFW0fynAahqFxcjZW%2FkliwPBAnyFqmXUbQwAYw%3D%3D"}]}
Nel: {"report_to":"cf-nel","success_fraction":0.0,"max_age":604800}
expect-ct: max-age=86400, enforce
referrer-policy: same-origin
x-frame-options: SAMEORIGIN
Server: cloudflare
CF-RAY: a0e66d15fd30a1d0-MSP
Content-Type: application/json; charset=utf-8
Content-Length: 172
} 
Content: {"errors":[{"message":"Cannot query field \"personalBestGlobalsByIdLevel\" on type \"Level\". Did you mean \"personalBestGlobals\"?","locations":[{"line":1,"column":87}]}]}
Url: https://graphql.zeepki.st
Request: {"query":"query BetterSplitsPB($hash: String!, $steamId: BigFloat) { levelByHash(hash: $hash) { personalBestGlobalsByIdLevel(filter: {userByIdUser: {steamId: {equalTo: $steamId}}}) { nodes { recordByIdRecord { speeds splits time }}}}}","variables":{"hash":"5CAF0120B0C7243FEED8577BEF2A80132DFBFD2E-3","steamId":"76561199218214543"}}
[Info   :Zeepkist GTR] 18:48:40 Received HTTP response headers after 274.9154ms - 200
[Info   :Zeepkist GTR] 18:48:40 End processing HTTP request after 275.2672ms - 200
[Info   :Zeepkist GTR] 18:48:40 Received HTTP response headers after 328.6339ms - 200
[Info   :Zeepkist GTR] 18:48:40 End processing HTTP request after 329.0283ms - 200
[Info   :Zeepkist GTR] 18:48:40 Ghost version: 5
[Info   :Zeepkist GTR] 18:48:40 Received HTTP response headers after 450.2363ms - 200
[Info   :Zeepkist GTR] 18:48:40 End processing HTTP request after 450.6083ms - 200
[Info   :Zeepkist GTR] 18:48:40 Start processing HTTP request "POST" "https://graphql.zeepki.st/"
[Info   :Zeepkist GTR] 18:48:40 Sending HTTP request "POST" "https://graphql.zeepki.st/"
[Info   :Zeepkist Bingo] [CHAT] Intercepted message: 3 players eliminated: Maki, Dartho Mas, BrickEdwards
[Info   :Zeepkist Bingo] [CHAT] Not relaying - no bingo session
[Info   :Zeepkist GTR] 18:48:40 Received HTTP response headers after 193.7368ms - 200
[Info   :Zeepkist GTR] 18:48:40 End processing HTTP request after 194.0654ms - 200
[Info   :Zeepkist GTR] 18:48:41 Starting recorder
[Info   :Zeepkist GTR] 18:50:37 Discarding recorder
[Info   :COTDTracker] Doing eliminations with leaderboard:
[Info   :COTDTracker] Player 𝒱V𝑜o𝒾i𝒹d𝒱: Time: 25.46944
[Info   :COTDTracker] Player justMaki: Time: 25.49635
[Info   :COTDTracker] Player Minkus: Time: 25.49751
[Info   :COTDTracker] Player [ZET]Stick: Time: 25.55775
[Info   :COTDTracker] Player Shattersmith: Time: 25.61327
[Info   :COTDTracker] Player MALIYO: Time: 25.78352
[Info   :COTDTracker] Player Eclipse135: Time: 25.83005
[Info   :COTDTracker] Player Noxitu: Time: 25.95521
[Info   :COTDTracker] Player zodiak: Time: 25.96305
[Info   :COTDTracker] Player PlusMicron: Time: 25.96473
[Info   :COTDTracker] Player Savage Package: Time: 26.00279
[Info   :COTDTracker] Player huhconduct: Time: 26.08266
[Info   :COTDTracker] Eliminated 0 DNF players
[Info   :COTDTracker] Eliminating on time: huhconduct
[Info   :COTDTracker] Eliminating on time: Savage Package
[Info   :COTDTracker] Eliminating 2 players: 
[Info   :COTDTracker] huhconduct
[Info   :COTDTracker] Savage Package
[Info   :COTDTracker] Kicking eliminated players
[Info   :Zeepkist Bingo] [BINGO] Level loaded
[Info   :BetterSplits] getting gtr splits
[Info   :Zeepkist Bingo] [BINGO] === PLAYER SPAWNED ===
[Info   :Zeepkist Bingo] [BINGO] IsInActiveSession: False
[Info   :Zeepkist Bingo] [BINGO] Not in active session, skipping timer reset
[Info   :Zeepkist GTR] 18:50:53 Loading personal best...
[Info   :Zeepkist GTR] 18:50:53 Start processing HTTP request "POST" "https://graphql.zeepki.st/"
[Info   :Zeepkist GTR] 18:50:53 Sending HTTP request "POST" "https://graphql.zeepki.st/"
[Info   :Zeepkist GTR] 18:50:53 Stopping existing recorder if any
[Info   :Zeepkist GTR] 18:50:53 Creating new recorder
[Info   :Zeepkist GTR] 18:50:53 Start processing HTTP request "POST" "https://graphql.zeepki.st/"
[Info   :Zeepkist GTR] 18:50:53 Sending HTTP request "POST" "https://graphql.zeepki.st/"
[Info   :Zeepkist GTR] 18:50:53 Start processing HTTP request "POST" "https://graphql.zeepki.st/"
[Info   :Zeepkist GTR] 18:50:53 Sending HTTP request "POST" "https://graphql.zeepki.st/"
[Info   :Zeepkist Bingo] [CHAT] Intercepted message: 2 players eliminated: huhconduct, Savage Package
[Info   :Zeepkist Bingo] [CHAT] Not relaying - no bingo session
[Info   :Zeepkist GTR] 18:50:54 Received HTTP response headers after 1202.4935ms - 200
[Info   :Zeepkist GTR] 18:50:54 End processing HTTP request after 1202.7761ms - 200
[Info   :Zeepkist GTR] 18:50:54 Received HTTP response headers after 1406.3002ms - 200
[Info   :Zeepkist GTR] 18:50:54 End processing HTTP request after 1406.544ms - 200
[Error  :BetterSplits] could not get splits
Response: StatusCode: 400, ReasonPhrase: 'Bad Request', Version: 1.1, Content: System.Net.Http.StreamContent, Headers:
{
Date: Fri, 19 Jun 2026 23:50:56 GMT
Connection: keep-alive
Access-Control-Allow-Headers: Origin, X-Requested-With, Accept, Authorization, X-Apollo-Tracing, Content-Type, Content-Length, X-PostGraphile-Explain
Access-Control-Allow-Methods: HEAD, GET, POST
Access-Control-Allow-Origin: *
Access-Control-Expose-Headers: X-GraphQL-Event-Stream
Alt-Svc: h3=":443"; ma=86400
Vary: Origin
Via: 1.1 Caddy
X-Graphql-Event-Stream: /stream
X-Query-Cost: 115
Cf-Cache-Status: DYNAMIC
Strict-Transport-Security: max-age=15552000; includeSubDomains; preload
x-content-type-options: nosniff
Server-Timing: cfCacheStatus;desc="DYNAMIC", cfEdge;dur=20,cfOrigin;dur=133
Report-To: {"group":"cf-nel","max_age":604800,"endpoints":[{"url":"https://a.nel.cloudflare.com/report/v4?s=YuzVz%2Faw4AIAKM6m%2BAKfezt1ywa7TtAprVp86c8JEOHTsBGdCqS0skBzUEdh%2BSv7PK%2FtqrJhYk1UA28sUZQFtn87gKzQLL4wQxyKVTk2VWdA9u5yUReVaasOFdHXaF%2BWh42m6Q%3D%3D"}]}
Nel: {"report_to":"cf-nel","success_fraction":0.0,"max_age":604800}
expect-ct: max-age=86400, enforce
referrer-policy: same-origin
x-frame-options: SAMEORIGIN
x-xss-protection: 1; mode=block
Server: cloudflare
CF-RAY: a0e67059bd16a200-MSP
Content-Type: application/json; charset=utf-8
Content-Length: 172
} 
Content: {"errors":[{"message":"Cannot query field \"personalBestGlobalsByIdLevel\" on type \"Level\". Did you mean \"personalBestGlobals\"?","locations":[{"line":1,"column":87}]}]}
Url: https://graphql.zeepki.st
Request: {"query":"query BetterSplitsPB($hash: String!, $steamId: BigFloat) { levelByHash(hash: $hash) { personalBestGlobalsByIdLevel(filter: {userByIdUser: {steamId: {equalTo: $steamId}}}) { nodes { recordByIdRecord { speeds splits time }}}}}","variables":{"hash":"5CAF0120B0C7243FEED8577BEF2A80132DFBFD2E-3","steamId":"76561199218214543"}}
[Info   :Zeepkist GTR] 18:50:54 Start processing HTTP request "POST" "https://graphql.zeepki.st/"
[Info   :Zeepkist GTR] 18:50:54 Sending HTTP request "POST" "https://graphql.zeepki.st/"
[Info   :Zeepkist GTR] 18:50:54 Starting recorder
[Info   :Zeepkist GTR] 18:50:54 Received HTTP response headers after 1682.4203ms - 200
[Info   :Zeepkist GTR] 18:50:54 Received HTTP response headers after 237.8962ms - 200
[Info   :Zeepkist GTR] 18:50:54 End processing HTTP request after 1682.777ms - 200
[Info   :Zeepkist GTR] 18:50:54 End processing HTTP request after 238.268ms - 200
[Info   :Zeepkist GTR] 18:50:55 Ghost version: 5
[Info   :Zeepkist GTR] 18:52:50 Discarding recorder
[Info   :COTDTracker] Doing eliminations with leaderboard:
[Info   :COTDTracker] Player justMaki: Time: 25.28772
[Info   :COTDTracker] Player [ZET]Stick: Time: 25.43137
[Info   :COTDTracker] Player Eclipse135: Time: 25.51015
[Info   :COTDTracker] Player Shattersmith: Time: 25.61184
[Info   :COTDTracker] Player 𝒱V𝑜o𝒾i𝒹d𝒱: Time: 25.62898
[Info   :COTDTracker] Player Minkus: Time: 25.65094
[Info   :COTDTracker] Player PlusMicron: Time: 25.66763
[Info   :COTDTracker] Player MALIYO: Time: 25.76749
[Info   :COTDTracker] Player Noxitu: Time: 26.05812
[Info   :COTDTracker] Player zodiak: Time: DNF
[Info   :COTDTracker] Eliminating DNF: zodiak
[Info   :COTDTracker] Eliminated 1 DNF players
[Info   :COTDTracker] Eliminating on time: Noxitu
[Info   :COTDTracker] Eliminating 2 players: 
[Info   :COTDTracker] zodiak
[Info   :COTDTracker] Noxitu
[Info   :COTDTracker] Kicking eliminated players
[Info   :Zeepkist Bingo] [BINGO] Level loaded
[Info   :BetterSplits] getting gtr splits
[Info   :Zeepkist Bingo] [BINGO] === PLAYER SPAWNED ===
[Info   :Zeepkist Bingo] [BINGO] IsInActiveSession: False
[Info   :Zeepkist Bingo] [BINGO] Not in active session, skipping timer reset
[Info   :Zeepkist GTR] 18:53:06 Loading personal best...
[Info   :Zeepkist GTR] 18:53:06 Start processing HTTP request "POST" "https://graphql.zeepki.st/"
[Info   :Zeepkist GTR] 18:53:06 Sending HTTP request "POST" "https://graphql.zeepki.st/"
[Info   :Zeepkist GTR] 18:53:06 Stopping existing recorder if any
[Info   :Zeepkist GTR] 18:53:06 Creating new recorder
[Info   :Zeepkist GTR] 18:53:06 Start processing HTTP request "POST" "https://graphql.zeepki.st/"
[Info   :Zeepkist GTR] 18:53:06 Sending HTTP request "POST" "https://graphql.zeepki.st/"
[Info   :Zeepkist GTR] 18:53:06 Start processing HTTP request "POST" "https://graphql.zeepki.st/"
[Info   :Zeepkist GTR] 18:53:06 Sending HTTP request "POST" "https://graphql.zeepki.st/"
[Error  :BetterSplits] could not get splits
Response: StatusCode: 400, ReasonPhrase: 'Bad Request', Version: 1.1, Content: System.Net.Http.StreamContent, Headers:
{
Date: Fri, 19 Jun 2026 23:53:08 GMT
Connection: keep-alive
Access-Control-Allow-Headers: Origin, X-Requested-With, Accept, Authorization, X-Apollo-Tracing, Content-Type, Content-Length, X-PostGraphile-Explain
Access-Control-Allow-Methods: HEAD, GET, POST
Access-Control-Allow-Origin: *
Access-Control-Expose-Headers: X-GraphQL-Event-Stream
Alt-Svc: h3=":443"; ma=86400
Vary: Origin
Via: 1.1 Caddy
X-Graphql-Event-Stream: /stream
X-Query-Cost: 115
Cf-Cache-Status: DYNAMIC
x-xss-protection: 1; mode=block
Strict-Transport-Security: max-age=15552000; includeSubDomains; preload
x-content-type-options: nosniff
Server-Timing: cfCacheStatus;desc="DYNAMIC", cfEdge;dur=31,cfOrigin;dur=133
Report-To: {"group":"cf-nel","max_age":604800,"endpoints":[{"url":"https://a.nel.cloudflare.com/report/v4?s=DA14fwLHS%2FoEmjndqOfB4LepSAOxH8O69WW7lh1uN0CUawbJAxobZ4acCMz8iAbzx%2BbFsxKnCDsicrqvlsZyrABHbDgwHFIa4YU9dR%2ByJiO%2FMJRGmHJoeupCdVbRC2AX6zJ9Pg%3D%3D"}]}
Nel: {"report_to":"cf-nel","success_fraction":0.0,"max_age":604800}
expect-ct: max-age=86400, enforce
referrer-policy: same-origin
x-frame-options: SAMEORIGIN
Server: cloudflare
CF-RAY: a0e67394ab74510e-MSP
Content-Type: application/json; charset=utf-8
Content-Length: 172
} 
Content: {"errors":[{"message":"Cannot query field \"personalBestGlobalsByIdLevel\" on type \"Level\". Did you mean \"personalBestGlobals\"?","locations":[{"line":1,"column":87}]}]}
Url: https://graphql.zeepki.st
Request: {"query":"query BetterSplitsPB($hash: String!, $steamId: BigFloat) { levelByHash(hash: $hash) { personalBestGlobalsByIdLevel(filter: {userByIdUser: {steamId: {equalTo: $steamId}}}) { nodes { recordByIdRecord { speeds splits time }}}}}","variables":{"hash":"5CAF0120B0C7243FEED8577BEF2A80132DFBFD2E-3","steamId":"76561199218214543"}}
[Info   :Zeepkist GTR] 18:53:06 Received HTTP response headers after 258.5083ms - 200
[Info   :Zeepkist GTR] 18:53:06 End processing HTTP request after 258.8009ms - 200
[Info   :Zeepkist GTR] 18:53:06 Received HTTP response headers after 268.8651ms - 200
[Info   :Zeepkist GTR] 18:53:06 End processing HTTP request after 269.381ms - 200
[Info   :Zeepkist GTR] 18:53:06 Ghost version: 5
[Info   :Zeepkist GTR] 18:53:06 Received HTTP response headers after 428.4375ms - 200
[Info   :Zeepkist GTR] 18:53:06 End processing HTTP request after 428.8565ms - 200
[Info   :Zeepkist GTR] 18:53:06 Start processing HTTP request "POST" "https://graphql.zeepki.st/"
[Info   :Zeepkist GTR] 18:53:06 Sending HTTP request "POST" "https://graphql.zeepki.st/"
[Info   :Zeepkist Bingo] [CHAT] Intercepted message: 2 players eliminated: zodiak, Noxitu
[Info   :Zeepkist Bingo] [CHAT] Not relaying - no bingo session
[Info   :Zeepkist GTR] 18:53:06 Received HTTP response headers after 167.684ms - 200
[Info   :Zeepkist GTR] 18:53:06 End processing HTTP request after 168.0473ms - 200
[Info   :Zeepkist GTR] 18:53:07 Starting recorder
[Info   :Zeepkist GTR] 18:55:03 Discarding recorder
[Info   :COTDTracker] Doing eliminations with leaderboard:
[Info   :COTDTracker] Player 𝒱V𝑜o𝒾i𝒹d𝒱: Time: 25.51962
[Info   :COTDTracker] Player [ZET]Stick: Time: 25.58107
[Info   :COTDTracker] Player Minkus: Time: 25.60285
[Info   :COTDTracker] Player justMaki: Time: 25.60488
[Info   :COTDTracker] Player Shattersmith: Time: 25.73192
[Info   :COTDTracker] Player MALIYO: Time: 25.75186
[Info   :COTDTracker] Player PlusMicron: Time: 25.7624
[Info   :COTDTracker] Player Eclipse135: Time: DNF
[Info   :COTDTracker] Eliminating DNF: Eclipse135
[Info   :COTDTracker] Eliminated 1 DNF players
[Info   :COTDTracker] Eliminating on time: PlusMicron
[Info   :COTDTracker] Eliminating 2 players: 
[Info   :COTDTracker] Eclipse135
[Info   :COTDTracker] PlusMicron
[Info   :COTDTracker] Kicking eliminated players
[Info   :Zeepkist Bingo] [BINGO] Level loaded
[Info   :BetterSplits] getting gtr splits
[Info   :Zeepkist Bingo] [BINGO] === PLAYER SPAWNED ===
[Info   :Zeepkist Bingo] [BINGO] IsInActiveSession: False
[Info   :Zeepkist Bingo] [BINGO] Not in active session, skipping timer reset
[Info   :Zeepkist GTR] 18:55:19 Loading personal best...
[Info   :Zeepkist GTR] 18:55:19 Start processing HTTP request "POST" "https://graphql.zeepki.st/"
[Info   :Zeepkist GTR] 18:55:19 Sending HTTP request "POST" "https://graphql.zeepki.st/"
[Info   :Zeepkist GTR] 18:55:19 Stopping existing recorder if any
[Info   :Zeepkist GTR] 18:55:19 Creating new recorder
[Info   :Zeepkist GTR] 18:55:19 Start processing HTTP request "POST" "https://graphql.zeepki.st/"
[Info   :Zeepkist GTR] 18:55:19 Sending HTTP request "POST" "https://graphql.zeepki.st/"
[Info   :Zeepkist GTR] 18:55:19 Start processing HTTP request "POST" "https://graphql.zeepki.st/"
[Info   :Zeepkist GTR] 18:55:19 Sending HTTP request "POST" "https://graphql.zeepki.st/"
[Error  :BetterSplits] could not get splits
Response: StatusCode: 400, ReasonPhrase: 'Bad Request', Version: 1.1, Content: System.Net.Http.StreamContent, Headers:
{
Date: Fri, 19 Jun 2026 23:55:21 GMT
Connection: keep-alive
Access-Control-Allow-Headers: Origin, X-Requested-With, Accept, Authorization, X-Apollo-Tracing, Content-Type, Content-Length, X-PostGraphile-Explain
Access-Control-Allow-Methods: HEAD, GET, POST
Access-Control-Allow-Origin: *
Access-Control-Expose-Headers: X-GraphQL-Event-Stream
Alt-Svc: h3=":443"; ma=86400
Vary: Origin
Via: 1.1 Caddy
X-Graphql-Event-Stream: /stream
X-Query-Cost: 115
Cf-Cache-Status: DYNAMIC
Strict-Transport-Security: max-age=15552000; includeSubDomains; preload
x-content-type-options: nosniff
Server-Timing: cfCacheStatus;desc="DYNAMIC", cfEdge;dur=13,cfOrigin;dur=134
Report-To: {"group":"cf-nel","max_age":604800,"endpoints":[{"url":"https://a.nel.cloudflare.com/report/v4?s=Gks99Mok%2Bfegz55c2J3EpGgnTlVAiZVzdFRHsQeFslIWbrD3chb4EgMFMREamG7V6z0rZLRL6ftFrYFaWzSZjBfObm1wGYKBlDJeuykn%2FDWAbXYmz%2BnnfOnirehsit5xTkQNYQ%3D%3D"}]}
Nel: {"report_to":"cf-nel","success_fraction":0.0,"max_age":604800}
expect-ct: max-age=86400, enforce
referrer-policy: same-origin
x-frame-options: SAMEORIGIN
x-xss-protection: 1; mode=block
Server: cloudflare
CF-RAY: a0e676d418b64c93-MSP
Content-Type: application/json; charset=utf-8
Content-Length: 172
} 
Content: {"errors":[{"message":"Cannot query field \"personalBestGlobalsByIdLevel\" on type \"Level\". Did you mean \"personalBestGlobals\"?","locations":[{"line":1,"column":87}]}]}
Url: https://graphql.zeepki.st
Request: {"query":"query BetterSplitsPB($hash: String!, $steamId: BigFloat) { levelByHash(hash: $hash) { personalBestGlobalsByIdLevel(filter: {userByIdUser: {steamId: {equalTo: $steamId}}}) { nodes { recordByIdRecord { speeds splits time }}}}}","variables":{"hash":"5CAF0120B0C7243FEED8577BEF2A80132DFBFD2E-3","steamId":"76561199218214543"}}
[Info   :Zeepkist GTR] 18:55:19 Received HTTP response headers after 275.5038ms - 200
[Info   :Zeepkist GTR] 18:55:19 End processing HTTP request after 275.7503ms - 200
[Info   :Zeepkist GTR] 18:55:19 Received HTTP response headers after 283.2941ms - 200
[Info   :Zeepkist GTR] 18:55:19 End processing HTTP request after 283.5891ms - 200
[Info   :Zeepkist GTR] 18:55:19 Ghost version: 5
[Info   :Zeepkist GTR] 18:55:19 Received HTTP response headers after 450.9598ms - 200
[Info   :Zeepkist GTR] 18:55:19 End processing HTTP request after 451.2159ms - 200
[Info   :Zeepkist GTR] 18:55:19 Start processing HTTP request "POST" "https://graphql.zeepki.st/"
[Info   :Zeepkist GTR] 18:55:19 Sending HTTP request "POST" "https://graphql.zeepki.st/"
[Info   :Zeepkist Bingo] [CHAT] Intercepted message: 2 players eliminated: Eclipse135, PlusMicron
[Info   :Zeepkist Bingo] [CHAT] Not relaying - no bingo session
[Info   :Zeepkist GTR] 18:55:19 Received HTTP response headers after 164.853ms - 200
[Info   :Zeepkist GTR] 18:55:19 End processing HTTP request after 165.1771ms - 200
[Info   :Zeepkist GTR] 18:55:20 Starting recorder
[Info   :Zeepkist GTR] 18:57:16 Discarding recorder
[Info   :COTDTracker] Doing eliminations with leaderboard:
[Info   :COTDTracker] Player Minkus: Time: 25.53887
[Info   :COTDTracker] Player justMaki: Time: 25.56648
[Info   :COTDTracker] Player Shattersmith: Time: 25.5962
[Info   :COTDTracker] Player 𝒱V𝑜o𝒾i𝒹d𝒱: Time: 25.66787
[Info   :COTDTracker] Player MALIYO: Time: 25.69187
[Info   :COTDTracker] Player [ZET]Stick: Time: 25.75973
[Info   :COTDTracker] Eliminated 0 DNF players
[Info   :COTDTracker] Eliminating on time: [ZET]Stick
[Info   :COTDTracker] Eliminating 1 players: 
[Info   :COTDTracker] [ZET]Stick
[Info   :COTDTracker] Kicking eliminated players
[Info   :Zeepkist Bingo] [BINGO] Level loaded
[Info   :BetterSplits] getting gtr splits
[Info   :Zeepkist Bingo] [BINGO] === PLAYER SPAWNED ===
[Info   :Zeepkist Bingo] [BINGO] IsInActiveSession: False
[Info   :Zeepkist Bingo] [BINGO] Not in active session, skipping timer reset
[Info   :Zeepkist GTR] 18:57:32 Loading personal best...
[Info   :Zeepkist GTR] 18:57:32 Start processing HTTP request "POST" "https://graphql.zeepki.st/"
[Info   :Zeepkist GTR] 18:57:32 Sending HTTP request "POST" "https://graphql.zeepki.st/"
[Info   :Zeepkist GTR] 18:57:32 Stopping existing recorder if any
[Info   :Zeepkist GTR] 18:57:32 Creating new recorder
[Info   :Zeepkist GTR] 18:57:32 Start processing HTTP request "POST" "https://graphql.zeepki.st/"
[Info   :Zeepkist GTR] 18:57:32 Sending HTTP request "POST" "https://graphql.zeepki.st/"
[Info   :Zeepkist GTR] 18:57:32 Start processing HTTP request "POST" "https://graphql.zeepki.st/"
[Info   :Zeepkist GTR] 18:57:32 Sending HTTP request "POST" "https://graphql.zeepki.st/"
[Error  :BetterSplits] could not get splits
Response: StatusCode: 400, ReasonPhrase: 'Bad Request', Version: 1.1, Content: System.Net.Http.StreamContent, Headers:
{
Date: Fri, 19 Jun 2026 23:57:34 GMT
Connection: keep-alive
Access-Control-Allow-Headers: Origin, X-Requested-With, Accept, Authorization, X-Apollo-Tracing, Content-Type, Content-Length, X-PostGraphile-Explain
Access-Control-Allow-Methods: HEAD, GET, POST
Access-Control-Allow-Origin: *
Access-Control-Expose-Headers: X-GraphQL-Event-Stream
Alt-Svc: h3=":443"; ma=86400
Vary: Origin
Via: 1.1 Caddy
X-Graphql-Event-Stream: /stream
X-Query-Cost: 115
Cf-Cache-Status: DYNAMIC
Strict-Transport-Security: max-age=15552000; includeSubDomains; preload
x-content-type-options: nosniff
Server-Timing: cfCacheStatus;desc="DYNAMIC", cfEdge;dur=13,cfOrigin;dur=134
Report-To: {"group":"cf-nel","max_age":604800,"endpoints":[{"url":"https://a.nel.cloudflare.com/report/v4?s=vFGKFmQ4vv0%2Bsm61oKsGfFAb5mxoA9mm27PMxsDVTLr3HBR8Qv%2BYTjdRFjfWdqFE2zOvnyKusK0l8FRwM9hF4VAInBc9ByyfjsCW4NejyoYoxMuOdJAzE1CKIEaogBBfnjmTxw%3D%3D"}]}
Nel: {"report_to":"cf-nel","success_fraction":0.0,"max_age":604800}
expect-ct: max-age=86400, enforce
referrer-policy: same-origin
x-frame-options: SAMEORIGIN
x-xss-protection: 1; mode=block
Server: cloudflare
CF-RAY: a0e67a12d87bacf0-MSP
Content-Type: application/json; charset=utf-8
Content-Length: 172
} 
Content: {"errors":[{"message":"Cannot query field \"personalBestGlobalsByIdLevel\" on type \"Level\". Did you mean \"personalBestGlobals\"?","locations":[{"line":1,"column":87}]}]}
Url: https://graphql.zeepki.st
Request: {"query":"query BetterSplitsPB($hash: String!, $steamId: BigFloat) { levelByHash(hash: $hash) { personalBestGlobalsByIdLevel(filter: {userByIdUser: {steamId: {equalTo: $steamId}}}) { nodes { recordByIdRecord { speeds splits time }}}}}","variables":{"hash":"5CAF0120B0C7243FEED8577BEF2A80132DFBFD2E-3","steamId":"76561199218214543"}}
[Info   :Zeepkist GTR] 18:57:32 Received HTTP response headers after 245.8406ms - 200
[Info   :Zeepkist GTR] 18:57:32 End processing HTTP request after 246.2608ms - 200
[Info   :Zeepkist GTR] 18:57:32 Received HTTP response headers after 301.3798ms - 200
[Info   :Zeepkist GTR] 18:57:32 End processing HTTP request after 301.6918ms - 200
[Info   :Zeepkist GTR] 18:57:32 Ghost version: 5
[Info   :Zeepkist GTR] 18:57:32 Received HTTP response headers after 426.7152ms - 200
[Info   :Zeepkist GTR] 18:57:32 End processing HTTP request after 427.032ms - 200
[Info   :Zeepkist GTR] 18:57:32 Start processing HTTP request "POST" "https://graphql.zeepki.st/"
[Info   :Zeepkist GTR] 18:57:32 Sending HTTP request "POST" "https://graphql.zeepki.st/"
[Info   :Zeepkist Bingo] [CHAT] Intercepted message: 1 player eliminated: [ZET]Stick
[Info   :Zeepkist Bingo] [CHAT] Not relaying - no bingo session
[Info   :Zeepkist GTR] 18:57:32 Received HTTP response headers after 179.5052ms - 200
[Info   :Zeepkist GTR] 18:57:32 End processing HTTP request after 179.8626ms - 200
[Info   :Zeepkist GTR] 18:57:33 Starting recorder
[Info   :Zeepkist GTR] 18:59:29 Discarding recorder
[Info   :COTDTracker] Doing eliminations with leaderboard:
[Info   :COTDTracker] Player 𝒱V𝑜o𝒾i𝒹d𝒱: Time: 25.47776
[Info   :COTDTracker] Player justMaki: Time: 25.51693
[Info   :COTDTracker] Player Shattersmith: Time: 25.56572
[Info   :COTDTracker] Player MALIYO: Time: 25.59456
[Info   :COTDTracker] Player Minkus: Time: 25.66781
[Info   :COTDTracker] Eliminated 0 DNF players
[Info   :COTDTracker] Eliminating on time: Minkus
[Info   :COTDTracker] Eliminating 1 players: 
[Info   :COTDTracker] Minkus
[Info   :COTDTracker] Kicking eliminated players
[Info   :Zeepkist Bingo] [BINGO] Level loaded
[Info   :BetterSplits] getting gtr splits
[Info   :Zeepkist Bingo] [BINGO] === PLAYER SPAWNED ===
[Info   :Zeepkist Bingo] [BINGO] IsInActiveSession: False
[Info   :Zeepkist Bingo] [BINGO] Not in active session, skipping timer reset
[Info   :Zeepkist GTR] 18:59:44 Loading personal best...
[Info   :Zeepkist GTR] 18:59:44 Start processing HTTP request "POST" "https://graphql.zeepki.st/"
[Info   :Zeepkist GTR] 18:59:44 Sending HTTP request "POST" "https://graphql.zeepki.st/"
[Info   :Zeepkist GTR] 18:59:44 Stopping existing recorder if any
[Info   :Zeepkist GTR] 18:59:44 Creating new recorder
[Info   :Zeepkist GTR] 18:59:44 Start processing HTTP request "POST" "https://graphql.zeepki.st/"
[Info   :Zeepkist GTR] 18:59:44 Sending HTTP request "POST" "https://graphql.zeepki.st/"
[Info   :Zeepkist GTR] 18:59:44 Start processing HTTP request "POST" "https://graphql.zeepki.st/"
[Info   :Zeepkist GTR] 18:59:44 Sending HTTP request "POST" "https://graphql.zeepki.st/"
[Error  :BetterSplits] could not get splits
Response: StatusCode: 400, ReasonPhrase: 'Bad Request', Version: 1.1, Content: System.Net.Http.StreamContent, Headers:
{
Date: Fri, 19 Jun 2026 23:59:47 GMT
Connection: keep-alive
Access-Control-Allow-Headers: Origin, X-Requested-With, Accept, Authorization, X-Apollo-Tracing, Content-Type, Content-Length, X-PostGraphile-Explain
Access-Control-Allow-Methods: HEAD, GET, POST
Access-Control-Allow-Origin: *
Access-Control-Expose-Headers: X-GraphQL-Event-Stream
Alt-Svc: h3=":443"; ma=86400
Vary: Origin
Via: 1.1 Caddy
X-Graphql-Event-Stream: /stream
X-Query-Cost: 115
Cf-Cache-Status: DYNAMIC
Strict-Transport-Security: max-age=15552000; includeSubDomains; preload
x-content-type-options: nosniff
Server-Timing: cfCacheStatus;desc="DYNAMIC", cfEdge;dur=18,cfOrigin;dur=127
Report-To: {"group":"cf-nel","max_age":604800,"endpoints":[{"url":"https://a.nel.cloudflare.com/report/v4?s=wc%2Bj9JDYCZ7EH2UQuLvIC2DJnTFNTQHYh0kSw3PDNP9jEO7mViVcQlOco5dVFUGSakxeZN0wonrH90P61PenF3sMhTIx%2Bc3ZME2oCMFk8LYeyXvlkKKWSyF8gfq6Os4sDLmUrw%3D%3D"}]}
Nel: {"report_to":"cf-nel","success_fraction":0.0,"max_age":604800}
expect-ct: max-age=86400, enforce
referrer-policy: same-origin
x-frame-options: SAMEORIGIN
x-xss-protection: 1; mode=block
Server: cloudflare
CF-RAY: a0e67d51a9ec4c93-MSP
Content-Type: application/json; charset=utf-8
Content-Length: 172
} 
Content: {"errors":[{"message":"Cannot query field \"personalBestGlobalsByIdLevel\" on type \"Level\". Did you mean \"personalBestGlobals\"?","locations":[{"line":1,"column":87}]}]}
Url: https://graphql.zeepki.st
Request: {"query":"query BetterSplitsPB($hash: String!, $steamId: BigFloat) { levelByHash(hash: $hash) { personalBestGlobalsByIdLevel(filter: {userByIdUser: {steamId: {equalTo: $steamId}}}) { nodes { recordByIdRecord { speeds splits time }}}}}","variables":{"hash":"5CAF0120B0C7243FEED8577BEF2A80132DFBFD2E-3","steamId":"76561199218214543"}}
[Info   :Zeepkist GTR] 18:59:45 Received HTTP response headers after 254.8825ms - 200
[Info   :Zeepkist GTR] 18:59:45 End processing HTTP request after 255.1861ms - 200
[Info   :Zeepkist GTR] 18:59:45 Ghost version: 5
[Info   :Zeepkist GTR] 18:59:45 Received HTTP response headers after 290.3515ms - 200
[Info   :Zeepkist GTR] 18:59:45 End processing HTTP request after 290.6355ms - 200
[Info   :Zeepkist GTR] 18:59:45 Received HTTP response headers after 426.2344ms - 200
[Info   :Zeepkist GTR] 18:59:45 End processing HTTP request after 426.4973ms - 200
[Info   :Zeepkist GTR] 18:59:45 Start processing HTTP request "POST" "https://graphql.zeepki.st/"
[Info   :Zeepkist GTR] 18:59:45 Sending HTTP request "POST" "https://graphql.zeepki.st/"
[Info   :Zeepkist Bingo] [CHAT] Intercepted message: 1 player eliminated: Minkus
[Info   :Zeepkist Bingo] [CHAT] Not relaying - no bingo session
[Info   :Zeepkist GTR] 18:59:45 Received HTTP response headers after 173.0011ms - 200
[Info   :Zeepkist GTR] 18:59:45 End processing HTTP request after 173.3621ms - 200
[Info   :Zeepkist GTR] 18:59:46 Starting recorder
[Info   :Zeepkist GTR] 19:01:42 Discarding recorder
[Info   :COTDTracker] Doing eliminations with leaderboard:
[Info   :COTDTracker] Player justMaki: Time: 25.20773
[Info   :COTDTracker] Player MALIYO: Time: 25.50701
[Info   :COTDTracker] Player Shattersmith: Time: 25.60161
[Info   :COTDTracker] Player 𝒱V𝑜o𝒾i𝒹d𝒱: Time: DNF
[Info   :COTDTracker] Eliminating DNF: 𝒱V𝑜o𝒾i𝒹d𝒱
[Info   :COTDTracker] Eliminated 1 DNF players
[Info   :COTDTracker] Eliminating 1 players: 
[Info   :COTDTracker] 𝒱V𝑜o𝒾i𝒹d𝒱
[Info   :COTDTracker] Kicking eliminated players
[Info   :Zeepkist Bingo] [BINGO] Level loaded
[Info   :BetterSplits] getting gtr splits
[Info   :Zeepkist Bingo] [BINGO] === PLAYER SPAWNED ===
[Info   :Zeepkist Bingo] [BINGO] IsInActiveSession: False
[Info   :Zeepkist Bingo] [BINGO] Not in active session, skipping timer reset
[Info   :Zeepkist GTR] 19:01:57 Loading personal best...
[Info   :Zeepkist GTR] 19:01:57 Start processing HTTP request "POST" "https://graphql.zeepki.st/"
[Info   :Zeepkist GTR] 19:01:57 Sending HTTP request "POST" "https://graphql.zeepki.st/"
[Info   :Zeepkist GTR] 19:01:58 Stopping existing recorder if any
[Info   :Zeepkist GTR] 19:01:58 Creating new recorder
[Info   :Zeepkist GTR] 19:01:58 Start processing HTTP request "POST" "https://graphql.zeepki.st/"
[Info   :Zeepkist GTR] 19:01:58 Sending HTTP request "POST" "https://graphql.zeepki.st/"
[Info   :Zeepkist GTR] 19:01:58 Start processing HTTP request "POST" "https://graphql.zeepki.st/"
[Info   :Zeepkist GTR] 19:01:58 Sending HTTP request "POST" "https://graphql.zeepki.st/"
[Error  :BetterSplits] could not get splits
Response: StatusCode: 400, ReasonPhrase: 'Bad Request', Version: 1.1, Content: System.Net.Http.StreamContent, Headers:
{
Date: Sat, 20 Jun 2026 00:02:00 GMT
Connection: keep-alive
Access-Control-Allow-Headers: Origin, X-Requested-With, Accept, Authorization, X-Apollo-Tracing, Content-Type, Content-Length, X-PostGraphile-Explain
Access-Control-Allow-Methods: HEAD, GET, POST
Access-Control-Allow-Origin: *
Access-Control-Expose-Headers: X-GraphQL-Event-Stream
Alt-Svc: h3=":443"; ma=86400
Vary: Origin
Via: 1.1 Caddy
X-Graphql-Event-Stream: /stream
X-Query-Cost: 115
Cf-Cache-Status: DYNAMIC
x-xss-protection: 1; mode=block
Strict-Transport-Security: max-age=15552000; includeSubDomains; preload
x-content-type-options: nosniff
Server-Timing: cfCacheStatus;desc="DYNAMIC", cfEdge;dur=9,cfOrigin;dur=130
Report-To: {"group":"cf-nel","max_age":604800,"endpoints":[{"url":"https://a.nel.cloudflare.com/report/v4?s=0xcImX%2Bn2DoZzc%2BwsZKiQdV4mspCx%2BwY5dKjImkRcdLdOv1QES%2FpplMNk6CY%2F0qA2nGtDOeKNc6t1pnN9wpGhz2JnR4f7otiK4M4pFFSpQac4oxFc79gex7eScADqZqVNUuObQ%3D%3D"}]}
Nel: {"report_to":"cf-nel","success_fraction":0.0,"max_age":604800}
expect-ct: max-age=86400, enforce
referrer-policy: same-origin
x-frame-options: SAMEORIGIN
Server: cloudflare
CF-RAY: a0e680933a1cc75d-MSP
Content-Type: application/json; charset=utf-8
Content-Length: 172
} 
Content: {"errors":[{"message":"Cannot query field \"personalBestGlobalsByIdLevel\" on type \"Level\". Did you mean \"personalBestGlobals\"?","locations":[{"line":1,"column":87}]}]}
Url: https://graphql.zeepki.st
Request: {"query":"query BetterSplitsPB($hash: String!, $steamId: BigFloat) { levelByHash(hash: $hash) { personalBestGlobalsByIdLevel(filter: {userByIdUser: {steamId: {equalTo: $steamId}}}) { nodes { recordByIdRecord { speeds splits time }}}}}","variables":{"hash":"5CAF0120B0C7243FEED8577BEF2A80132DFBFD2E-3","steamId":"76561199218214543"}}
[Info   :Zeepkist GTR] 19:01:58 Received HTTP response headers after 541.4662ms - 200
[Info   :Zeepkist GTR] 19:01:58 End processing HTTP request after 541.8906ms - 200
[Info   :Zeepkist GTR] 19:01:58 Received HTTP response headers after 265.4257ms - 200
[Info   :Zeepkist GTR] 19:01:58 End processing HTTP request after 265.7285ms - 200
[Info   :Zeepkist GTR] 19:01:58 Ghost version: 5
[Info   :Zeepkist Bingo] [CHAT] Intercepted message: 1 player eliminated: 𝒱V𝑜o𝒾i𝒹d𝒱
[Info   :Zeepkist Bingo] [CHAT] Not relaying - no bingo session
[Info   :Zeepkist GTR] 19:01:58 Received HTTP response headers after 440.0625ms - 200
[Info   :Zeepkist GTR] 19:01:58 End processing HTTP request after 440.4575ms - 200
[Info   :Zeepkist GTR] 19:01:58 Start processing HTTP request "POST" "https://graphql.zeepki.st/"
[Info   :Zeepkist GTR] 19:01:58 Sending HTTP request "POST" "https://graphql.zeepki.st/"
[Info   :Zeepkist GTR] 19:01:58 Received HTTP response headers after 168.4099ms - 200
[Info   :Zeepkist GTR] 19:01:58 End processing HTTP request after 168.8594ms - 200
[Info   :Zeepkist GTR] 19:01:59 Starting recorder
[Info   :Zeepkist GTR] 19:03:56 Discarding recorder
[Info   :COTDTracker] Doing eliminations with leaderboard:
[Info   :COTDTracker] Player justMaki: Time: 25.54677
[Info   :COTDTracker] Player MALIYO: Time: 25.60515
[Info   :COTDTracker] Player Shattersmith: Time: DNF
[Info   :COTDTracker] Eliminating DNF: Shattersmith
[Info   :COTDTracker] Eliminated 1 DNF players
[Info   :COTDTracker] Eliminating 1 players: 
[Info   :COTDTracker] Shattersmith
[Info   :COTDTracker] Kicking eliminated players
[Info   :Zeepkist Bingo] [BINGO] Level loaded
[Info   :BetterSplits] getting gtr splits
[Info   :Zeepkist Bingo] [BINGO] === PLAYER SPAWNED ===
[Info   :Zeepkist Bingo] [BINGO] IsInActiveSession: False
[Info   :Zeepkist Bingo] [BINGO] Not in active session, skipping timer reset
[Info   :Zeepkist GTR] 19:04:11 Loading personal best...
[Info   :Zeepkist GTR] 19:04:11 Start processing HTTP request "POST" "https://graphql.zeepki.st/"
[Info   :Zeepkist GTR] 19:04:11 Sending HTTP request "POST" "https://graphql.zeepki.st/"
[Info   :Zeepkist GTR] 19:04:11 Stopping existing recorder if any
[Info   :Zeepkist GTR] 19:04:11 Creating new recorder
[Info   :Zeepkist GTR] 19:04:11 Start processing HTTP request "POST" "https://graphql.zeepki.st/"
[Info   :Zeepkist GTR] 19:04:11 Sending HTTP request "POST" "https://graphql.zeepki.st/"
[Info   :Zeepkist GTR] 19:04:11 Start processing HTTP request "POST" "https://graphql.zeepki.st/"
[Info   :Zeepkist GTR] 19:04:11 Sending HTTP request "POST" "https://graphql.zeepki.st/"
[Error  :BetterSplits] could not get splits
Response: StatusCode: 400, ReasonPhrase: 'Bad Request', Version: 1.1, Content: System.Net.Http.StreamContent, Headers:
{
Date: Sat, 20 Jun 2026 00:04:13 GMT
Connection: keep-alive
Access-Control-Allow-Headers: Origin, X-Requested-With, Accept, Authorization, X-Apollo-Tracing, Content-Type, Content-Length, X-PostGraphile-Explain
Access-Control-Allow-Methods: HEAD, GET, POST
Access-Control-Allow-Origin: *
Access-Control-Expose-Headers: X-GraphQL-Event-Stream
Alt-Svc: h3=":443"; ma=86400
Vary: Origin
Via: 1.1 Caddy
X-Graphql-Event-Stream: /stream
X-Query-Cost: 115
Cf-Cache-Status: DYNAMIC
Strict-Transport-Security: max-age=15552000; includeSubDomains; preload
x-content-type-options: nosniff
Server-Timing: cfCacheStatus;desc="DYNAMIC", cfEdge;dur=15,cfOrigin;dur=130
Report-To: {"group":"cf-nel","max_age":604800,"endpoints":[{"url":"https://a.nel.cloudflare.com/report/v4?s=K1sN3X9nShIJDwFCSebRZVcpClPy0%2FiyHJ%2BNj88kG76T0xzO0z0%2Fh7sSVcK4DtjD8Bp1fVwmBXBVrmFPCwwJ%2BU8ptNef%2BmorYyt1lfrqjpxlpPPnU0qHhWRLdldmm6fHB17pNg%3D%3D"}]}
Nel: {"report_to":"cf-nel","success_fraction":0.0,"max_age":604800}
expect-ct: max-age=86400, enforce
referrer-policy: same-origin
x-frame-options: SAMEORIGIN
x-xss-protection: 1; mode=block
Server: cloudflare
CF-RAY: a0e683d15dcea1fd-MSP
Content-Type: application/json; charset=utf-8
Content-Length: 172
} 
Content: {"errors":[{"message":"Cannot query field \"personalBestGlobalsByIdLevel\" on type \"Level\". Did you mean \"personalBestGlobals\"?","locations":[{"line":1,"column":87}]}]}
Url: https://graphql.zeepki.st
Request: {"query":"query BetterSplitsPB($hash: String!, $steamId: BigFloat) { levelByHash(hash: $hash) { personalBestGlobalsByIdLevel(filter: {userByIdUser: {steamId: {equalTo: $steamId}}}) { nodes { recordByIdRecord { speeds splits time }}}}}","variables":{"hash":"5CAF0120B0C7243FEED8577BEF2A80132DFBFD2E-3","steamId":"76561199218214543"}}
[Info   :Zeepkist GTR] 19:04:11 Received HTTP response headers after 260.4276ms - 200
[Info   :Zeepkist GTR] 19:04:11 End processing HTTP request after 260.879ms - 200
[Info   :Zeepkist GTR] 19:04:11 Received HTTP response headers after 261.1841ms - 200
[Info   :Zeepkist GTR] 19:04:11 End processing HTTP request after 261.5033ms - 200
[Info   :Zeepkist GTR] 19:04:11 Ghost version: 5
[Info   :Zeepkist GTR] 19:04:11 Received HTTP response headers after 436.9614ms - 200
[Info   :Zeepkist GTR] 19:04:11 End processing HTTP request after 437.2394ms - 200
[Info   :Zeepkist Bingo] [CHAT] Intercepted message: 1 player eliminated: Shattersmith
[Info   :Zeepkist Bingo] [CHAT] Not relaying - no bingo session
[Info   :Zeepkist GTR] 19:04:11 Start processing HTTP request "POST" "https://graphql.zeepki.st/"
[Info   :Zeepkist GTR] 19:04:11 Sending HTTP request "POST" "https://graphql.zeepki.st/"
[Info   :Zeepkist GTR] 19:04:11 Received HTTP response headers after 166.1788ms - 200
[Info   :Zeepkist GTR] 19:04:11 End processing HTTP request after 166.6051ms - 200
[Info   :Zeepkist GTR] 19:04:12 Starting recorder
[Info   :Zeepkist GTR] 19:06:09 Discarding recorder
[Info   :COTDTracker] Doing eliminations with leaderboard:
[Info   :COTDTracker] Player justMaki: Time: 25.34653
[Info   :COTDTracker] Player MALIYO: Time: 25.65619
[Info   :COTDTracker] Eliminated 0 DNF players
[Info   :COTDTracker] Eliminating on time: MALIYO
[Info   :COTDTracker] Eliminating 1 players: 
[Info   :COTDTracker] MALIYO
[Info   :COTDTracker] Kicking eliminated players
[Info   :Zeepkist Bingo] [BINGO] Level loaded
[Info   :BetterSplits] getting gtr splits
[Info   :Zeepkist Bingo] [BINGO] === PLAYER SPAWNED ===
[Info   :Zeepkist Bingo] [BINGO] IsInActiveSession: False
[Info   :Zeepkist Bingo] [BINGO] Not in active session, skipping timer reset
[Info   :Zeepkist GTR] 19:06:24 Loading personal best...
[Info   :Zeepkist GTR] 19:06:24 Start processing HTTP request "POST" "https://graphql.zeepki.st/"
[Info   :Zeepkist GTR] 19:06:24 Sending HTTP request "POST" "https://graphql.zeepki.st/"
[Info   :Zeepkist GTR] 19:06:24 Stopping existing recorder if any
[Info   :Zeepkist GTR] 19:06:24 Creating new recorder
[Info   :Zeepkist GTR] 19:06:24 Start processing HTTP request "POST" "https://graphql.zeepki.st/"
[Info   :Zeepkist GTR] 19:06:24 Sending HTTP request "POST" "https://graphql.zeepki.st/"
[Info   :Zeepkist GTR] 19:06:24 Start processing HTTP request "POST" "https://graphql.zeepki.st/"
[Info   :Zeepkist GTR] 19:06:24 Sending HTTP request "POST" "https://graphql.zeepki.st/"
[Error  :BetterSplits] could not get splits
Response: StatusCode: 400, ReasonPhrase: 'Bad Request', Version: 1.1, Content: System.Net.Http.StreamContent, Headers:
{
Date: Sat, 20 Jun 2026 00:06:26 GMT
Connection: keep-alive
Access-Control-Allow-Headers: Origin, X-Requested-With, Accept, Authorization, X-Apollo-Tracing, Content-Type, Content-Length, X-PostGraphile-Explain
Access-Control-Allow-Methods: HEAD, GET, POST
Access-Control-Allow-Origin: *
Access-Control-Expose-Headers: X-GraphQL-Event-Stream
Alt-Svc: h3=":443"; ma=86400
Vary: Origin
Via: 1.1 Caddy
X-Graphql-Event-Stream: /stream
X-Query-Cost: 115
Cf-Cache-Status: DYNAMIC
x-xss-protection: 1; mode=block
Strict-Transport-Security: max-age=15552000; includeSubDomains; preload
x-content-type-options: nosniff
Server-Timing: cfCacheStatus;desc="DYNAMIC", cfEdge;dur=26,cfOrigin;dur=130
Report-To: {"group":"cf-nel","max_age":604800,"endpoints":[{"url":"https://a.nel.cloudflare.com/report/v4?s=MdHDa840iop55Vwwm3OKu9ivjX%2BxxQVs4rRDcs6JqyfaglZAHHWy8Gk%2BOm%2Bo2KO4iR2JgdIu5P3vlwzKwrK44FBHu3VZlvnK6C8J%2Bf9IodG1x8kHTwXFegVdDidNpNRf7PnTGQ%3D%3D"}]}
Nel: {"report_to":"cf-nel","success_fraction":0.0,"max_age":604800}
expect-ct: max-age=86400, enforce
referrer-policy: same-origin
x-frame-options: SAMEORIGIN
Server: cloudflare
CF-RAY: a0e687102f71a1d0-MSP
Content-Type: application/json; charset=utf-8
Content-Length: 172
} 
Content: {"errors":[{"message":"Cannot query field \"personalBestGlobalsByIdLevel\" on type \"Level\". Did you mean \"personalBestGlobals\"?","locations":[{"line":1,"column":87}]}]}
Url: https://graphql.zeepki.st
Request: {"query":"query BetterSplitsPB($hash: String!, $steamId: BigFloat) { levelByHash(hash: $hash) { personalBestGlobalsByIdLevel(filter: {userByIdUser: {steamId: {equalTo: $steamId}}}) { nodes { recordByIdRecord { speeds splits time }}}}}","variables":{"hash":"5CAF0120B0C7243FEED8577BEF2A80132DFBFD2E-3","steamId":"76561199218214543"}}
[Info   :Zeepkist GTR] 19:06:24 Received HTTP response headers after 265.3285ms - 200
[Info   :Zeepkist GTR] 19:06:24 End processing HTTP request after 265.6256ms - 200
[Info   :Zeepkist GTR] 19:06:24 Ghost version: 5
[Info   :Zeepkist GTR] 19:06:24 Received HTTP response headers after 310.005ms - 200
[Info   :Zeepkist GTR] 19:06:24 End processing HTTP request after 310.3624ms - 200
[Info   :Zeepkist GTR] 19:06:24 Received HTTP response headers after 458.8991ms - 200
[Info   :Zeepkist GTR] 19:06:24 End processing HTTP request after 459.2023ms - 200
[Info   :Zeepkist GTR] 19:06:24 Start processing HTTP request "POST" "https://graphql.zeepki.st/"
[Info   :Zeepkist GTR] 19:06:24 Sending HTTP request "POST" "https://graphql.zeepki.st/"
[Info   :Zeepkist Bingo] [CHAT] Intercepted message: 1 player eliminated: MALIYO
[Info   :Zeepkist Bingo] [CHAT] Not relaying - no bingo session
[Info   :Zeepkist GTR] 19:06:24 Received HTTP response headers after 182.8559ms - 200
[Info   :Zeepkist GTR] 19:06:24 End processing HTTP request after 183.3372ms - 200
[Info   :Zeepkist GTR] 19:06:25 Starting recorder
[Info   :Zeepkist GTR] 19:08:22 Discarding recorder
[Info   :COTDTracker] Doing eliminations with leaderboard:
[Info   :COTDTracker] Player justMaki: Time: DNF
[Info   :COTDTracker] Eliminating DNF: justMaki
[Info   :COTDTracker] Eliminated 1 DNF players
[Info   :COTDTracker] Eliminating 1 players: 
[Info   :COTDTracker] justMaki
[Info   :COTDTracker] Kicking eliminated players
[Info   :Zeepkist Bingo] [BINGO] Level loaded
[Info   :BetterSplits] getting gtr splits
[Info   :Zeepkist Bingo] [BINGO] === PLAYER SPAWNED ===
[Info   :Zeepkist Bingo] [BINGO] IsInActiveSession: False
[Info   :Zeepkist Bingo] [BINGO] Not in active session, skipping timer reset
[Info   :Zeepkist GTR] 19:08:37 Loading personal best...
[Info   :Zeepkist GTR] 19:08:37 Start processing HTTP request "POST" "https://graphql.zeepki.st/"
[Info   :Zeepkist GTR] 19:08:37 Sending HTTP request "POST" "https://graphql.zeepki.st/"
[Info   :Zeepkist GTR] 19:08:37 Stopping existing recorder if any
[Info   :Zeepkist GTR] 19:08:37 Creating new recorder
[Info   :Zeepkist GTR] 19:08:37 Start processing HTTP request "POST" "https://graphql.zeepki.st/"
[Info   :Zeepkist GTR] 19:08:37 Sending HTTP request "POST" "https://graphql.zeepki.st/"
[Info   :Zeepkist GTR] 19:08:37 Start processing HTTP request "POST" "https://graphql.zeepki.st/"
[Info   :Zeepkist GTR] 19:08:37 Sending HTTP request "POST" "https://graphql.zeepki.st/"
[Error  :BetterSplits] could not get splits
Response: StatusCode: 400, ReasonPhrase: 'Bad Request', Version: 1.1, Content: System.Net.Http.StreamContent, Headers:
{
Date: Sat, 20 Jun 2026 00:08:40 GMT
Connection: keep-alive
Access-Control-Allow-Headers: Origin, X-Requested-With, Accept, Authorization, X-Apollo-Tracing, Content-Type, Content-Length, X-PostGraphile-Explain
Access-Control-Allow-Methods: HEAD, GET, POST
Access-Control-Allow-Origin: *
Access-Control-Expose-Headers: X-GraphQL-Event-Stream
Alt-Svc: h3=":443"; ma=86400
Vary: Origin
Via: 1.1 Caddy
X-Graphql-Event-Stream: /stream
X-Query-Cost: 115
Cf-Cache-Status: DYNAMIC
x-xss-protection: 1; mode=block
Strict-Transport-Security: max-age=15552000; includeSubDomains; preload
x-content-type-options: nosniff
Server-Timing: cfCacheStatus;desc="DYNAMIC", cfEdge;dur=16,cfOrigin;dur=132
Report-To: {"group":"cf-nel","max_age":604800,"endpoints":[{"url":"https://a.nel.cloudflare.com/report/v4?s=GjPN0zNvR7hYkhaPzu%2FxzTqv9lM%2BgpE8HC0XtEUpVdnl705z%2B8o3VDhxdf0QTbz2VfxCfHonsZ0sSzbqvd%2FvEvq6WfLaQKYGMdH6jF%2Fe1ck9ZIUFTiLYV969giKPwO1rgR80cA%3D%3D"}]}
Nel: {"report_to":"cf-nel","success_fraction":0.0,"max_age":604800}
expect-ct: max-age=86400, enforce
referrer-policy: same-origin
x-frame-options: SAMEORIGIN
Server: cloudflare
CF-RAY: a0e68a5199fdae26-MSP
Content-Type: application/json; charset=utf-8
Content-Length: 172
} 
Content: {"errors":[{"message":"Cannot query field \"personalBestGlobalsByIdLevel\" on type \"Level\". Did you mean \"personalBestGlobals\"?","locations":[{"line":1,"column":87}]}]}
Url: https://graphql.zeepki.st
Request: {"query":"query BetterSplitsPB($hash: String!, $steamId: BigFloat) { levelByHash(hash: $hash) { personalBestGlobalsByIdLevel(filter: {userByIdUser: {steamId: {equalTo: $steamId}}}) { nodes { recordByIdRecord { speeds splits time }}}}}","variables":{"hash":"5CAF0120B0C7243FEED8577BEF2A80132DFBFD2E-3","steamId":"76561199218214543"}}
[Info   :Zeepkist GTR] 19:08:37 Received HTTP response headers after 556.3936ms - 200
[Info   :Zeepkist GTR] 19:08:37 End processing HTTP request after 556.804ms - 200
[Info   :Zeepkist GTR] 19:08:37 Received HTTP response headers after 295.701ms - 200
[Info   :Zeepkist GTR] 19:08:37 End processing HTTP request after 296.1874ms - 200
[Info   :Zeepkist GTR] 19:08:37 Ghost version: 5
[Info   :Zeepkist GTR] 19:08:37 Received HTTP response headers after 466.2063ms - 200
[Info   :Zeepkist GTR] 19:08:37 End processing HTTP request after 466.5417ms - 200
[Info   :Zeepkist GTR] 19:08:37 Start processing HTTP request "POST" "https://graphql.zeepki.st/"
[Info   :Zeepkist GTR] 19:08:37 Sending HTTP request "POST" "https://graphql.zeepki.st/"
[Info   :Zeepkist GTR] 19:08:37 Received HTTP response headers after 170.1595ms - 200
[Info   :Zeepkist GTR] 19:08:37 End processing HTTP request after 170.4505ms - 200
[Info   :Zeepkist GTR] 19:08:38 Starting recorder
[Info   :Zeepkist GTR] 19:10:35 Discarding recorder
[Info   :COTDTracker] Doing eliminations with leaderboard:
[Info   :COTDTracker] Eliminated 0 DNF players
[Info   :COTDTracker] Eliminating 0 players: 
[Info   :COTDTracker] Kicking eliminated players
[Info   :Zeepkist Bingo] [BINGO] Level loaded
[Info   :BetterSplits] getting gtr splits
[Info   :Zeepkist Bingo] [BINGO] === PLAYER SPAWNED ===
[Info   :Zeepkist Bingo] [BINGO] IsInActiveSession: False
[Info   :Zeepkist Bingo] [BINGO] Not in active session, skipping timer reset
[Info   :Zeepkist GTR] 19:10:50 Loading personal best...
[Info   :Zeepkist GTR] 19:10:50 Start processing HTTP request "POST" "https://graphql.zeepki.st/"
[Info   :Zeepkist GTR] 19:10:50 Sending HTTP request "POST" "https://graphql.zeepki.st/"
[Info   :Zeepkist GTR] 19:10:50 Stopping existing recorder if any
[Info   :Zeepkist GTR] 19:10:50 Creating new recorder
[Info   :Zeepkist GTR] 19:10:50 Start processing HTTP request "POST" "https://graphql.zeepki.st/"
[Info   :Zeepkist GTR] 19:10:50 Sending HTTP request "POST" "https://graphql.zeepki.st/"
[Info   :Zeepkist GTR] 19:10:50 Start processing HTTP request "POST" "https://graphql.zeepki.st/"
[Info   :Zeepkist GTR] 19:10:50 Sending HTTP request "POST" "https://graphql.zeepki.st/"
[Error  :BetterSplits] could not get splits
Response: StatusCode: 400, ReasonPhrase: 'Bad Request', Version: 1.1, Content: System.Net.Http.StreamContent, Headers:
{
Date: Sat, 20 Jun 2026 00:10:52 GMT
Connection: keep-alive
Access-Control-Allow-Headers: Origin, X-Requested-With, Accept, Authorization, X-Apollo-Tracing, Content-Type, Content-Length, X-PostGraphile-Explain
Access-Control-Allow-Methods: HEAD, GET, POST
Access-Control-Allow-Origin: *
Access-Control-Expose-Headers: X-GraphQL-Event-Stream
Alt-Svc: h3=":443"; ma=86400
Vary: Origin
Via: 1.1 Caddy
X-Graphql-Event-Stream: /stream
X-Query-Cost: 115
Cf-Cache-Status: DYNAMIC
x-xss-protection: 1; mode=block
Strict-Transport-Security: max-age=15552000; includeSubDomains; preload
x-content-type-options: nosniff
Server-Timing: cfCacheStatus;desc="DYNAMIC", cfEdge;dur=9,cfOrigin;dur=127
Report-To: {"group":"cf-nel","max_age":604800,"endpoints":[{"url":"https://a.nel.cloudflare.com/report/v4?s=sFjLtMcVX9uPV6CYNXszWntHsacY9GhE7%2Bp16OisL4HwRSq%2FtutoSrSKi%2BR%2F3msdk6Gb4yZOSxXNNYdlfpeV%2F3mW6iGcjapX2Ijn7h9VkfF6v2SVh5Jv0O1ZCOu32bnSYPhfpg%3D%3D"}]}
Nel: {"report_to":"cf-nel","success_fraction":0.0,"max_age":604800}
expect-ct: max-age=86400, enforce
referrer-policy: same-origin
x-frame-options: SAMEORIGIN
Server: cloudflare
CF-RAY: a0e68d8fa9e41425-MSP
Content-Type: application/json; charset=utf-8
Content-Length: 172
} 
Content: {"errors":[{"message":"Cannot query field \"personalBestGlobalsByIdLevel\" on type \"Level\". Did you mean \"personalBestGlobals\"?","locations":[{"line":1,"column":87}]}]}
Url: https://graphql.zeepki.st
Request: {"query":"query BetterSplitsPB($hash: String!, $steamId: BigFloat) { levelByHash(hash: $hash) { personalBestGlobalsByIdLevel(filter: {userByIdUser: {steamId: {equalTo: $steamId}}}) { nodes { recordByIdRecord { speeds splits time }}}}}","variables":{"hash":"5CAF0120B0C7243FEED8577BEF2A80132DFBFD2E-3","steamId":"76561199218214543"}}
[Info   :Zeepkist GTR] 19:10:50 Received HTTP response headers after 264.7264ms - 200
[Info   :Zeepkist GTR] 19:10:50 End processing HTTP request after 265.0883ms - 200
[Info   :Zeepkist GTR] 19:10:50 Received HTTP response headers after 277.6395ms - 200
[Info   :Zeepkist GTR] 19:10:50 End processing HTTP request after 277.895ms - 200
[Info   :Zeepkist GTR] 19:10:50 Ghost version: 5
[Info   :Zeepkist GTR] 19:10:50 Received HTTP response headers after 435.834ms - 200
[Info   :Zeepkist GTR] 19:10:50 End processing HTTP request after 436.161ms - 200
[Info   :Zeepkist GTR] 19:10:50 Start processing HTTP request "POST" "https://graphql.zeepki.st/"
[Info   :Zeepkist GTR] 19:10:50 Sending HTTP request "POST" "https://graphql.zeepki.st/"
[Info   :Zeepkist GTR] 19:10:50 Received HTTP response headers after 174.2123ms - 200
[Info   :Zeepkist GTR] 19:10:50 End processing HTTP request after 174.5261ms - 200
[Info   :Zeepkist GTR] 19:10:51 Starting recorder
[Info   :Zeepkist GTR] 19:12:48 Discarding recorder
[Info   :COTDTracker] Running update tab leaderboard function
[Info   :COTDTracker] Running update tab leaderboard function
[Info   :COTDTracker] Doing eliminations with leaderboard:
[Info   :COTDTracker] Eliminated 0 DNF players
[Info   :COTDTracker] Eliminating 0 players: 
[Info   :COTDTracker] Running update tab leaderboard function
[Info   :COTDTracker] Running update tab leaderboard function
[Info   :COTDTracker] Kicking eliminated players
[Info   :Zeepkist Bingo] [BINGO] Level loaded
[Info   :BetterSplits] getting gtr splits
[Info   :Zeepkist Bingo] [BINGO] === PLAYER SPAWNED ===
[Info   :Zeepkist Bingo] [BINGO] IsInActiveSession: False
[Info   :Zeepkist Bingo] [BINGO] Not in active session, skipping timer reset
[Info   :Zeepkist GTR] 19:13:03 Loading personal best...
[Info   :Zeepkist GTR] 19:13:03 Start processing HTTP request "POST" "https://graphql.zeepki.st/"
[Info   :Zeepkist GTR] 19:13:03 Sending HTTP request "POST" "https://graphql.zeepki.st/"
[Info   :Zeepkist GTR] 19:13:03 Stopping existing recorder if any
[Info   :Zeepkist GTR] 19:13:03 Creating new recorder
[Info   :Zeepkist GTR] 19:13:03 Start processing HTTP request "POST" "https://graphql.zeepki.st/"
[Info   :Zeepkist GTR] 19:13:03 Sending HTTP request "POST" "https://graphql.zeepki.st/"
[Info   :Zeepkist GTR] 19:13:03 Start processing HTTP request "POST" "https://graphql.zeepki.st/"
[Info   :Zeepkist GTR] 19:13:03 Sending HTTP request "POST" "https://graphql.zeepki.st/"
[Error  :BetterSplits] could not get splits
Response: StatusCode: 400, ReasonPhrase: 'Bad Request', Version: 1.1, Content: System.Net.Http.StreamContent, Headers:
{
Date: Sat, 20 Jun 2026 00:13:05 GMT
Connection: keep-alive
Access-Control-Allow-Headers: Origin, X-Requested-With, Accept, Authorization, X-Apollo-Tracing, Content-Type, Content-Length, X-PostGraphile-Explain
Access-Control-Allow-Methods: HEAD, GET, POST
Access-Control-Allow-Origin: *
Access-Control-Expose-Headers: X-GraphQL-Event-Stream
Alt-Svc: h3=":443"; ma=86400
Vary: Origin
Via: 1.1 Caddy
X-Graphql-Event-Stream: /stream
X-Query-Cost: 115
Cf-Cache-Status: DYNAMIC
x-xss-protection: 1; mode=block
Strict-Transport-Security: max-age=15552000; includeSubDomains; preload
x-content-type-options: nosniff
Server-Timing: cfCacheStatus;desc="DYNAMIC", cfEdge;dur=16,cfOrigin;dur=128
Report-To: {"group":"cf-nel","max_age":604800,"endpoints":[{"url":"https://a.nel.cloudflare.com/report/v4?s=0eGS%2F2SkNfz05dQYP5lxAfH8ZHgJAAoGDx2fSdtpqJzRymTH1N5EAe7XZU2FXgnzEOBIPbM3UE72c5kWoh46IihQ1pBUsWBxQutOj6cs0ArxQ3Z7ZA73Q3uzf8dWhYFsZnmLDQ%3D%3D"}]}
Nel: {"report_to":"cf-nel","success_fraction":0.0,"max_age":604800}
expect-ct: max-age=86400, enforce
referrer-policy: same-origin
x-frame-options: SAMEORIGIN
Server: cloudflare
CF-RAY: a0e690cdeeac4ca0-MSP
Content-Type: application/json; charset=utf-8
Content-Length: 172
} 
Content: {"errors":[{"message":"Cannot query field \"personalBestGlobalsByIdLevel\" on type \"Level\". Did you mean \"personalBestGlobals\"?","locations":[{"line":1,"column":87}]}]}
Url: https://graphql.zeepki.st
Request: {"query":"query BetterSplitsPB($hash: String!, $steamId: BigFloat) { levelByHash(hash: $hash) { personalBestGlobalsByIdLevel(filter: {userByIdUser: {steamId: {equalTo: $steamId}}}) { nodes { recordByIdRecord { speeds splits time }}}}}","variables":{"hash":"5CAF0120B0C7243FEED8577BEF2A80132DFBFD2E-3","steamId":"76561199218214543"}}
[Info   :Zeepkist GTR] 19:13:03 Received HTTP response headers after 266.44ms - 200
[Info   :Zeepkist GTR] 19:13:03 End processing HTTP request after 266.796ms - 200
[Info   :Zeepkist GTR] 19:13:03 Received HTTP response headers after 274.226ms - 200
[Info   :Zeepkist GTR] 19:13:03 End processing HTTP request after 274.4857ms - 200
[Info   :Zeepkist GTR] 19:13:03 Ghost version: 5
[Info   :Zeepkist GTR] 19:13:03 Received HTTP response headers after 435.5124ms - 200
[Info   :Zeepkist GTR] 19:13:03 End processing HTTP request after 435.7879ms - 200
[Info   :Zeepkist GTR] 19:13:03 Start processing HTTP request "POST" "https://graphql.zeepki.st/"
[Info   :Zeepkist GTR] 19:13:03 Sending HTTP request "POST" "https://graphql.zeepki.st/"
[Info   :Zeepkist GTR] 19:13:03 Received HTTP response headers after 177.9664ms - 200
[Info   :Zeepkist GTR] 19:13:03 End processing HTTP request after 178.2503ms - 200
[Info   :Zeepkist GTR] 19:13:04 Starting recorder
[Info   :Zeepkist Bingo] [CHAT] Intercepted message: ?cotd endcup
[Info   :Zeepkist Bingo] [CHAT] Not relaying - no bingo session
[Info   :Zeepkist Bingo] [CHAT] Intercepted message: !cotd endcup
[Info   :Zeepkist Bingo] [CHAT] Not relaying - no bingo session
[Error  :     TeamX]  [TEAMX] Operation failed: Client is already disconnected.
[Info   :Zeepkist Bingo] [BINGO] Application quitting - force disposing WebSocket
[Info   :Zeepkist Bingo] [WEBSOCKET] Force disposed
[Info   :Zeepkist Bingo] [WEBSOCKET] Force disposed
[Info   :Zeepkist GTR] 19:13:30 Application is shutting down...
[Info   :Zeepkist GTR] 19:13:30 Unpatching
