[Message:   BepInEx] BepInEx 5.4.22.0 - Zeepkist (1/15/2026 3:08:57 PM)
[Info   :   BepInEx] Running under Unity v2021.3.10.1867021
[Info   :   BepInEx] CLR runtime version: 4.0.30319.42000
[Info   :   BepInEx] Supports SRE: True
[Info   :   BepInEx] System platform: Bits64, Windows
[Message:   BepInEx] Preloader started
[Info   :   BepInEx] Loaded 1 patcher method from [BepInEx.Preloader 5.4.22.0]
[Info   :   BepInEx] 1 patcher plugin loaded
[Info   :   BepInEx] Patching [UnityEngine.CoreModule] with [BepInEx.Chainloader]
[Message:   BepInEx] Preloader finished
[Message:   BepInEx] Chainloader ready
[Message:   BepInEx] Chainloader started
[Info   :   BepInEx] 10 plugins to load
[Info   :   BepInEx] Loading [Zeep SDK 2.6.2]
[Info   :  Zeep SDK] Plugin ZeepSDK is loaded!
[Info   :   BepInEx] Loading [BetterSplits 0.2.5]
[Info   :BetterSplits] Plugin BetterSplits is loaded!
[Info   :   BepInEx] Loading [TeamX 2.1]
[Info   :   BepInEx] Loading [Blueprints X 3.2]
[Info   :   BepInEx] Loading [FastStart 1.0.0]
[Info   : FastStart] Plugin FastStart is loaded!
[Info   :   BepInEx] Loading [Zeepkist Bingo 1.1.5]
[Info   :Zeepkist Bingo] Zeepkist Bingo v1.1.5 is loading...
[Info   :Zeepkist Bingo] [BINGO] Loaded 0 muted players
[Info   :Zeepkist Bingo] [BingoTTS] Initialized. Cache: C:/Users/joshs/AppData/Local/Temp/Steelpan Interactive/Zeepkist\ZeepkistBingo_TTS
[Info   :Zeepkist Bingo] [BingoTTS] Available voices: Microsoft David Desktop, Microsoft Zira Desktop
[Info   :Zeepkist Bingo] [BINGO UI] Menu initialized
[Info   :Zeepkist Bingo] [BINGO UI] Mini board initialized
[Info   :Zeepkist Bingo] [BINGO UI] Team status initialized
[Info   :Zeepkist Bingo] [BINGO] V2 UI components initialized
[Info   :Zeepkist Bingo] [InstantLoader] Initialized
[Info   :Zeepkist Bingo] Bingo commands registered
[Info   :Zeepkist Bingo] [BINGO TEST] Test commands registered (/bt0 - /bt50)
[Info   :Zeepkist Bingo] Event hooks registered
[Info   :Zeepkist Bingo] [WEBSOCKET] Base URL set to: wss://zeepkist-bingo.chrisleiter.workers.dev
[Info   :Zeepkist Bingo] Zeepkist Bingo loaded successfully!
[Info   :   BepInEx] Loading [COTDTracker 0.11.1]
[Info   :COTDTracker] Plugin COTDTracker is loaded!
[Info   :   BepInEx] Loading [Level Editor Trails 4.0.3]
[Info   :Level Editor Trails] Plugin LevelEditorTrails is loaded!
[Info   :   BepInEx] Loading [Zeepkist GTR 1.4.0]
[Info   :   BepInEx] Loading [Medal Times 5.3.1]
[Info   :Medal Times] Plugin net.tnrd.zeepkist.medaltimes is loaded!
[Message:   BepInEx] Chainloader startup complete
[Info   :Zeepkist Bingo] [BINGO AUDIO] Generating custom sounds...
[Info   :Zeepkist Bingo] [BINGO AUDIO] All custom sounds generated!
[Info   :Zeepkist Bingo] [BINGO AUDIO] Custom FMOD audio system initialized!
[Warning:ModSettingsTabsBuilder] Mod settings tab configuration for 'net.tnrd.zeepkist.gtr' references unknown section '2.3 - Ghosts - Offline Ghosts'. Section was skipped.
[Fatal  :Zeepkist GTR] 18:01:08 Unable to load UI assembly
[Info   :Zeepkist GTR] 18:01:08 Loaded 4 shaders from gtr-shaders asset bundle
[Info   :Zeepkist GTR] 18:01:08 Patching
[Info   :Zeepkist GTR] 18:01:09 Found 30 eager services
[Info   :Zeepkist GTR] Plugin net.tnrd.zeepkist.gtr is loaded!
[Info   :Zeepkist GTR] 18:01:27 Start processing HTTP request "POST" https://backend.zeepki.st/auth/login
[Info   :Zeepkist GTR] 18:01:27 Sending HTTP request "POST" https://backend.zeepki.st/auth/login
[Info   :Zeepkist GTR] 18:01:28 Received HTTP response headers after 1338.6093ms - 200
[Info   :Zeepkist GTR] 18:01:28 End processing HTTP request after 1361.7136ms - 200
[Info   :Zeepkist Bingo] [BINGO] Level loaded
[Info   :Zeepkist GTR] 18:01:52 Skipping level request because workshop ID or hash is missing
[Info   :BetterSplits] getting gtr splits
[Info   :Zeepkist Bingo] [BINGO] === PLAYER SPAWNED ===
[Info   :Zeepkist Bingo] [BINGO] IsInActiveSession: False
[Info   :Zeepkist Bingo] [BINGO] Not in active session, skipping timer reset
[Info   :Zeepkist GTR] 18:01:53 Stopping existing recorder if any
[Info   :Zeepkist GTR] 18:01:53 Creating new recorder
[Info   :Zeepkist GTR] 18:01:53 Start processing HTTP request "POST" https://graphql.zeepki.st/
[Info   :Zeepkist GTR] 18:01:53 Sending HTTP request "POST" https://graphql.zeepki.st/
[Info   :Zeepkist GTR] 18:01:53 Start processing HTTP request "POST" https://graphql.zeepki.st/
[Info   :Zeepkist GTR] 18:01:53 Sending HTTP request "POST" https://graphql.zeepki.st/
[Info   :BetterSplits] got gtr splits
[Info   :Zeepkist GTR] 18:01:54 Received HTTP response headers after 573.4747ms - 200
[Info   :Zeepkist GTR] 18:01:54 Received HTTP response headers after 564.0867ms - 200
[Info   :Zeepkist GTR] 18:01:54 End processing HTTP request after 574.0235ms - 200
[Info   :Zeepkist GTR] 18:01:54 End processing HTTP request after 564.5833ms - 200
[Info   :Zeepkist GTR] 18:01:54 Start processing HTTP request "POST" https://graphql.zeepki.st/
[Info   :Zeepkist GTR] 18:01:54 Sending HTTP request "POST" https://graphql.zeepki.st/
[Info   :Zeepkist GTR] 18:01:55 Received HTTP response headers after 663.5875ms - 200
[Info   :Zeepkist GTR] 18:01:55 End processing HTTP request after 664.241ms - 200
[Info   :Zeepkist GTR] 18:01:55 Starting recorder
[Info   :Zeepkist Bingo] [CHAT] Intercepted message: hi
[Info   :Zeepkist Bingo] [CHAT] Not relaying - no bingo session
[Info   :Zeepkist GTR] 18:03:07 Discarding recorder
[Info   :Zeepkist Bingo] [CHAT] Intercepted message: yo
[Info   :Zeepkist Bingo] [CHAT] Not relaying - no bingo session
[Info   :Zeepkist Bingo] [BINGO] Level loaded
[Info   :Zeepkist GTR] 18:03:23 Start processing HTTP request "POST" https://backend.zeepki.st/level/request
[Info   :Zeepkist GTR] 18:03:23 Sending HTTP request "POST" https://backend.zeepki.st/level/request
[Info   :BetterSplits] getting gtr splits
[Info   :Zeepkist Bingo] [BINGO] === PLAYER SPAWNED ===
[Info   :Zeepkist Bingo] [BINGO] IsInActiveSession: False
[Info   :Zeepkist Bingo] [BINGO] Not in active session, skipping timer reset
[Info   :Zeepkist GTR] 18:03:23 Stopping existing recorder if any
[Info   :Zeepkist GTR] 18:03:23 Creating new recorder
[Info   :Zeepkist GTR] 18:03:23 Start processing HTTP request "POST" https://graphql.zeepki.st/
[Info   :Zeepkist GTR] 18:03:23 Sending HTTP request "POST" https://graphql.zeepki.st/
[Info   :Zeepkist GTR] 18:03:23 Start processing HTTP request "POST" https://graphql.zeepki.st/
[Info   :Zeepkist GTR] 18:03:23 Sending HTTP request "POST" https://graphql.zeepki.st/
[Info   :BetterSplits] got gtr splits
[Info   :Zeepkist GTR] 18:03:23 Received HTTP response headers after 205.307ms - 200
[Info   :Zeepkist GTR] 18:03:23 Received HTTP response headers after 204.5332ms - 200
[Info   :Zeepkist GTR] 18:03:23 End processing HTTP request after 224.275ms - 200
[Info   :Zeepkist GTR] 18:03:23 End processing HTTP request after 225.1519ms - 200
[Info   :Zeepkist GTR] 18:03:23 Start processing HTTP request "POST" https://graphql.zeepki.st/
[Info   :Zeepkist GTR] 18:03:23 Sending HTTP request "POST" https://graphql.zeepki.st/
[Info   :Zeepkist GTR] 18:03:23 Received HTTP response headers after 180.4085ms - 200
[Info   :Zeepkist GTR] 18:03:23 End processing HTTP request after 180.8698ms - 200
[Info   :Zeepkist GTR] 18:03:23 Received HTTP response headers after 597.3442ms - 200
[Info   :Zeepkist GTR] 18:03:23 End processing HTTP request after 597.7665ms - 200
[Info   :Zeepkist GTR] 18:03:24 Starting recorder
[Info   :Zeepkist Bingo] [CHAT] Intercepted message: hi
[Info   :Zeepkist Bingo] [CHAT] Not relaying - no bingo session
[Info   :Zeepkist GTR] 18:08:20 Discarding recorder
[Info   :Zeepkist Bingo] [BINGO] Level loaded
[Info   :Zeepkist GTR] 18:08:36 Start processing HTTP request "POST" https://backend.zeepki.st/level/request
[Info   :Zeepkist GTR] 18:08:36 Sending HTTP request "POST" https://backend.zeepki.st/level/request
[Info   :BetterSplits] getting gtr splits
[Info   :Zeepkist Bingo] [BINGO] === PLAYER SPAWNED ===
[Info   :Zeepkist Bingo] [BINGO] IsInActiveSession: False
[Info   :Zeepkist Bingo] [BINGO] Not in active session, skipping timer reset
[Info   :Zeepkist GTR] 18:08:36 Stopping existing recorder if any
[Info   :Zeepkist GTR] 18:08:36 Creating new recorder
[Info   :Zeepkist GTR] 18:08:36 Start processing HTTP request "POST" https://graphql.zeepki.st/
[Info   :Zeepkist GTR] 18:08:36 Sending HTTP request "POST" https://graphql.zeepki.st/
[Info   :Zeepkist GTR] 18:08:36 Start processing HTTP request "POST" https://graphql.zeepki.st/
[Info   :Zeepkist GTR] 18:08:36 Sending HTTP request "POST" https://graphql.zeepki.st/
[Info   :Zeepkist GTR] 18:08:37 Received HTTP response headers after 549.6104ms - 200
[Info   :Zeepkist GTR] 18:08:37 End processing HTTP request after 550.058ms - 200
[Info   :BetterSplits] got gtr splits
[Info   :Zeepkist GTR] 18:08:37 Received HTTP response headers after 614.8873ms - 200
[Info   :Zeepkist GTR] 18:08:37 End processing HTTP request after 615.2237ms - 200
[Info   :Zeepkist GTR] 18:08:37 Start processing HTTP request "POST" https://graphql.zeepki.st/
[Info   :Zeepkist GTR] 18:08:37 Sending HTTP request "POST" https://graphql.zeepki.st/
[Info   :Zeepkist GTR] 18:08:37 Received HTTP response headers after 760.8893ms - 200
[Info   :Zeepkist GTR] 18:08:37 End processing HTTP request after 761.2119ms - 200
[Info   :Zeepkist GTR] 18:08:37 Received HTTP response headers after 172.3803ms - 200
[Info   :Zeepkist GTR] 18:08:37 End processing HTTP request after 172.7533ms - 200
[Info   :Zeepkist GTR] 18:08:38 Starting recorder
[Info   :RoundLeaderboardTab] Drawing leaderboard -> forwarding to Instance.DrawTabLeaderboard()
[Info   :Zeepkist Bingo] [CHAT] Intercepted message: hi
[Info   :Zeepkist Bingo] [CHAT] Not relaying - no bingo session
[Info   :RoundLeaderboardTab] Drawing leaderboard -> forwarding to Instance.DrawTabLeaderboard()
[Info   :RoundLeaderboardTab] Drawing leaderboard -> forwarding to Instance.DrawTabLeaderboard()
[Info   :RoundLeaderboardTab] Drawing leaderboard -> forwarding to Instance.DrawTabLeaderboard()
[Info   :RoundLeaderboardTab] Drawing leaderboard -> forwarding to Instance.DrawTabLeaderboard()
[Info   :Zeepkist GTR] 18:13:33 Discarding recorder
[Info   :Zeepkist Bingo] [BINGO] Level loaded
[Info   :Zeepkist GTR] 18:13:48 Start processing HTTP request "POST" https://backend.zeepki.st/level/request
[Info   :Zeepkist GTR] 18:13:48 Sending HTTP request "POST" https://backend.zeepki.st/level/request
[Info   :BetterSplits] getting gtr splits
[Info   :Zeepkist Bingo] [BINGO] === PLAYER SPAWNED ===
[Info   :Zeepkist Bingo] [BINGO] IsInActiveSession: False
[Info   :Zeepkist Bingo] [BINGO] Not in active session, skipping timer reset
[Info   :Zeepkist GTR] 18:13:48 Stopping existing recorder if any
[Info   :Zeepkist GTR] 18:13:48 Creating new recorder
[Info   :Zeepkist GTR] 18:13:48 Start processing HTTP request "POST" https://graphql.zeepki.st/
[Info   :Zeepkist GTR] 18:13:48 Sending HTTP request "POST" https://graphql.zeepki.st/
[Info   :Zeepkist GTR] 18:13:48 Start processing HTTP request "POST" https://graphql.zeepki.st/
[Info   :Zeepkist GTR] 18:13:48 Sending HTTP request "POST" https://graphql.zeepki.st/
[Info   :Zeepkist GTR] 18:13:49 Received HTTP response headers after 652.8105ms - 200
[Info   :Zeepkist GTR] 18:13:49 End processing HTTP request after 653.2946ms - 200
[Info   :Zeepkist GTR] 18:13:49 Received HTTP response headers after 612.7339ms - 200
[Info   :Zeepkist GTR] 18:13:49 End processing HTTP request after 613.1396ms - 200
[Info   :Zeepkist GTR] 18:13:49 Received HTTP response headers after 583.4843ms - 200
[Info   :Zeepkist GTR] 18:13:49 End processing HTTP request after 583.9017ms - 200
[Info   :BetterSplits] got gtr splits
[Info   :Zeepkist GTR] 18:13:49 Start processing HTTP request "POST" https://graphql.zeepki.st/
[Info   :Zeepkist GTR] 18:13:49 Sending HTTP request "POST" https://graphql.zeepki.st/
[Info   :Zeepkist GTR] 18:13:49 Received HTTP response headers after 172.8682ms - 200
[Info   :Zeepkist GTR] 18:13:49 End processing HTTP request after 173.2927ms - 200
[Info   :Zeepkist GTR] 18:13:50 Starting recorder
[Info   :RoundLeaderboardTab] Drawing leaderboard -> forwarding to Instance.DrawTabLeaderboard()
[Info   :Zeepkist Bingo] [CHAT] Intercepted message: hi
[Info   :Zeepkist Bingo] [CHAT] Not relaying - no bingo session
[Info   :RoundLeaderboardTab] Drawing leaderboard -> forwarding to Instance.DrawTabLeaderboard()
[Info   :Zeepkist Bingo] [BINGO] Level loaded
[Info   :Zeepkist GTR] 18:19:01 Start processing HTTP request "POST" https://backend.zeepki.st/auth/refresh
[Info   :Zeepkist GTR] 18:19:01 Sending HTTP request "POST" https://backend.zeepki.st/auth/refresh
[Info   :BetterSplits] getting gtr splits
[Info   :Zeepkist Bingo] [BINGO] === PLAYER SPAWNED ===
[Info   :Zeepkist Bingo] [BINGO] IsInActiveSession: False
[Info   :Zeepkist Bingo] [BINGO] Not in active session, skipping timer reset
[Info   :Zeepkist GTR] 18:19:01 Stopping existing recorder if any
[Info   :Zeepkist GTR] 18:19:01 Creating new recorder
[Info   :Zeepkist GTR] 18:19:01 Start processing HTTP request "POST" https://graphql.zeepki.st/
[Info   :Zeepkist GTR] 18:19:01 Sending HTTP request "POST" https://graphql.zeepki.st/
[Info   :Zeepkist GTR] 18:19:01 Start processing HTTP request "POST" https://graphql.zeepki.st/
[Info   :Zeepkist GTR] 18:19:01 Sending HTTP request "POST" https://graphql.zeepki.st/
[Info   :Zeepkist GTR] 18:19:02 Received HTTP response headers after 703.2495ms - 200
[Info   :Zeepkist GTR] 18:19:02 End processing HTTP request after 703.6145ms - 200
[Info   :Zeepkist GTR] 18:19:02 Received HTTP response headers after 687.414ms - 200
[Info   :Zeepkist GTR] 18:19:02 End processing HTTP request after 687.7243ms - 200
[Info   :Zeepkist GTR] 18:19:02 Received HTTP response headers after 829.6811ms - 200
[Info   :Zeepkist GTR] 18:19:02 End processing HTTP request after 830.0152ms - 200
[Info   :Zeepkist GTR] 18:19:02 Start processing HTTP request "POST" https://graphql.zeepki.st/
[Info   :Zeepkist GTR] 18:19:02 Sending HTTP request "POST" https://graphql.zeepki.st/
[Info   :Zeepkist GTR] 18:19:02 Start processing HTTP request "POST" https://backend.zeepki.st/level/request
[Info   :Zeepkist GTR] 18:19:02 Sending HTTP request "POST" https://backend.zeepki.st/level/request
[Info   :BetterSplits] got gtr splits
[Info   :Zeepkist GTR] 18:19:02 Received HTTP response headers after 227.8298ms - 200
[Info   :Zeepkist GTR] 18:19:02 Received HTTP response headers after 231.413ms - 200
[Info   :Zeepkist GTR] 18:19:02 End processing HTTP request after 228.1581ms - 200
[Info   :Zeepkist GTR] 18:19:02 End processing HTTP request after 231.763ms - 200
[Info   :Zeepkist GTR] 18:19:03 Starting recorder
[Info   :RoundLeaderboardTab] Drawing leaderboard -> forwarding to Instance.DrawTabLeaderboard()
[Info   :Zeepkist Bingo] [CHAT] Intercepted message: hi
[Info   :Zeepkist Bingo] [CHAT] Not relaying - no bingo session
[Info   :RoundLeaderboardTab] Drawing leaderboard -> forwarding to Instance.DrawTabLeaderboard()
[Info   :Zeepkist GTR] 18:24:00 Discarding recorder
[Info   :Zeepkist Bingo] [BINGO] Level loaded
[Info   :Zeepkist GTR] 18:24:15 Start processing HTTP request "POST" https://backend.zeepki.st/level/request
[Info   :Zeepkist GTR] 18:24:15 Sending HTTP request "POST" https://backend.zeepki.st/level/request
[Info   :BetterSplits] getting gtr splits
[Info   :Zeepkist Bingo] [BINGO] === PLAYER SPAWNED ===
[Info   :Zeepkist Bingo] [BINGO] IsInActiveSession: False
[Info   :Zeepkist Bingo] [BINGO] Not in active session, skipping timer reset
[Info   :Zeepkist GTR] 18:24:15 Stopping existing recorder if any
[Info   :Zeepkist GTR] 18:24:15 Creating new recorder
[Info   :Zeepkist GTR] 18:24:15 Start processing HTTP request "POST" https://graphql.zeepki.st/
[Info   :Zeepkist GTR] 18:24:15 Sending HTTP request "POST" https://graphql.zeepki.st/
[Info   :Zeepkist GTR] 18:24:15 Start processing HTTP request "POST" https://graphql.zeepki.st/
[Info   :Zeepkist GTR] 18:24:15 Sending HTTP request "POST" https://graphql.zeepki.st/
[Info   :Zeepkist GTR] 18:24:15 Received HTTP response headers after 591.8937ms - 200
[Info   :Zeepkist GTR] 18:24:15 End processing HTTP request after 592.4302ms - 200
[Info   :BetterSplits] got gtr splits
[Info   :Zeepkist GTR] 18:24:15 Received HTTP response headers after 639.033ms - 200
[Info   :Zeepkist GTR] 18:24:15 End processing HTTP request after 639.3766ms - 200
[Info   :Zeepkist GTR] 18:24:15 Received HTTP response headers after 772.0333ms - 200
[Info   :Zeepkist GTR] 18:24:15 End processing HTTP request after 773.1342ms - 200
[Info   :Zeepkist GTR] 18:24:15 Start processing HTTP request "POST" https://graphql.zeepki.st/
[Info   :Zeepkist GTR] 18:24:15 Sending HTTP request "POST" https://graphql.zeepki.st/
[Info   :Zeepkist GTR] 18:24:16 Received HTTP response headers after 186.1633ms - 200
[Info   :Zeepkist GTR] 18:24:16 End processing HTTP request after 186.7801ms - 200
[Info   :Zeepkist GTR] 18:24:16 Starting recorder
[Info   :   Console] Download started for AppId: 1440670, FileId: 3791161180, Result: OK
[Info   :Zeepkist Bingo] [CHAT] Intercepted message: map is after this
[Info   :Zeepkist Bingo] [CHAT] Not relaying - no bingo session
[Info   :Zeepkist GTR] 18:29:13 Discarding recorder
[Info   :Zeepkist Bingo] [BINGO] Level loaded
[Info   :Zeepkist GTR] 18:29:29 Start processing HTTP request "POST" https://backend.zeepki.st/level/request
[Info   :Zeepkist GTR] 18:29:29 Sending HTTP request "POST" https://backend.zeepki.st/level/request
[Info   :BetterSplits] getting gtr splits
[Info   :Zeepkist Bingo] [BINGO] === PLAYER SPAWNED ===
[Info   :Zeepkist Bingo] [BINGO] IsInActiveSession: False
[Info   :Zeepkist Bingo] [BINGO] Not in active session, skipping timer reset
[Info   :Zeepkist GTR] 18:29:29 Stopping existing recorder if any
[Info   :Zeepkist GTR] 18:29:29 Creating new recorder
[Info   :Zeepkist GTR] 18:29:29 Start processing HTTP request "POST" https://graphql.zeepki.st/
[Info   :Zeepkist GTR] 18:29:29 Sending HTTP request "POST" https://graphql.zeepki.st/
[Info   :Zeepkist GTR] 18:29:29 Start processing HTTP request "POST" https://graphql.zeepki.st/
[Info   :Zeepkist GTR] 18:29:29 Sending HTTP request "POST" https://graphql.zeepki.st/
[Info   :BetterSplits] no record set
[Info   :Zeepkist GTR] 18:29:30 Received HTTP response headers after 569.513ms - 200
[Info   :Zeepkist GTR] 18:29:30 End processing HTTP request after 570.0782ms - 200
[Info   :Zeepkist GTR] 18:29:30 Received HTTP response headers after 773.2842ms - 200
[Info   :Zeepkist GTR] 18:29:30 End processing HTTP request after 774.3607ms - 200
[Info   :Zeepkist GTR] 18:29:30 Received HTTP response headers after 607.5462ms - 200
[Info   :Zeepkist GTR] 18:29:30 End processing HTTP request after 608.1342ms - 200
[Error  :BetterSplits] error parsing gtr response: System.MissingMethodException: Method not found: void .ZeepsystemMessenger.Log(string,single)
  at BetterSplits.Plugin.GetGtrSplitsInternal () [0x005f0] in <76d2578b548646f9b10aff6f9bb7fcfe>:0 
[Error  :BetterSplits] the response was StatusCode: 200, ReasonPhrase: 'OK', Version: 1.1, Content: System.Net.Http.StreamContent, Headers:
{
Date: Fri, 28 Aug 2026 23:29:28 GMT
Connection: keep-alive
access-control-allow-credentials: true
access-control-allow-headers: host, content-length, accept-encoding, content-type, via, cdn-loop, cf-connecting-ip, cf-ipcountry, cf-pseudo-ipv4, cf-ray, cf-visitor, x-forwarded-for, x-forwarded-host, x-forwarded-proto
access-control-allow-methods: POST
access-control-allow-origin: *
access-control-expose-headers: host, content-length, accept-encoding, content-type, via, cdn-loop, cf-connecting-ip, cf-ipcountry, cf-pseudo-ipv4, cf-ray, cf-visitor, x-forwarded-for, x-forwarded-host, x-forwarded-proto
alt-svc: h3=":443"; ma=86400
vary: *
x-query-cost: 74
cf-cache-status: DYNAMIC
Strict-Transport-Security: max-age=31536000; includeSubDomains; preload
x-content-type-options: nosniff
Server-Timing: cfCacheStatus;desc="DYNAMIC", cfEdge;dur=14,cfOrigin;dur=354
Report-To: {"group":"cf-nel","max_age":604800,"endpoints":[{"url":"https://a.nel.cloudflare.com/report/v4?s=OyJFmkV%2FNLptYFflgKdGSEeDJyVzlF%2BsE3fxFAb8ZxnKKHiw0dzPh%2B5xpn9kaUVb8qOryJ%2FwlVaI8CueJ3SAiCsTg4WILNhny052xVjYD4fCC5cj7Q11uVL64wZ8afwktBEMPDsxWEjL4YpxuWoWcQ%3D%3D"}]}
Nel: {"report_to":"cf-nel","success_fraction":0.0,"max_age":604800}
expect-ct: max-age=86400, enforce
referrer-policy: same-origin
x-frame-options: SAMEORIGIN
x-xss-protection: 1; mode=block
Server: cloudflare
CF-RAY: a3271925f9a7e819-ORD
Content-Type: application/graphql-response+json; charset=utf-8
Content-Length: 45
}
[Error  :BetterSplits] response body: {"data":{"personalBestGlobals":{"nodes":[]}}}
[Info   :Zeepkist GTR] 18:29:31 Starting recorder
[Info   :Zeepkist Bingo] [BINGO] === PLAYER SPAWNED ===
[Info   :Zeepkist Bingo] [BINGO] IsInActiveSession: False
[Info   :Zeepkist Bingo] [BINGO] Not in active session, skipping timer reset
[Info   :Zeepkist GTR] 18:32:41 Stopping existing recorder if any
[Info   :Zeepkist GTR] 18:32:41 Creating new recorder
[Info   :Zeepkist GTR] 18:32:41 Start processing HTTP request "POST" https://graphql.zeepki.st/
[Info   :Zeepkist GTR] 18:32:41 Sending HTTP request "POST" https://graphql.zeepki.st/
[Info   :Zeepkist GTR] 18:32:41 Start processing HTTP request "POST" https://graphql.zeepki.st/
[Info   :Zeepkist GTR] 18:32:41 Sending HTTP request "POST" https://graphql.zeepki.st/
[Info   :Zeepkist GTR] 18:32:42 Received HTTP response headers after 637.3297ms - 200
[Info   :Zeepkist GTR] 18:32:42 End processing HTTP request after 639.3915ms - 200
[Info   :Zeepkist GTR] 18:32:42 Received HTTP response headers after 638.5992ms - 200
[Info   :Zeepkist GTR] 18:32:42 End processing HTTP request after 640.1289ms - 200
[Info   :Zeepkist GTR] 18:32:43 Starting recorder
[Info   :Zeepkist Bingo] [BINGO] === PLAYER SPAWNED ===
[Info   :Zeepkist Bingo] [BINGO] IsInActiveSession: False
[Info   :Zeepkist Bingo] [BINGO] Not in active session, skipping timer reset
[Info   :Zeepkist GTR] 18:32:45 Stopping existing recorder if any
[Info   :Zeepkist GTR] 18:32:45 Creating new recorder
[Info   :Zeepkist GTR] 18:32:45 Start processing HTTP request "POST" https://graphql.zeepki.st/
[Info   :Zeepkist GTR] 18:32:45 Sending HTTP request "POST" https://graphql.zeepki.st/
[Info   :Zeepkist GTR] 18:32:45 Start processing HTTP request "POST" https://graphql.zeepki.st/
[Info   :Zeepkist GTR] 18:32:45 Sending HTTP request "POST" https://graphql.zeepki.st/
[Info   :Zeepkist GTR] 18:32:45 Received HTTP response headers after 184.2191ms - 200
[Info   :Zeepkist GTR] 18:32:45 End processing HTTP request after 184.583ms - 200
[Info   :Zeepkist GTR] 18:32:45 Received HTTP response headers after 192.1049ms - 200
[Info   :Zeepkist GTR] 18:32:45 End processing HTTP request after 192.473ms - 200
[Info   :Zeepkist GTR] 18:32:46 Starting recorder
[Info   :Zeepkist Bingo] [BINGO] === PLAYER SPAWNED ===
[Info   :Zeepkist Bingo] [BINGO] IsInActiveSession: False
[Info   :Zeepkist Bingo] [BINGO] Not in active session, skipping timer reset
[Info   :Zeepkist GTR] 18:32:59 Stopping existing recorder if any
[Info   :Zeepkist GTR] 18:32:59 Creating new recorder
[Info   :Zeepkist GTR] 18:32:59 Start processing HTTP request "POST" https://graphql.zeepki.st/
[Info   :Zeepkist GTR] 18:32:59 Sending HTTP request "POST" https://graphql.zeepki.st/
[Info   :Zeepkist GTR] 18:32:59 Start processing HTTP request "POST" https://graphql.zeepki.st/
[Info   :Zeepkist GTR] 18:32:59 Sending HTTP request "POST" https://graphql.zeepki.st/
[Info   :Zeepkist GTR] 18:32:59 Received HTTP response headers after 201.2015ms - 200
[Info   :Zeepkist GTR] 18:32:59 Received HTTP response headers after 209.1196ms - 200
[Info   :Zeepkist GTR] 18:32:59 End processing HTTP request after 201.7553ms - 200
[Info   :Zeepkist GTR] 18:32:59 End processing HTTP request after 209.4697ms - 200
[Info   :Zeepkist GTR] 18:33:01 Starting recorder
[Info   :Zeepkist Bingo] [BINGO] === PLAYER SPAWNED ===
[Info   :Zeepkist Bingo] [BINGO] IsInActiveSession: False
[Info   :Zeepkist Bingo] [BINGO] Not in active session, skipping timer reset
[Info   :Zeepkist GTR] 18:33:24 Stopping existing recorder if any
[Info   :Zeepkist GTR] 18:33:24 Creating new recorder
[Info   :Zeepkist GTR] 18:33:24 Start processing HTTP request "POST" https://graphql.zeepki.st/
[Info   :Zeepkist GTR] 18:33:24 Sending HTTP request "POST" https://graphql.zeepki.st/
[Info   :Zeepkist GTR] 18:33:24 Start processing HTTP request "POST" https://graphql.zeepki.st/
[Info   :Zeepkist GTR] 18:33:24 Sending HTTP request "POST" https://graphql.zeepki.st/
[Info   :Zeepkist GTR] 18:33:25 Received HTTP response headers after 287.6477ms - 200
[Info   :Zeepkist GTR] 18:33:25 Received HTTP response headers after 286.8161ms - 200
[Info   :Zeepkist GTR] 18:33:25 End processing HTTP request after 287.2411ms - 200
[Info   :Zeepkist GTR] 18:33:25 End processing HTTP request after 288.0335ms - 200
[Info   :Zeepkist GTR] 18:33:26 Starting recorder
[Info   :Zeepkist Bingo] [BINGO] === PLAYER SPAWNED ===
[Info   :Zeepkist Bingo] [BINGO] IsInActiveSession: False
[Info   :Zeepkist Bingo] [BINGO] Not in active session, skipping timer reset
[Info   :Zeepkist GTR] 18:33:28 Stopping existing recorder if any
[Info   :Zeepkist GTR] 18:33:28 Creating new recorder
[Info   :Zeepkist GTR] 18:33:28 Start processing HTTP request "POST" https://graphql.zeepki.st/
[Info   :Zeepkist GTR] 18:33:28 Sending HTTP request "POST" https://graphql.zeepki.st/
[Info   :Zeepkist GTR] 18:33:28 Start processing HTTP request "POST" https://graphql.zeepki.st/
[Info   :Zeepkist GTR] 18:33:28 Sending HTTP request "POST" https://graphql.zeepki.st/
[Info   :Zeepkist GTR] 18:33:28 Received HTTP response headers after 181.903ms - 200
[Info   :Zeepkist GTR] 18:33:28 End processing HTTP request after 182.2435ms - 200
[Info   :Zeepkist GTR] 18:33:28 Received HTTP response headers after 182.8277ms - 200
[Info   :Zeepkist GTR] 18:33:28 End processing HTTP request after 183.4505ms - 200
[Info   :Zeepkist GTR] 18:33:30 Starting recorder
[Info   :Zeepkist GTR] 18:34:08 Stopping recorder
[Info   :Zeepkist GTR] 18:34:08 Collecting extra information
[Info   :Zeepkist GTR] 18:34:08 Resolved workshop ID "3791161180" from lobby 3791161180 and level 0
[Info   :Zeepkist GTR] 18:34:08 Processing ghost data
[Info   :Zeepkist GTR] 18:34:08 Creating stream
[Info   :Zeepkist GTR] 18:34:08 Writing to stream
[Info   :Zeepkist Bingo] [BINGO] === PLAYER SPAWNED ===
[Info   :Zeepkist Bingo] [BINGO] IsInActiveSession: False
[Info   :Zeepkist Bingo] [BINGO] Not in active session, skipping timer reset
[Info   :Zeepkist GTR] 18:34:10 Stopping existing recorder if any
[Info   :Zeepkist GTR] 18:34:10 Creating new recorder
[Info   :Zeepkist GTR] 18:34:10 Start processing HTTP request "POST" https://graphql.zeepki.st/
[Info   :Zeepkist GTR] 18:34:10 Sending HTTP request "POST" https://graphql.zeepki.st/
[Info   :Zeepkist GTR] 18:34:10 Start processing HTTP request "POST" https://graphql.zeepki.st/
[Info   :Zeepkist GTR] 18:34:10 Sending HTTP request "POST" https://graphql.zeepki.st/
[Info   :Zeepkist GTR] 18:34:10 Received HTTP response headers after 170.0426ms - 200
[Info   :Zeepkist GTR] 18:34:10 End processing HTTP request after 170.5018ms - 200
[Info   :Zeepkist GTR] 18:34:10 Received HTTP response headers after 183.0049ms - 200
[Info   :Zeepkist GTR] 18:34:10 End processing HTTP request after 183.5992ms - 200
[Info   :Zeepkist GTR] 18:34:11 Converting to base64
[Info   :Zeepkist GTR] 18:34:11 Creating resource
[Info   :Zeepkist GTR] 18:34:11 Start processing HTTP request "POST" https://backend.zeepki.st/auth/refresh
[Info   :Zeepkist GTR] 18:34:11 Sending HTTP request "POST" https://backend.zeepki.st/auth/refresh
[Info   :Zeepkist GTR] 18:34:11 Received HTTP response headers after 364.864ms - 200
[Info   :Zeepkist GTR] 18:34:11 End processing HTTP request after 366.1393ms - 200
[Info   :Zeepkist GTR] 18:34:11 Start processing HTTP request "POST" https://backend.zeepki.st/record/submit
[Info   :Zeepkist GTR] 18:34:11 Sending HTTP request "POST" https://backend.zeepki.st/record/submit
[Info   :Zeepkist GTR] 18:34:11 Starting recorder
[Info   :Zeepkist GTR] 18:34:12 Received HTTP response headers after 641.7288ms - 200
[Info   :Zeepkist GTR] 18:34:12 End processing HTTP request after 642.0313ms - 200
[Info   :Zeepkist GTR] 18:34:49 Stopping recorder
[Info   :Zeepkist GTR] 18:34:49 Collecting extra information
[Info   :Zeepkist GTR] 18:34:49 Resolved workshop ID "3791161180" from lobby 3791161180 and level 0
[Info   :Zeepkist GTR] 18:34:49 Processing ghost data
[Info   :Zeepkist GTR] 18:34:49 Creating stream
[Info   :Zeepkist GTR] 18:34:49 Writing to stream
[Info   :Zeepkist GTR] 18:34:50 Converting to base64
[Info   :Zeepkist GTR] 18:34:50 Creating resource
[Info   :Zeepkist GTR] 18:34:50 Start processing HTTP request "POST" https://backend.zeepki.st/record/submit
[Info   :Zeepkist GTR] 18:34:50 Sending HTTP request "POST" https://backend.zeepki.st/record/submit
[Info   :Zeepkist GTR] 18:34:50 Received HTTP response headers after 500.2166ms - 200
[Info   :Zeepkist GTR] 18:34:50 End processing HTTP request after 501.1013ms - 200
[Info   :Zeepkist Bingo] [BINGO] === PLAYER SPAWNED ===
[Info   :Zeepkist Bingo] [BINGO] IsInActiveSession: False
[Info   :Zeepkist Bingo] [BINGO] Not in active session, skipping timer reset
[Info   :Zeepkist GTR] 18:34:51 Stopping existing recorder if any
[Info   :Zeepkist GTR] 18:34:51 Creating new recorder
[Info   :Zeepkist GTR] 18:34:51 Start processing HTTP request "POST" https://graphql.zeepki.st/
[Info   :Zeepkist GTR] 18:34:51 Sending HTTP request "POST" https://graphql.zeepki.st/
[Info   :Zeepkist GTR] 18:34:51 Start processing HTTP request "POST" https://graphql.zeepki.st/
[Info   :Zeepkist GTR] 18:34:51 Sending HTTP request "POST" https://graphql.zeepki.st/
[Info   :Zeepkist GTR] 18:34:51 Received HTTP response headers after 486.9729ms - 200
[Info   :Zeepkist GTR] 18:34:51 End processing HTTP request after 487.2278ms - 200
[Info   :Zeepkist GTR] 18:34:52 Received HTTP response headers after 777.163ms - 200
[Info   :Zeepkist GTR] 18:34:52 End processing HTTP request after 777.3806ms - 200
[Info   :Zeepkist GTR] 18:34:52 Start processing HTTP request "POST" https://graphql.zeepki.st/
[Info   :Zeepkist GTR] 18:34:52 Sending HTTP request "POST" https://graphql.zeepki.st/
[Info   :Zeepkist GTR] 18:34:52 Received HTTP response headers after 241.5969ms - 200
[Info   :Zeepkist GTR] 18:34:52 End processing HTTP request after 241.9613ms - 200
[Info   :Zeepkist GTR] 18:34:53 Starting recorder
[Info   :Zeepkist Bingo] [BINGO] === PLAYER SPAWNED ===
[Info   :Zeepkist Bingo] [BINGO] IsInActiveSession: False
[Info   :Zeepkist Bingo] [BINGO] Not in active session, skipping timer reset
[Info   :Zeepkist GTR] 18:35:07 Stopping existing recorder if any
[Info   :Zeepkist GTR] 18:35:07 Creating new recorder
[Info   :Zeepkist GTR] 18:35:07 Start processing HTTP request "POST" https://graphql.zeepki.st/
[Info   :Zeepkist GTR] 18:35:07 Sending HTTP request "POST" https://graphql.zeepki.st/
[Info   :Zeepkist GTR] 18:35:07 Start processing HTTP request "POST" https://graphql.zeepki.st/
[Info   :Zeepkist GTR] 18:35:07 Sending HTTP request "POST" https://graphql.zeepki.st/
[Info   :Zeepkist GTR] 18:35:07 Received HTTP response headers after 169.0895ms - 200
[Info   :Zeepkist GTR] 18:35:07 End processing HTTP request after 169.4776ms - 200
[Info   :Zeepkist GTR] 18:35:07 Received HTTP response headers after 241.8464ms - 200
[Info   :Zeepkist GTR] 18:35:07 End processing HTTP request after 242.3956ms - 200
[Info   :Zeepkist GTR] 18:35:07 Start processing HTTP request "POST" https://graphql.zeepki.st/
[Info   :Zeepkist GTR] 18:35:07 Sending HTTP request "POST" https://graphql.zeepki.st/
[Info   :Zeepkist GTR] 18:35:07 Received HTTP response headers after 232.1158ms - 200
[Info   :Zeepkist GTR] 18:35:07 End processing HTTP request after 232.4575ms - 200
[Info   :Zeepkist GTR] 18:35:08 Starting recorder
[Info   :Zeepkist Bingo] [BINGO] === PLAYER SPAWNED ===
[Info   :Zeepkist Bingo] [BINGO] IsInActiveSession: False
[Info   :Zeepkist Bingo] [BINGO] Not in active session, skipping timer reset
[Info   :Zeepkist GTR] 18:35:09 Stopping existing recorder if any
[Info   :Zeepkist GTR] 18:35:09 Creating new recorder
[Info   :Zeepkist GTR] 18:35:09 Start processing HTTP request "POST" https://graphql.zeepki.st/
[Info   :Zeepkist GTR] 18:35:09 Sending HTTP request "POST" https://graphql.zeepki.st/
[Info   :Zeepkist GTR] 18:35:09 Start processing HTTP request "POST" https://graphql.zeepki.st/
[Info   :Zeepkist GTR] 18:35:09 Sending HTTP request "POST" https://graphql.zeepki.st/
[Info   :Zeepkist GTR] 18:35:10 Received HTTP response headers after 166.1163ms - 200
[Info   :Zeepkist GTR] 18:35:10 End processing HTTP request after 166.4225ms - 200
[Info   :Zeepkist GTR] 18:35:10 Received HTTP response headers after 247.9862ms - 200
[Info   :Zeepkist GTR] 18:35:10 End processing HTTP request after 248.2444ms - 200
[Info   :Zeepkist GTR] 18:35:10 Start processing HTTP request "POST" https://graphql.zeepki.st/
[Info   :Zeepkist GTR] 18:35:10 Sending HTTP request "POST" https://graphql.zeepki.st/
[Info   :Zeepkist GTR] 18:35:10 Received HTTP response headers after 169.2894ms - 200
[Info   :Zeepkist GTR] 18:35:10 End processing HTTP request after 169.5854ms - 200
[Info   :Zeepkist GTR] 18:35:11 Starting recorder
[Info   :Zeepkist Bingo] [BINGO] === PLAYER SPAWNED ===
[Info   :Zeepkist Bingo] [BINGO] IsInActiveSession: False
[Info   :Zeepkist Bingo] [BINGO] Not in active session, skipping timer reset
[Info   :Zeepkist GTR] 18:35:34 Stopping existing recorder if any
[Info   :Zeepkist GTR] 18:35:34 Creating new recorder
[Info   :Zeepkist GTR] 18:35:34 Start processing HTTP request "POST" https://graphql.zeepki.st/
[Info   :Zeepkist GTR] 18:35:34 Sending HTTP request "POST" https://graphql.zeepki.st/
[Info   :Zeepkist GTR] 18:35:34 Start processing HTTP request "POST" https://graphql.zeepki.st/
[Info   :Zeepkist GTR] 18:35:34 Sending HTTP request "POST" https://graphql.zeepki.st/
[Info   :Zeepkist GTR] 18:35:34 Received HTTP response headers after 166.3044ms - 200
[Info   :Zeepkist GTR] 18:35:34 End processing HTTP request after 166.8881ms - 200
[Info   :Zeepkist GTR] 18:35:34 Received HTTP response headers after 237.4604ms - 200
[Info   :Zeepkist GTR] 18:35:34 End processing HTTP request after 237.8651ms - 200
[Info   :Zeepkist GTR] 18:35:34 Start processing HTTP request "POST" https://graphql.zeepki.st/
[Info   :Zeepkist GTR] 18:35:34 Sending HTTP request "POST" https://graphql.zeepki.st/
[Info   :Zeepkist GTR] 18:35:34 Received HTTP response headers after 216.745ms - 200
[Info   :Zeepkist GTR] 18:35:34 End processing HTTP request after 218.1583ms - 200
[Info   :Zeepkist GTR] 18:35:35 Starting recorder
[Info   :Zeepkist Bingo] [BINGO] === PLAYER SPAWNED ===
[Info   :Zeepkist Bingo] [BINGO] IsInActiveSession: False
[Info   :Zeepkist Bingo] [BINGO] Not in active session, skipping timer reset
[Info   :Zeepkist GTR] 18:35:43 Stopping existing recorder if any
[Info   :Zeepkist GTR] 18:35:43 Creating new recorder
[Info   :Zeepkist GTR] 18:35:43 Start processing HTTP request "POST" https://graphql.zeepki.st/
[Info   :Zeepkist GTR] 18:35:43 Sending HTTP request "POST" https://graphql.zeepki.st/
[Info   :Zeepkist GTR] 18:35:43 Start processing HTTP request "POST" https://graphql.zeepki.st/
[Info   :Zeepkist GTR] 18:35:43 Sending HTTP request "POST" https://graphql.zeepki.st/
[Info   :Zeepkist GTR] 18:35:43 Received HTTP response headers after 161.3933ms - 200
[Info   :Zeepkist GTR] 18:35:43 End processing HTTP request after 161.9165ms - 200
[Info   :Zeepkist GTR] 18:35:43 Received HTTP response headers after 204.8386ms - 200
[Info   :Zeepkist GTR] 18:35:43 End processing HTTP request after 205.1199ms - 200
[Info   :Zeepkist GTR] 18:35:43 Start processing HTTP request "POST" https://graphql.zeepki.st/
[Info   :Zeepkist GTR] 18:35:43 Sending HTTP request "POST" https://graphql.zeepki.st/
[Info   :Zeepkist GTR] 18:35:43 Received HTTP response headers after 165.2754ms - 200
[Info   :Zeepkist GTR] 18:35:43 End processing HTTP request after 165.9096ms - 200
[Info   :Zeepkist GTR] 18:35:44 Starting recorder
[Info   :Zeepkist Bingo] [BINGO] === PLAYER SPAWNED ===
[Info   :Zeepkist Bingo] [BINGO] IsInActiveSession: False
[Info   :Zeepkist Bingo] [BINGO] Not in active session, skipping timer reset
[Info   :Zeepkist GTR] 18:35:49 Stopping existing recorder if any
[Info   :Zeepkist GTR] 18:35:49 Creating new recorder
[Info   :Zeepkist GTR] 18:35:49 Start processing HTTP request "POST" https://graphql.zeepki.st/
[Info   :Zeepkist GTR] 18:35:49 Sending HTTP request "POST" https://graphql.zeepki.st/
[Info   :Zeepkist GTR] 18:35:49 Start processing HTTP request "POST" https://graphql.zeepki.st/
[Info   :Zeepkist GTR] 18:35:49 Sending HTTP request "POST" https://graphql.zeepki.st/
[Info   :Zeepkist GTR] 18:35:49 Received HTTP response headers after 163.0768ms - 200
[Info   :Zeepkist GTR] 18:35:49 End processing HTTP request after 163.4919ms - 200
[Info   :Zeepkist GTR] 18:35:49 Received HTTP response headers after 218.7747ms - 200
[Info   :Zeepkist GTR] 18:35:49 End processing HTTP request after 219.1134ms - 200
[Info   :Zeepkist GTR] 18:35:49 Start processing HTTP request "POST" https://graphql.zeepki.st/
[Info   :Zeepkist GTR] 18:35:49 Sending HTTP request "POST" https://graphql.zeepki.st/
[Info   :Zeepkist GTR] 18:35:50 Received HTTP response headers after 222.5395ms - 200
[Info   :Zeepkist GTR] 18:35:50 End processing HTTP request after 223.9844ms - 200
[Info   :Zeepkist GTR] 18:35:51 Starting recorder
[Info   :Zeepkist Bingo] [BINGO] === PLAYER SPAWNED ===
[Info   :Zeepkist Bingo] [BINGO] IsInActiveSession: False
[Info   :Zeepkist Bingo] [BINGO] Not in active session, skipping timer reset
[Info   :Zeepkist GTR] 18:36:14 Stopping existing recorder if any
[Info   :Zeepkist GTR] 18:36:14 Creating new recorder
[Info   :Zeepkist GTR] 18:36:14 Start processing HTTP request "POST" https://graphql.zeepki.st/
[Info   :Zeepkist GTR] 18:36:14 Sending HTTP request "POST" https://graphql.zeepki.st/
[Info   :Zeepkist GTR] 18:36:14 Start processing HTTP request "POST" https://graphql.zeepki.st/
[Info   :Zeepkist GTR] 18:36:14 Sending HTTP request "POST" https://graphql.zeepki.st/
[Info   :Zeepkist GTR] 18:36:15 Received HTTP response headers after 190.9611ms - 200
[Info   :Zeepkist GTR] 18:36:15 End processing HTTP request after 191.3335ms - 200
[Info   :Zeepkist GTR] 18:36:15 Received HTTP response headers after 252.9608ms - 200
[Info   :Zeepkist GTR] 18:36:15 End processing HTTP request after 253.3748ms - 200
[Info   :Zeepkist GTR] 18:36:15 Start processing HTTP request "POST" https://graphql.zeepki.st/
[Info   :Zeepkist GTR] 18:36:15 Sending HTTP request "POST" https://graphql.zeepki.st/
[Info   :Zeepkist GTR] 18:36:15 Received HTTP response headers after 256.1517ms - 200
[Info   :Zeepkist GTR] 18:36:15 End processing HTTP request after 256.5414ms - 200
[Info   :Zeepkist GTR] 18:36:16 Starting recorder
[Info   :Zeepkist Bingo] [BINGO] === PLAYER SPAWNED ===
[Info   :Zeepkist Bingo] [BINGO] IsInActiveSession: False
[Info   :Zeepkist Bingo] [BINGO] Not in active session, skipping timer reset
[Info   :Zeepkist GTR] 18:36:18 Stopping existing recorder if any
[Info   :Zeepkist GTR] 18:36:18 Creating new recorder
[Info   :Zeepkist GTR] 18:36:18 Start processing HTTP request "POST" https://graphql.zeepki.st/
[Info   :Zeepkist GTR] 18:36:18 Sending HTTP request "POST" https://graphql.zeepki.st/
[Info   :Zeepkist GTR] 18:36:18 Start processing HTTP request "POST" https://graphql.zeepki.st/
[Info   :Zeepkist GTR] 18:36:18 Sending HTTP request "POST" https://graphql.zeepki.st/
[Info   :Zeepkist GTR] 18:36:18 Received HTTP response headers after 184.8624ms - 200
[Info   :Zeepkist GTR] 18:36:18 End processing HTTP request after 185.1932ms - 200
[Info   :Zeepkist GTR] 18:36:18 Received HTTP response headers after 252.0024ms - 200
[Info   :Zeepkist GTR] 18:36:18 End processing HTTP request after 252.3217ms - 200
[Info   :Zeepkist GTR] 18:36:18 Start processing HTTP request "POST" https://graphql.zeepki.st/
[Info   :Zeepkist GTR] 18:36:18 Sending HTTP request "POST" https://graphql.zeepki.st/
[Info   :Zeepkist GTR] 18:36:18 Received HTTP response headers after 240.6408ms - 200
[Info   :Zeepkist GTR] 18:36:18 End processing HTTP request after 241.0099ms - 200
[Info   :Zeepkist GTR] 18:36:20 Starting recorder
[Info   :Zeepkist Bingo] [BINGO] === PLAYER SPAWNED ===
[Info   :Zeepkist Bingo] [BINGO] IsInActiveSession: False
[Info   :Zeepkist Bingo] [BINGO] Not in active session, skipping timer reset
[Info   :Zeepkist GTR] 18:36:34 Stopping existing recorder if any
[Info   :Zeepkist GTR] 18:36:34 Creating new recorder
[Info   :Zeepkist GTR] 18:36:34 Start processing HTTP request "POST" https://graphql.zeepki.st/
[Info   :Zeepkist GTR] 18:36:34 Sending HTTP request "POST" https://graphql.zeepki.st/
[Info   :Zeepkist GTR] 18:36:34 Start processing HTTP request "POST" https://graphql.zeepki.st/
[Info   :Zeepkist GTR] 18:36:34 Sending HTTP request "POST" https://graphql.zeepki.st/
[Info   :Zeepkist GTR] 18:36:34 Received HTTP response headers after 179.6427ms - 200
[Info   :Zeepkist GTR] 18:36:34 End processing HTTP request after 179.9399ms - 200
[Info   :Zeepkist GTR] 18:36:34 Received HTTP response headers after 243.3661ms - 200
[Info   :Zeepkist GTR] 18:36:34 End processing HTTP request after 243.7386ms - 200
[Info   :Zeepkist GTR] 18:36:34 Start processing HTTP request "POST" https://graphql.zeepki.st/
[Info   :Zeepkist GTR] 18:36:34 Sending HTTP request "POST" https://graphql.zeepki.st/
[Info   :Zeepkist GTR] 18:36:34 Received HTTP response headers after 225.0567ms - 200
[Info   :Zeepkist GTR] 18:36:34 End processing HTTP request after 225.4322ms - 200
[Info   :Zeepkist GTR] 18:36:35 Starting recorder
[Info   :Zeepkist Bingo] [BINGO] === PLAYER SPAWNED ===
[Info   :Zeepkist Bingo] [BINGO] IsInActiveSession: False
[Info   :Zeepkist Bingo] [BINGO] Not in active session, skipping timer reset
[Info   :Zeepkist GTR] 18:36:37 Stopping existing recorder if any
[Info   :Zeepkist GTR] 18:36:37 Creating new recorder
[Info   :Zeepkist GTR] 18:36:37 Start processing HTTP request "POST" https://graphql.zeepki.st/
[Info   :Zeepkist GTR] 18:36:37 Sending HTTP request "POST" https://graphql.zeepki.st/
[Info   :Zeepkist GTR] 18:36:37 Start processing HTTP request "POST" https://graphql.zeepki.st/
[Info   :Zeepkist GTR] 18:36:37 Sending HTTP request "POST" https://graphql.zeepki.st/
[Info   :Zeepkist GTR] 18:36:37 Received HTTP response headers after 162.0354ms - 200
[Info   :Zeepkist GTR] 18:36:37 End processing HTTP request after 162.4318ms - 200
[Info   :Zeepkist GTR] 18:36:37 Received HTTP response headers after 246.8734ms - 200
[Info   :Zeepkist GTR] 18:36:37 End processing HTTP request after 247.274ms - 200
[Info   :Zeepkist GTR] 18:36:37 Start processing HTTP request "POST" https://graphql.zeepki.st/
[Info   :Zeepkist GTR] 18:36:37 Sending HTTP request "POST" https://graphql.zeepki.st/
[Info   :Zeepkist GTR] 18:36:37 Received HTTP response headers after 235.2188ms - 200
[Info   :Zeepkist GTR] 18:36:37 End processing HTTP request after 235.7234ms - 200
[Info   :Zeepkist GTR] 18:36:38 Starting recorder
[Info   :Zeepkist GTR] 18:37:17 Stopping recorder
[Info   :Zeepkist GTR] 18:37:17 Collecting extra information
[Info   :Zeepkist GTR] 18:37:17 Resolved workshop ID "3791161180" from lobby 3791161180 and level 0
[Info   :Zeepkist GTR] 18:37:17 Processing ghost data
[Info   :Zeepkist GTR] 18:37:17 Creating stream
[Info   :Zeepkist GTR] 18:37:17 Writing to stream
[Info   :Zeepkist GTR] 18:37:17 Converting to base64
[Info   :Zeepkist GTR] 18:37:17 Creating resource
[Info   :Zeepkist GTR] 18:37:17 Start processing HTTP request "POST" https://backend.zeepki.st/record/submit
[Info   :Zeepkist GTR] 18:37:17 Sending HTTP request "POST" https://backend.zeepki.st/record/submit
[Info   :Zeepkist GTR] 18:37:18 Received HTTP response headers after 1182.3127ms - 200
[Info   :Zeepkist GTR] 18:37:18 End processing HTTP request after 1182.6574ms - 200
[Info   :Zeepkist Bingo] [BINGO] === PLAYER SPAWNED ===
[Info   :Zeepkist Bingo] [BINGO] IsInActiveSession: False
[Info   :Zeepkist Bingo] [BINGO] Not in active session, skipping timer reset
[Info   :Zeepkist GTR] 18:37:18 Stopping existing recorder if any
[Info   :Zeepkist GTR] 18:37:18 Creating new recorder
[Info   :Zeepkist GTR] 18:37:18 Start processing HTTP request "POST" https://graphql.zeepki.st/
[Info   :Zeepkist GTR] 18:37:18 Sending HTTP request "POST" https://graphql.zeepki.st/
[Info   :Zeepkist GTR] 18:37:18 Start processing HTTP request "POST" https://graphql.zeepki.st/
[Info   :Zeepkist GTR] 18:37:18 Sending HTTP request "POST" https://graphql.zeepki.st/
[Info   :Zeepkist GTR] 18:37:19 Received HTTP response headers after 349.8313ms - 200
[Info   :Zeepkist GTR] 18:37:19 Received HTTP response headers after 350.6857ms - 200
[Info   :Zeepkist GTR] 18:37:19 End processing HTTP request after 350.1681ms - 200
[Info   :Zeepkist GTR] 18:37:19 End processing HTTP request after 350.945ms - 200
[Info   :Zeepkist GTR] 18:37:19 Start processing HTTP request "POST" https://graphql.zeepki.st/
[Info   :Zeepkist GTR] 18:37:19 Sending HTTP request "POST" https://graphql.zeepki.st/
[Info   :Zeepkist GTR] 18:37:19 Received HTTP response headers after 189.1049ms - 200
[Info   :Zeepkist GTR] 18:37:19 End processing HTTP request after 189.4549ms - 200
[Info   :Zeepkist GTR] 18:37:20 Starting recorder
[Info   :Zeepkist Bingo] [BINGO] === PLAYER SPAWNED ===
[Info   :Zeepkist Bingo] [BINGO] IsInActiveSession: False
[Info   :Zeepkist Bingo] [BINGO] Not in active session, skipping timer reset
[Info   :Zeepkist GTR] 18:37:32 Stopping existing recorder if any
[Info   :Zeepkist GTR] 18:37:32 Creating new recorder
[Info   :Zeepkist GTR] 18:37:32 Start processing HTTP request "POST" https://graphql.zeepki.st/
[Info   :Zeepkist GTR] 18:37:32 Sending HTTP request "POST" https://graphql.zeepki.st/
[Info   :Zeepkist GTR] 18:37:32 Start processing HTTP request "POST" https://graphql.zeepki.st/
[Info   :Zeepkist GTR] 18:37:32 Sending HTTP request "POST" https://graphql.zeepki.st/
[Info   :Zeepkist GTR] 18:37:33 Received HTTP response headers after 199.0982ms - 200
[Info   :Zeepkist GTR] 18:37:33 Received HTTP response headers after 198.368ms - 200
[Info   :Zeepkist GTR] 18:37:33 End processing HTTP request after 199.3826ms - 200
[Info   :Zeepkist GTR] 18:37:33 End processing HTTP request after 198.6347ms - 200
[Info   :Zeepkist GTR] 18:37:33 Start processing HTTP request "POST" https://graphql.zeepki.st/
[Info   :Zeepkist GTR] 18:37:33 Sending HTTP request "POST" https://graphql.zeepki.st/
[Info   :Zeepkist GTR] 18:37:33 Received HTTP response headers after 188.9579ms - 200
[Info   :Zeepkist GTR] 18:37:33 End processing HTTP request after 189.2746ms - 200
[Info   :Zeepkist GTR] 18:37:34 Starting recorder
[Info   :Zeepkist Bingo] [BINGO] === PLAYER SPAWNED ===
[Info   :Zeepkist Bingo] [BINGO] IsInActiveSession: False
[Info   :Zeepkist Bingo] [BINGO] Not in active session, skipping timer reset
[Info   :Zeepkist GTR] 18:37:41 Stopping existing recorder if any
[Info   :Zeepkist GTR] 18:37:41 Creating new recorder
[Info   :Zeepkist GTR] 18:37:41 Start processing HTTP request "POST" https://graphql.zeepki.st/
[Info   :Zeepkist GTR] 18:37:41 Sending HTTP request "POST" https://graphql.zeepki.st/
[Info   :Zeepkist GTR] 18:37:41 Start processing HTTP request "POST" https://graphql.zeepki.st/
[Info   :Zeepkist GTR] 18:37:41 Sending HTTP request "POST" https://graphql.zeepki.st/
[Info   :Zeepkist GTR] 18:37:41 Received HTTP response headers after 176.8639ms - 200
[Info   :Zeepkist GTR] 18:37:41 End processing HTTP request after 177.2009ms - 200
[Info   :Zeepkist GTR] 18:37:41 Received HTTP response headers after 182.8691ms - 200
[Info   :Zeepkist GTR] 18:37:41 End processing HTTP request after 183.1613ms - 200
[Info   :Zeepkist GTR] 18:37:41 Start processing HTTP request "POST" https://graphql.zeepki.st/
[Info   :Zeepkist GTR] 18:37:41 Sending HTTP request "POST" https://graphql.zeepki.st/
[Info   :Zeepkist GTR] 18:37:42 Received HTTP response headers after 217.1909ms - 200
[Info   :Zeepkist GTR] 18:37:42 End processing HTTP request after 217.5188ms - 200
[Info   :Zeepkist GTR] 18:37:43 Starting recorder
[Info   :Zeepkist Bingo] [BINGO] === PLAYER SPAWNED ===
[Info   :Zeepkist Bingo] [BINGO] IsInActiveSession: False
[Info   :Zeepkist Bingo] [BINGO] Not in active session, skipping timer reset
[Info   :Zeepkist GTR] 18:37:47 Stopping existing recorder if any
[Info   :Zeepkist GTR] 18:37:47 Creating new recorder
[Info   :Zeepkist GTR] 18:37:47 Start processing HTTP request "POST" https://graphql.zeepki.st/
[Info   :Zeepkist GTR] 18:37:47 Sending HTTP request "POST" https://graphql.zeepki.st/
[Info   :Zeepkist GTR] 18:37:47 Start processing HTTP request "POST" https://graphql.zeepki.st/
[Info   :Zeepkist GTR] 18:37:47 Sending HTTP request "POST" https://graphql.zeepki.st/
[Info   :Zeepkist GTR] 18:37:47 Received HTTP response headers after 181.1293ms - 200
[Info   :Zeepkist GTR] 18:37:47 End processing HTTP request after 181.5137ms - 200
[Info   :Zeepkist GTR] 18:37:47 Received HTTP response headers after 185.1145ms - 200
[Info   :Zeepkist GTR] 18:37:47 End processing HTTP request after 185.5506ms - 200
[Info   :Zeepkist GTR] 18:37:47 Start processing HTTP request "POST" https://graphql.zeepki.st/
[Info   :Zeepkist GTR] 18:37:47 Sending HTTP request "POST" https://graphql.zeepki.st/
[Info   :Zeepkist GTR] 18:37:47 Received HTTP response headers after 183.8542ms - 200
[Info   :Zeepkist GTR] 18:37:47 End processing HTTP request after 184.8595ms - 200
[Info   :Zeepkist GTR] 18:37:49 Starting recorder
[Info   :Zeepkist Bingo] [BINGO] === PLAYER SPAWNED ===
[Info   :Zeepkist Bingo] [BINGO] IsInActiveSession: False
[Info   :Zeepkist Bingo] [BINGO] Not in active session, skipping timer reset
[Info   :Zeepkist GTR] 18:38:03 Stopping existing recorder if any
[Info   :Zeepkist GTR] 18:38:03 Creating new recorder
[Info   :Zeepkist GTR] 18:38:03 Start processing HTTP request "POST" https://graphql.zeepki.st/
[Info   :Zeepkist GTR] 18:38:03 Sending HTTP request "POST" https://graphql.zeepki.st/
[Info   :Zeepkist GTR] 18:38:03 Start processing HTTP request "POST" https://graphql.zeepki.st/
[Info   :Zeepkist GTR] 18:38:03 Sending HTTP request "POST" https://graphql.zeepki.st/
[Info   :Zeepkist GTR] 18:38:04 Received HTTP response headers after 181.7648ms - 200
[Info   :Zeepkist GTR] 18:38:04 Received HTTP response headers after 182.9692ms - 200
[Info   :Zeepkist GTR] 18:38:04 End processing HTTP request after 182.083ms - 200
[Info   :Zeepkist GTR] 18:38:04 End processing HTTP request after 183.2717ms - 200
[Info   :Zeepkist GTR] 18:38:04 Start processing HTTP request "POST" https://graphql.zeepki.st/
[Info   :Zeepkist GTR] 18:38:04 Sending HTTP request "POST" https://graphql.zeepki.st/
[Info   :Zeepkist GTR] 18:38:04 Received HTTP response headers after 185.9456ms - 200
[Info   :Zeepkist GTR] 18:38:04 End processing HTTP request after 186.3869ms - 200
[Info   :Zeepkist GTR] 18:38:05 Starting recorder
[Info   :Zeepkist Bingo] [BINGO] === PLAYER SPAWNED ===
[Info   :Zeepkist Bingo] [BINGO] IsInActiveSession: False
[Info   :Zeepkist Bingo] [BINGO] Not in active session, skipping timer reset
[Info   :Zeepkist GTR] 18:38:18 Stopping existing recorder if any
[Info   :Zeepkist GTR] 18:38:18 Creating new recorder
[Info   :Zeepkist GTR] 18:38:18 Start processing HTTP request "POST" https://graphql.zeepki.st/
[Info   :Zeepkist GTR] 18:38:18 Sending HTTP request "POST" https://graphql.zeepki.st/
[Info   :Zeepkist GTR] 18:38:18 Start processing HTTP request "POST" https://graphql.zeepki.st/
[Info   :Zeepkist GTR] 18:38:18 Sending HTTP request "POST" https://graphql.zeepki.st/
[Info   :Zeepkist GTR] 18:38:19 Received HTTP response headers after 182.3181ms - 200
[Info   :Zeepkist GTR] 18:38:19 End processing HTTP request after 182.6628ms - 200
[Info   :Zeepkist GTR] 18:38:19 Received HTTP response headers after 187.1422ms - 200
[Info   :Zeepkist GTR] 18:38:19 End processing HTTP request after 187.485ms - 200
[Info   :Zeepkist GTR] 18:38:19 Start processing HTTP request "POST" https://graphql.zeepki.st/
[Info   :Zeepkist GTR] 18:38:19 Sending HTTP request "POST" https://graphql.zeepki.st/
[Info   :Zeepkist GTR] 18:38:19 Received HTTP response headers after 176.626ms - 200
[Info   :Zeepkist GTR] 18:38:19 End processing HTTP request after 176.9538ms - 200
[Info   :Zeepkist GTR] 18:38:20 Starting recorder
[Info   :Zeepkist Bingo] [BINGO] === PLAYER SPAWNED ===
[Info   :Zeepkist Bingo] [BINGO] IsInActiveSession: False
[Info   :Zeepkist Bingo] [BINGO] Not in active session, skipping timer reset
[Info   :Zeepkist GTR] 18:38:22 Stopping existing recorder if any
[Info   :Zeepkist GTR] 18:38:22 Creating new recorder
[Info   :Zeepkist GTR] 18:38:22 Start processing HTTP request "POST" https://graphql.zeepki.st/
[Info   :Zeepkist GTR] 18:38:22 Sending HTTP request "POST" https://graphql.zeepki.st/
[Info   :Zeepkist GTR] 18:38:22 Start processing HTTP request "POST" https://graphql.zeepki.st/
[Info   :Zeepkist GTR] 18:38:22 Sending HTTP request "POST" https://graphql.zeepki.st/
[Info   :Zeepkist GTR] 18:38:22 Received HTTP response headers after 183.8833ms - 200
[Info   :Zeepkist GTR] 18:38:22 Received HTTP response headers after 182.9905ms - 200
[Info   :Zeepkist GTR] 18:38:22 End processing HTTP request after 184.4693ms - 200
[Info   :Zeepkist GTR] 18:38:22 End processing HTTP request after 183.5867ms - 200
[Info   :Zeepkist GTR] 18:38:22 Start processing HTTP request "POST" https://graphql.zeepki.st/
[Info   :Zeepkist GTR] 18:38:22 Sending HTTP request "POST" https://graphql.zeepki.st/
[Info   :Zeepkist GTR] 18:38:23 Received HTTP response headers after 171.1172ms - 200
[Info   :Zeepkist GTR] 18:38:23 End processing HTTP request after 171.699ms - 200
[Info   :Zeepkist GTR] 18:38:24 Starting recorder
[Info   :RoundLeaderboardTab] Drawing leaderboard -> forwarding to Instance.DrawTabLeaderboard()
[Info   :Zeepkist Bingo] [BINGO] === PLAYER SPAWNED ===
[Info   :Zeepkist Bingo] [BINGO] IsInActiveSession: False
[Info   :Zeepkist Bingo] [BINGO] Not in active session, skipping timer reset
[Info   :Zeepkist GTR] 18:38:31 Stopping existing recorder if any
[Info   :Zeepkist GTR] 18:38:31 Creating new recorder
[Info   :Zeepkist GTR] 18:38:31 Start processing HTTP request "POST" https://graphql.zeepki.st/
[Info   :Zeepkist GTR] 18:38:31 Sending HTTP request "POST" https://graphql.zeepki.st/
[Info   :Zeepkist GTR] 18:38:31 Start processing HTTP request "POST" https://graphql.zeepki.st/
[Info   :Zeepkist GTR] 18:38:31 Sending HTTP request "POST" https://graphql.zeepki.st/
[Info   :Zeepkist GTR] 18:38:31 Received HTTP response headers after 197.7868ms - 200
[Info   :Zeepkist GTR] 18:38:31 End processing HTTP request after 198.0891ms - 200
[Info   :Zeepkist GTR] 18:38:31 Received HTTP response headers after 221.0656ms - 200
[Info   :Zeepkist GTR] 18:38:31 End processing HTTP request after 221.7ms - 200
[Info   :Zeepkist GTR] 18:38:31 Start processing HTTP request "POST" https://graphql.zeepki.st/
[Info   :Zeepkist GTR] 18:38:31 Sending HTTP request "POST" https://graphql.zeepki.st/
[Info   :Zeepkist GTR] 18:38:31 Received HTTP response headers after 180.7451ms - 200
[Info   :Zeepkist GTR] 18:38:31 End processing HTTP request after 181.054ms - 200
[Info   :Zeepkist GTR] 18:38:33 Starting recorder
[Info   :Zeepkist GTR] 18:39:11 Stopping recorder
[Info   :Zeepkist GTR] 18:39:11 Collecting extra information
[Info   :Zeepkist GTR] 18:39:11 Resolved workshop ID "3791161180" from lobby 3791161180 and level 0
[Info   :Zeepkist GTR] 18:39:11 Processing ghost data
[Info   :Zeepkist GTR] 18:39:11 Creating stream
[Info   :Zeepkist GTR] 18:39:11 Writing to stream
[Info   :Zeepkist GTR] 18:39:11 Converting to base64
[Info   :Zeepkist GTR] 18:39:11 Creating resource
[Info   :Zeepkist GTR] 18:39:11 Start processing HTTP request "POST" https://backend.zeepki.st/record/submit
[Info   :Zeepkist GTR] 18:39:11 Sending HTTP request "POST" https://backend.zeepki.st/record/submit
[Info   :Zeepkist GTR] 18:39:12 Received HTTP response headers after 780.9974ms - 200
[Info   :Zeepkist GTR] 18:39:12 End processing HTTP request after 781.504ms - 200
[Info   :Zeepkist Bingo] [BINGO] === PLAYER SPAWNED ===
[Info   :Zeepkist Bingo] [BINGO] IsInActiveSession: False
[Info   :Zeepkist Bingo] [BINGO] Not in active session, skipping timer reset
[Info   :Zeepkist GTR] 18:39:16 Stopping existing recorder if any
[Info   :Zeepkist GTR] 18:39:16 Creating new recorder
[Info   :Zeepkist GTR] 18:39:16 Start processing HTTP request "POST" https://graphql.zeepki.st/
[Info   :Zeepkist GTR] 18:39:16 Sending HTTP request "POST" https://graphql.zeepki.st/
[Info   :Zeepkist GTR] 18:39:16 Start processing HTTP request "POST" https://graphql.zeepki.st/
[Info   :Zeepkist GTR] 18:39:16 Sending HTTP request "POST" https://graphql.zeepki.st/
[Info   :Zeepkist GTR] 18:39:16 Received HTTP response headers after 182.3395ms - 200
[Info   :Zeepkist GTR] 18:39:16 Received HTTP response headers after 181.4251ms - 200
[Info   :Zeepkist GTR] 18:39:16 End processing HTTP request after 182.2849ms - 200
[Info   :Zeepkist GTR] 18:39:16 End processing HTTP request after 183.217ms - 200
[Info   :Zeepkist GTR] 18:39:16 Start processing HTTP request "POST" https://graphql.zeepki.st/
[Info   :Zeepkist GTR] 18:39:16 Sending HTTP request "POST" https://graphql.zeepki.st/
[Info   :Zeepkist GTR] 18:39:16 Received HTTP response headers after 178.6581ms - 200
[Info   :Zeepkist GTR] 18:39:16 End processing HTTP request after 178.9982ms - 200
[Info   :Zeepkist GTR] 18:39:18 Starting recorder
[Info   :Zeepkist GTR] 18:39:26 Discarding recorder
[Info   :Zeepkist Bingo] [BINGO] Level loaded
[Info   :BetterSplits] getting gtr splits
[Info   :Zeepkist Bingo] [BINGO] === PLAYER SPAWNED ===
[Info   :Zeepkist Bingo] [BINGO] IsInActiveSession: False
[Info   :Zeepkist Bingo] [BINGO] Not in active session, skipping timer reset
[Info   :Zeepkist GTR] 18:39:41 Stopping existing recorder if any
[Info   :Zeepkist GTR] 18:39:41 Creating new recorder
[Info   :Zeepkist GTR] 18:39:41 Start processing HTTP request "POST" https://graphql.zeepki.st/
[Info   :Zeepkist GTR] 18:39:41 Sending HTTP request "POST" https://graphql.zeepki.st/
[Info   :Zeepkist GTR] 18:39:41 Start processing HTTP request "POST" https://graphql.zeepki.st/
[Info   :Zeepkist GTR] 18:39:41 Sending HTTP request "POST" https://graphql.zeepki.st/
[Info   :BetterSplits] got gtr splits
[Info   :Zeepkist GTR] 18:39:41 Received HTTP response headers after 541.1117ms - 200
[Info   :Zeepkist GTR] 18:39:41 End processing HTTP request after 541.4879ms - 200
[Info   :Zeepkist GTR] 18:39:41 Received HTTP response headers after 576.7219ms - 200
[Info   :Zeepkist GTR] 18:39:41 End processing HTTP request after 577.0434ms - 200
[Info   :Zeepkist GTR] 18:39:41 Start processing HTTP request "POST" https://graphql.zeepki.st/
[Info   :Zeepkist GTR] 18:39:41 Sending HTTP request "POST" https://graphql.zeepki.st/
[Info   :Zeepkist GTR] 18:39:41 Received HTTP response headers after 163.7952ms - 200
[Info   :Zeepkist GTR] 18:39:41 End processing HTTP request after 164.1925ms - 200
[Info   :Zeepkist GTR] 18:39:42 Starting recorder
[Info   :Zeepkist Bingo] [CHAT] Intercepted message: uhh mb
[Info   :Zeepkist Bingo] [CHAT] Not relaying - no bingo session
[Info   :Zeepkist Bingo] [CHAT] Intercepted message: !cotd startcup
[Info   :Zeepkist Bingo] [CHAT] Not relaying - no bingo session
[Info   :COTDTracker] Starting cup with exclude list: 
[Info   :Zeepkist GTR] 18:39:53 Discarding recorder
[Info   :COTDTracker] Doing eliminations with leaderboard:
[Info   :COTDTracker] Player [ZET] Wheelie: Time: DNF
[Info   :COTDTracker] Player [ZET]maskeddog: Time: DNF
[Info   :COTDTracker] Player [EG]Victor: Time: DNF
[Info   :COTDTracker] Player Minkus: Time: DNF
[Info   :COTDTracker] Player [CCC]Shinikage221: Time: DNF
[Info   :COTDTracker] Player SouthMango: Time: DNF
[Info   :COTDTracker] Player junkabroad: Time: DNF
[Info   :COTDTracker] Player [CSC] PlusMicron: Time: DNF
[Info   :COTDTracker] Player [ZET]Stick: Time: DNF
[Info   :COTDTracker] Player SuperHeavy: Time: DNF
[Info   :COTDTracker] Player [KBW] microways: Time: DNF
[Info   :COTDTracker] Player [MMM]LKat: Time: DNF
[Info   :COTDTracker] Player [CTR]NathWalt: Time: DNF
[Info   :COTDTracker] Player [ZET][CTR] TheBamboozler: Time: DNF
[Info   :COTDTracker] Player [CTR]Mortishade: Time: DNF
[Info   :COTDTracker] Player FINSTER83: Time: DNF
[Info   :COTDTracker] Player K-Nox: Time: DNF
[Info   :COTDTracker] Player BrickEdwards: Time: DNF
[Info   :COTDTracker] Player Yuu: Time: DNF
[Info   :COTDTracker] Player [ZET]vectortrajector: Time: DNF
[Info   :COTDTracker] Kicking eliminated players
[Info   :Zeepkist Bingo] [BINGO] Level loaded
[Info   :BetterSplits] getting gtr splits
[Info   :Zeepkist Bingo] [BINGO] === PLAYER SPAWNED ===
[Info   :Zeepkist Bingo] [BINGO] IsInActiveSession: False
[Info   :Zeepkist Bingo] [BINGO] Not in active session, skipping timer reset
[Info   :Zeepkist GTR] 18:40:07 Stopping existing recorder if any
[Info   :Zeepkist GTR] 18:40:07 Creating new recorder
[Info   :Zeepkist GTR] 18:40:07 Start processing HTTP request "POST" https://graphql.zeepki.st/
[Info   :Zeepkist GTR] 18:40:07 Sending HTTP request "POST" https://graphql.zeepki.st/
[Info   :Zeepkist GTR] 18:40:07 Start processing HTTP request "POST" https://graphql.zeepki.st/
[Info   :Zeepkist GTR] 18:40:07 Sending HTTP request "POST" https://graphql.zeepki.st/
[Info   :BetterSplits] got gtr splits
[Info   :Zeepkist GTR] 18:40:08 Received HTTP response headers after 181.5898ms - 200
[Info   :Zeepkist GTR] 18:40:08 Received HTTP response headers after 181.1297ms - 200
[Info   :Zeepkist GTR] 18:40:08 End processing HTTP request after 181.9681ms - 200
[Info   :Zeepkist GTR] 18:40:08 End processing HTTP request after 181.4555ms - 200
[Info   :Zeepkist GTR] 18:40:08 Start processing HTTP request "POST" https://graphql.zeepki.st/
[Info   :Zeepkist GTR] 18:40:08 Sending HTTP request "POST" https://graphql.zeepki.st/
[Info   :Zeepkist GTR] 18:40:08 Received HTTP response headers after 177.1287ms - 200
[Info   :Zeepkist GTR] 18:40:08 End processing HTTP request after 177.4064ms - 200
[Info   :Zeepkist GTR] 18:40:09 Starting recorder
[Info   :Zeepkist GTR] 18:40:47 Stopping recorder
[Info   :Zeepkist GTR] 18:40:47 Collecting extra information
[Info   :Zeepkist GTR] 18:40:47 Resolved workshop ID "3791161180" from lobby 3791161180 and level 0
[Info   :Zeepkist GTR] 18:40:47 Processing ghost data
[Info   :Zeepkist GTR] 18:40:47 Creating stream
[Info   :Zeepkist GTR] 18:40:47 Writing to stream
[Info   :Zeepkist GTR] 18:40:47 Converting to base64
[Info   :Zeepkist GTR] 18:40:47 Creating resource
[Info   :Zeepkist GTR] 18:40:47 Start processing HTTP request "POST" https://backend.zeepki.st/record/submit
[Info   :Zeepkist GTR] 18:40:47 Sending HTTP request "POST" https://backend.zeepki.st/record/submit
[Info   :Zeepkist GTR] 18:40:49 Received HTTP response headers after 1366.5665ms - 200
[Info   :Zeepkist GTR] 18:40:49 End processing HTTP request after 1366.8989ms - 200
[Info   :Zeepkist Bingo] [BINGO] === PLAYER SPAWNED ===
[Info   :Zeepkist Bingo] [BINGO] IsInActiveSession: False
[Info   :Zeepkist Bingo] [BINGO] Not in active session, skipping timer reset
[Info   :Zeepkist GTR] 18:40:52 Stopping existing recorder if any
[Info   :Zeepkist GTR] 18:40:52 Creating new recorder
[Info   :Zeepkist GTR] 18:40:52 Start processing HTTP request "POST" https://graphql.zeepki.st/
[Info   :Zeepkist GTR] 18:40:52 Sending HTTP request "POST" https://graphql.zeepki.st/
[Info   :Zeepkist GTR] 18:40:53 Start processing HTTP request "POST" https://graphql.zeepki.st/
[Info   :Zeepkist GTR] 18:40:53 Sending HTTP request "POST" https://graphql.zeepki.st/
[Info   :Zeepkist GTR] 18:40:54 Received HTTP response headers after 1652.0494ms - 200
[Info   :Zeepkist GTR] 18:40:54 End processing HTTP request after 1652.3512ms - 200
[Info   :Zeepkist GTR] 18:40:54 Received HTTP response headers after 1662.9892ms - 200
[Info   :Zeepkist GTR] 18:40:54 End processing HTTP request after 1663.257ms - 200
[Info   :Zeepkist GTR] 18:40:54 Start processing HTTP request "POST" https://graphql.zeepki.st/
[Info   :Zeepkist GTR] 18:40:54 Sending HTTP request "POST" https://graphql.zeepki.st/
[Info   :Zeepkist GTR] 18:40:54 Starting recorder
[Info   :Zeepkist GTR] 18:40:54 Received HTTP response headers after 294.9872ms - 200
[Info   :Zeepkist GTR] 18:40:54 End processing HTTP request after 295.3509ms - 200
[Info   :Zeepkist Bingo] [BINGO] === PLAYER SPAWNED ===
[Info   :Zeepkist Bingo] [BINGO] IsInActiveSession: False
[Info   :Zeepkist Bingo] [BINGO] Not in active session, skipping timer reset
[Info   :Zeepkist GTR] 18:40:56 Stopping existing recorder if any
[Info   :Zeepkist GTR] 18:40:56 Creating new recorder
[Info   :Zeepkist GTR] 18:40:56 Start processing HTTP request "POST" https://graphql.zeepki.st/
[Info   :Zeepkist GTR] 18:40:56 Sending HTTP request "POST" https://graphql.zeepki.st/
[Info   :Zeepkist GTR] 18:40:56 Start processing HTTP request "POST" https://graphql.zeepki.st/
[Info   :Zeepkist GTR] 18:40:56 Sending HTTP request "POST" https://graphql.zeepki.st/
[Info   :Zeepkist GTR] 18:40:56 Received HTTP response headers after 173.5164ms - 200
[Info   :Zeepkist GTR] 18:40:56 End processing HTTP request after 173.8718ms - 200
[Info   :Zeepkist GTR] 18:40:57 Received HTTP response headers after 185.9311ms - 200
[Info   :Zeepkist GTR] 18:40:57 End processing HTTP request after 186.5779ms - 200
[Info   :Zeepkist GTR] 18:40:57 Start processing HTTP request "POST" https://graphql.zeepki.st/
[Info   :Zeepkist GTR] 18:40:57 Sending HTTP request "POST" https://graphql.zeepki.st/
[Info   :Zeepkist GTR] 18:40:57 Received HTTP response headers after 180.1761ms - 200
[Info   :Zeepkist GTR] 18:40:57 End processing HTTP request after 180.554ms - 200
[Info   :Zeepkist GTR] 18:40:58 Starting recorder
[Info   :Zeepkist Bingo] [BINGO] === PLAYER SPAWNED ===
[Info   :Zeepkist Bingo] [BINGO] IsInActiveSession: False
[Info   :Zeepkist Bingo] [BINGO] Not in active session, skipping timer reset
[Info   :Zeepkist GTR] 18:41:04 Stopping existing recorder if any
[Info   :Zeepkist GTR] 18:41:04 Creating new recorder
[Info   :Zeepkist GTR] 18:41:04 Start processing HTTP request "POST" https://graphql.zeepki.st/
[Info   :Zeepkist GTR] 18:41:04 Sending HTTP request "POST" https://graphql.zeepki.st/
[Info   :Zeepkist GTR] 18:41:04 Start processing HTTP request "POST" https://graphql.zeepki.st/
[Info   :Zeepkist GTR] 18:41:04 Sending HTTP request "POST" https://graphql.zeepki.st/
[Info   :Zeepkist GTR] 18:41:04 Received HTTP response headers after 161.7683ms - 200
[Info   :Zeepkist GTR] 18:41:04 End processing HTTP request after 162.2012ms - 200
[Info   :Zeepkist GTR] 18:41:04 Received HTTP response headers after 163.1435ms - 200
[Info   :Zeepkist GTR] 18:41:04 End processing HTTP request after 163.456ms - 200
[Info   :Zeepkist GTR] 18:41:04 Start processing HTTP request "POST" https://graphql.zeepki.st/
[Info   :Zeepkist GTR] 18:41:04 Sending HTTP request "POST" https://graphql.zeepki.st/
[Info   :Zeepkist GTR] 18:41:04 Received HTTP response headers after 175.3639ms - 200
[Info   :Zeepkist GTR] 18:41:04 End processing HTTP request after 175.7281ms - 200
[Info   :Zeepkist GTR] 18:41:06 Starting recorder
[Info   :Zeepkist Bingo] [BINGO] === PLAYER SPAWNED ===
[Info   :Zeepkist Bingo] [BINGO] IsInActiveSession: False
[Info   :Zeepkist Bingo] [BINGO] Not in active session, skipping timer reset
[Info   :Zeepkist GTR] 18:41:07 Stopping existing recorder if any
[Info   :Zeepkist GTR] 18:41:07 Creating new recorder
[Info   :Zeepkist GTR] 18:41:07 Start processing HTTP request "POST" https://graphql.zeepki.st/
[Info   :Zeepkist GTR] 18:41:07 Sending HTTP request "POST" https://graphql.zeepki.st/
[Info   :Zeepkist GTR] 18:41:07 Start processing HTTP request "POST" https://graphql.zeepki.st/
[Info   :Zeepkist GTR] 18:41:07 Sending HTTP request "POST" https://graphql.zeepki.st/
[Info   :Zeepkist GTR] 18:41:07 Received HTTP response headers after 161.8398ms - 200
[Info   :Zeepkist GTR] 18:41:07 End processing HTTP request after 162.1388ms - 200
[Info   :Zeepkist GTR] 18:41:07 Received HTTP response headers after 161.2174ms - 200
[Info   :Zeepkist GTR] 18:41:07 End processing HTTP request after 161.477ms - 200
[Info   :Zeepkist GTR] 18:41:07 Start processing HTTP request "POST" https://graphql.zeepki.st/
[Info   :Zeepkist GTR] 18:41:07 Sending HTTP request "POST" https://graphql.zeepki.st/
[Info   :Zeepkist GTR] 18:41:08 Received HTTP response headers after 197.4751ms - 200
[Info   :Zeepkist GTR] 18:41:08 End processing HTTP request after 197.9221ms - 200
[Info   :Zeepkist GTR] 18:41:09 Starting recorder
[Info   :Zeepkist Bingo] [BINGO] === PLAYER SPAWNED ===
[Info   :Zeepkist Bingo] [BINGO] IsInActiveSession: False
[Info   :Zeepkist Bingo] [BINGO] Not in active session, skipping timer reset
[Info   :Zeepkist GTR] 18:41:14 Stopping existing recorder if any
[Info   :Zeepkist GTR] 18:41:14 Creating new recorder
[Info   :Zeepkist GTR] 18:41:14 Start processing HTTP request "POST" https://graphql.zeepki.st/
[Info   :Zeepkist GTR] 18:41:14 Sending HTTP request "POST" https://graphql.zeepki.st/
[Info   :Zeepkist GTR] 18:41:14 Start processing HTTP request "POST" https://graphql.zeepki.st/
[Info   :Zeepkist GTR] 18:41:14 Sending HTTP request "POST" https://graphql.zeepki.st/
[Info   :Zeepkist GTR] 18:41:14 Received HTTP response headers after 162.379ms - 200
[Info   :Zeepkist GTR] 18:41:14 End processing HTTP request after 162.745ms - 200
[Info   :Zeepkist GTR] 18:41:14 Received HTTP response headers after 166.4248ms - 200
[Info   :Zeepkist GTR] 18:41:14 End processing HTTP request after 166.6536ms - 200
[Info   :Zeepkist GTR] 18:41:14 Start processing HTTP request "POST" https://graphql.zeepki.st/
[Info   :Zeepkist GTR] 18:41:14 Sending HTTP request "POST" https://graphql.zeepki.st/
[Info   :Zeepkist GTR] 18:41:14 Received HTTP response headers after 176.2736ms - 200
[Info   :Zeepkist GTR] 18:41:14 End processing HTTP request after 176.7281ms - 200
[Info   :Zeepkist GTR] 18:41:15 Starting recorder
[Info   :Zeepkist GTR] 18:41:53 Stopping recorder
[Info   :Zeepkist GTR] 18:41:53 Collecting extra information
[Info   :Zeepkist GTR] 18:41:53 Resolved workshop ID "3791161180" from lobby 3791161180 and level 0
[Info   :Zeepkist GTR] 18:41:53 Processing ghost data
[Info   :Zeepkist GTR] 18:41:53 Creating stream
[Info   :Zeepkist GTR] 18:41:53 Writing to stream
[Info   :Zeepkist GTR] 18:41:53 Converting to base64
[Info   :Zeepkist GTR] 18:41:53 Creating resource
[Info   :Zeepkist GTR] 18:41:53 Start processing HTTP request "POST" https://backend.zeepki.st/record/submit
[Info   :Zeepkist GTR] 18:41:53 Sending HTTP request "POST" https://backend.zeepki.st/record/submit
[Info   :Zeepkist GTR] 18:41:53 Received HTTP response headers after 516.3789ms - 200
[Info   :Zeepkist GTR] 18:41:53 End processing HTTP request after 516.8838ms - 200
[Info   :Zeepkist Bingo] [BINGO] === PLAYER SPAWNED ===
[Info   :Zeepkist Bingo] [BINGO] IsInActiveSession: False
[Info   :Zeepkist Bingo] [BINGO] Not in active session, skipping timer reset
[Info   :Zeepkist GTR] 18:41:55 Stopping existing recorder if any
[Info   :Zeepkist GTR] 18:41:55 Creating new recorder
[Info   :Zeepkist GTR] 18:41:56 Start processing HTTP request "POST" https://graphql.zeepki.st/
[Info   :Zeepkist GTR] 18:41:56 Sending HTTP request "POST" https://graphql.zeepki.st/
[Info   :Zeepkist GTR] 18:41:56 Start processing HTTP request "POST" https://graphql.zeepki.st/
[Info   :Zeepkist GTR] 18:41:56 Sending HTTP request "POST" https://graphql.zeepki.st/
[Info   :Zeepkist GTR] 18:41:56 Received HTTP response headers after 369.0281ms - 200
[Info   :Zeepkist GTR] 18:41:56 End processing HTTP request after 369.3158ms - 200
[Info   :Zeepkist GTR] 18:41:56 Received HTTP response headers after 583.0887ms - 200
[Info   :Zeepkist GTR] 18:41:56 End processing HTTP request after 583.3593ms - 200
[Info   :Zeepkist GTR] 18:41:56 Start processing HTTP request "POST" https://graphql.zeepki.st/
[Info   :Zeepkist GTR] 18:41:56 Sending HTTP request "POST" https://graphql.zeepki.st/
[Info   :Zeepkist GTR] 18:41:56 Received HTTP response headers after 196.2946ms - 200
[Info   :Zeepkist GTR] 18:41:56 End processing HTTP request after 196.8ms - 200
[Info   :Zeepkist GTR] 18:41:57 Starting recorder
[Info   :Zeepkist GTR] 18:42:08 Discarding recorder
[Info   :COTDTracker] Doing eliminations with leaderboard:
[Info   :COTDTracker] Player [KBW] microways: Time: 36.3013
[Info   :COTDTracker] Player [ZET]Stick: Time: 36.58865
[Info   :COTDTracker] Player Minkus: Time: 36.60123
[Info   :COTDTracker] Player [CSC] PlusMicron: Time: 36.71879
[Info   :COTDTracker] Player [CTR]Mortishade: Time: 36.78245
[Info   :COTDTracker] Player [MMM]LKat: Time: 36.93836
[Info   :COTDTracker] Player [CTR]NathWalt: Time: 37.22627
[Info   :COTDTracker] Player [ZET] Wheelie: Time: 37.25051
[Info   :COTDTracker] Player BrickEdwards: Time: 37.34409
[Info   :COTDTracker] Player [ZET][CTR] TheBamboozler: Time: 37.34549
[Info   :COTDTracker] Player FINSTER83: Time: 37.65153
[Info   :COTDTracker] Player K-Nox: Time: 37.69531
[Info   :COTDTracker] Player [ZET]maskeddog: Time: 37.88525
[Info   :COTDTracker] Player SuperHeavy: Time: 38.06588
[Info   :COTDTracker] Player junkabroad: Time: 38.19756
[Info   :COTDTracker] Player SouthMango: Time: 38.70438
[Info   :COTDTracker] Player [CCC]Shinikage221: Time: 38.9558
[Info   :COTDTracker] Player Yuu: Time: 39.97118
[Info   :COTDTracker] Player [ZET]vectortrajector: Time: 40.14868
[Info   :COTDTracker] Player [EG]Victor: Time: DNF
[Info   :COTDTracker] Eliminating DNF: [EG]Victor
[Info   :COTDTracker] Eliminated 1 DNF players
[Info   :COTDTracker] Eliminating on time: [ZET]vectortrajector
[Info   :COTDTracker] Eliminating on time: Yuu
[Info   :COTDTracker] Eliminating on time: [CCC]Shinikage221
[Info   :COTDTracker] Eliminating 4 players: 
[Info   :COTDTracker] [EG]Victor
[Info   :COTDTracker] [ZET]vectortrajector
[Info   :COTDTracker] Yuu
[Info   :COTDTracker] [CCC]Shinikage221
[Info   :COTDTracker] Kicking eliminated players
[Info   :Zeepkist Bingo] [BINGO] Level loaded
[Info   :BetterSplits] getting gtr splits
[Info   :Zeepkist Bingo] [BINGO] === PLAYER SPAWNED ===
[Info   :Zeepkist Bingo] [BINGO] IsInActiveSession: False
[Info   :Zeepkist Bingo] [BINGO] Not in active session, skipping timer reset
[Info   :Zeepkist GTR] 18:42:23 Stopping existing recorder if any
[Info   :Zeepkist GTR] 18:42:23 Creating new recorder
[Info   :Zeepkist GTR] 18:42:23 Start processing HTTP request "POST" https://graphql.zeepki.st/
[Info   :Zeepkist GTR] 18:42:23 Sending HTTP request "POST" https://graphql.zeepki.st/
[Info   :Zeepkist GTR] 18:42:23 Start processing HTTP request "POST" https://graphql.zeepki.st/
[Info   :Zeepkist GTR] 18:42:23 Sending HTTP request "POST" https://graphql.zeepki.st/
[Info   :Zeepkist GTR] 18:42:23 Received HTTP response headers after 192.6211ms - 200
[Info   :Zeepkist GTR] 18:42:23 End processing HTTP request after 199.7042ms - 200
[Info   :Zeepkist GTR] 18:42:23 Received HTTP response headers after 197.7915ms - 200
[Info   :Zeepkist GTR] 18:42:23 End processing HTTP request after 198.82ms - 200
[Info   :Zeepkist GTR] 18:42:23 Start processing HTTP request "POST" https://graphql.zeepki.st/
[Info   :Zeepkist GTR] 18:42:23 Sending HTTP request "POST" https://graphql.zeepki.st/
[Info   :BetterSplits] got gtr splits
[Info   :Zeepkist GTR] 18:42:23 Received HTTP response headers after 185.2861ms - 200
[Info   :Zeepkist GTR] 18:42:23 End processing HTTP request after 185.9491ms - 200
[Info   :Zeepkist Bingo] [CHAT] Intercepted message: 4 players eliminated: [EG]Victor, [ZET]vectortrajector, Yuu, [CCC]Shinikage221
[Info   :Zeepkist Bingo] [CHAT] Not relaying - no bingo session
[Info   :Zeepkist GTR] 18:42:25 Starting recorder
[Info   :COTDTracker] Running update tab leaderboard function
[Info   :Zeepkist Bingo] [BINGO] === PLAYER SPAWNED ===
[Info   :Zeepkist Bingo] [BINGO] IsInActiveSession: False
[Info   :Zeepkist Bingo] [BINGO] Not in active session, skipping timer reset
[Info   :Zeepkist GTR] 18:42:46 Stopping existing recorder if any
[Info   :Zeepkist GTR] 18:42:46 Creating new recorder
[Info   :Zeepkist GTR] 18:42:46 Start processing HTTP request "POST" https://graphql.zeepki.st/
[Info   :Zeepkist GTR] 18:42:46 Sending HTTP request "POST" https://graphql.zeepki.st/
[Info   :Zeepkist GTR] 18:42:46 Start processing HTTP request "POST" https://graphql.zeepki.st/
[Info   :Zeepkist GTR] 18:42:46 Sending HTTP request "POST" https://graphql.zeepki.st/
[Info   :Zeepkist GTR] 18:42:46 Received HTTP response headers after 183.9883ms - 200
[Info   :Zeepkist GTR] 18:42:46 End processing HTTP request after 184.3906ms - 200
[Info   :Zeepkist GTR] 18:42:46 Received HTTP response headers after 185.1435ms - 200
[Info   :Zeepkist GTR] 18:42:46 End processing HTTP request after 185.9376ms - 200
[Info   :Zeepkist GTR] 18:42:46 Start processing HTTP request "POST" https://graphql.zeepki.st/
[Info   :Zeepkist GTR] 18:42:46 Sending HTTP request "POST" https://graphql.zeepki.st/
[Info   :Zeepkist GTR] 18:42:46 Received HTTP response headers after 179.0883ms - 200
[Info   :Zeepkist GTR] 18:42:46 End processing HTTP request after 179.5765ms - 200
[Info   :Zeepkist GTR] 18:42:48 Starting recorder
[Info   :Zeepkist Bingo] [BINGO] === PLAYER SPAWNED ===
[Info   :Zeepkist Bingo] [BINGO] IsInActiveSession: False
[Info   :Zeepkist Bingo] [BINGO] Not in active session, skipping timer reset
[Info   :Zeepkist GTR] 18:42:58 Stopping existing recorder if any
[Info   :Zeepkist GTR] 18:42:58 Creating new recorder
[Info   :Zeepkist GTR] 18:42:58 Start processing HTTP request "POST" https://graphql.zeepki.st/
[Info   :Zeepkist GTR] 18:42:58 Sending HTTP request "POST" https://graphql.zeepki.st/
[Info   :Zeepkist GTR] 18:42:58 Start processing HTTP request "POST" https://graphql.zeepki.st/
[Info   :Zeepkist GTR] 18:42:58 Sending HTTP request "POST" https://graphql.zeepki.st/
[Info   :Zeepkist GTR] 18:42:58 Received HTTP response headers after 184.5745ms - 200
[Info   :Zeepkist GTR] 18:42:58 End processing HTTP request after 184.9541ms - 200
[Info   :Zeepkist GTR] 18:42:58 Received HTTP response headers after 198.6993ms - 200
[Info   :Zeepkist GTR] 18:42:58 End processing HTTP request after 199.0328ms - 200
[Info   :Zeepkist GTR] 18:42:58 Start processing HTTP request "POST" https://graphql.zeepki.st/
[Info   :Zeepkist GTR] 18:42:58 Sending HTTP request "POST" https://graphql.zeepki.st/
[Info   :Zeepkist GTR] 18:42:59 Received HTTP response headers after 601.9922ms - 200
[Info   :Zeepkist GTR] 18:42:59 End processing HTTP request after 602.299ms - 200
[Info   :Zeepkist GTR] 18:42:59 Starting recorder
[Info   :Zeepkist GTR] 18:43:37 Stopping recorder
[Info   :Zeepkist GTR] 18:43:37 Collecting extra information
[Info   :Zeepkist GTR] 18:43:37 Resolved workshop ID "3791161180" from lobby 3791161180 and level 0
[Info   :Zeepkist GTR] 18:43:37 Processing ghost data
[Info   :Zeepkist GTR] 18:43:37 Creating stream
[Info   :Zeepkist GTR] 18:43:37 Writing to stream
[Info   :Zeepkist GTR] 18:43:37 Converting to base64
[Info   :Zeepkist GTR] 18:43:37 Creating resource
[Info   :Zeepkist GTR] 18:43:37 Start processing HTTP request "POST" https://backend.zeepki.st/record/submit
[Info   :Zeepkist GTR] 18:43:37 Sending HTTP request "POST" https://backend.zeepki.st/record/submit
[Info   :Zeepkist GTR] 18:43:38 Received HTTP response headers after 1106.0379ms - 200
[Info   :Zeepkist GTR] 18:43:38 End processing HTTP request after 1106.2955ms - 200
[Info   :Zeepkist Bingo] [BINGO] === PLAYER SPAWNED ===
[Info   :Zeepkist Bingo] [BINGO] IsInActiveSession: False
[Info   :Zeepkist Bingo] [BINGO] Not in active session, skipping timer reset
[Info   :Zeepkist GTR] 18:43:39 Stopping existing recorder if any
[Info   :Zeepkist GTR] 18:43:39 Creating new recorder
[Info   :Zeepkist GTR] 18:43:39 Start processing HTTP request "POST" https://graphql.zeepki.st/
[Info   :Zeepkist GTR] 18:43:39 Sending HTTP request "POST" https://graphql.zeepki.st/
[Info   :Zeepkist GTR] 18:43:39 Start processing HTTP request "POST" https://graphql.zeepki.st/
[Info   :Zeepkist GTR] 18:43:39 Sending HTTP request "POST" https://graphql.zeepki.st/
[Info   :Zeepkist GTR] 18:43:39 Received HTTP response headers after 162.9369ms - 200
[Info   :Zeepkist GTR] 18:43:39 End processing HTTP request after 163.2295ms - 200
[Info   :Zeepkist GTR] 18:43:39 Received HTTP response headers after 162.0391ms - 200
[Info   :Zeepkist GTR] 18:43:39 End processing HTTP request after 162.5568ms - 200
[Info   :Zeepkist GTR] 18:43:39 Start processing HTTP request "POST" https://graphql.zeepki.st/
[Info   :Zeepkist GTR] 18:43:39 Sending HTTP request "POST" https://graphql.zeepki.st/
[Info   :Zeepkist GTR] 18:43:39 Received HTTP response headers after 159.0506ms - 200
[Info   :Zeepkist GTR] 18:43:39 End processing HTTP request after 159.4692ms - 200
[Info   :Zeepkist GTR] 18:43:41 Starting recorder
[Info   :COTDTracker] Running update tab leaderboard function
[Info   :Zeepkist GTR] 18:44:21 Discarding recorder
[Info   :COTDTracker] Running update tab leaderboard function
[Info   :COTDTracker] Doing eliminations with leaderboard:
[Info   :COTDTracker] Player [KBW] microways: Time: 36.10151
[Info   :COTDTracker] Player [CSC] PlusMicron: Time: 36.51059
[Info   :COTDTracker] Player [ZET]Stick: Time: 36.52317
[Info   :COTDTracker] Player Minkus: Time: 36.76598
[Info   :COTDTracker] Player [MMM]LKat: Time: 36.82602
[Info   :COTDTracker] Player [CTR]Mortishade: Time: 36.87305
[Info   :COTDTracker] Player [ZET][CTR] TheBamboozler: Time: 36.87846
[Info   :COTDTracker] Player FINSTER83: Time: 36.98189
[Info   :COTDTracker] Player SuperHeavy: Time: 37.48354
[Info   :COTDTracker] Player [CTR]NathWalt: Time: 37.4844
[Info   :COTDTracker] Player BrickEdwards: Time: 37.48827
[Info   :COTDTracker] Player [ZET] Wheelie: Time: 37.49576
[Info   :COTDTracker] Player K-Nox: Time: 37.58768
[Info   :COTDTracker] Player [ZET]maskeddog: Time: 37.6307
[Info   :COTDTracker] Player SouthMango: Time: 37.79007
[Info   :COTDTracker] Player junkabroad: Time: 38.65951
[Info   :COTDTracker] Eliminated 0 DNF players
[Info   :COTDTracker] Eliminating on time: junkabroad
[Info   :COTDTracker] Eliminating on time: SouthMango
[Info   :COTDTracker] Eliminating on time: [ZET]maskeddog
[Info   :COTDTracker] Eliminating on time: K-Nox
[Info   :COTDTracker] Eliminating 4 players: 
[Info   :COTDTracker] junkabroad
[Info   :COTDTracker] SouthMango
[Info   :COTDTracker] [ZET]maskeddog
[Info   :COTDTracker] K-Nox
[Info   :COTDTracker] Running update tab leaderboard function
[Info   :COTDTracker] Kicking eliminated players
[Info   :Zeepkist Bingo] [BINGO] Level loaded
[Info   :BetterSplits] getting gtr splits
[Info   :Zeepkist Bingo] [BINGO] === PLAYER SPAWNED ===
[Info   :Zeepkist Bingo] [BINGO] IsInActiveSession: False
[Info   :Zeepkist Bingo] [BINGO] Not in active session, skipping timer reset
[Info   :Zeepkist GTR] 18:44:36 Stopping existing recorder if any
[Info   :Zeepkist GTR] 18:44:36 Creating new recorder
[Info   :Zeepkist GTR] 18:44:36 Start processing HTTP request "POST" https://graphql.zeepki.st/
[Info   :Zeepkist GTR] 18:44:36 Sending HTTP request "POST" https://graphql.zeepki.st/
[Info   :Zeepkist GTR] 18:44:36 Start processing HTTP request "POST" https://graphql.zeepki.st/
[Info   :Zeepkist GTR] 18:44:36 Sending HTTP request "POST" https://graphql.zeepki.st/
[Info   :BetterSplits] got gtr splits
[Info   :Zeepkist GTR] 18:44:36 Received HTTP response headers after 304.168ms - 200
[Info   :Zeepkist GTR] 18:44:36 End processing HTTP request after 304.5852ms - 200
[Info   :Zeepkist GTR] 18:44:36 Received HTTP response headers after 303.592ms - 200
[Info   :Zeepkist GTR] 18:44:36 End processing HTTP request after 303.9596ms - 200
[Info   :Zeepkist GTR] 18:44:36 Start processing HTTP request "POST" https://graphql.zeepki.st/
[Info   :Zeepkist GTR] 18:44:36 Sending HTTP request "POST" https://graphql.zeepki.st/
[Info   :Zeepkist GTR] 18:44:37 Received HTTP response headers after 174.3691ms - 200
[Info   :Zeepkist GTR] 18:44:37 End processing HTTP request after 174.9749ms - 200
[Info   :Zeepkist Bingo] [CHAT] Intercepted message: 4 players eliminated: junkabroad, SouthMango, [ZET]maskeddog, K-Nox
[Info   :Zeepkist Bingo] [CHAT] Not relaying - no bingo session
[Info   :Zeepkist GTR] 18:44:38 Starting recorder
[Info   :Zeepkist GTR] 18:45:15 Stopping recorder
[Info   :Zeepkist GTR] 18:45:15 Collecting extra information
[Info   :Zeepkist GTR] 18:45:15 Resolved workshop ID "3791161180" from lobby 3791161180 and level 0
[Info   :Zeepkist GTR] 18:45:15 Processing ghost data
[Info   :Zeepkist GTR] 18:45:15 Creating stream
[Info   :Zeepkist GTR] 18:45:15 Writing to stream
[Info   :Zeepkist GTR] 18:45:16 Converting to base64
[Info   :Zeepkist GTR] 18:45:16 Creating resource
[Info   :Zeepkist GTR] 18:45:16 Start processing HTTP request "POST" https://backend.zeepki.st/record/submit
[Info   :Zeepkist GTR] 18:45:16 Sending HTTP request "POST" https://backend.zeepki.st/record/submit
[Info   :Zeepkist GTR] 18:45:16 Received HTTP response headers after 524.7526ms - 200
[Info   :Zeepkist GTR] 18:45:16 End processing HTTP request after 525.2087ms - 200
[Info   :Zeepkist Bingo] [BINGO] === PLAYER SPAWNED ===
[Info   :Zeepkist Bingo] [BINGO] IsInActiveSession: False
[Info   :Zeepkist Bingo] [BINGO] Not in active session, skipping timer reset
[Info   :Zeepkist GTR] 18:45:17 Stopping existing recorder if any
[Info   :Zeepkist GTR] 18:45:17 Creating new recorder
[Info   :Zeepkist GTR] 18:45:17 Start processing HTTP request "POST" https://graphql.zeepki.st/
[Info   :Zeepkist GTR] 18:45:17 Sending HTTP request "POST" https://graphql.zeepki.st/
[Info   :Zeepkist GTR] 18:45:17 Start processing HTTP request "POST" https://graphql.zeepki.st/
[Info   :Zeepkist GTR] 18:45:17 Sending HTTP request "POST" https://graphql.zeepki.st/
[Info   :Zeepkist GTR] 18:45:17 Received HTTP response headers after 271.3552ms - 200
[Info   :Zeepkist GTR] 18:45:17 End processing HTTP request after 271.6152ms - 200
[Info   :Zeepkist GTR] 18:45:17 Received HTTP response headers after 276.5565ms - 200
[Info   :Zeepkist GTR] 18:45:17 End processing HTTP request after 276.845ms - 200
[Info   :Zeepkist GTR] 18:45:17 Start processing HTTP request "POST" https://graphql.zeepki.st/
[Info   :Zeepkist GTR] 18:45:17 Sending HTTP request "POST" https://graphql.zeepki.st/
[Info   :Zeepkist GTR] 18:45:17 Received HTTP response headers after 167.75ms - 200
[Info   :Zeepkist GTR] 18:45:17 End processing HTTP request after 168.2343ms - 200
[Info   :Zeepkist GTR] 18:45:19 Starting recorder
[Info   :Zeepkist GTR] 18:45:56 Stopping recorder
[Info   :Zeepkist GTR] 18:45:56 Collecting extra information
[Info   :Zeepkist GTR] 18:45:56 Resolved workshop ID "3791161180" from lobby 3791161180 and level 0
[Info   :Zeepkist GTR] 18:45:56 Processing ghost data
[Info   :Zeepkist GTR] 18:45:56 Creating stream
[Info   :Zeepkist GTR] 18:45:56 Writing to stream
[Info   :Zeepkist GTR] 18:45:56 Converting to base64
[Info   :Zeepkist GTR] 18:45:56 Creating resource
[Info   :Zeepkist GTR] 18:45:56 Start processing HTTP request "POST" https://backend.zeepki.st/record/submit
[Info   :Zeepkist GTR] 18:45:56 Sending HTTP request "POST" https://backend.zeepki.st/record/submit
[Info   :Zeepkist GTR] 18:45:57 Received HTTP response headers after 1241.7922ms - 200
[Info   :Zeepkist GTR] 18:45:57 End processing HTTP request after 1246.3863ms - 200
[Info   :Zeepkist Bingo] [BINGO] === PLAYER SPAWNED ===
[Info   :Zeepkist Bingo] [BINGO] IsInActiveSession: False
[Info   :Zeepkist Bingo] [BINGO] Not in active session, skipping timer reset
[Info   :Zeepkist GTR] 18:45:58 Stopping existing recorder if any
[Info   :Zeepkist GTR] 18:45:58 Creating new recorder
[Info   :Zeepkist GTR] 18:45:58 Start processing HTTP request "POST" https://graphql.zeepki.st/
[Info   :Zeepkist GTR] 18:45:58 Sending HTTP request "POST" https://graphql.zeepki.st/
[Info   :Zeepkist GTR] 18:45:58 Start processing HTTP request "POST" https://graphql.zeepki.st/
[Info   :Zeepkist GTR] 18:45:58 Sending HTTP request "POST" https://graphql.zeepki.st/
[Info   :Zeepkist GTR] 18:45:58 Received HTTP response headers after 195.2646ms - 200
[Info   :Zeepkist GTR] 18:45:58 Received HTTP response headers after 194.589ms - 200
[Info   :Zeepkist GTR] 18:45:58 End processing HTTP request after 195.6069ms - 200
[Info   :Zeepkist GTR] 18:45:58 End processing HTTP request after 194.9164ms - 200
[Info   :Zeepkist GTR] 18:45:58 Start processing HTTP request "POST" https://graphql.zeepki.st/
[Info   :Zeepkist GTR] 18:45:58 Sending HTTP request "POST" https://graphql.zeepki.st/
[Info   :Zeepkist GTR] 18:45:58 Received HTTP response headers after 206.331ms - 200
[Info   :Zeepkist GTR] 18:45:58 End processing HTTP request after 206.7525ms - 200
[Info   :Zeepkist GTR] 18:46:00 Starting recorder
[Info   :Zeepkist Bingo] [BINGO] === PLAYER SPAWNED ===
[Info   :Zeepkist Bingo] [BINGO] IsInActiveSession: False
[Info   :Zeepkist Bingo] [BINGO] Not in active session, skipping timer reset
[Info   :Zeepkist GTR] 18:46:32 Stopping existing recorder if any
[Info   :Zeepkist GTR] 18:46:32 Creating new recorder
[Info   :Zeepkist GTR] 18:46:32 Start processing HTTP request "POST" https://graphql.zeepki.st/
[Info   :Zeepkist GTR] 18:46:32 Sending HTTP request "POST" https://graphql.zeepki.st/
[Info   :Zeepkist GTR] 18:46:32 Start processing HTTP request "POST" https://graphql.zeepki.st/
[Info   :Zeepkist GTR] 18:46:32 Sending HTTP request "POST" https://graphql.zeepki.st/
[Info   :Zeepkist GTR] 18:46:32 Received HTTP response headers after 190.9732ms - 200
[Info   :Zeepkist GTR] 18:46:32 End processing HTTP request after 191.2791ms - 200
[Info   :Zeepkist GTR] 18:46:33 Received HTTP response headers after 290.4369ms - 200
[Info   :Zeepkist GTR] 18:46:33 End processing HTTP request after 290.7991ms - 200
[Info   :Zeepkist GTR] 18:46:33 Start processing HTTP request "POST" https://graphql.zeepki.st/
[Info   :Zeepkist GTR] 18:46:33 Sending HTTP request "POST" https://graphql.zeepki.st/
[Info   :Zeepkist GTR] 18:46:33 Received HTTP response headers after 181.1519ms - 200
[Info   :Zeepkist GTR] 18:46:33 End processing HTTP request after 181.4741ms - 200
[Info   :Zeepkist GTR] 18:46:34 Discarding recorder
[Info   :Zeepkist GTR] 18:46:34 Starting recorder
[Error  :RecordingService] Unhandled exception in OnRoundStarted: System.Reflection.TargetInvocationException: Exception has been thrown by the target of an invocation. ---> System.NullReferenceException: Object reference not set to an instance of an object
  at TNRD.Zeepkist.GTR.Ghosting.Recording.RecordingService.OnRoundStarted () [0x00026] in D:\a\Zeepkist.GTR.Mod\Zeepkist.GTR.Mod\Ghosting\Recording\RecordingService.cs:68 
  at (wrapper managed-to-native) System.Reflection.RuntimeMethodInfo.InternalInvoke(System.Reflection.RuntimeMethodInfo,object,object[],System.Exception&)
  at System.Reflection.RuntimeMethodInfo.Invoke (System.Object obj, System.Reflection.BindingFlags invokeAttr, System.Reflection.Binder binder, System.Object[] parameters, System.Globalization.CultureInfo culture) [0x0006a] in <9aad1b3a47484d63ba2b3985692d80e9>:0 
   --- End of inner exception stack trace ---
  at System.Reflection.RuntimeMethodInfo.Invoke (System.Object obj, System.Reflection.BindingFlags invokeAttr, System.Reflection.Binder binder, System.Object[] parameters, System.Globalization.CultureInfo culture) [0x00083] in <9aad1b3a47484d63ba2b3985692d80e9>:0 
  at System.Reflection.MethodBase.Invoke (System.Object obj, System.Object[] parameters) [0x00000] in <9aad1b3a47484d63ba2b3985692d80e9>:0 
  at System.Delegate.DynamicInvokeImpl (System.Object[] args) [0x000e7] in <9aad1b3a47484d63ba2b3985692d80e9>:0 
  at System.MulticastDelegate.DynamicInvokeImpl (System.Object[] args) [0x00008] in <9aad1b3a47484d63ba2b3985692d80e9>:0 
  at System.Delegate.DynamicInvoke (System.Object[] args) [0x00000] in <9aad1b3a47484d63ba2b3985692d80e9>:0 
  at ZeepSDK.Extensions.DelegateExtensions.InvokeSafe (System.Delegate d, System.Object[] args) [0x00017] in D:\a\ZeepSDK\ZeepSDK\ZeepSDK\Extensions\DelegateExtensions.cs:22 
[Info   :COTDTracker] Doing eliminations with leaderboard:
[Info   :COTDTracker] Player [KBW] microways: Time: 36.29219
[Info   :COTDTracker] Player [ZET]Stick: Time: 36.65896
[Info   :COTDTracker] Player Minkus: Time: 36.68827
[Info   :COTDTracker] Player [MMM]LKat: Time: 36.68844
[Info   :COTDTracker] Player [CTR]Mortishade: Time: 36.72692
[Info   :COTDTracker] Player [ZET][CTR] TheBamboozler: Time: 36.86718
[Info   :COTDTracker] Player [CSC] PlusMicron: Time: 36.87021
[Info   :COTDTracker] Player [ZET] Wheelie: Time: 36.8932
[Info   :COTDTracker] Player BrickEdwards: Time: 37.20735
[Info   :COTDTracker] Player FINSTER83: Time: 37.32383
[Info   :COTDTracker] Player SuperHeavy: Time: 37.71716
[Info   :COTDTracker] Player [CTR]NathWalt: Time: DNF
[Info   :COTDTracker] Eliminating DNF: [CTR]NathWalt
[Info   :COTDTracker] Eliminated 1 DNF players
[Info   :COTDTracker] Eliminating on time: SuperHeavy
[Info   :COTDTracker] Eliminating 2 players: 
[Info   :COTDTracker] [CTR]NathWalt
[Info   :COTDTracker] SuperHeavy
[Info   :COTDTracker] Running update tab leaderboard function
[Info   :COTDTracker] Kicking eliminated players
[Info   :Zeepkist Bingo] [BINGO] Level loaded
[Info   :BetterSplits] getting gtr splits
[Info   :Zeepkist Bingo] [BINGO] === PLAYER SPAWNED ===
[Info   :Zeepkist Bingo] [BINGO] IsInActiveSession: False
[Info   :Zeepkist Bingo] [BINGO] Not in active session, skipping timer reset
[Info   :Zeepkist GTR] 18:46:49 Stopping existing recorder if any
[Info   :Zeepkist GTR] 18:46:49 Creating new recorder
[Info   :Zeepkist GTR] 18:46:49 Start processing HTTP request "POST" https://graphql.zeepki.st/
[Info   :Zeepkist GTR] 18:46:49 Sending HTTP request "POST" https://graphql.zeepki.st/
[Info   :Zeepkist GTR] 18:46:49 Start processing HTTP request "POST" https://graphql.zeepki.st/
[Info   :Zeepkist GTR] 18:46:49 Sending HTTP request "POST" https://graphql.zeepki.st/
[Info   :Zeepkist GTR] 18:46:49 Received HTTP response headers after 424.855ms - 200
[Info   :Zeepkist GTR] 18:46:49 Received HTTP response headers after 364.0719ms - 200
[Info   :Zeepkist GTR] 18:46:49 End processing HTTP request after 364.4727ms - 200
[Info   :Zeepkist GTR] 18:46:49 End processing HTTP request after 425.2316ms - 200
[Info   :Zeepkist GTR] 18:46:49 Start processing HTTP request "POST" https://graphql.zeepki.st/
[Info   :Zeepkist GTR] 18:46:49 Sending HTTP request "POST" https://graphql.zeepki.st/
[Info   :BetterSplits] got gtr splits
[Info   :Zeepkist Bingo] [CHAT] Intercepted message: 2 players eliminated: [CTR]NathWalt, SuperHeavy
[Info   :Zeepkist Bingo] [CHAT] Not relaying - no bingo session
[Info   :Zeepkist GTR] 18:46:49 Received HTTP response headers after 169.4493ms - 200
[Info   :Zeepkist GTR] 18:46:49 End processing HTTP request after 170.0786ms - 200
[Info   :Zeepkist GTR] 18:46:50 Starting recorder
[Info   :Zeepkist GTR] 18:47:27 Stopping recorder
[Info   :Zeepkist GTR] 18:47:27 Collecting extra information
[Info   :Zeepkist GTR] 18:47:27 Resolved workshop ID "3791161180" from lobby 3791161180 and level 0
[Info   :Zeepkist GTR] 18:47:27 Processing ghost data
[Info   :Zeepkist GTR] 18:47:27 Creating stream
[Info   :Zeepkist GTR] 18:47:27 Writing to stream
[Info   :Zeepkist GTR] 18:47:28 Converting to base64
[Info   :Zeepkist GTR] 18:47:28 Creating resource
[Info   :Zeepkist GTR] 18:47:28 Start processing HTTP request "POST" https://backend.zeepki.st/record/submit
[Info   :Zeepkist GTR] 18:47:28 Sending HTTP request "POST" https://backend.zeepki.st/record/submit
[Info   :Zeepkist GTR] 18:47:28 Received HTTP response headers after 457.36ms - 200
[Info   :Zeepkist GTR] 18:47:28 End processing HTTP request after 457.7743ms - 200
[Info   :Zeepkist Bingo] [BINGO] === PLAYER SPAWNED ===
[Info   :Zeepkist Bingo] [BINGO] IsInActiveSession: False
[Info   :Zeepkist Bingo] [BINGO] Not in active session, skipping timer reset
[Info   :Zeepkist GTR] 18:47:29 Stopping existing recorder if any
[Info   :Zeepkist GTR] 18:47:29 Creating new recorder
[Info   :Zeepkist GTR] 18:47:29 Start processing HTTP request "POST" https://graphql.zeepki.st/
[Info   :Zeepkist GTR] 18:47:29 Sending HTTP request "POST" https://graphql.zeepki.st/
[Info   :Zeepkist GTR] 18:47:29 Start processing HTTP request "POST" https://graphql.zeepki.st/
[Info   :Zeepkist GTR] 18:47:29 Sending HTTP request "POST" https://graphql.zeepki.st/
[Info   :Zeepkist GTR] 18:47:30 Received HTTP response headers after 175.6311ms - 200
[Info   :Zeepkist GTR] 18:47:30 End processing HTTP request after 175.9021ms - 200
[Info   :Zeepkist GTR] 18:47:30 Received HTTP response headers after 182.3956ms - 200
[Info   :Zeepkist GTR] 18:47:30 End processing HTTP request after 182.9467ms - 200
[Info   :Zeepkist GTR] 18:47:30 Start processing HTTP request "POST" https://graphql.zeepki.st/
[Info   :Zeepkist GTR] 18:47:30 Sending HTTP request "POST" https://graphql.zeepki.st/
[Info   :Zeepkist GTR] 18:47:30 Received HTTP response headers after 172.2673ms - 200
[Info   :Zeepkist GTR] 18:47:30 End processing HTTP request after 172.5594ms - 200
[Info   :Zeepkist GTR] 18:47:31 Starting recorder
[Info   :Zeepkist Bingo] [BINGO] === PLAYER SPAWNED ===
[Info   :Zeepkist Bingo] [BINGO] IsInActiveSession: False
[Info   :Zeepkist Bingo] [BINGO] Not in active session, skipping timer reset
[Info   :Zeepkist GTR] 18:47:33 Stopping existing recorder if any
[Info   :Zeepkist GTR] 18:47:33 Creating new recorder
[Info   :Zeepkist GTR] 18:47:33 Start processing HTTP request "POST" https://graphql.zeepki.st/
[Info   :Zeepkist GTR] 18:47:33 Sending HTTP request "POST" https://graphql.zeepki.st/
[Info   :Zeepkist GTR] 18:47:33 Start processing HTTP request "POST" https://graphql.zeepki.st/
[Info   :Zeepkist GTR] 18:47:33 Sending HTTP request "POST" https://graphql.zeepki.st/
[Info   :Zeepkist GTR] 18:47:33 Received HTTP response headers after 180.8153ms - 200
[Info   :Zeepkist GTR] 18:47:33 End processing HTTP request after 181.0847ms - 200
[Info   :Zeepkist GTR] 18:47:33 Received HTTP response headers after 184.7062ms - 200
[Info   :Zeepkist GTR] 18:47:33 End processing HTTP request after 185.026ms - 200
[Info   :Zeepkist GTR] 18:47:33 Start processing HTTP request "POST" https://graphql.zeepki.st/
[Info   :Zeepkist GTR] 18:47:33 Sending HTTP request "POST" https://graphql.zeepki.st/
[Info   :Zeepkist GTR] 18:47:33 Received HTTP response headers after 180.7284ms - 200
[Info   :Zeepkist GTR] 18:47:33 End processing HTTP request after 181.0738ms - 200
[Info   :Zeepkist GTR] 18:47:34 Starting recorder
[Info   :Zeepkist Bingo] [BINGO] === PLAYER SPAWNED ===
[Info   :Zeepkist Bingo] [BINGO] IsInActiveSession: False
[Info   :Zeepkist Bingo] [BINGO] Not in active session, skipping timer reset
[Info   :Zeepkist GTR] 18:47:36 Stopping existing recorder if any
[Info   :Zeepkist GTR] 18:47:36 Creating new recorder
[Info   :Zeepkist GTR] 18:47:36 Start processing HTTP request "POST" https://graphql.zeepki.st/
[Info   :Zeepkist GTR] 18:47:36 Sending HTTP request "POST" https://graphql.zeepki.st/
[Info   :Zeepkist GTR] 18:47:36 Start processing HTTP request "POST" https://graphql.zeepki.st/
[Info   :Zeepkist GTR] 18:47:36 Sending HTTP request "POST" https://graphql.zeepki.st/
[Info   :Zeepkist GTR] 18:47:36 Received HTTP response headers after 163.5518ms - 200
[Info   :Zeepkist GTR] 18:47:36 End processing HTTP request after 163.8501ms - 200
[Info   :Zeepkist GTR] 18:47:36 Received HTTP response headers after 167.6814ms - 200
[Info   :Zeepkist GTR] 18:47:36 End processing HTTP request after 167.9687ms - 200
[Info   :Zeepkist GTR] 18:47:36 Start processing HTTP request "POST" https://graphql.zeepki.st/
[Info   :Zeepkist GTR] 18:47:36 Sending HTTP request "POST" https://graphql.zeepki.st/
[Info   :Zeepkist GTR] 18:47:36 Received HTTP response headers after 171.0734ms - 200
[Info   :Zeepkist GTR] 18:47:36 End processing HTTP request after 171.4881ms - 200
[Info   :Zeepkist GTR] 18:47:38 Starting recorder
[Info   :Zeepkist Bingo] [BINGO] === PLAYER SPAWNED ===
[Info   :Zeepkist Bingo] [BINGO] IsInActiveSession: False
[Info   :Zeepkist Bingo] [BINGO] Not in active session, skipping timer reset
[Info   :Zeepkist GTR] 18:47:42 Stopping existing recorder if any
[Info   :Zeepkist GTR] 18:47:42 Creating new recorder
[Info   :Zeepkist GTR] 18:47:42 Start processing HTTP request "POST" https://graphql.zeepki.st/
[Info   :Zeepkist GTR] 18:47:42 Sending HTTP request "POST" https://graphql.zeepki.st/
[Info   :Zeepkist GTR] 18:47:42 Start processing HTTP request "POST" https://graphql.zeepki.st/
[Info   :Zeepkist GTR] 18:47:42 Sending HTTP request "POST" https://graphql.zeepki.st/
[Info   :Zeepkist GTR] 18:47:42 Received HTTP response headers after 168.7072ms - 200
[Info   :Zeepkist GTR] 18:47:42 End processing HTTP request after 168.9708ms - 200
[Info   :Zeepkist GTR] 18:47:42 Received HTTP response headers after 175.2277ms - 200
[Info   :Zeepkist GTR] 18:47:42 End processing HTTP request after 175.535ms - 200
[Info   :Zeepkist GTR] 18:47:42 Start processing HTTP request "POST" https://graphql.zeepki.st/
[Info   :Zeepkist GTR] 18:47:42 Sending HTTP request "POST" https://graphql.zeepki.st/
[Info   :Zeepkist GTR] 18:47:43 Received HTTP response headers after 173.1055ms - 200
[Info   :Zeepkist GTR] 18:47:43 End processing HTTP request after 173.4285ms - 200
[Info   :Zeepkist GTR] 18:47:44 Starting recorder
[Info   :Zeepkist Bingo] [BINGO] === PLAYER SPAWNED ===
[Info   :Zeepkist Bingo] [BINGO] IsInActiveSession: False
[Info   :Zeepkist Bingo] [BINGO] Not in active session, skipping timer reset
[Info   :Zeepkist GTR] 18:47:57 Stopping existing recorder if any
[Info   :Zeepkist GTR] 18:47:57 Creating new recorder
[Info   :Zeepkist GTR] 18:47:57 Start processing HTTP request "POST" https://graphql.zeepki.st/
[Info   :Zeepkist GTR] 18:47:57 Sending HTTP request "POST" https://graphql.zeepki.st/
[Info   :Zeepkist GTR] 18:47:57 Start processing HTTP request "POST" https://graphql.zeepki.st/
[Info   :Zeepkist GTR] 18:47:57 Sending HTTP request "POST" https://graphql.zeepki.st/
[Info   :Zeepkist GTR] 18:47:58 Received HTTP response headers after 190.8477ms - 200
[Info   :Zeepkist GTR] 18:47:58 End processing HTTP request after 191.1117ms - 200
[Info   :Zeepkist GTR] 18:47:58 Received HTTP response headers after 198.1906ms - 200
[Info   :Zeepkist GTR] 18:47:58 End processing HTTP request after 198.6389ms - 200
[Info   :Zeepkist GTR] 18:47:58 Start processing HTTP request "POST" https://graphql.zeepki.st/
[Info   :Zeepkist GTR] 18:47:58 Sending HTTP request "POST" https://graphql.zeepki.st/
[Info   :Zeepkist GTR] 18:47:58 Received HTTP response headers after 201.7126ms - 200
[Info   :Zeepkist GTR] 18:47:58 End processing HTTP request after 202.0438ms - 200
[Info   :Zeepkist GTR] 18:47:59 Starting recorder
[Info   :Zeepkist Bingo] [BINGO] === PLAYER SPAWNED ===
[Info   :Zeepkist Bingo] [BINGO] IsInActiveSession: False
[Info   :Zeepkist Bingo] [BINGO] Not in active session, skipping timer reset
[Info   :Zeepkist GTR] 18:48:13 Stopping existing recorder if any
[Info   :Zeepkist GTR] 18:48:13 Creating new recorder
[Info   :Zeepkist GTR] 18:48:13 Start processing HTTP request "POST" https://graphql.zeepki.st/
[Info   :Zeepkist GTR] 18:48:13 Sending HTTP request "POST" https://graphql.zeepki.st/
[Info   :Zeepkist GTR] 18:48:13 Start processing HTTP request "POST" https://graphql.zeepki.st/
[Info   :Zeepkist GTR] 18:48:13 Sending HTTP request "POST" https://graphql.zeepki.st/
[Info   :Zeepkist GTR] 18:48:13 Received HTTP response headers after 173.3692ms - 200
[Info   :Zeepkist GTR] 18:48:13 End processing HTTP request after 173.6758ms - 200
[Info   :Zeepkist GTR] 18:48:13 Received HTTP response headers after 182.0375ms - 200
[Info   :Zeepkist GTR] 18:48:13 End processing HTTP request after 182.3405ms - 200
[Info   :Zeepkist GTR] 18:48:13 Start processing HTTP request "POST" https://graphql.zeepki.st/
[Info   :Zeepkist GTR] 18:48:13 Sending HTTP request "POST" https://graphql.zeepki.st/
[Info   :Zeepkist GTR] 18:48:14 Received HTTP response headers after 187.5566ms - 200
[Info   :Zeepkist GTR] 18:48:14 End processing HTTP request after 187.9193ms - 200
[Info   :Zeepkist GTR] 18:48:15 Starting recorder
[Info   :Zeepkist GTR] 18:48:47 Discarding recorder
[Info   :COTDTracker] Running update tab leaderboard function
[Info   :COTDTracker] Doing eliminations with leaderboard:
[Info   :COTDTracker] Player [CTR]Mortishade: Time: 36.215
[Info   :COTDTracker] Player [MMM]LKat: Time: 36.23925
[Info   :COTDTracker] Player [KBW] microways: Time: 36.46997
[Info   :COTDTracker] Player Minkus: Time: 36.67214
[Info   :COTDTracker] Player [CSC] PlusMicron: Time: 36.69197
[Info   :COTDTracker] Player [ZET][CTR] TheBamboozler: Time: 36.92949
[Info   :COTDTracker] Player [ZET] Wheelie: Time: 37.00564
[Info   :COTDTracker] Player BrickEdwards: Time: 37.00823
[Info   :COTDTracker] Player FINSTER83: Time: 37.4541
[Info   :COTDTracker] Player [ZET]Stick: Time: DNF
[Info   :COTDTracker] Eliminating DNF: [ZET]Stick
[Info   :COTDTracker] Eliminated 1 DNF players
[Info   :COTDTracker] Eliminating on time: FINSTER83
[Info   :COTDTracker] Eliminating 2 players: 
[Info   :COTDTracker] [ZET]Stick
[Info   :COTDTracker] FINSTER83
[Info   :COTDTracker] Running update tab leaderboard function
[Info   :COTDTracker] Running update tab leaderboard function
[Info   :COTDTracker] Kicking eliminated players
[Info   :Zeepkist Bingo] [BINGO] Level loaded
[Info   :BetterSplits] getting gtr splits
[Info   :Zeepkist Bingo] [BINGO] === PLAYER SPAWNED ===
[Info   :Zeepkist Bingo] [BINGO] IsInActiveSession: False
[Info   :Zeepkist Bingo] [BINGO] Not in active session, skipping timer reset
[Info   :Zeepkist GTR] 18:49:02 Stopping existing recorder if any
[Info   :Zeepkist GTR] 18:49:02 Creating new recorder
[Info   :Zeepkist GTR] 18:49:02 Start processing HTTP request "POST" https://graphql.zeepki.st/
[Info   :Zeepkist GTR] 18:49:02 Sending HTTP request "POST" https://graphql.zeepki.st/
[Info   :Zeepkist GTR] 18:49:02 Start processing HTTP request "POST" https://graphql.zeepki.st/
[Info   :Zeepkist GTR] 18:49:02 Sending HTTP request "POST" https://graphql.zeepki.st/
[Info   :Zeepkist GTR] 18:49:02 Received HTTP response headers after 305.1136ms - 200
[Info   :Zeepkist GTR] 18:49:02 End processing HTTP request after 316.1186ms - 200
[Info   :BetterSplits] got gtr splits
[Info   :Zeepkist GTR] 18:49:02 Received HTTP response headers after 560.5977ms - 200
[Info   :Zeepkist GTR] 18:49:02 End processing HTTP request after 560.9746ms - 200
[Info   :Zeepkist GTR] 18:49:02 Start processing HTTP request "POST" https://graphql.zeepki.st/
[Info   :Zeepkist GTR] 18:49:02 Sending HTTP request "POST" https://graphql.zeepki.st/
[Info   :Zeepkist Bingo] [CHAT] Intercepted message: 2 players eliminated: [ZET]Stick, FINSTER83
[Info   :Zeepkist Bingo] [CHAT] Not relaying - no bingo session
[Info   :Zeepkist GTR] 18:49:02 Received HTTP response headers after 187.164ms - 200
[Info   :Zeepkist GTR] 18:49:02 End processing HTTP request after 187.7597ms - 200
[Info   :Zeepkist GTR] 18:49:03 Starting recorder
[Info   :Zeepkist Bingo] [BINGO] === PLAYER SPAWNED ===
[Info   :Zeepkist Bingo] [BINGO] IsInActiveSession: False
[Info   :Zeepkist Bingo] [BINGO] Not in active session, skipping timer reset
[Info   :Zeepkist GTR] 18:49:04 Stopping existing recorder if any
[Info   :Zeepkist GTR] 18:49:04 Creating new recorder
[Info   :Zeepkist GTR] 18:49:04 Start processing HTTP request "POST" https://graphql.zeepki.st/
[Info   :Zeepkist GTR] 18:49:04 Sending HTTP request "POST" https://graphql.zeepki.st/
[Info   :Zeepkist GTR] 18:49:04 Start processing HTTP request "POST" https://graphql.zeepki.st/
[Info   :Zeepkist GTR] 18:49:04 Sending HTTP request "POST" https://graphql.zeepki.st/
[Info   :Zeepkist GTR] 18:49:05 Received HTTP response headers after 188.5009ms - 200
[Info   :Zeepkist GTR] 18:49:05 Received HTTP response headers after 208.6029ms - 200
[Info   :Zeepkist GTR] 18:49:05 End processing HTTP request after 208.1421ms - 200
[Info   :Zeepkist GTR] 18:49:05 End processing HTTP request after 208.8933ms - 200
[Info   :Zeepkist GTR] 18:49:05 Start processing HTTP request "POST" https://graphql.zeepki.st/
[Info   :Zeepkist GTR] 18:49:05 Sending HTTP request "POST" https://graphql.zeepki.st/
[Info   :Zeepkist GTR] 18:49:05 Received HTTP response headers after 160.4957ms - 200
[Info   :Zeepkist GTR] 18:49:05 End processing HTTP request after 160.8329ms - 200
[Info   :Zeepkist GTR] 18:49:06 Starting recorder
[Info   :Zeepkist GTR] 18:49:43 Stopping recorder
[Info   :Zeepkist GTR] 18:49:43 Collecting extra information
[Info   :Zeepkist GTR] 18:49:43 Resolved workshop ID "3791161180" from lobby 3791161180 and level 0
[Info   :Zeepkist GTR] 18:49:43 Processing ghost data
[Info   :Zeepkist GTR] 18:49:43 Creating stream
[Info   :Zeepkist GTR] 18:49:43 Writing to stream
[Info   :Zeepkist GTR] 18:49:44 Converting to base64
[Info   :Zeepkist GTR] 18:49:44 Creating resource
[Info   :Zeepkist GTR] 18:49:44 Start processing HTTP request "POST" https://backend.zeepki.st/auth/refresh
[Info   :Zeepkist GTR] 18:49:44 Sending HTTP request "POST" https://backend.zeepki.st/auth/refresh
[Info   :Zeepkist GTR] 18:49:44 Received HTTP response headers after 579.6125ms - 200
[Info   :Zeepkist GTR] 18:49:44 End processing HTTP request after 580.56ms - 200
[Info   :Zeepkist GTR] 18:49:44 Start processing HTTP request "POST" https://backend.zeepki.st/record/submit
[Info   :Zeepkist GTR] 18:49:44 Sending HTTP request "POST" https://backend.zeepki.st/record/submit
[Info   :Zeepkist GTR] 18:49:45 Received HTTP response headers after 717.5375ms - 200
[Info   :Zeepkist GTR] 18:49:45 End processing HTTP request after 717.8609ms - 200
[Info   :Zeepkist Bingo] [BINGO] === PLAYER SPAWNED ===
[Info   :Zeepkist Bingo] [BINGO] IsInActiveSession: False
[Info   :Zeepkist Bingo] [BINGO] Not in active session, skipping timer reset
[Info   :Zeepkist GTR] 18:49:45 Stopping existing recorder if any
[Info   :Zeepkist GTR] 18:49:45 Creating new recorder
[Info   :Zeepkist GTR] 18:49:45 Start processing HTTP request "POST" https://graphql.zeepki.st/
[Info   :Zeepkist GTR] 18:49:45 Sending HTTP request "POST" https://graphql.zeepki.st/
[Info   :Zeepkist GTR] 18:49:45 Start processing HTTP request "POST" https://graphql.zeepki.st/
[Info   :Zeepkist GTR] 18:49:45 Sending HTTP request "POST" https://graphql.zeepki.st/
[Info   :Zeepkist GTR] 18:49:45 Received HTTP response headers after 161.2147ms - 200
[Info   :Zeepkist GTR] 18:49:45 End processing HTTP request after 161.481ms - 200
[Info   :Zeepkist GTR] 18:49:45 Received HTTP response headers after 172.4537ms - 200
[Info   :Zeepkist GTR] 18:49:45 End processing HTTP request after 172.7255ms - 200
[Info   :Zeepkist GTR] 18:49:45 Start processing HTTP request "POST" https://graphql.zeepki.st/
[Info   :Zeepkist GTR] 18:49:45 Sending HTTP request "POST" https://graphql.zeepki.st/
[Info   :Zeepkist GTR] 18:49:45 Received HTTP response headers after 171.6797ms - 200
[Info   :Zeepkist GTR] 18:49:45 End processing HTTP request after 171.9886ms - 200
[Info   :Zeepkist GTR] 18:49:47 Starting recorder
[Info   :Zeepkist Bingo] [BINGO] === PLAYER SPAWNED ===
[Info   :Zeepkist Bingo] [BINGO] IsInActiveSession: False
[Info   :Zeepkist Bingo] [BINGO] Not in active session, skipping timer reset
[Info   :Zeepkist GTR] 18:49:59 Stopping existing recorder if any
[Info   :Zeepkist GTR] 18:49:59 Creating new recorder
[Info   :Zeepkist GTR] 18:49:59 Start processing HTTP request "POST" https://graphql.zeepki.st/
[Info   :Zeepkist GTR] 18:49:59 Sending HTTP request "POST" https://graphql.zeepki.st/
[Info   :Zeepkist GTR] 18:49:59 Start processing HTTP request "POST" https://graphql.zeepki.st/
[Info   :Zeepkist GTR] 18:49:59 Sending HTTP request "POST" https://graphql.zeepki.st/
[Info   :Zeepkist GTR] 18:49:59 Received HTTP response headers after 174.2194ms - 200
[Info   :Zeepkist GTR] 18:49:59 Received HTTP response headers after 173.633ms - 200
[Info   :Zeepkist GTR] 18:49:59 End processing HTTP request after 174.4919ms - 200
[Info   :Zeepkist GTR] 18:49:59 End processing HTTP request after 173.8649ms - 200
[Info   :Zeepkist GTR] 18:49:59 Start processing HTTP request "POST" https://graphql.zeepki.st/
[Info   :Zeepkist GTR] 18:49:59 Sending HTTP request "POST" https://graphql.zeepki.st/
[Info   :Zeepkist GTR] 18:49:59 Received HTTP response headers after 181.467ms - 200
[Info   :Zeepkist GTR] 18:49:59 End processing HTTP request after 181.774ms - 200
[Info   :Zeepkist GTR] 18:50:00 Starting recorder
[Info   :Zeepkist GTR] 18:50:38 Stopping recorder
[Info   :Zeepkist GTR] 18:50:38 Collecting extra information
[Info   :Zeepkist GTR] 18:50:38 Resolved workshop ID "3791161180" from lobby 3791161180 and level 0
[Info   :Zeepkist GTR] 18:50:38 Processing ghost data
[Info   :Zeepkist GTR] 18:50:38 Creating stream
[Info   :Zeepkist GTR] 18:50:38 Writing to stream
[Info   :Zeepkist GTR] 18:50:38 Converting to base64
[Info   :Zeepkist GTR] 18:50:38 Creating resource
[Info   :Zeepkist GTR] 18:50:38 Start processing HTTP request "POST" https://backend.zeepki.st/record/submit
[Info   :Zeepkist GTR] 18:50:38 Sending HTTP request "POST" https://backend.zeepki.st/record/submit
[Info   :Zeepkist GTR] 18:50:39 Received HTTP response headers after 463.94ms - 200
[Info   :Zeepkist GTR] 18:50:39 End processing HTTP request after 464.2864ms - 200
[Info   :Zeepkist Bingo] [BINGO] === PLAYER SPAWNED ===
[Info   :Zeepkist Bingo] [BINGO] IsInActiveSession: False
[Info   :Zeepkist Bingo] [BINGO] Not in active session, skipping timer reset
[Info   :Zeepkist GTR] 18:50:40 Stopping existing recorder if any
[Info   :Zeepkist GTR] 18:50:40 Creating new recorder
[Info   :Zeepkist GTR] 18:50:40 Start processing HTTP request "POST" https://graphql.zeepki.st/
[Info   :Zeepkist GTR] 18:50:40 Sending HTTP request "POST" https://graphql.zeepki.st/
[Info   :Zeepkist GTR] 18:50:40 Start processing HTTP request "POST" https://graphql.zeepki.st/
[Info   :Zeepkist GTR] 18:50:40 Sending HTTP request "POST" https://graphql.zeepki.st/
[Info   :Zeepkist GTR] 18:50:41 Received HTTP response headers after 184.558ms - 200
[Info   :Zeepkist GTR] 18:50:41 End processing HTTP request after 184.8242ms - 200
[Info   :Zeepkist GTR] 18:50:41 Received HTTP response headers after 186.0135ms - 200
[Info   :Zeepkist GTR] 18:50:41 End processing HTTP request after 186.3037ms - 200
[Info   :Zeepkist GTR] 18:50:41 Start processing HTTP request "POST" https://graphql.zeepki.st/
[Info   :Zeepkist GTR] 18:50:41 Sending HTTP request "POST" https://graphql.zeepki.st/
[Info   :Zeepkist GTR] 18:50:41 Received HTTP response headers after 199.906ms - 200
[Info   :Zeepkist GTR] 18:50:41 End processing HTTP request after 200.2665ms - 200
[Info   :Zeepkist GTR] 18:50:42 Starting recorder
[Info   :Zeepkist GTR] 18:51:00 Discarding recorder
[Info   :COTDTracker] Doing eliminations with leaderboard:
[Info   :COTDTracker] Player [MMM]LKat: Time: 36.28324
[Info   :COTDTracker] Player [CTR]Mortishade: Time: 36.4902
[Info   :COTDTracker] Player [KBW] microways: Time: 36.57411
[Info   :COTDTracker] Player Minkus: Time: 36.76456
[Info   :COTDTracker] Player [CSC] PlusMicron: Time: 36.83025
[Info   :COTDTracker] Player [ZET] Wheelie: Time: 37.18525
[Info   :COTDTracker] Player BrickEdwards: Time: 37.23305
[Info   :COTDTracker] Player [ZET][CTR] TheBamboozler: Time: 37.23954
[Info   :COTDTracker] Eliminated 0 DNF players
[Info   :COTDTracker] Eliminating on time: [ZET][CTR] TheBamboozler
[Info   :COTDTracker] Eliminating on time: BrickEdwards
[Info   :COTDTracker] Eliminating 2 players: 
[Info   :COTDTracker] [ZET][CTR] TheBamboozler
[Info   :COTDTracker] BrickEdwards
[Info   :COTDTracker] Kicking eliminated players
[Info   :Zeepkist Bingo] [BINGO] Level loaded
[Info   :BetterSplits] getting gtr splits
[Info   :Zeepkist Bingo] [BINGO] === PLAYER SPAWNED ===
[Info   :Zeepkist Bingo] [BINGO] IsInActiveSession: False
[Info   :Zeepkist Bingo] [BINGO] Not in active session, skipping timer reset
[Info   :Zeepkist GTR] 18:51:15 Stopping existing recorder if any
[Info   :Zeepkist GTR] 18:51:15 Creating new recorder
[Info   :Zeepkist GTR] 18:51:15 Start processing HTTP request "POST" https://graphql.zeepki.st/
[Info   :Zeepkist GTR] 18:51:15 Sending HTTP request "POST" https://graphql.zeepki.st/
[Info   :Zeepkist GTR] 18:51:15 Start processing HTTP request "POST" https://graphql.zeepki.st/
[Info   :Zeepkist GTR] 18:51:15 Sending HTTP request "POST" https://graphql.zeepki.st/
[Info   :BetterSplits] got gtr splits
[Info   :Zeepkist GTR] 18:51:15 Received HTTP response headers after 331.8207ms - 200
[Info   :Zeepkist GTR] 18:51:15 End processing HTTP request after 332.1468ms - 200
[Info   :Zeepkist Bingo] [CHAT] Intercepted message: 2 players eliminated: [ZET][CTR] TheBamboozler, BrickEdwards
[Info   :Zeepkist Bingo] [CHAT] Not relaying - no bingo session
[Info   :Zeepkist GTR] 18:51:15 Received HTTP response headers after 619.0647ms - 200
[Info   :Zeepkist GTR] 18:51:15 End processing HTTP request after 619.3082ms - 200
[Info   :Zeepkist GTR] 18:51:15 Start processing HTTP request "POST" https://graphql.zeepki.st/
[Info   :Zeepkist GTR] 18:51:15 Sending HTTP request "POST" https://graphql.zeepki.st/
[Info   :Zeepkist GTR] 18:51:16 Received HTTP response headers after 210.3769ms - 200
[Info   :Zeepkist GTR] 18:51:16 End processing HTTP request after 211.0106ms - 200
[Info   :Zeepkist GTR] 18:51:16 Starting recorder
[Info   :Zeepkist Bingo] [BINGO] === PLAYER SPAWNED ===
[Info   :Zeepkist Bingo] [BINGO] IsInActiveSession: False
[Info   :Zeepkist Bingo] [BINGO] Not in active session, skipping timer reset
[Info   :Zeepkist GTR] 18:51:20 Stopping existing recorder if any
[Info   :Zeepkist GTR] 18:51:20 Creating new recorder
[Info   :Zeepkist GTR] 18:51:20 Start processing HTTP request "POST" https://graphql.zeepki.st/
[Info   :Zeepkist GTR] 18:51:20 Sending HTTP request "POST" https://graphql.zeepki.st/
[Info   :Zeepkist GTR] 18:51:20 Start processing HTTP request "POST" https://graphql.zeepki.st/
[Info   :Zeepkist GTR] 18:51:20 Sending HTTP request "POST" https://graphql.zeepki.st/
[Info   :Zeepkist GTR] 18:51:20 Received HTTP response headers after 186.9285ms - 200
[Info   :Zeepkist GTR] 18:51:20 End processing HTTP request after 187.2985ms - 200
[Info   :Zeepkist GTR] 18:51:20 Received HTTP response headers after 226.143ms - 200
[Info   :Zeepkist GTR] 18:51:20 End processing HTTP request after 226.5274ms - 200
[Info   :Zeepkist GTR] 18:51:20 Start processing HTTP request "POST" https://graphql.zeepki.st/
[Info   :Zeepkist GTR] 18:51:20 Sending HTTP request "POST" https://graphql.zeepki.st/
[Info   :Zeepkist GTR] 18:51:20 Received HTTP response headers after 188.6544ms - 200
[Info   :Zeepkist GTR] 18:51:20 End processing HTTP request after 189.0243ms - 200
[Info   :Zeepkist GTR] 18:51:22 Starting recorder
[Info   :Zeepkist Bingo] [BINGO] === PLAYER SPAWNED ===
[Info   :Zeepkist Bingo] [BINGO] IsInActiveSession: False
[Info   :Zeepkist Bingo] [BINGO] Not in active session, skipping timer reset
[Info   :Zeepkist GTR] 18:51:35 Stopping existing recorder if any
[Info   :Zeepkist GTR] 18:51:35 Creating new recorder
[Info   :Zeepkist GTR] 18:51:35 Start processing HTTP request "POST" https://graphql.zeepki.st/
[Info   :Zeepkist GTR] 18:51:35 Sending HTTP request "POST" https://graphql.zeepki.st/
[Info   :Zeepkist GTR] 18:51:35 Start processing HTTP request "POST" https://graphql.zeepki.st/
[Info   :Zeepkist GTR] 18:51:35 Sending HTTP request "POST" https://graphql.zeepki.st/
[Info   :Zeepkist GTR] 18:51:35 Received HTTP response headers after 197.8982ms - 200
[Info   :Zeepkist GTR] 18:51:35 End processing HTTP request after 198.2308ms - 200
[Info   :Zeepkist GTR] 18:51:35 Received HTTP response headers after 234.8488ms - 200
[Info   :Zeepkist GTR] 18:51:35 End processing HTTP request after 235.2103ms - 200
[Info   :Zeepkist GTR] 18:51:35 Start processing HTTP request "POST" https://graphql.zeepki.st/
[Info   :Zeepkist GTR] 18:51:35 Sending HTTP request "POST" https://graphql.zeepki.st/
[Info   :Zeepkist GTR] 18:51:36 Received HTTP response headers after 246.5455ms - 200
[Info   :Zeepkist GTR] 18:51:36 End processing HTTP request after 246.8488ms - 200
[Info   :Zeepkist GTR] 18:51:37 Starting recorder
[Info   :Zeepkist GTR] 18:52:14 Stopping recorder
[Info   :Zeepkist GTR] 18:52:14 Collecting extra information
[Info   :Zeepkist GTR] 18:52:14 Resolved workshop ID "3791161180" from lobby 3791161180 and level 0
[Info   :Zeepkist GTR] 18:52:14 Processing ghost data
[Info   :Zeepkist GTR] 18:52:14 Creating stream
[Info   :Zeepkist GTR] 18:52:14 Writing to stream
[Info   :Zeepkist GTR] 18:52:15 Converting to base64
[Info   :Zeepkist GTR] 18:52:15 Creating resource
[Info   :Zeepkist GTR] 18:52:15 Start processing HTTP request "POST" https://backend.zeepki.st/record/submit
[Info   :Zeepkist GTR] 18:52:15 Sending HTTP request "POST" https://backend.zeepki.st/record/submit
[Info   :Zeepkist Bingo] [BINGO] === PLAYER SPAWNED ===
[Info   :Zeepkist Bingo] [BINGO] IsInActiveSession: False
[Info   :Zeepkist Bingo] [BINGO] Not in active session, skipping timer reset
[Info   :Zeepkist GTR] 18:52:16 Stopping existing recorder if any
[Info   :Zeepkist GTR] 18:52:16 Creating new recorder
[Info   :Zeepkist GTR] 18:52:16 Start processing HTTP request "POST" https://graphql.zeepki.st/
[Info   :Zeepkist GTR] 18:52:16 Sending HTTP request "POST" https://graphql.zeepki.st/
[Info   :Zeepkist GTR] 18:52:16 Start processing HTTP request "POST" https://graphql.zeepki.st/
[Info   :Zeepkist GTR] 18:52:16 Sending HTTP request "POST" https://graphql.zeepki.st/
[Info   :Zeepkist GTR] 18:52:16 Received HTTP response headers after 191.5342ms - 200
[Info   :Zeepkist GTR] 18:52:16 End processing HTTP request after 191.9081ms - 200
[Info   :Zeepkist GTR] 18:52:16 Received HTTP response headers after 235.025ms - 200
[Info   :Zeepkist GTR] 18:52:16 End processing HTTP request after 235.4367ms - 200
[Info   :Zeepkist GTR] 18:52:16 Start processing HTTP request "POST" https://graphql.zeepki.st/
[Info   :Zeepkist GTR] 18:52:16 Sending HTTP request "POST" https://graphql.zeepki.st/
[Info   :Zeepkist GTR] 18:52:16 Received HTTP response headers after 1276.5146ms - 200
[Info   :Zeepkist GTR] 18:52:16 End processing HTTP request after 1276.8925ms - 200
[Info   :Zeepkist GTR] 18:52:16 Received HTTP response headers after 174.886ms - 200
[Info   :Zeepkist GTR] 18:52:16 End processing HTTP request after 175.3961ms - 200
[Info   :Zeepkist GTR] 18:52:17 Starting recorder
[Info   :Zeepkist Bingo] [BINGO] === PLAYER SPAWNED ===
[Info   :Zeepkist Bingo] [BINGO] IsInActiveSession: False
[Info   :Zeepkist Bingo] [BINGO] Not in active session, skipping timer reset
[Info   :Zeepkist GTR] 18:52:28 Stopping existing recorder if any
[Info   :Zeepkist GTR] 18:52:28 Creating new recorder
[Info   :Zeepkist GTR] 18:52:28 Start processing HTTP request "POST" https://graphql.zeepki.st/
[Info   :Zeepkist GTR] 18:52:28 Sending HTTP request "POST" https://graphql.zeepki.st/
[Info   :Zeepkist GTR] 18:52:28 Start processing HTTP request "POST" https://graphql.zeepki.st/
[Info   :Zeepkist GTR] 18:52:28 Sending HTTP request "POST" https://graphql.zeepki.st/
[Info   :Zeepkist GTR] 18:52:29 Received HTTP response headers after 240.1539ms - 200
[Info   :Zeepkist GTR] 18:52:29 End processing HTTP request after 240.4749ms - 200
[Info   :Zeepkist GTR] 18:52:29 Received HTTP response headers after 263.1193ms - 200
[Info   :Zeepkist GTR] 18:52:29 End processing HTTP request after 263.4402ms - 200
[Info   :Zeepkist GTR] 18:52:29 Start processing HTTP request "POST" https://graphql.zeepki.st/
[Info   :Zeepkist GTR] 18:52:29 Sending HTTP request "POST" https://graphql.zeepki.st/
[Info   :Zeepkist GTR] 18:52:29 Received HTTP response headers after 207.004ms - 200
[Info   :Zeepkist GTR] 18:52:29 End processing HTTP request after 207.3469ms - 200
[Info   :Zeepkist GTR] 18:52:30 Starting recorder
[Info   :Zeepkist Bingo] [BINGO] === PLAYER SPAWNED ===
[Info   :Zeepkist Bingo] [BINGO] IsInActiveSession: False
[Info   :Zeepkist Bingo] [BINGO] Not in active session, skipping timer reset
[Info   :Zeepkist GTR] 18:52:42 Stopping existing recorder if any
[Info   :Zeepkist GTR] 18:52:42 Creating new recorder
[Info   :Zeepkist GTR] 18:52:42 Start processing HTTP request "POST" https://graphql.zeepki.st/
[Info   :Zeepkist GTR] 18:52:42 Sending HTTP request "POST" https://graphql.zeepki.st/
[Info   :Zeepkist GTR] 18:52:42 Start processing HTTP request "POST" https://graphql.zeepki.st/
[Info   :Zeepkist GTR] 18:52:42 Sending HTTP request "POST" https://graphql.zeepki.st/
[Info   :Zeepkist GTR] 18:52:42 Received HTTP response headers after 179.8095ms - 200
[Info   :Zeepkist GTR] 18:52:42 End processing HTTP request after 180.1142ms - 200
[Info   :Zeepkist GTR] 18:52:43 Received HTTP response headers after 231.6597ms - 200
[Info   :Zeepkist GTR] 18:52:43 End processing HTTP request after 231.9588ms - 200
[Info   :Zeepkist GTR] 18:52:43 Start processing HTTP request "POST" https://graphql.zeepki.st/
[Info   :Zeepkist GTR] 18:52:43 Sending HTTP request "POST" https://graphql.zeepki.st/
[Info   :Zeepkist GTR] 18:52:43 Received HTTP response headers after 215.1286ms - 200
[Info   :Zeepkist GTR] 18:52:43 End processing HTTP request after 215.4096ms - 200
[Info   :Zeepkist GTR] 18:52:44 Starting recorder
[Info   :Zeepkist Bingo] [BINGO] === PLAYER SPAWNED ===
[Info   :Zeepkist Bingo] [BINGO] IsInActiveSession: False
[Info   :Zeepkist Bingo] [BINGO] Not in active session, skipping timer reset
[Info   :Zeepkist GTR] 18:52:47 Stopping existing recorder if any
[Info   :Zeepkist GTR] 18:52:47 Creating new recorder
[Info   :Zeepkist GTR] 18:52:47 Start processing HTTP request "POST" https://graphql.zeepki.st/
[Info   :Zeepkist GTR] 18:52:47 Sending HTTP request "POST" https://graphql.zeepki.st/
[Info   :Zeepkist GTR] 18:52:47 Start processing HTTP request "POST" https://graphql.zeepki.st/
[Info   :Zeepkist GTR] 18:52:47 Sending HTTP request "POST" https://graphql.zeepki.st/
[Info   :Zeepkist GTR] 18:52:48 Received HTTP response headers after 191.5449ms - 200
[Info   :Zeepkist GTR] 18:52:48 End processing HTTP request after 191.9049ms - 200
[Info   :Zeepkist GTR] 18:52:48 Received HTTP response headers after 260.8347ms - 200
[Info   :Zeepkist GTR] 18:52:48 End processing HTTP request after 261.1496ms - 200
[Info   :Zeepkist GTR] 18:52:48 Start processing HTTP request "POST" https://graphql.zeepki.st/
[Info   :Zeepkist GTR] 18:52:48 Sending HTTP request "POST" https://graphql.zeepki.st/
[Info   :Zeepkist GTR] 18:52:48 Received HTTP response headers after 239.4612ms - 200
[Info   :Zeepkist GTR] 18:52:48 End processing HTTP request after 239.7452ms - 200
[Info   :Zeepkist GTR] 18:52:49 Starting recorder
[Info   :Zeepkist Bingo] [BINGO] === PLAYER SPAWNED ===
[Info   :Zeepkist Bingo] [BINGO] IsInActiveSession: False
[Info   :Zeepkist Bingo] [BINGO] Not in active session, skipping timer reset
[Info   :Zeepkist GTR] 18:52:51 Stopping existing recorder if any
[Info   :Zeepkist GTR] 18:52:51 Creating new recorder
[Info   :Zeepkist GTR] 18:52:51 Start processing HTTP request "POST" https://graphql.zeepki.st/
[Info   :Zeepkist GTR] 18:52:51 Sending HTTP request "POST" https://graphql.zeepki.st/
[Info   :Zeepkist GTR] 18:52:51 Start processing HTTP request "POST" https://graphql.zeepki.st/
[Info   :Zeepkist GTR] 18:52:51 Sending HTTP request "POST" https://graphql.zeepki.st/
[Info   :Zeepkist GTR] 18:52:51 Received HTTP response headers after 174.5827ms - 200
[Info   :Zeepkist GTR] 18:52:51 End processing HTTP request after 174.9334ms - 200
[Info   :Zeepkist GTR] 18:52:51 Received HTTP response headers after 259.1995ms - 200
[Info   :Zeepkist GTR] 18:52:51 End processing HTTP request after 259.4788ms - 200
[Info   :Zeepkist GTR] 18:52:51 Start processing HTTP request "POST" https://graphql.zeepki.st/
[Info   :Zeepkist GTR] 18:52:51 Sending HTTP request "POST" https://graphql.zeepki.st/
[Info   :Zeepkist GTR] 18:52:51 Received HTTP response headers after 253.4078ms - 200
[Info   :Zeepkist GTR] 18:52:51 End processing HTTP request after 253.6634ms - 200
[Info   :Zeepkist GTR] 18:52:53 Starting recorder
[Info   :Zeepkist GTR] 18:53:13 Discarding recorder
[Info   :COTDTracker] Doing eliminations with leaderboard:
[Info   :COTDTracker] Player [CSC] PlusMicron: Time: 36.59052
[Info   :COTDTracker] Player Minkus: Time: 36.66827
[Info   :COTDTracker] Player [MMM]LKat: Time: 36.7549
[Info   :COTDTracker] Player [KBW] microways: Time: 36.81466
[Info   :COTDTracker] Player [CTR]Mortishade: Time: 36.9334
[Info   :COTDTracker] Player [ZET] Wheelie: Time: 37.27349
[Info   :COTDTracker] Eliminated 0 DNF players
[Info   :COTDTracker] Eliminating on time: [ZET] Wheelie
[Info   :COTDTracker] Eliminating 1 players: 
[Info   :COTDTracker] [ZET] Wheelie
[Info   :COTDTracker] Running update tab leaderboard function
[Info   :COTDTracker] Running update tab leaderboard function
[Info   :COTDTracker] Kicking eliminated players
[Info   :Zeepkist Bingo] [BINGO] Level loaded
[Info   :BetterSplits] getting gtr splits
[Info   :Zeepkist Bingo] [BINGO] === PLAYER SPAWNED ===
[Info   :Zeepkist Bingo] [BINGO] IsInActiveSession: False
[Info   :Zeepkist Bingo] [BINGO] Not in active session, skipping timer reset
[Info   :Zeepkist GTR] 18:53:28 Stopping existing recorder if any
[Info   :Zeepkist GTR] 18:53:28 Creating new recorder
[Info   :Zeepkist GTR] 18:53:28 Start processing HTTP request "POST" https://graphql.zeepki.st/
[Info   :Zeepkist GTR] 18:53:28 Sending HTTP request "POST" https://graphql.zeepki.st/
[Info   :Zeepkist GTR] 18:53:28 Start processing HTTP request "POST" https://graphql.zeepki.st/
[Info   :Zeepkist GTR] 18:53:28 Sending HTTP request "POST" https://graphql.zeepki.st/
[Info   :Zeepkist GTR] 18:53:28 Received HTTP response headers after 300.4711ms - 200
[Info   :Zeepkist GTR] 18:53:28 End processing HTTP request after 300.8079ms - 200
[Info   :BetterSplits] got gtr splits
[Info   :Zeepkist GTR] 18:53:28 Received HTTP response headers after 364.8977ms - 200
[Info   :Zeepkist GTR] 18:53:28 End processing HTTP request after 365.2044ms - 200
[Info   :Zeepkist GTR] 18:53:28 Start processing HTTP request "POST" https://graphql.zeepki.st/
[Info   :Zeepkist GTR] 18:53:28 Sending HTTP request "POST" https://graphql.zeepki.st/
[Info   :Zeepkist GTR] 18:53:28 Received HTTP response headers after 167.8455ms - 200
[Info   :Zeepkist GTR] 18:53:28 End processing HTTP request after 168.2315ms - 200
[Info   :Zeepkist Bingo] [CHAT] Intercepted message: 1 player eliminated: [ZET] Wheelie
[Info   :Zeepkist Bingo] [CHAT] Not relaying - no bingo session
[Info   :Zeepkist GTR] 18:53:29 Starting recorder
[Info   :Zeepkist Bingo] [CHAT] Intercepted message: how was i in for that long
[Info   :Zeepkist Bingo] [CHAT] Not relaying - no bingo session
[Info   :COTDTracker] Running update tab leaderboard function
[Info   :COTDTracker] Running update tab leaderboard function
[Info   :RoundLeaderboardTab] Drawing leaderboard -> forwarding to Instance.DrawTabLeaderboard()
[Info   :COTDTracker] Running update tab leaderboard function
[Info   :Zeepkist GTR] 18:55:26 Discarding recorder
[Info   :COTDTracker] Doing eliminations with leaderboard:
[Info   :COTDTracker] Player Minkus: Time: 36.23182
[Info   :COTDTracker] Player [KBW] microways: Time: 36.30059
[Info   :COTDTracker] Player [MMM]LKat: Time: 36.5603
[Info   :COTDTracker] Player [CTR]Mortishade: Time: 36.61209
[Info   :COTDTracker] Player [CSC] PlusMicron: Time: 36.72376
[Info   :COTDTracker] Eliminated 0 DNF players
[Info   :COTDTracker] Eliminating on time: [CSC] PlusMicron
[Info   :COTDTracker] Eliminating 1 players: 
[Info   :COTDTracker] [CSC] PlusMicron
[Info   :COTDTracker] Kicking eliminated players
[Info   :Zeepkist Bingo] [BINGO] Level loaded
[Info   :BetterSplits] getting gtr splits
[Info   :Zeepkist Bingo] [BINGO] === PLAYER SPAWNED ===
[Info   :Zeepkist Bingo] [BINGO] IsInActiveSession: False
[Info   :Zeepkist Bingo] [BINGO] Not in active session, skipping timer reset
[Info   :Zeepkist GTR] 18:55:41 Stopping existing recorder if any
[Info   :Zeepkist GTR] 18:55:41 Creating new recorder
[Info   :Zeepkist GTR] 18:55:41 Start processing HTTP request "POST" https://graphql.zeepki.st/
[Info   :Zeepkist GTR] 18:55:41 Sending HTTP request "POST" https://graphql.zeepki.st/
[Info   :Zeepkist GTR] 18:55:41 Start processing HTTP request "POST" https://graphql.zeepki.st/
[Info   :Zeepkist GTR] 18:55:41 Sending HTTP request "POST" https://graphql.zeepki.st/
[Info   :BetterSplits] got gtr splits
[Info   :Zeepkist GTR] 18:55:41 Received HTTP response headers after 629.1067ms - 200
[Info   :Zeepkist GTR] 18:55:41 Received HTTP response headers after 629.6556ms - 200
[Info   :Zeepkist GTR] 18:55:41 End processing HTTP request after 629.4107ms - 200
[Info   :Zeepkist GTR] 18:55:41 End processing HTTP request after 630.1465ms - 200
[Info   :Zeepkist GTR] 18:55:41 Start processing HTTP request "POST" https://graphql.zeepki.st/
[Info   :Zeepkist GTR] 18:55:41 Sending HTTP request "POST" https://graphql.zeepki.st/
[Info   :Zeepkist Bingo] [CHAT] Intercepted message: 1 player eliminated: [CSC] PlusMicron
[Info   :Zeepkist Bingo] [CHAT] Not relaying - no bingo session
[Info   :Zeepkist GTR] 18:55:42 Received HTTP response headers after 236.9833ms - 200
[Info   :Zeepkist GTR] 18:55:42 End processing HTTP request after 237.3919ms - 200
[Info   :Zeepkist GTR] 18:55:43 Starting recorder
[Info   :COTDTracker] Running update tab leaderboard function
[Info   :COTDTracker] Running update tab leaderboard function
[Info   :Zeepkist GTR] 18:57:39 Discarding recorder
[Info   :COTDTracker] Doing eliminations with leaderboard:
[Info   :COTDTracker] Player [KBW] microways: Time: 36.35876
[Info   :COTDTracker] Player [MMM]LKat: Time: 36.422
[Info   :COTDTracker] Player Minkus: Time: 36.47907
[Info   :COTDTracker] Player [CTR]Mortishade: Time: 36.64952
[Info   :COTDTracker] Eliminated 0 DNF players
[Info   :COTDTracker] Eliminating on time: [CTR]Mortishade
[Info   :COTDTracker] Eliminating 1 players: 
[Info   :COTDTracker] [CTR]Mortishade
[Info   :COTDTracker] Kicking eliminated players
[Info   :Zeepkist Bingo] [BINGO] Level loaded
[Info   :BetterSplits] getting gtr splits
[Info   :Zeepkist Bingo] [BINGO] === PLAYER SPAWNED ===
[Info   :Zeepkist Bingo] [BINGO] IsInActiveSession: False
[Info   :Zeepkist Bingo] [BINGO] Not in active session, skipping timer reset
[Info   :Zeepkist GTR] 18:57:54 Stopping existing recorder if any
[Info   :Zeepkist GTR] 18:57:54 Creating new recorder
[Info   :Zeepkist GTR] 18:57:54 Start processing HTTP request "POST" https://graphql.zeepki.st/
[Info   :Zeepkist GTR] 18:57:54 Sending HTTP request "POST" https://graphql.zeepki.st/
[Info   :Zeepkist GTR] 18:57:54 Start processing HTTP request "POST" https://graphql.zeepki.st/
[Info   :Zeepkist GTR] 18:57:54 Sending HTTP request "POST" https://graphql.zeepki.st/
[Info   :Zeepkist GTR] 18:57:54 Received HTTP response headers after 309.9168ms - 200
[Info   :Zeepkist GTR] 18:57:54 End processing HTTP request after 310.3632ms - 200
[Info   :BetterSplits] got gtr splits
[Info   :Zeepkist GTR] 18:57:54 Received HTTP response headers after 597.4009ms - 200
[Info   :Zeepkist GTR] 18:57:54 End processing HTTP request after 597.959ms - 200
[Info   :Zeepkist GTR] 18:57:54 Start processing HTTP request "POST" https://graphql.zeepki.st/
[Info   :Zeepkist GTR] 18:57:54 Sending HTTP request "POST" https://graphql.zeepki.st/
[Info   :Zeepkist Bingo] [CHAT] Intercepted message: 1 player eliminated: [CTR]Mortishade
[Info   :Zeepkist Bingo] [CHAT] Not relaying - no bingo session
[Info   :Zeepkist GTR] 18:57:55 Received HTTP response headers after 170.8867ms - 200
[Info   :Zeepkist GTR] 18:57:55 End processing HTTP request after 171.5161ms - 200
[Info   :Zeepkist GTR] 18:57:56 Starting recorder
[Info   :Zeepkist GTR] 18:59:52 Discarding recorder
[Info   :COTDTracker] Doing eliminations with leaderboard:
[Info   :COTDTracker] Player [KBW] microways: Time: 36.17223
[Info   :COTDTracker] Player [MMM]LKat: Time: 36.54654
[Info   :COTDTracker] Player Minkus: Time: 36.57453
[Info   :COTDTracker] Eliminated 0 DNF players
[Info   :COTDTracker] Eliminating on time: Minkus
[Info   :COTDTracker] Eliminating 1 players: 
[Info   :COTDTracker] Minkus
[Info   :COTDTracker] Kicking eliminated players
[Info   :Zeepkist Bingo] [BINGO] Level loaded
[Info   :BetterSplits] getting gtr splits
[Info   :Zeepkist Bingo] [BINGO] === PLAYER SPAWNED ===
[Info   :Zeepkist Bingo] [BINGO] IsInActiveSession: False
[Info   :Zeepkist Bingo] [BINGO] Not in active session, skipping timer reset
[Info   :Zeepkist GTR] 19:00:07 Stopping existing recorder if any
[Info   :Zeepkist GTR] 19:00:07 Creating new recorder
[Info   :Zeepkist GTR] 19:00:07 Start processing HTTP request "POST" https://graphql.zeepki.st/
[Info   :Zeepkist GTR] 19:00:07 Sending HTTP request "POST" https://graphql.zeepki.st/
[Info   :Zeepkist GTR] 19:00:07 Start processing HTTP request "POST" https://graphql.zeepki.st/
[Info   :Zeepkist GTR] 19:00:07 Sending HTTP request "POST" https://graphql.zeepki.st/
[Info   :BetterSplits] got gtr splits
[Info   :Zeepkist GTR] 19:00:07 Received HTTP response headers after 429.2971ms - 200
[Info   :Zeepkist GTR] 19:00:07 End processing HTTP request after 430.0232ms - 200
[Info   :Zeepkist GTR] 19:00:07 Received HTTP response headers after 623.7821ms - 200
[Info   :Zeepkist GTR] 19:00:07 End processing HTTP request after 624.254ms - 200
[Info   :Zeepkist GTR] 19:00:07 Start processing HTTP request "POST" https://graphql.zeepki.st/
[Info   :Zeepkist GTR] 19:00:07 Sending HTTP request "POST" https://graphql.zeepki.st/
[Info   :Zeepkist Bingo] [CHAT] Intercepted message: 1 player eliminated: Minkus
[Info   :Zeepkist Bingo] [CHAT] Not relaying - no bingo session
[Info   :Zeepkist GTR] 19:00:08 Received HTTP response headers after 206.1379ms - 200
[Info   :Zeepkist GTR] 19:00:08 End processing HTTP request after 206.6518ms - 200
[Info   :Zeepkist GTR] 19:00:08 Starting recorder
[Info   :Zeepkist GTR] 19:02:05 Discarding recorder
[Info   :COTDTracker] Doing eliminations with leaderboard:
[Info   :COTDTracker] Player [KBW] microways: Time: 36.20855
[Info   :COTDTracker] Player [MMM]LKat: Time: DNF
[Info   :COTDTracker] Eliminating DNF: [MMM]LKat
[Info   :COTDTracker] Eliminated 1 DNF players
[Info   :COTDTracker] Eliminating 1 players: 
[Info   :COTDTracker] [MMM]LKat
[Info   :COTDTracker] Kicking eliminated players
[Info   :Zeepkist Bingo] [BINGO] Level loaded
[Info   :BetterSplits] getting gtr splits
[Info   :Zeepkist Bingo] [BINGO] === PLAYER SPAWNED ===
[Info   :Zeepkist Bingo] [BINGO] IsInActiveSession: False
[Info   :Zeepkist Bingo] [BINGO] Not in active session, skipping timer reset
[Info   :Zeepkist GTR] 19:02:20 Stopping existing recorder if any
[Info   :Zeepkist GTR] 19:02:20 Creating new recorder
[Info   :Zeepkist GTR] 19:02:20 Start processing HTTP request "POST" https://graphql.zeepki.st/
[Info   :Zeepkist GTR] 19:02:20 Sending HTTP request "POST" https://graphql.zeepki.st/
[Info   :Zeepkist GTR] 19:02:20 Start processing HTTP request "POST" https://graphql.zeepki.st/
[Info   :Zeepkist GTR] 19:02:20 Sending HTTP request "POST" https://graphql.zeepki.st/
[Info   :BetterSplits] got gtr splits
[Info   :Zeepkist GTR] 19:02:20 Received HTTP response headers after 352.2591ms - 200
[Info   :Zeepkist GTR] 19:02:20 End processing HTTP request after 352.6233ms - 200
[Info   :Zeepkist GTR] 19:02:20 Received HTTP response headers after 399.4223ms - 200
[Info   :Zeepkist GTR] 19:02:20 End processing HTTP request after 399.7551ms - 200
[Info   :Zeepkist GTR] 19:02:20 Start processing HTTP request "POST" https://graphql.zeepki.st/
[Info   :Zeepkist GTR] 19:02:20 Sending HTTP request "POST" https://graphql.zeepki.st/
[Info   :Zeepkist GTR] 19:02:20 Received HTTP response headers after 278.8117ms - 200
[Info   :Zeepkist GTR] 19:02:20 End processing HTTP request after 279.21ms - 200
[Info   :Zeepkist Bingo] [CHAT] Intercepted message: 1 player eliminated: [MMM]LKat
[Info   :Zeepkist Bingo] [CHAT] Not relaying - no bingo session
[Info   :Zeepkist GTR] 19:02:21 Starting recorder
[Info   :Zeepkist GTR] 19:04:18 Discarding recorder
[Info   :COTDTracker] Doing eliminations with leaderboard:
[Info   :COTDTracker] Player [KBW] microways: Time: DNF
[Info   :COTDTracker] Eliminating DNF: [KBW] microways
[Info   :COTDTracker] Eliminated 1 DNF players
[Info   :COTDTracker] Eliminating 1 players: 
[Info   :COTDTracker] [KBW] microways
[Info   :COTDTracker] Kicking eliminated players
[Info   :Zeepkist Bingo] [BINGO] Level loaded
[Info   :BetterSplits] getting gtr splits
[Info   :Zeepkist Bingo] [BINGO] === PLAYER SPAWNED ===
[Info   :Zeepkist Bingo] [BINGO] IsInActiveSession: False
[Info   :Zeepkist Bingo] [BINGO] Not in active session, skipping timer reset
[Info   :Zeepkist GTR] 19:04:33 Stopping existing recorder if any
[Info   :Zeepkist GTR] 19:04:33 Creating new recorder
[Info   :Zeepkist GTR] 19:04:33 Start processing HTTP request "POST" https://graphql.zeepki.st/
[Info   :Zeepkist GTR] 19:04:33 Sending HTTP request "POST" https://graphql.zeepki.st/
[Info   :Zeepkist GTR] 19:04:33 Start processing HTTP request "POST" https://graphql.zeepki.st/
[Info   :Zeepkist GTR] 19:04:33 Sending HTTP request "POST" https://graphql.zeepki.st/
[Info   :BetterSplits] got gtr splits
[Info   :Zeepkist GTR] 19:04:33 Received HTTP response headers after 360.9666ms - 200
[Info   :Zeepkist GTR] 19:04:33 Received HTTP response headers after 360.3364ms - 200
[Info   :Zeepkist GTR] 19:04:33 End processing HTTP request after 360.7833ms - 200
[Info   :Zeepkist GTR] 19:04:33 End processing HTTP request after 361.6325ms - 200
[Info   :Zeepkist GTR] 19:04:33 Start processing HTTP request "POST" https://graphql.zeepki.st/
[Info   :Zeepkist GTR] 19:04:33 Sending HTTP request "POST" https://graphql.zeepki.st/
[Info   :Zeepkist GTR] 19:04:33 Received HTTP response headers after 176.7287ms - 200
[Info   :Zeepkist GTR] 19:04:33 End processing HTTP request after 182.553ms - 200
[Info   :Zeepkist GTR] 19:04:34 Starting recorder
[Info   :COTDTracker] Running update tab leaderboard function
[Info   :Zeepkist Bingo] [CHAT] Intercepted message: !cotd endcup
[Info   :Zeepkist Bingo] [CHAT] Not relaying - no bingo session
[Error  :     TeamX]  [TEAMX] Operation failed: Client is already disconnected.
[Info   :Zeepkist Bingo] [BINGO] Application quitting - force disposing WebSocket
[Info   :Zeepkist Bingo] [WEBSOCKET] Force disposed
[Info   :Zeepkist Bingo] [WEBSOCKET] Force disposed
