[Message:   BepInEx] BepInEx 5.4.22.0 - Zeepkist (15/01/2026 17:20:07)
[Info   :   BepInEx] Running under Unity v2021.3.10.1867021
[Info   :   BepInEx] CLR runtime version: 4.0.30319.42000
[Info   :   BepInEx] Supports SRE: True
[Info   :   BepInEx] System platform: Bits64, Windows
[Message:   BepInEx] Preloader started
[Info   :   BepInEx] Loaded 1 patcher method from [BepInEx.Preloader 5.4.22.0]
[Info   :   BepInEx] 1 patcher plugin loaded
[Info   :   BepInEx] Patching [UnityEngine.CoreModule] with [BepInEx.Chainloader]
[Message:   BepInEx] Preloader finished
[Message:   BepInEx] Chainloader ready
[Message:   BepInEx] Chainloader started
[Info   :   BepInEx] 28 plugins to load
[Info   :   BepInEx] Loading [Blueprints X 3.2]
[Info   :   BepInEx] Loading [LocalTranslation 1.0.9.2]
[Info   :LocalTranslation] Plugin andme123.localtranslation is loaded!
[Info   :   BepInEx] Loading [Zeep SDK 2.2.0]
[Info   :  Zeep SDK] Plugin ZeepSDK is loaded!
[Info   :   BepInEx] Loading [AuthorTimeHunting 1.17.4]
[Info   :AuthorTimeHunting] StateMachine: Transitioning from null to StateMasterOff
[Info   :AuthorTimeHunting] Plugin AuthorTimeHunting is loaded!
[Info   :   BepInEx] Loading [BetterSplits 0.2.2]
[Info   :BetterSplits] Plugin BetterSplits is loaded!
[Info   :   BepInEx] Loading [BrokenTracks 0.2.5]
[Info   :BrokenTracks] Plugin BrokenTracks is loaded!
[Info   :   BepInEx] Loading [Chat2Playlist 1.0.8]
[Info   :Chat2Playlist] Plugin Chat2Playlist is loaded!
[Info   :   BepInEx] Loading [Live Leaderboard Logger 0.2.1]
[Info   :Live Leaderboard Logger] Live Leaderboard Logger 0.2.1 loaded.
[Info   :Live Leaderboard Logger] Subscribed: LeaderboardUpdated=True PlayerResultsChanged=True BackingField=True
[Info   :   BepInEx] Loading [Strength of Field 1.0.0]
[Info   :Strength of Field] Strength of Field plugin loaded!
[Info   :   BepInEx] Loading [Topout Tracker 0.1.0]
[Info   :Topout Tracker] Topout Tracker plugin loaded!
[Info   :   BepInEx] Loading [EditorSpeedSplits 1.0.4]
[Info   :EditorSpeedSplits] Plugin com.andme.editorspeedsplits is loaded!
[Info   :   BepInEx] Loading [Chat Utilities 1.4]
[Info   :Chat Utilities] Plugin Chat Utilities is loaded!
[Info   :   BepInEx] Loading [Grid Scaler 1.3]
[Info   :Grid Scaler] Plugin GridScaler is loaded!
[Info   :   BepInEx] Loading [Practice Mode 1.6]
[Info   :Practice Mode] Plugin Practice Mode is loaded!
[Info   :   BepInEx] Loading [Save State 1.3]
[Info   :Save State] Plugin Save State is loaded.
[Info   :   BepInEx] Loading [FastStart 1.0.0]
[Info   : FastStart] Plugin FastStart is loaded!
[Info   :   BepInEx] Loading [COTDTracker 0.11.1]
[Info   :COTDTracker] Plugin COTDTracker is loaded!
[Info   :   BepInEx] Loading [Level Editor Trails 4.0.2]
[Info   :Level Editor Trails] Plugin LevelEditorTrails is loaded!
[Info   :   BepInEx] Loading [Zeepkist GTR 0.40.3]
[Info   :   BepInEx] Loading [Object Properties 7.0.5]
[Info   :Object Properties] Plugin net.tnrd.zeepkist.objectproperties is loaded!
[Info   :   BepInEx] Loading [Zeepkist RTM 2.1.2]
[Info   :Zeepkist RTM] 01:05:39 Patching
[Info   :Zeepkist RTM] 01:05:39 Found 3 eager services
[Info   :Zeepkist RTM] 01:05:39 Found eager service '"UnhandledExceptionLoggerService"'
[Info   :Zeepkist RTM] 01:05:39 Found eager service '"ConfigService"'
[Info   :Zeepkist RTM] 01:05:39 Found eager service '"CommandsService"'
[Info   :Zeepkist RTM] 01:05:39 Application started. Press Ctrl+C to shut down.
[Info   :Zeepkist RTM] 01:05:39 Hosting environment: "Production"
[Info   :Zeepkist RTM] 01:05:39 Content root path: "C:\Program Files (x86)\Steam\steamapps\common\Zeepkist\BepInEx\plugins\Mods\3285481_6342055"
[Info   :Zeepkist RTM] Plugin net.tnrd.zeepkist.rtm is loaded!
[Info   :   BepInEx] Loading [Rushtick 1.0.0]
[Info   :  Rushtick] Plugin Rushtick is loaded!
[Info   :   BepInEx] Loading [SpeedSplits 2.0.0]
[Warning:SpeedSplits] Plugin Speedsplits (Speedsplits) is no longer functional and will not be updated. Please remove this plugin manually or unsubscribe in Modkist if the plugin is still listed.
[Info   :   BepInEx] Loading [TopOutTournament 1.0.17]
[Info   :TopOutTournament] Plugin TopOutTournament is loaded!
[Info   :   BepInEx] Loading [VertexSnapper 3.17.5]
[Info   :VertexSnapper] Plugin VertexSnapper is loaded!
[Info   :   BepInEx] Loading [ZtreamerBot 2.0.0]
[Info   :       Zua] Successfully registered type 'System.Collections.Generic.Dictionary`2[[System.String, mscorlib, Version=4.0.0.0, Culture=neutral, PublicKeyToken=b77a5c561934e089],[System.Object, mscorlib, Version=4.0.0.0, Culture=neutral, PublicKeyToken=b77a5c561934e089]]'.
[Info   :ZtreamerBot] Plugin ZtreamerBot is loaded!
[Info   :   BepInEx] Loading [Workshop2Playlist 1.3.0]
[Info   :Workshop2Playlist] Plugin Workshop2Playlist is loaded!
[Info   :   BepInEx] Loading [ZeepTourney 0.0.9]
[Info   :ZeepTourney] Plugin ZeepTourney is loaded!
[Message:   BepInEx] Chainloader startup complete
[Info   :AuthorTimeHunting] GraphQL client initialized.
[Info   :Strength of Field] ELO data loaded: 2139 players (divisor=1966)
[Info   :Zeepkist GTR] 01:05:41 Patching
[Info   :Zeepkist GTR] 01:05:41 Found 17 eager services
[Info   :Zeepkist GTR] 01:05:41 Application started. Press Ctrl+C to shut down.
[Info   :Zeepkist GTR] 01:05:41 Hosting environment: "Production"
[Info   :Zeepkist GTR] 01:05:41 Content root path: "C:\Program Files (x86)\Steam\steamapps\common\Zeepkist\BepInEx\plugins\Mods\2948039_6688852"
[Info   :Zeepkist GTR] Plugin net.tnrd.zeepkist.gtr is loaded!
[Info   :AuthorTimeHunting] Successfully retrieved 5 random levels
[Info   :ZtreamerBot] UDP Listener auto-started.
[Info   :ZtreamerBot] UDP listener thread started on port 12333.
[Info   :Practice Mode] OnMainMenu: Clearing recordings and creating visualizer.
[Info   :Zeepkist GTR] 01:05:57 Start processing HTTP request "POST" "https://backend.zeepki.st/auth/login"
[Info   :Zeepkist GTR] 01:05:57 Sending HTTP request "POST" "https://backend.zeepki.st/auth/login"
[Info   :VertexSnapper] [VertexSnapper] Config initialized on scene: 3D_MainMenu
[Info   :CrashlyticsApi] Initializing bugsnag
[Info   :CrashlyticsApi] Bugsnag initialized
[Info   :Zeepkist GTR] 01:05:58 Received HTTP response headers after 909.3591ms - 200
[Info   :Zeepkist GTR] 01:05:58 End processing HTTP request after 922.7909ms - 200
[Info   :BetterSplits] getting gtr splits
[Info   :Zeepkist GTR] 01:06:11 Loading personal best...
[Info   :Zeepkist GTR] 01:06:11 Start processing HTTP request "POST" "https://graphql.zeepki.st/"
[Info   :Zeepkist GTR] 01:06:11 Sending HTTP request "POST" "https://graphql.zeepki.st/"
[Info   :Zeepkist GTR] 01:06:11 Stopping existing recorder if any
[Info   :Zeepkist GTR] 01:06:11 Creating new recorder
[Info   :Zeepkist GTR] 01:06:11 Start processing HTTP request "POST" "https://graphql.zeepki.st/"
[Info   :Zeepkist GTR] 01:06:11 Sending HTTP request "POST" "https://graphql.zeepki.st/"
[Info   :Zeepkist GTR] 01:06:11 Start processing HTTP request "POST" "https://graphql.zeepki.st/"
[Info   :Zeepkist GTR] 01:06:11 Sending HTTP request "POST" "https://graphql.zeepki.st/"
[Error  :BetterSplits] could not get splits
Response: StatusCode: 400, ReasonPhrase: 'Bad Request', Version: 1.1, Content: System.Net.Http.StreamContent, Headers:
{
Date: Fri, 22 May 2026 23:06:10 GMT
Connection: keep-alive
access-control-allow-headers: Origin, X-Requested-With, Accept, Authorization, X-Apollo-Tracing, Content-Type, Content-Length, X-PostGraphile-Explain
access-control-allow-methods: HEAD, GET, POST
access-control-allow-origin: *
access-control-expose-headers: X-GraphQL-Event-Stream
alt-svc: h3=":443"; ma=86400
vary: Origin
via: 1.1 Caddy
x-graphql-event-stream: /stream
x-query-cost: 115
cf-cache-status: DYNAMIC
x-xss-protection: 1; mode=block
Strict-Transport-Security: max-age=15552000; includeSubDomains; preload
x-content-type-options: nosniff
Server-Timing: cfCacheStatus;desc="DYNAMIC", cfEdge;dur=6,cfOrigin;dur=38
Report-To: {"group":"cf-nel","max_age":604800,"endpoints":[{"url":"https://a.nel.cloudflare.com/report/v4?s=R7gfmUnHxAimtcf8H2PTCWf1SXrddPYe23EFw9WR8w5SvUECEdK5HIxxfHUZPdD9pON7xpd0qwqSrAuAMPYsTa2VB56ueBKA%2FV0gs%2BqXSNvwyAoXI2k6fElLKkwLDcg3EfDXZg%3D%3D"}]}
Nel: {"report_to":"cf-nel","success_fraction":0.0,"max_age":604800}
expect-ct: max-age=86400, enforce
referrer-policy: same-origin
x-frame-options: SAMEORIGIN
Server: cloudflare
CF-RAY: 9fff7848b97dddf6-MAD
Content-Type: application/json; charset=utf-8
Content-Length: 172
} 
Content: {"errors":[{"message":"Cannot query field \"personalBestGlobalsByIdLevel\" on type \"Level\". Did you mean \"personalBestGlobals\"?","locations":[{"line":1,"column":87}]}]}
Url: https://graphql.zeepki.st
Request: {"query":"query BetterSplitsPB($hash: String!, $steamId: BigFloat) { levelByHash(hash: $hash) { personalBestGlobalsByIdLevel(filter: {userByIdUser: {steamId: {equalTo: $steamId}}}) { nodes { recordByIdRecord { speeds splits time }}}}}","variables":{"hash":"809AD3A320B81FA0EDD1318EDDEF4987D3CEE998","steamId":"76561197972890120"}}
[Info   :Zeepkist GTR] 01:06:11 Received HTTP response headers after 95.2159ms - 200
[Info   :Zeepkist GTR] 01:06:11 End processing HTTP request after 95.5163ms - 200
[Info   :Zeepkist GTR] 01:06:11 Received HTTP response headers after 162.0738ms - 200
[Info   :Zeepkist GTR] 01:06:11 End processing HTTP request after 162.3625ms - 200
[Info   :Zeepkist GTR] 01:06:11 Received HTTP response headers after 219.544ms - 200
[Info   :Zeepkist GTR] 01:06:11 End processing HTTP request after 219.8176ms - 200
[Info   :RoundLeaderboardTab] Drawing leaderboard -> forwarding to Instance.DrawTabLeaderboard()
[Info   :Zeepkist GTR] 01:06:13 Starting recorder
[Info   :   Console] Download started for AppId: 1440670, FileId: 3383325893, Result: OK
[Info   :Zeepkist GTR] 01:06:24 Loading personal best...
[Info   :Zeepkist GTR] 01:06:24 Start processing HTTP request "POST" "https://graphql.zeepki.st/"
[Info   :Zeepkist GTR] 01:06:24 Sending HTTP request "POST" "https://graphql.zeepki.st/"
[Info   :Zeepkist GTR] 01:06:24 Stopping existing recorder if any
[Info   :Zeepkist GTR] 01:06:24 Creating new recorder
[Info   :Zeepkist GTR] 01:06:24 Start processing HTTP request "POST" "https://graphql.zeepki.st/"
[Info   :Zeepkist GTR] 01:06:24 Sending HTTP request "POST" "https://graphql.zeepki.st/"
[Info   :Zeepkist GTR] 01:06:24 Start processing HTTP request "POST" "https://graphql.zeepki.st/"
[Info   :Zeepkist GTR] 01:06:24 Sending HTTP request "POST" "https://graphql.zeepki.st/"
[Info   :Zeepkist GTR] 01:06:24 Received HTTP response headers after 63.3472ms - 200
[Info   :Zeepkist GTR] 01:06:24 End processing HTTP request after 63.6377ms - 200
[Info   :Zeepkist GTR] 01:06:24 Received HTTP response headers after 68.3488ms - 200
[Info   :Zeepkist GTR] 01:06:24 End processing HTTP request after 68.5762ms - 200
[Info   :Zeepkist GTR] 01:06:24 Received HTTP response headers after 130.5579ms - 200
[Info   :Zeepkist GTR] 01:06:24 End processing HTTP request after 130.7953ms - 200
[Info   :Zeepkist GTR] 01:06:25 Starting recorder
[Info   :Zeepkist GTR] 01:06:35 Loading personal best...
[Info   :Zeepkist GTR] 01:06:35 Start processing HTTP request "POST" "https://graphql.zeepki.st/"
[Info   :Zeepkist GTR] 01:06:35 Sending HTTP request "POST" "https://graphql.zeepki.st/"
[Info   :Zeepkist GTR] 01:06:35 Stopping existing recorder if any
[Info   :Zeepkist GTR] 01:06:35 Creating new recorder
[Info   :Zeepkist GTR] 01:06:35 Start processing HTTP request "POST" "https://graphql.zeepki.st/"
[Info   :Zeepkist GTR] 01:06:35 Sending HTTP request "POST" "https://graphql.zeepki.st/"
[Info   :Zeepkist GTR] 01:06:35 Start processing HTTP request "POST" "https://graphql.zeepki.st/"
[Info   :Zeepkist GTR] 01:06:35 Sending HTTP request "POST" "https://graphql.zeepki.st/"
[Info   :Zeepkist GTR] 01:06:35 Received HTTP response headers after 56.2095ms - 200
[Info   :Zeepkist GTR] 01:06:35 End processing HTTP request after 56.4518ms - 200
[Info   :Zeepkist GTR] 01:06:35 Received HTTP response headers after 57.5122ms - 200
[Info   :Zeepkist GTR] 01:06:35 End processing HTTP request after 57.7543ms - 200
[Info   :Zeepkist GTR] 01:06:35 Received HTTP response headers after 110.6141ms - 200
[Info   :Zeepkist GTR] 01:06:35 End processing HTTP request after 110.834ms - 200
[Info   :Zeepkist GTR] 01:06:37 Starting recorder
[Info   :Zeepkist GTR] 01:06:45 Loading personal best...
[Info   :Zeepkist GTR] 01:06:45 Start processing HTTP request "POST" "https://graphql.zeepki.st/"
[Info   :Zeepkist GTR] 01:06:45 Sending HTTP request "POST" "https://graphql.zeepki.st/"
[Info   :Zeepkist GTR] 01:06:45 Stopping existing recorder if any
[Info   :Zeepkist GTR] 01:06:45 Creating new recorder
[Info   :Zeepkist GTR] 01:06:45 Start processing HTTP request "POST" "https://graphql.zeepki.st/"
[Info   :Zeepkist GTR] 01:06:45 Sending HTTP request "POST" "https://graphql.zeepki.st/"
[Info   :Zeepkist GTR] 01:06:45 Start processing HTTP request "POST" "https://graphql.zeepki.st/"
[Info   :Zeepkist GTR] 01:06:45 Sending HTTP request "POST" "https://graphql.zeepki.st/"
[Info   :Zeepkist GTR] 01:06:45 Received HTTP response headers after 61.9651ms - 200
[Info   :Zeepkist GTR] 01:06:45 End processing HTTP request after 62.187ms - 200
[Info   :Zeepkist GTR] 01:06:45 Received HTTP response headers after 66.5525ms - 200
[Info   :Zeepkist GTR] 01:06:45 End processing HTTP request after 66.8618ms - 200
[Info   :Zeepkist GTR] 01:06:45 Received HTTP response headers after 119.3054ms - 200
[Info   :Zeepkist GTR] 01:06:45 End processing HTTP request after 119.5337ms - 200
[Info   :Zeepkist GTR] 01:06:46 Discarding recorder
[Info   :Zeepkist GTR] 01:06:47 Starting recorder
[Error  :RecordingService] Unhandled exception in OnRoundStarted: System.Reflection.TargetInvocationException: Exception has been thrown by the target of an invocation. ---> System.NullReferenceException: Object reference not set to an instance of an object
  at TNRD.Zeepkist.GTR.Ghosting.Recording.RecordingService.OnRoundStarted () [0x00026] in C:\a\Zeepkist.GTR.Mod\Zeepkist.GTR.Mod\Ghosting\Recording\RecordingService.cs:72 
  at (wrapper managed-to-native) System.Reflection.RuntimeMethodInfo.InternalInvoke(System.Reflection.RuntimeMethodInfo,object,object[],System.Exception&)
  at System.Reflection.RuntimeMethodInfo.Invoke (System.Object obj, System.Reflection.BindingFlags invokeAttr, System.Reflection.Binder binder, System.Object[] parameters, System.Globalization.CultureInfo culture) [0x0006a] in <9aad1b3a47484d63ba2b3985692d80e9>:0 
   --- End of inner exception stack trace ---
  at System.Reflection.RuntimeMethodInfo.Invoke (System.Object obj, System.Reflection.BindingFlags invokeAttr, System.Reflection.Binder binder, System.Object[] parameters, System.Globalization.CultureInfo culture) [0x00083] in <9aad1b3a47484d63ba2b3985692d80e9>:0 
  at System.Reflection.MethodBase.Invoke (System.Object obj, System.Object[] parameters) [0x00000] in <9aad1b3a47484d63ba2b3985692d80e9>:0 
  at System.Delegate.DynamicInvokeImpl (System.Object[] args) [0x000e7] in <9aad1b3a47484d63ba2b3985692d80e9>:0 
  at System.MulticastDelegate.DynamicInvokeImpl (System.Object[] args) [0x00008] in <9aad1b3a47484d63ba2b3985692d80e9>:0 
  at System.Delegate.DynamicInvoke (System.Object[] args) [0x00000] in <9aad1b3a47484d63ba2b3985692d80e9>:0 
  at ZeepSDK.Extensions.DelegateExtensions.InvokeSafe (System.Delegate d, System.Object[] args) [0x00031] in D:\a\ZeepSDK\ZeepSDK\ZeepSDK\Extensions\DelegateExtensions.cs:22 
[Info   :RoundLeaderboardTab] Drawing leaderboard -> forwarding to Instance.DrawTabLeaderboard()
[Info   :BetterSplits] getting gtr splits
[Info   :Zeepkist GTR] 01:07:00 Loading personal best...
[Info   :Zeepkist GTR] 01:07:00 Start processing HTTP request "POST" "https://graphql.zeepki.st/"
[Info   :Zeepkist GTR] 01:07:00 Sending HTTP request "POST" "https://graphql.zeepki.st/"
[Info   :Zeepkist GTR] 01:07:00 Stopping existing recorder if any
[Info   :Zeepkist GTR] 01:07:00 Creating new recorder
[Info   :Zeepkist GTR] 01:07:00 Start processing HTTP request "POST" "https://graphql.zeepki.st/"
[Info   :Zeepkist GTR] 01:07:00 Sending HTTP request "POST" "https://graphql.zeepki.st/"
[Info   :Zeepkist GTR] 01:07:00 Start processing HTTP request "POST" "https://graphql.zeepki.st/"
[Info   :Zeepkist GTR] 01:07:00 Sending HTTP request "POST" "https://graphql.zeepki.st/"
[Error  :BetterSplits] could not get splits
Response: StatusCode: 400, ReasonPhrase: 'Bad Request', Version: 1.1, Content: System.Net.Http.StreamContent, Headers:
{
Date: Fri, 22 May 2026 23:07:00 GMT
Connection: keep-alive
access-control-allow-headers: Origin, X-Requested-With, Accept, Authorization, X-Apollo-Tracing, Content-Type, Content-Length, X-PostGraphile-Explain
access-control-allow-methods: HEAD, GET, POST
access-control-allow-origin: *
access-control-expose-headers: X-GraphQL-Event-Stream
alt-svc: h3=":443"; ma=86400
vary: Origin
via: 1.1 Caddy
x-graphql-event-stream: /stream
x-query-cost: 115
cf-cache-status: DYNAMIC
x-xss-protection: 1; mode=block
Strict-Transport-Security: max-age=15552000; includeSubDomains; preload
x-content-type-options: nosniff
Server-Timing: cfCacheStatus;desc="DYNAMIC", cfEdge;dur=2,cfOrigin;dur=39
Report-To: {"group":"cf-nel","max_age":604800,"endpoints":[{"url":"https://a.nel.cloudflare.com/report/v4?s=SqbW8B7v0EaVHxVj8JlnUBPE1Ap68dcDliUBhV%2BG0i6hkfzMne0c9MwpQiY9cuD0stQR4tk9e8ltPtwPLn7vtXZn1OrSpI1Dc45LqaPbZt%2F8i9OFliXVXN1KGV3TKHeuy4Y0cg%3D%3D"}]}
Nel: {"report_to":"cf-nel","success_fraction":0.0,"max_age":604800}
expect-ct: max-age=86400, enforce
referrer-policy: same-origin
x-frame-options: SAMEORIGIN
Server: cloudflare
CF-RAY: 9fff797dedd5ddf6-MAD
Content-Type: application/json; charset=utf-8
Content-Length: 172
} 
Content: {"errors":[{"message":"Cannot query field \"personalBestGlobalsByIdLevel\" on type \"Level\". Did you mean \"personalBestGlobals\"?","locations":[{"line":1,"column":87}]}]}
Url: https://graphql.zeepki.st
Request: {"query":"query BetterSplitsPB($hash: String!, $steamId: BigFloat) { levelByHash(hash: $hash) { personalBestGlobalsByIdLevel(filter: {userByIdUser: {steamId: {equalTo: $steamId}}}) { nodes { recordByIdRecord { speeds splits time }}}}}","variables":{"hash":"4D4C3A4F1708C1E5D7A20FEAF3653573D12639E9","steamId":"76561197972890120"}}
[Info   :Zeepkist GTR] 01:07:00 Received HTTP response headers after 65.9182ms - 200
[Info   :Zeepkist GTR] 01:07:00 End processing HTTP request after 66.1994ms - 200
[Info   :Zeepkist GTR] 01:07:00 Received HTTP response headers after 66.8923ms - 200
[Info   :Zeepkist GTR] 01:07:00 End processing HTTP request after 67.083ms - 200
[Info   :Zeepkist GTR] 01:07:00 Received HTTP response headers after 134.1456ms - 200
[Info   :Zeepkist GTR] 01:07:00 End processing HTTP request after 134.3583ms - 200
[Info   :Zeepkist GTR] 01:07:02 Starting recorder
[Info   :Zeepkist GTR] 01:07:14 Loading personal best...
[Info   :Zeepkist GTR] 01:07:14 Start processing HTTP request "POST" "https://graphql.zeepki.st/"
[Info   :Zeepkist GTR] 01:07:14 Sending HTTP request "POST" "https://graphql.zeepki.st/"
[Info   :Zeepkist GTR] 01:07:14 Stopping existing recorder if any
[Info   :Zeepkist GTR] 01:07:14 Creating new recorder
[Info   :Zeepkist GTR] 01:07:14 Start processing HTTP request "POST" "https://graphql.zeepki.st/"
[Info   :Zeepkist GTR] 01:07:14 Sending HTTP request "POST" "https://graphql.zeepki.st/"
[Info   :Zeepkist GTR] 01:07:14 Start processing HTTP request "POST" "https://graphql.zeepki.st/"
[Info   :Zeepkist GTR] 01:07:14 Sending HTTP request "POST" "https://graphql.zeepki.st/"
[Info   :Zeepkist GTR] 01:07:14 Received HTTP response headers after 75.6413ms - 200
[Info   :Zeepkist GTR] 01:07:14 Received HTTP response headers after 76.1097ms - 200
[Info   :Zeepkist GTR] 01:07:14 End processing HTTP request after 75.8714ms - 200
[Info   :Zeepkist GTR] 01:07:14 End processing HTTP request after 76.3669ms - 200
[Info   :Zeepkist GTR] 01:07:14 Received HTTP response headers after 173.1224ms - 200
[Info   :Zeepkist GTR] 01:07:14 End processing HTTP request after 173.3502ms - 200
[Info   :Zeepkist GTR] 01:07:16 Starting recorder
[Info   :Zeepkist GTR] 01:07:29 Loading personal best...
[Info   :Zeepkist GTR] 01:07:29 Start processing HTTP request "POST" "https://graphql.zeepki.st/"
[Info   :Zeepkist GTR] 01:07:29 Sending HTTP request "POST" "https://graphql.zeepki.st/"
[Info   :Zeepkist GTR] 01:07:29 Stopping existing recorder if any
[Info   :Zeepkist GTR] 01:07:29 Creating new recorder
[Info   :Zeepkist GTR] 01:07:29 Start processing HTTP request "POST" "https://graphql.zeepki.st/"
[Info   :Zeepkist GTR] 01:07:29 Sending HTTP request "POST" "https://graphql.zeepki.st/"
[Info   :Zeepkist GTR] 01:07:29 Start processing HTTP request "POST" "https://graphql.zeepki.st/"
[Info   :Zeepkist GTR] 01:07:29 Sending HTTP request "POST" "https://graphql.zeepki.st/"
[Info   :Zeepkist GTR] 01:07:29 Received HTTP response headers after 104.4208ms - 200
[Info   :Zeepkist GTR] 01:07:29 End processing HTTP request after 104.6486ms - 200
[Info   :Zeepkist GTR] 01:07:29 Received HTTP response headers after 107.5251ms - 200
[Info   :Zeepkist GTR] 01:07:29 End processing HTTP request after 107.7212ms - 200
[Info   :Zeepkist GTR] 01:07:29 Received HTTP response headers after 183.9962ms - 200
[Info   :Zeepkist GTR] 01:07:29 End processing HTTP request after 184.2142ms - 200
[Info   :Zeepkist GTR] 01:07:30 Starting recorder
[Info   :Zeepkist GTR] 01:07:53 Loading personal best...
[Info   :Zeepkist GTR] 01:07:53 Start processing HTTP request "POST" "https://graphql.zeepki.st/"
[Info   :Zeepkist GTR] 01:07:53 Sending HTTP request "POST" "https://graphql.zeepki.st/"
[Info   :Zeepkist GTR] 01:07:53 Stopping existing recorder if any
[Info   :Zeepkist GTR] 01:07:53 Creating new recorder
[Info   :Zeepkist GTR] 01:07:53 Start processing HTTP request "POST" "https://graphql.zeepki.st/"
[Info   :Zeepkist GTR] 01:07:53 Sending HTTP request "POST" "https://graphql.zeepki.st/"
[Info   :Zeepkist GTR] 01:07:53 Start processing HTTP request "POST" "https://graphql.zeepki.st/"
[Info   :Zeepkist GTR] 01:07:53 Sending HTTP request "POST" "https://graphql.zeepki.st/"
[Info   :Zeepkist GTR] 01:07:53 Received HTTP response headers after 91.0233ms - 200
[Info   :Zeepkist GTR] 01:07:53 End processing HTTP request after 91.232ms - 200
[Info   :Zeepkist GTR] 01:07:53 Received HTTP response headers after 91.8837ms - 200
[Info   :Zeepkist GTR] 01:07:53 End processing HTTP request after 92.0803ms - 200
[Info   :Zeepkist GTR] 01:07:53 Received HTTP response headers after 175.3794ms - 200
[Info   :Zeepkist GTR] 01:07:53 End processing HTTP request after 175.6364ms - 200
[Info   :Zeepkist GTR] 01:07:54 Starting recorder
[Info   :Zeepkist GTR] 01:08:02 Loading personal best...
[Info   :Zeepkist GTR] 01:08:02 Start processing HTTP request "POST" "https://graphql.zeepki.st/"
[Info   :Zeepkist GTR] 01:08:02 Sending HTTP request "POST" "https://graphql.zeepki.st/"
[Info   :Zeepkist GTR] 01:08:02 Stopping existing recorder if any
[Info   :Zeepkist GTR] 01:08:02 Creating new recorder
[Info   :Zeepkist GTR] 01:08:02 Start processing HTTP request "POST" "https://graphql.zeepki.st/"
[Info   :Zeepkist GTR] 01:08:02 Sending HTTP request "POST" "https://graphql.zeepki.st/"
[Info   :Zeepkist GTR] 01:08:02 Start processing HTTP request "POST" "https://graphql.zeepki.st/"
[Info   :Zeepkist GTR] 01:08:02 Sending HTTP request "POST" "https://graphql.zeepki.st/"
[Info   :Zeepkist GTR] 01:08:02 Received HTTP response headers after 51.3621ms - 200
[Info   :Zeepkist GTR] 01:08:02 End processing HTTP request after 51.5962ms - 200
[Info   :Zeepkist GTR] 01:08:02 Received HTTP response headers after 53.6003ms - 200
[Info   :Zeepkist GTR] 01:08:02 End processing HTTP request after 53.8064ms - 200
[Info   :Zeepkist GTR] 01:08:02 Received HTTP response headers after 110.5613ms - 200
[Info   :Zeepkist GTR] 01:08:02 End processing HTTP request after 110.7831ms - 200
[Info   :Zeepkist GTR] 01:08:04 Starting recorder
[Info   :Zeepkist GTR] 01:08:17 Loading personal best...
[Info   :Zeepkist GTR] 01:08:17 Start processing HTTP request "POST" "https://graphql.zeepki.st/"
[Info   :Zeepkist GTR] 01:08:17 Sending HTTP request "POST" "https://graphql.zeepki.st/"
[Info   :Zeepkist GTR] 01:08:17 Stopping existing recorder if any
[Info   :Zeepkist GTR] 01:08:17 Creating new recorder
[Info   :Zeepkist GTR] 01:08:17 Start processing HTTP request "POST" "https://graphql.zeepki.st/"
[Info   :Zeepkist GTR] 01:08:17 Sending HTTP request "POST" "https://graphql.zeepki.st/"
[Info   :Zeepkist GTR] 01:08:17 Start processing HTTP request "POST" "https://graphql.zeepki.st/"
[Info   :Zeepkist GTR] 01:08:17 Sending HTTP request "POST" "https://graphql.zeepki.st/"
[Info   :Zeepkist GTR] 01:08:17 Received HTTP response headers after 212.1604ms - 200
[Info   :Zeepkist GTR] 01:08:17 End processing HTTP request after 212.404ms - 200
[Info   :Zeepkist GTR] 01:08:17 Received HTTP response headers after 213.8064ms - 200
[Info   :Zeepkist GTR] 01:08:17 End processing HTTP request after 213.9687ms - 200
[Info   :Zeepkist GTR] 01:08:17 Received HTTP response headers after 270.0626ms - 200
[Info   :Zeepkist GTR] 01:08:17 End processing HTTP request after 270.2751ms - 200
[Info   :Zeepkist GTR] 01:08:18 Starting recorder
[Info   :Zeepkist GTR] 01:08:29 Loading personal best...
[Info   :Zeepkist GTR] 01:08:29 Start processing HTTP request "POST" "https://graphql.zeepki.st/"
[Info   :Zeepkist GTR] 01:08:29 Sending HTTP request "POST" "https://graphql.zeepki.st/"
[Info   :Zeepkist GTR] 01:08:29 Stopping existing recorder if any
[Info   :Zeepkist GTR] 01:08:29 Creating new recorder
[Info   :Zeepkist GTR] 01:08:29 Start processing HTTP request "POST" "https://graphql.zeepki.st/"
[Info   :Zeepkist GTR] 01:08:29 Sending HTTP request "POST" "https://graphql.zeepki.st/"
[Info   :Zeepkist GTR] 01:08:29 Start processing HTTP request "POST" "https://graphql.zeepki.st/"
[Info   :Zeepkist GTR] 01:08:29 Sending HTTP request "POST" "https://graphql.zeepki.st/"
[Info   :Zeepkist GTR] 01:08:29 Received HTTP response headers after 70.1005ms - 200
[Info   :Zeepkist GTR] 01:08:29 End processing HTTP request after 73.4883ms - 200
[Info   :Zeepkist GTR] 01:08:29 Received HTTP response headers after 78.8954ms - 200
[Info   :Zeepkist GTR] 01:08:29 End processing HTTP request after 79.084ms - 200
[Info   :Zeepkist GTR] 01:08:29 Received HTTP response headers after 134.4983ms - 200
[Info   :Zeepkist GTR] 01:08:29 End processing HTTP request after 134.7939ms - 200
[Info   :Zeepkist GTR] 01:08:30 Starting recorder
[Info   :RoundLeaderboardTab] Drawing leaderboard -> forwarding to Instance.DrawTabLeaderboard()
[Info   :Zeepkist GTR] 01:08:43 Loading personal best...
[Info   :Zeepkist GTR] 01:08:43 Start processing HTTP request "POST" "https://graphql.zeepki.st/"
[Info   :Zeepkist GTR] 01:08:43 Sending HTTP request "POST" "https://graphql.zeepki.st/"
[Info   :Zeepkist GTR] 01:08:43 Stopping existing recorder if any
[Info   :Zeepkist GTR] 01:08:43 Creating new recorder
[Info   :Zeepkist GTR] 01:08:43 Start processing HTTP request "POST" "https://graphql.zeepki.st/"
[Info   :Zeepkist GTR] 01:08:43 Sending HTTP request "POST" "https://graphql.zeepki.st/"
[Info   :Zeepkist GTR] 01:08:43 Start processing HTTP request "POST" "https://graphql.zeepki.st/"
[Info   :Zeepkist GTR] 01:08:43 Sending HTTP request "POST" "https://graphql.zeepki.st/"
[Info   :Zeepkist GTR] 01:08:43 Received HTTP response headers after 75.7595ms - 200
[Info   :Zeepkist GTR] 01:08:43 End processing HTTP request after 75.9848ms - 200
[Info   :Zeepkist GTR] 01:08:43 Received HTTP response headers after 77.6643ms - 200
[Info   :Zeepkist GTR] 01:08:43 End processing HTTP request after 77.8579ms - 200
[Info   :Zeepkist GTR] 01:08:43 Received HTTP response headers after 157.8628ms - 200
[Info   :Zeepkist GTR] 01:08:43 End processing HTTP request after 158.0864ms - 200
[Info   :Zeepkist GTR] 01:08:44 Starting recorder
[Info   :Zeepkist GTR] 01:09:02 Loading personal best...
[Info   :Zeepkist GTR] 01:09:02 Start processing HTTP request "POST" "https://graphql.zeepki.st/"
[Info   :Zeepkist GTR] 01:09:02 Sending HTTP request "POST" "https://graphql.zeepki.st/"
[Info   :Zeepkist GTR] 01:09:02 Stopping existing recorder if any
[Info   :Zeepkist GTR] 01:09:02 Creating new recorder
[Info   :Zeepkist GTR] 01:09:02 Start processing HTTP request "POST" "https://graphql.zeepki.st/"
[Info   :Zeepkist GTR] 01:09:02 Sending HTTP request "POST" "https://graphql.zeepki.st/"
[Info   :Zeepkist GTR] 01:09:02 Start processing HTTP request "POST" "https://graphql.zeepki.st/"
[Info   :Zeepkist GTR] 01:09:02 Sending HTTP request "POST" "https://graphql.zeepki.st/"
[Info   :Zeepkist GTR] 01:09:02 Received HTTP response headers after 72.9835ms - 200
[Info   :Zeepkist GTR] 01:09:02 End processing HTTP request after 73.2217ms - 200
[Info   :Zeepkist GTR] 01:09:02 Received HTTP response headers after 73.6961ms - 200
[Info   :Zeepkist GTR] 01:09:02 End processing HTTP request after 73.8758ms - 200
[Info   :Zeepkist GTR] 01:09:02 Received HTTP response headers after 142.2353ms - 200
[Info   :Zeepkist GTR] 01:09:02 End processing HTTP request after 142.4818ms - 200
[Info   :Zeepkist GTR] 01:09:04 Starting recorder
[Info   :Zeepkist GTR] 01:09:15 Loading personal best...
[Info   :Zeepkist GTR] 01:09:15 Start processing HTTP request "POST" "https://graphql.zeepki.st/"
[Info   :Zeepkist GTR] 01:09:15 Sending HTTP request "POST" "https://graphql.zeepki.st/"
[Info   :Zeepkist GTR] 01:09:15 Stopping existing recorder if any
[Info   :Zeepkist GTR] 01:09:15 Creating new recorder
[Info   :Zeepkist GTR] 01:09:15 Start processing HTTP request "POST" "https://graphql.zeepki.st/"
[Info   :Zeepkist GTR] 01:09:15 Sending HTTP request "POST" "https://graphql.zeepki.st/"
[Info   :Zeepkist GTR] 01:09:15 Start processing HTTP request "POST" "https://graphql.zeepki.st/"
[Info   :Zeepkist GTR] 01:09:15 Sending HTTP request "POST" "https://graphql.zeepki.st/"
[Info   :Zeepkist GTR] 01:09:15 Received HTTP response headers after 55.5142ms - 200
[Info   :Zeepkist GTR] 01:09:15 End processing HTTP request after 55.7547ms - 200
[Info   :Zeepkist GTR] 01:09:15 Received HTTP response headers after 56.7274ms - 200
[Info   :Zeepkist GTR] 01:09:15 End processing HTTP request after 56.9127ms - 200
[Info   :Zeepkist GTR] 01:09:15 Received HTTP response headers after 122.3601ms - 200
[Info   :Zeepkist GTR] 01:09:15 End processing HTTP request after 122.5878ms - 200
[Info   :Zeepkist GTR] 01:09:17 Starting recorder
[Info   :Zeepkist GTR] 01:09:35 Loading personal best...
[Info   :Zeepkist GTR] 01:09:35 Start processing HTTP request "POST" "https://graphql.zeepki.st/"
[Info   :Zeepkist GTR] 01:09:35 Sending HTTP request "POST" "https://graphql.zeepki.st/"
[Info   :Zeepkist GTR] 01:09:35 Stopping existing recorder if any
[Info   :Zeepkist GTR] 01:09:35 Creating new recorder
[Info   :Zeepkist GTR] 01:09:35 Start processing HTTP request "POST" "https://graphql.zeepki.st/"
[Info   :Zeepkist GTR] 01:09:35 Sending HTTP request "POST" "https://graphql.zeepki.st/"
[Info   :Zeepkist GTR] 01:09:35 Start processing HTTP request "POST" "https://graphql.zeepki.st/"
[Info   :Zeepkist GTR] 01:09:35 Sending HTTP request "POST" "https://graphql.zeepki.st/"
[Info   :Zeepkist GTR] 01:09:35 Received HTTP response headers after 55.446ms - 200
[Info   :Zeepkist GTR] 01:09:35 End processing HTTP request after 55.673ms - 200
[Info   :Zeepkist GTR] 01:09:35 Received HTTP response headers after 57.6301ms - 200
[Info   :Zeepkist GTR] 01:09:35 End processing HTTP request after 57.8185ms - 200
[Info   :Zeepkist GTR] 01:09:35 Received HTTP response headers after 107.1364ms - 200
[Info   :Zeepkist GTR] 01:09:35 End processing HTTP request after 107.3588ms - 200
[Info   :Zeepkist GTR] 01:09:36 Starting recorder
[Info   :Zeepkist GTR] 01:09:57 Loading personal best...
[Info   :Zeepkist GTR] 01:09:57 Start processing HTTP request "POST" "https://graphql.zeepki.st/"
[Info   :Zeepkist GTR] 01:09:57 Sending HTTP request "POST" "https://graphql.zeepki.st/"
[Info   :Zeepkist GTR] 01:09:57 Stopping existing recorder if any
[Info   :Zeepkist GTR] 01:09:57 Creating new recorder
[Info   :Zeepkist GTR] 01:09:57 Start processing HTTP request "POST" "https://graphql.zeepki.st/"
[Info   :Zeepkist GTR] 01:09:57 Sending HTTP request "POST" "https://graphql.zeepki.st/"
[Info   :Zeepkist GTR] 01:09:57 Start processing HTTP request "POST" "https://graphql.zeepki.st/"
[Info   :Zeepkist GTR] 01:09:57 Sending HTTP request "POST" "https://graphql.zeepki.st/"
[Info   :Zeepkist GTR] 01:09:57 Received HTTP response headers after 59.1876ms - 200
[Info   :Zeepkist GTR] 01:09:57 End processing HTTP request after 59.4418ms - 200
[Info   :Zeepkist GTR] 01:09:57 Received HTTP response headers after 60.2946ms - 200
[Info   :Zeepkist GTR] 01:09:57 End processing HTTP request after 60.4726ms - 200
[Info   :Zeepkist GTR] 01:09:57 Received HTTP response headers after 125.9374ms - 200
[Info   :Zeepkist GTR] 01:09:57 End processing HTTP request after 126.1423ms - 200
[Info   :Zeepkist GTR] 01:09:59 Starting recorder
[Info   :Zeepkist GTR] 01:10:24 Loading personal best...
[Info   :Zeepkist GTR] 01:10:24 Start processing HTTP request "POST" "https://graphql.zeepki.st/"
[Info   :Zeepkist GTR] 01:10:24 Sending HTTP request "POST" "https://graphql.zeepki.st/"
[Info   :Zeepkist GTR] 01:10:24 Stopping existing recorder if any
[Info   :Zeepkist GTR] 01:10:24 Creating new recorder
[Info   :Zeepkist GTR] 01:10:24 Start processing HTTP request "POST" "https://graphql.zeepki.st/"
[Info   :Zeepkist GTR] 01:10:24 Sending HTTP request "POST" "https://graphql.zeepki.st/"
[Info   :Zeepkist GTR] 01:10:24 Start processing HTTP request "POST" "https://graphql.zeepki.st/"
[Info   :Zeepkist GTR] 01:10:24 Sending HTTP request "POST" "https://graphql.zeepki.st/"
[Info   :Zeepkist GTR] 01:10:25 Received HTTP response headers after 112.1479ms - 200
[Info   :Zeepkist GTR] 01:10:25 End processing HTTP request after 112.3649ms - 200
[Info   :Zeepkist GTR] 01:10:25 Received HTTP response headers after 124.5643ms - 200
[Info   :Zeepkist GTR] 01:10:25 End processing HTTP request after 124.7953ms - 200
[Info   :Zeepkist GTR] 01:10:25 Received HTTP response headers after 193.5002ms - 200
[Info   :Zeepkist GTR] 01:10:25 End processing HTTP request after 193.7156ms - 200
[Info   :Zeepkist GTR] 01:10:26 Starting recorder
[Info   :Zeepkist GTR] 01:10:36 Loading personal best...
[Info   :Zeepkist GTR] 01:10:36 Start processing HTTP request "POST" "https://graphql.zeepki.st/"
[Info   :Zeepkist GTR] 01:10:36 Sending HTTP request "POST" "https://graphql.zeepki.st/"
[Info   :Zeepkist GTR] 01:10:36 Stopping existing recorder if any
[Info   :Zeepkist GTR] 01:10:36 Creating new recorder
[Info   :Zeepkist GTR] 01:10:36 Start processing HTTP request "POST" "https://graphql.zeepki.st/"
[Info   :Zeepkist GTR] 01:10:36 Sending HTTP request "POST" "https://graphql.zeepki.st/"
[Info   :Zeepkist GTR] 01:10:36 Start processing HTTP request "POST" "https://graphql.zeepki.st/"
[Info   :Zeepkist GTR] 01:10:36 Sending HTTP request "POST" "https://graphql.zeepki.st/"
[Info   :Zeepkist GTR] 01:10:36 Received HTTP response headers after 87.51ms - 200
[Info   :Zeepkist GTR] 01:10:36 End processing HTTP request after 87.7969ms - 200
[Info   :Zeepkist GTR] 01:10:36 Received HTTP response headers after 87.1946ms - 200
[Info   :Zeepkist GTR] 01:10:36 End processing HTTP request after 87.4125ms - 200
[Info   :Zeepkist GTR] 01:10:36 Received HTTP response headers after 141.3801ms - 200
[Info   :Zeepkist GTR] 01:10:36 End processing HTTP request after 141.637ms - 200
[Info   :Zeepkist GTR] 01:10:38 Starting recorder
[Info   :Zeepkist GTR] 01:10:55 Loading personal best...
[Info   :Zeepkist GTR] 01:10:55 Start processing HTTP request "POST" "https://graphql.zeepki.st/"
[Info   :Zeepkist GTR] 01:10:55 Sending HTTP request "POST" "https://graphql.zeepki.st/"
[Info   :Zeepkist GTR] 01:10:55 Stopping existing recorder if any
[Info   :Zeepkist GTR] 01:10:55 Creating new recorder
[Info   :Zeepkist GTR] 01:10:55 Start processing HTTP request "POST" "https://graphql.zeepki.st/"
[Info   :Zeepkist GTR] 01:10:55 Sending HTTP request "POST" "https://graphql.zeepki.st/"
[Info   :Zeepkist GTR] 01:10:55 Start processing HTTP request "POST" "https://graphql.zeepki.st/"
[Info   :Zeepkist GTR] 01:10:55 Sending HTTP request "POST" "https://graphql.zeepki.st/"
[Info   :Zeepkist GTR] 01:10:55 Received HTTP response headers after 58.4075ms - 200
[Info   :Zeepkist GTR] 01:10:55 End processing HTTP request after 58.688ms - 200
[Info   :Zeepkist GTR] 01:10:55 Received HTTP response headers after 59.1117ms - 200
[Info   :Zeepkist GTR] 01:10:55 End processing HTTP request after 59.2994ms - 200
[Info   :Zeepkist GTR] 01:10:55 Received HTTP response headers after 123.5621ms - 200
[Info   :Zeepkist GTR] 01:10:55 End processing HTTP request after 123.7755ms - 200
[Info   :Zeepkist GTR] 01:10:56 Starting recorder
[Info   :Zeepkist GTR] 01:11:07 Loading personal best...
[Info   :Zeepkist GTR] 01:11:07 Start processing HTTP request "POST" "https://graphql.zeepki.st/"
[Info   :Zeepkist GTR] 01:11:07 Sending HTTP request "POST" "https://graphql.zeepki.st/"
[Info   :Zeepkist GTR] 01:11:07 Stopping existing recorder if any
[Info   :Zeepkist GTR] 01:11:07 Creating new recorder
[Info   :Zeepkist GTR] 01:11:07 Start processing HTTP request "POST" "https://graphql.zeepki.st/"
[Info   :Zeepkist GTR] 01:11:07 Sending HTTP request "POST" "https://graphql.zeepki.st/"
[Info   :Zeepkist GTR] 01:11:07 Start processing HTTP request "POST" "https://graphql.zeepki.st/"
[Info   :Zeepkist GTR] 01:11:07 Sending HTTP request "POST" "https://graphql.zeepki.st/"
[Info   :Zeepkist GTR] 01:11:07 Received HTTP response headers after 56.6757ms - 200
[Info   :Zeepkist GTR] 01:11:07 End processing HTTP request after 56.8971ms - 200
[Info   :Zeepkist GTR] 01:11:07 Received HTTP response headers after 58.8407ms - 200
[Info   :Zeepkist GTR] 01:11:07 End processing HTTP request after 59.0276ms - 200
[Info   :Zeepkist GTR] 01:11:07 Received HTTP response headers after 124.2825ms - 200
[Info   :Zeepkist GTR] 01:11:07 End processing HTTP request after 124.4987ms - 200
[Info   :Zeepkist GTR] 01:11:09 Starting recorder
[Info   :TopOutTournament] Ending Top->Out in state Inactive
[Info   :Zeepkist GTR] 01:11:26 Loading personal best...
[Info   :Zeepkist GTR] 01:11:26 Start processing HTTP request "POST" "https://graphql.zeepki.st/"
[Info   :Zeepkist GTR] 01:11:26 Sending HTTP request "POST" "https://graphql.zeepki.st/"
[Info   :Zeepkist GTR] 01:11:26 Stopping existing recorder if any
[Info   :Zeepkist GTR] 01:11:26 Creating new recorder
[Info   :Zeepkist GTR] 01:11:26 Start processing HTTP request "POST" "https://graphql.zeepki.st/"
[Info   :Zeepkist GTR] 01:11:26 Sending HTTP request "POST" "https://graphql.zeepki.st/"
[Info   :Zeepkist GTR] 01:11:26 Start processing HTTP request "POST" "https://graphql.zeepki.st/"
[Info   :Zeepkist GTR] 01:11:26 Sending HTTP request "POST" "https://graphql.zeepki.st/"
[Info   :Zeepkist GTR] 01:11:26 Received HTTP response headers after 51.8337ms - 200
[Info   :Zeepkist GTR] 01:11:26 End processing HTTP request after 52.0627ms - 200
[Info   :Zeepkist GTR] 01:11:26 Received HTTP response headers after 57.7663ms - 200
[Info   :Zeepkist GTR] 01:11:26 End processing HTTP request after 57.9568ms - 200
[Info   :Zeepkist GTR] 01:11:26 Received HTTP response headers after 117.7744ms - 200
[Info   :Zeepkist GTR] 01:11:26 End processing HTTP request after 118.0072ms - 200
[Info   :Zeepkist GTR] 01:11:28 Starting recorder
[Info   :Zeepkist GTR] 01:11:33 Start processing HTTP request "POST" "https://backend.zeepki.st/auth/refresh"
[Info   :Zeepkist GTR] 01:11:33 Sending HTTP request "POST" "https://backend.zeepki.st/auth/refresh"
[Info   :Zeepkist GTR] 01:11:34 Received HTTP response headers after 362.7832ms - 200
[Info   :Zeepkist GTR] 01:11:34 End processing HTTP request after 363.0353ms - 200
[Info   :Zeepkist GTR] 01:11:34 Start processing HTTP request "POST" "https://backend.zeepki.st/vote/submit"
[Info   :Zeepkist GTR] 01:11:34 Sending HTTP request "POST" "https://backend.zeepki.st/vote/submit"
[Info   :Zeepkist GTR] 01:11:34 Received HTTP response headers after 79.6013ms - 200
[Info   :Zeepkist GTR] 01:11:34 End processing HTTP request after 79.8509ms - 200
[Info   :Zeepkist GTR] 01:11:41 Loading personal best...
[Info   :Zeepkist GTR] 01:11:41 Start processing HTTP request "POST" "https://graphql.zeepki.st/"
[Info   :Zeepkist GTR] 01:11:41 Sending HTTP request "POST" "https://graphql.zeepki.st/"
[Info   :Zeepkist GTR] 01:11:41 Stopping existing recorder if any
[Info   :Zeepkist GTR] 01:11:41 Creating new recorder
[Info   :Zeepkist GTR] 01:11:41 Start processing HTTP request "POST" "https://graphql.zeepki.st/"
[Info   :Zeepkist GTR] 01:11:41 Sending HTTP request "POST" "https://graphql.zeepki.st/"
[Info   :Zeepkist GTR] 01:11:41 Start processing HTTP request "POST" "https://graphql.zeepki.st/"
[Info   :Zeepkist GTR] 01:11:41 Sending HTTP request "POST" "https://graphql.zeepki.st/"
[Info   :Zeepkist GTR] 01:11:41 Received HTTP response headers after 57.1969ms - 200
[Info   :Zeepkist GTR] 01:11:41 Received HTTP response headers after 56.7787ms - 200
[Info   :Zeepkist GTR] 01:11:41 End processing HTTP request after 57.446ms - 200
[Info   :Zeepkist GTR] 01:11:41 End processing HTTP request after 57.0098ms - 200
[Info   :Zeepkist GTR] 01:11:41 Received HTTP response headers after 142.6961ms - 200
[Info   :Zeepkist GTR] 01:11:41 End processing HTTP request after 142.9082ms - 200
[Info   :Zeepkist GTR] 01:11:43 Starting recorder
[Info   :Zeepkist GTR] 01:11:59 Discarding recorder
[Info   :BetterSplits] getting gtr splits
[Info   :Zeepkist GTR] 01:12:14 Loading personal best...
[Info   :Zeepkist GTR] 01:12:14 Start processing HTTP request "POST" "https://graphql.zeepki.st/"
[Info   :Zeepkist GTR] 01:12:14 Sending HTTP request "POST" "https://graphql.zeepki.st/"
[Info   :Zeepkist GTR] 01:12:14 Stopping existing recorder if any
[Info   :Zeepkist GTR] 01:12:14 Creating new recorder
[Info   :Zeepkist GTR] 01:12:14 Start processing HTTP request "POST" "https://graphql.zeepki.st/"
[Info   :Zeepkist GTR] 01:12:14 Sending HTTP request "POST" "https://graphql.zeepki.st/"
[Info   :Zeepkist GTR] 01:12:14 Start processing HTTP request "POST" "https://graphql.zeepki.st/"
[Info   :Zeepkist GTR] 01:12:14 Sending HTTP request "POST" "https://graphql.zeepki.st/"
[Info   :Zeepkist GTR] 01:12:14 Received HTTP response headers after 70.2429ms - 200
[Info   :Zeepkist GTR] 01:12:14 End processing HTTP request after 70.4705ms - 200
[Info   :Zeepkist GTR] 01:12:14 Received HTTP response headers after 102.1763ms - 200
[Info   :Zeepkist GTR] 01:12:14 End processing HTTP request after 102.4073ms - 200
[Error  :BetterSplits] could not get splits
Response: StatusCode: 400, ReasonPhrase: 'Bad Request', Version: 1.1, Content: System.Net.Http.StreamContent, Headers:
{
Date: Fri, 22 May 2026 23:12:13 GMT
Connection: keep-alive
access-control-allow-headers: Origin, X-Requested-With, Accept, Authorization, X-Apollo-Tracing, Content-Type, Content-Length, X-PostGraphile-Explain
access-control-allow-methods: HEAD, GET, POST
access-control-allow-origin: *
access-control-expose-headers: X-GraphQL-Event-Stream
alt-svc: h3=":443"; ma=86400
vary: Origin
via: 1.1 Caddy
x-graphql-event-stream: /stream
x-query-cost: 115
cf-cache-status: DYNAMIC
x-xss-protection: 1; mode=block
Strict-Transport-Security: max-age=15552000; includeSubDomains; preload
x-content-type-options: nosniff
Server-Timing: cfCacheStatus;desc="DYNAMIC", cfEdge;dur=5,cfOrigin;dur=39
Report-To: {"group":"cf-nel","max_age":604800,"endpoints":[{"url":"https://a.nel.cloudflare.com/report/v4?s=qtydhGtg7GQaL%2FNw%2FlquBAUAxdN8nChkmM6c2goc0WzwSR%2FTMh1ZESGG5BuN44zLEVeAbnmXk8O1eJESP792viK562hSsCsFKjERCOVKvWMbi9lH%2F%2FW0Ce7HiCZWH7Pq9dkOKg%3D%3D"}]}
Nel: {"report_to":"cf-nel","success_fraction":0.0,"max_age":604800}
expect-ct: max-age=86400, enforce
referrer-policy: same-origin
x-frame-options: SAMEORIGIN
Server: cloudflare
CF-RAY: 9fff812398feb177-MAD
Content-Type: application/json; charset=utf-8
Content-Length: 172
} 
Content: {"errors":[{"message":"Cannot query field \"personalBestGlobalsByIdLevel\" on type \"Level\". Did you mean \"personalBestGlobals\"?","locations":[{"line":1,"column":87}]}]}
Url: https://graphql.zeepki.st
Request: {"query":"query BetterSplitsPB($hash: String!, $steamId: BigFloat) { levelByHash(hash: $hash) { personalBestGlobalsByIdLevel(filter: {userByIdUser: {steamId: {equalTo: $steamId}}}) { nodes { recordByIdRecord { speeds splits time }}}}}","variables":{"hash":"A796511A26E895F8D334EFFA2E57C47C2B0A32A1","steamId":"76561197972890120"}}
[Info   :Zeepkist GTR] 01:12:14 Received HTTP response headers after 172.4846ms - 200
[Info   :Zeepkist GTR] 01:12:14 End processing HTTP request after 172.7123ms - 200
[Info   :Zeepkist GTR] 01:12:15 Starting recorder
[Info   :Zeepkist GTR] 01:12:26 Loading personal best...
[Info   :Zeepkist GTR] 01:12:26 Start processing HTTP request "POST" "https://graphql.zeepki.st/"
[Info   :Zeepkist GTR] 01:12:26 Sending HTTP request "POST" "https://graphql.zeepki.st/"
[Info   :Zeepkist GTR] 01:12:26 Stopping existing recorder if any
[Info   :Zeepkist GTR] 01:12:26 Creating new recorder
[Info   :Zeepkist GTR] 01:12:26 Start processing HTTP request "POST" "https://graphql.zeepki.st/"
[Info   :Zeepkist GTR] 01:12:26 Sending HTTP request "POST" "https://graphql.zeepki.st/"
[Info   :Zeepkist GTR] 01:12:26 Start processing HTTP request "POST" "https://graphql.zeepki.st/"
[Info   :Zeepkist GTR] 01:12:26 Sending HTTP request "POST" "https://graphql.zeepki.st/"
[Info   :Zeepkist GTR] 01:12:27 Received HTTP response headers after 112.5943ms - 200
[Info   :Zeepkist GTR] 01:12:27 End processing HTTP request after 112.797ms - 200
[Info   :Zeepkist GTR] 01:12:27 Received HTTP response headers after 114.7762ms - 200
[Info   :Zeepkist GTR] 01:12:27 End processing HTTP request after 115.0074ms - 200
[Info   :Zeepkist GTR] 01:12:27 Received HTTP response headers after 165.9585ms - 200
[Info   :Zeepkist GTR] 01:12:27 End processing HTTP request after 166.2235ms - 200
[Info   :Zeepkist GTR] 01:12:28 Starting recorder
[Info   :Zeepkist GTR] 01:12:57 Loading personal best...
[Info   :Zeepkist GTR] 01:12:57 Start processing HTTP request "POST" "https://graphql.zeepki.st/"
[Info   :Zeepkist GTR] 01:12:57 Sending HTTP request "POST" "https://graphql.zeepki.st/"
[Info   :Zeepkist GTR] 01:12:57 Stopping existing recorder if any
[Info   :Zeepkist GTR] 01:12:57 Creating new recorder
[Info   :Zeepkist GTR] 01:12:57 Start processing HTTP request "POST" "https://graphql.zeepki.st/"
[Info   :Zeepkist GTR] 01:12:57 Sending HTTP request "POST" "https://graphql.zeepki.st/"
[Info   :Zeepkist GTR] 01:12:57 Start processing HTTP request "POST" "https://graphql.zeepki.st/"
[Info   :Zeepkist GTR] 01:12:57 Sending HTTP request "POST" "https://graphql.zeepki.st/"
[Info   :Zeepkist GTR] 01:12:57 Received HTTP response headers after 53.2643ms - 200
[Info   :Zeepkist GTR] 01:12:57 End processing HTTP request after 53.4939ms - 200
[Info   :Zeepkist GTR] 01:12:57 Received HTTP response headers after 91.0967ms - 200
[Info   :Zeepkist GTR] 01:12:57 End processing HTTP request after 91.3348ms - 200
[Info   :Zeepkist GTR] 01:12:57 Received HTTP response headers after 108.7217ms - 200
[Info   :Zeepkist GTR] 01:12:57 End processing HTTP request after 108.9486ms - 200
[Info   :Zeepkist GTR] 01:12:59 Starting recorder
[Info   :Zeepkist GTR] 01:13:18 Loading personal best...
[Info   :Zeepkist GTR] 01:13:18 Start processing HTTP request "POST" "https://graphql.zeepki.st/"
[Info   :Zeepkist GTR] 01:13:18 Sending HTTP request "POST" "https://graphql.zeepki.st/"
[Info   :Zeepkist GTR] 01:13:18 Stopping existing recorder if any
[Info   :Zeepkist GTR] 01:13:18 Creating new recorder
[Info   :Zeepkist GTR] 01:13:18 Start processing HTTP request "POST" "https://graphql.zeepki.st/"
[Info   :Zeepkist GTR] 01:13:18 Sending HTTP request "POST" "https://graphql.zeepki.st/"
[Info   :Zeepkist GTR] 01:13:18 Start processing HTTP request "POST" "https://graphql.zeepki.st/"
[Info   :Zeepkist GTR] 01:13:18 Sending HTTP request "POST" "https://graphql.zeepki.st/"
[Info   :Zeepkist GTR] 01:13:18 Received HTTP response headers after 93.3524ms - 200
[Info   :Zeepkist GTR] 01:13:18 End processing HTTP request after 93.6401ms - 200
[Info   :Zeepkist GTR] 01:13:18 Received HTTP response headers after 93.7481ms - 200
[Info   :Zeepkist GTR] 01:13:18 End processing HTTP request after 93.9572ms - 200
[Info   :Zeepkist GTR] 01:13:18 Received HTTP response headers after 167.7389ms - 200
[Info   :Zeepkist GTR] 01:13:18 End processing HTTP request after 167.9655ms - 200
[Info   :Zeepkist GTR] 01:13:20 Starting recorder
[Info   :Zeepkist GTR] 01:13:57 Loading personal best...
[Info   :Zeepkist GTR] 01:13:57 Start processing HTTP request "POST" "https://graphql.zeepki.st/"
[Info   :Zeepkist GTR] 01:13:57 Sending HTTP request "POST" "https://graphql.zeepki.st/"
[Info   :Zeepkist GTR] 01:13:57 Stopping existing recorder if any
[Info   :Zeepkist GTR] 01:13:57 Creating new recorder
[Info   :Zeepkist GTR] 01:13:57 Start processing HTTP request "POST" "https://graphql.zeepki.st/"
[Info   :Zeepkist GTR] 01:13:57 Sending HTTP request "POST" "https://graphql.zeepki.st/"
[Info   :Zeepkist GTR] 01:13:57 Start processing HTTP request "POST" "https://graphql.zeepki.st/"
[Info   :Zeepkist GTR] 01:13:57 Sending HTTP request "POST" "https://graphql.zeepki.st/"
[Info   :Zeepkist GTR] 01:13:57 Received HTTP response headers after 57.7503ms - 200
[Info   :Zeepkist GTR] 01:13:57 End processing HTTP request after 57.9982ms - 200
[Info   :Zeepkist GTR] 01:13:57 Received HTTP response headers after 58.2735ms - 200
[Info   :Zeepkist GTR] 01:13:57 End processing HTTP request after 58.4597ms - 200
[Info   :Zeepkist GTR] 01:13:57 Received HTTP response headers after 119.2767ms - 200
[Info   :Zeepkist GTR] 01:13:57 End processing HTTP request after 119.5003ms - 200
[Info   :Zeepkist GTR] 01:13:59 Starting recorder
[Info   :Zeepkist GTR] 01:14:10 Loading personal best...
[Info   :Zeepkist GTR] 01:14:10 Start processing HTTP request "POST" "https://graphql.zeepki.st/"
[Info   :Zeepkist GTR] 01:14:10 Sending HTTP request "POST" "https://graphql.zeepki.st/"
[Info   :Zeepkist GTR] 01:14:10 Stopping existing recorder if any
[Info   :Zeepkist GTR] 01:14:10 Creating new recorder
[Info   :Zeepkist GTR] 01:14:10 Start processing HTTP request "POST" "https://graphql.zeepki.st/"
[Info   :Zeepkist GTR] 01:14:10 Sending HTTP request "POST" "https://graphql.zeepki.st/"
[Info   :Zeepkist GTR] 01:14:10 Start processing HTTP request "POST" "https://graphql.zeepki.st/"
[Info   :Zeepkist GTR] 01:14:10 Sending HTTP request "POST" "https://graphql.zeepki.st/"
[Info   :Zeepkist GTR] 01:14:10 Received HTTP response headers after 56.7814ms - 200
[Info   :Zeepkist GTR] 01:14:10 End processing HTTP request after 57.1055ms - 200
[Info   :Zeepkist GTR] 01:14:10 Received HTTP response headers after 59.5922ms - 200
[Info   :Zeepkist GTR] 01:14:10 End processing HTTP request after 59.7654ms - 200
[Info   :Zeepkist GTR] 01:14:10 Received HTTP response headers after 124.8047ms - 200
[Info   :Zeepkist GTR] 01:14:10 End processing HTTP request after 125.0464ms - 200
[Info   :Zeepkist GTR] 01:14:11 Starting recorder
[Info   :Zeepkist GTR] 01:14:27 Loading personal best...
[Info   :Zeepkist GTR] 01:14:27 Start processing HTTP request "POST" "https://graphql.zeepki.st/"
[Info   :Zeepkist GTR] 01:14:27 Sending HTTP request "POST" "https://graphql.zeepki.st/"
[Info   :Zeepkist GTR] 01:14:27 Stopping existing recorder if any
[Info   :Zeepkist GTR] 01:14:27 Creating new recorder
[Info   :Zeepkist GTR] 01:14:27 Start processing HTTP request "POST" "https://graphql.zeepki.st/"
[Info   :Zeepkist GTR] 01:14:27 Sending HTTP request "POST" "https://graphql.zeepki.st/"
[Info   :Zeepkist GTR] 01:14:27 Start processing HTTP request "POST" "https://graphql.zeepki.st/"
[Info   :Zeepkist GTR] 01:14:27 Sending HTTP request "POST" "https://graphql.zeepki.st/"
[Info   :Zeepkist GTR] 01:14:27 Received HTTP response headers after 104.2394ms - 200
[Info   :Zeepkist GTR] 01:14:27 End processing HTTP request after 104.5031ms - 200
[Info   :Zeepkist GTR] 01:14:27 Received HTTP response headers after 108.5462ms - 200
[Info   :Zeepkist GTR] 01:14:27 End processing HTTP request after 108.7925ms - 200
[Info   :Zeepkist GTR] 01:14:27 Received HTTP response headers after 161.7036ms - 200
[Info   :Zeepkist GTR] 01:14:27 End processing HTTP request after 162.0131ms - 200
[Info   :Zeepkist GTR] 01:14:28 Starting recorder
[Info   :Zeepkist GTR] 01:14:33 Loading personal best...
[Info   :Zeepkist GTR] 01:14:33 Start processing HTTP request "POST" "https://graphql.zeepki.st/"
[Info   :Zeepkist GTR] 01:14:33 Sending HTTP request "POST" "https://graphql.zeepki.st/"
[Info   :Zeepkist GTR] 01:14:33 Stopping existing recorder if any
[Info   :Zeepkist GTR] 01:14:33 Creating new recorder
[Info   :Zeepkist GTR] 01:14:33 Start processing HTTP request "POST" "https://graphql.zeepki.st/"
[Info   :Zeepkist GTR] 01:14:33 Sending HTTP request "POST" "https://graphql.zeepki.st/"
[Info   :Zeepkist GTR] 01:14:33 Start processing HTTP request "POST" "https://graphql.zeepki.st/"
[Info   :Zeepkist GTR] 01:14:33 Sending HTTP request "POST" "https://graphql.zeepki.st/"
[Info   :Zeepkist GTR] 01:14:33 Received HTTP response headers after 52.5489ms - 200
[Info   :Zeepkist GTR] 01:14:33 Received HTTP response headers after 52.084ms - 200
[Info   :Zeepkist GTR] 01:14:33 End processing HTTP request after 52.788ms - 200
[Info   :Zeepkist GTR] 01:14:33 End processing HTTP request after 52.3392ms - 200
[Info   :Zeepkist GTR] 01:14:33 Received HTTP response headers after 121.3771ms - 200
[Info   :Zeepkist GTR] 01:14:33 End processing HTTP request after 121.6282ms - 200
[Info   :Zeepkist GTR] 01:14:34 Starting recorder
[Info   :TopOutTournament] Ending Top->Out in state Inactive
[Info   :Zeepkist GTR] 01:14:58 Loading personal best...
[Info   :Zeepkist GTR] 01:14:58 Start processing HTTP request "POST" "https://graphql.zeepki.st/"
[Info   :Zeepkist GTR] 01:14:58 Sending HTTP request "POST" "https://graphql.zeepki.st/"
[Info   :Zeepkist GTR] 01:14:58 Stopping existing recorder if any
[Info   :Zeepkist GTR] 01:14:58 Creating new recorder
[Info   :Zeepkist GTR] 01:14:58 Start processing HTTP request "POST" "https://graphql.zeepki.st/"
[Info   :Zeepkist GTR] 01:14:58 Sending HTTP request "POST" "https://graphql.zeepki.st/"
[Info   :Zeepkist GTR] 01:14:58 Start processing HTTP request "POST" "https://graphql.zeepki.st/"
[Info   :Zeepkist GTR] 01:14:58 Sending HTTP request "POST" "https://graphql.zeepki.st/"
[Info   :Zeepkist GTR] 01:14:59 Received HTTP response headers after 55.4546ms - 200
[Info   :Zeepkist GTR] 01:14:59 Received HTTP response headers after 54.9718ms - 200
[Info   :Zeepkist GTR] 01:14:59 End processing HTTP request after 55.7124ms - 200
[Info   :Zeepkist GTR] 01:14:59 End processing HTTP request after 55.2317ms - 200
[Info   :Zeepkist GTR] 01:14:59 Received HTTP response headers after 124.7463ms - 200
[Info   :Zeepkist GTR] 01:14:59 End processing HTTP request after 125.005ms - 200
[Info   :Zeepkist GTR] 01:15:00 Starting recorder
[Info   :Zeepkist GTR] 01:15:55 Stopping recorder
[Info   :Zeepkist GTR] 01:15:55 Collecting extra information
[Info   :Zeepkist GTR] 01:15:55 Processing ghost data
[Info   :Zeepkist GTR] 01:15:55 Creating stream
[Info   :Zeepkist GTR] 01:15:55 Writing to stream
[Info   :Zeepkist GTR] 01:15:55 Closing stream
[Info   :Zeepkist GTR] 01:15:55 Getting buffer
[Info   :Zeepkist GTR] 01:15:55 Converting to base64
[Info   :Zeepkist GTR] 01:15:55 Creating resource
[Info   :Zeepkist GTR] 01:15:55 Start processing HTTP request "POST" "https://backend.zeepki.st/auth/refresh"
[Info   :Zeepkist GTR] 01:15:55 Sending HTTP request "POST" "https://backend.zeepki.st/auth/refresh"
[Info   :Zeepkist GTR] 01:15:57 Loading personal best...
[Info   :Zeepkist GTR] 01:15:57 Start processing HTTP request "POST" "https://graphql.zeepki.st/"
[Info   :Zeepkist GTR] 01:15:57 Sending HTTP request "POST" "https://graphql.zeepki.st/"
[Info   :Zeepkist GTR] 01:15:57 Stopping existing recorder if any
[Info   :Zeepkist GTR] 01:15:57 Creating new recorder
[Info   :Zeepkist GTR] 01:15:57 Start processing HTTP request "POST" "https://graphql.zeepki.st/"
[Info   :Zeepkist GTR] 01:15:57 Sending HTTP request "POST" "https://graphql.zeepki.st/"
[Info   :Zeepkist GTR] 01:15:57 Start processing HTTP request "POST" "https://graphql.zeepki.st/"
[Info   :Zeepkist GTR] 01:15:57 Sending HTTP request "POST" "https://graphql.zeepki.st/"
[Info   :Zeepkist GTR] 01:15:57 Received HTTP response headers after 71.6521ms - 200
[Info   :Zeepkist GTR] 01:15:57 End processing HTTP request after 71.8885ms - 200
[Info   :Zeepkist GTR] 01:15:57 Received HTTP response headers after 105.3811ms - 200
[Info   :Zeepkist GTR] 01:15:57 End processing HTTP request after 105.6157ms - 200
[Info   :Zeepkist GTR] 01:15:57 Received HTTP response headers after 158.0762ms - 200
[Info   :Zeepkist GTR] 01:15:57 End processing HTTP request after 158.2996ms - 200
[Info   :Zeepkist GTR] 01:15:59 Starting recorder
[Info   :Zeepkist GTR] 01:16:00 Received HTTP response headers after 4655.1811ms - 200
[Info   :Zeepkist GTR] 01:16:00 End processing HTTP request after 4655.4196ms - 200
[Info   :Zeepkist GTR] 01:16:00 Start processing HTTP request "POST" "https://backend.zeepki.st/record/submit"
[Info   :Zeepkist GTR] 01:16:00 Sending HTTP request "POST" "https://backend.zeepki.st/record/submit"
[Info   :Zeepkist GTR] 01:16:00 Received HTTP response headers after 344.8915ms - 200
[Info   :Zeepkist GTR] 01:16:00 End processing HTTP request after 345.2139ms - 200
[Info   :Zeepkist GTR] 01:16:17 Loading personal best...
[Info   :Zeepkist GTR] 01:16:17 Start processing HTTP request "POST" "https://graphql.zeepki.st/"
[Info   :Zeepkist GTR] 01:16:17 Sending HTTP request "POST" "https://graphql.zeepki.st/"
[Info   :Zeepkist GTR] 01:16:17 Stopping existing recorder if any
[Info   :Zeepkist GTR] 01:16:17 Creating new recorder
[Info   :Zeepkist GTR] 01:16:17 Start processing HTTP request "POST" "https://graphql.zeepki.st/"
[Info   :Zeepkist GTR] 01:16:17 Sending HTTP request "POST" "https://graphql.zeepki.st/"
[Info   :Zeepkist GTR] 01:16:17 Start processing HTTP request "POST" "https://graphql.zeepki.st/"
[Info   :Zeepkist GTR] 01:16:17 Sending HTTP request "POST" "https://graphql.zeepki.st/"
[Info   :Zeepkist GTR] 01:16:18 Received HTTP response headers after 164.6165ms - 200
[Info   :Zeepkist GTR] 01:16:18 Received HTTP response headers after 165.115ms - 200
[Info   :Zeepkist GTR] 01:16:18 End processing HTTP request after 164.852ms - 200
[Info   :Zeepkist GTR] 01:16:18 End processing HTTP request after 165.4302ms - 200
[Info   :Zeepkist GTR] 01:16:18 Start processing HTTP request "GET" "https://cdn.zeepki.st/ghosts/01KS8ZJSNS1W3BS5GS4CQB2YQK.bin"
[Info   :Zeepkist GTR] 01:16:18 Sending HTTP request "GET" "https://cdn.zeepki.st/ghosts/01KS8ZJSNS1W3BS5GS4CQB2YQK.bin"
[Info   :Zeepkist GTR] 01:16:18 Received HTTP response headers after 240.1876ms - 200
[Info   :Zeepkist GTR] 01:16:18 End processing HTTP request after 240.4251ms - 200
[Info   :Zeepkist GTR] 01:16:18 Start processing HTTP request "POST" "https://graphql.zeepki.st/"
[Info   :Zeepkist GTR] 01:16:18 Sending HTTP request "POST" "https://graphql.zeepki.st/"
[Info   :Zeepkist GTR] 01:16:18 Received HTTP response headers after 79.0479ms - 200
[Info   :Zeepkist GTR] 01:16:18 End processing HTTP request after 79.3058ms - 200
[Info   :Zeepkist GTR] 01:16:18 Received HTTP response headers after 635.2297ms - 200
[Info   :Zeepkist GTR] 01:16:18 End processing HTTP request after 635.5169ms - 200
[Info   :Zeepkist GTR] 01:16:18 Ghost version: 5
[Info   :Zeepkist GTR] 01:16:19 Starting recorder
[Info   :Zeepkist GTR] 01:16:37 Loading personal best...
[Info   :Zeepkist GTR] 01:16:37 Start processing HTTP request "POST" "https://graphql.zeepki.st/"
[Info   :Zeepkist GTR] 01:16:37 Sending HTTP request "POST" "https://graphql.zeepki.st/"
[Info   :Zeepkist GTR] 01:16:37 Stopping existing recorder if any
[Info   :Zeepkist GTR] 01:16:37 Creating new recorder
[Info   :Zeepkist GTR] 01:16:37 Start processing HTTP request "POST" "https://graphql.zeepki.st/"
[Info   :Zeepkist GTR] 01:16:37 Sending HTTP request "POST" "https://graphql.zeepki.st/"
[Info   :Zeepkist GTR] 01:16:37 Start processing HTTP request "POST" "https://graphql.zeepki.st/"
[Info   :Zeepkist GTR] 01:16:37 Sending HTTP request "POST" "https://graphql.zeepki.st/"
[Info   :Zeepkist GTR] 01:16:37 Received HTTP response headers after 91.7929ms - 200
[Info   :Zeepkist GTR] 01:16:37 End processing HTTP request after 91.998ms - 200
[Info   :Zeepkist GTR] 01:16:37 Received HTTP response headers after 96.8343ms - 200
[Info   :Zeepkist GTR] 01:16:37 End processing HTTP request after 97.0649ms - 200
[Info   :Zeepkist GTR] 01:16:38 Ghost version: 5
[Info   :Zeepkist GTR] 01:16:38 Received HTTP response headers after 165.2282ms - 200
[Info   :Zeepkist GTR] 01:16:38 End processing HTTP request after 165.4474ms - 200
[Info   :Zeepkist GTR] 01:16:38 Start processing HTTP request "POST" "https://graphql.zeepki.st/"
[Info   :Zeepkist GTR] 01:16:38 Sending HTTP request "POST" "https://graphql.zeepki.st/"
[Info   :Zeepkist GTR] 01:16:38 Received HTTP response headers after 51.1017ms - 200
[Info   :Zeepkist GTR] 01:16:38 End processing HTTP request after 51.3408ms - 200
[Info   :Zeepkist GTR] 01:16:39 Starting recorder
[Info   :RoundLeaderboardTab] Drawing leaderboard -> forwarding to Instance.DrawTabLeaderboard()
[Info   :Zeepkist GTR] 01:17:12 Discarding recorder
[Info   :RoundLeaderboardTab] Drawing leaderboard -> forwarding to Instance.DrawTabLeaderboard()
[Info   :RoundLeaderboardTab] Drawing leaderboard -> forwarding to Instance.DrawTabLeaderboard()
[Info   :ChampionshipLeaderboardTab] Drawing leaderboard -> forwarding to Instance.DrawTabLeaderboard()
[Info   :ChampionshipLeaderboardTab] Drawing leaderboard -> forwarding to Instance.DrawTabLeaderboard()
[Info   :Zeepkist GTR] 01:17:14 Start processing HTTP request "POST" "https://graphql.zeepki.st/"
[Info   :Zeepkist GTR] 01:17:14 Sending HTTP request "POST" "https://graphql.zeepki.st/"
[Info   :Zeepkist GTR] 01:17:15 Received HTTP response headers after 57.4152ms - 200
[Info   :Zeepkist GTR] 01:17:15 End processing HTTP request after 57.6823ms - 200
[Info   :Zeepkist GTR] 01:17:15 Start processing HTTP request "POST" "https://graphql.zeepki.st/"
[Info   :Zeepkist GTR] 01:17:15 Sending HTTP request "POST" "https://graphql.zeepki.st/"
[Info   :Zeepkist GTR] 01:17:15 Received HTTP response headers after 65.6398ms - 200
[Info   :Zeepkist GTR] 01:17:15 End processing HTTP request after 65.8991ms - 200
[Info   :Zeepkist GTR] 01:17:15 Start processing HTTP request "POST" "https://graphql.zeepki.st/"
[Info   :Zeepkist GTR] 01:17:15 Sending HTTP request "POST" "https://graphql.zeepki.st/"
[Info   :Zeepkist GTR] 01:17:15 Start processing HTTP request "POST" "https://graphql.zeepki.st/"
[Info   :Zeepkist GTR] 01:17:15 Sending HTTP request "POST" "https://graphql.zeepki.st/"
[Info   :Zeepkist GTR] 01:17:15 Received HTTP response headers after 85.5486ms - 200
[Info   :Zeepkist GTR] 01:17:15 End processing HTTP request after 85.8203ms - 200
[Info   :Zeepkist GTR] 01:17:15 Received HTTP response headers after 83.4639ms - 200
[Info   :Zeepkist GTR] 01:17:15 End processing HTTP request after 83.6627ms - 200
[Info   :Zeepkist GTR] 01:17:15 Start processing HTTP request "POST" "https://graphql.zeepki.st/"
[Info   :Zeepkist GTR] 01:17:15 Sending HTTP request "POST" "https://graphql.zeepki.st/"
[Info   :Zeepkist GTR] 01:17:16 Received HTTP response headers after 65.071ms - 200
[Info   :Zeepkist GTR] 01:17:16 End processing HTTP request after 65.3508ms - 200
[Info   :Zeepkist GTR] 01:17:17 Start processing HTTP request "POST" "https://graphql.zeepki.st/"
[Info   :Zeepkist GTR] 01:17:17 Sending HTTP request "POST" "https://graphql.zeepki.st/"
[Info   :Zeepkist GTR] 01:17:17 Received HTTP response headers after 73.4262ms - 200
[Info   :Zeepkist GTR] 01:17:17 End processing HTTP request after 73.7062ms - 200
[Info   :Zeepkist GTR] 01:17:20 Start processing HTTP request "POST" "https://graphql.zeepki.st/"
[Info   :Zeepkist GTR] 01:17:20 Sending HTTP request "POST" "https://graphql.zeepki.st/"
[Info   :Zeepkist GTR] 01:17:20 Received HTTP response headers after 111.7122ms - 200
[Info   :Zeepkist GTR] 01:17:20 End processing HTTP request after 111.9746ms - 200
[Info   :BetterSplits] getting gtr splits
[Info   :Zeepkist GTR] 01:17:26 Loading personal best...
[Info   :Zeepkist GTR] 01:17:26 Start processing HTTP request "POST" "https://graphql.zeepki.st/"
[Info   :Zeepkist GTR] 01:17:26 Sending HTTP request "POST" "https://graphql.zeepki.st/"
[Info   :Zeepkist GTR] 01:17:26 Stopping existing recorder if any
[Info   :Zeepkist GTR] 01:17:26 Creating new recorder
[Info   :Zeepkist GTR] 01:17:26 Start processing HTTP request "POST" "https://graphql.zeepki.st/"
[Info   :Zeepkist GTR] 01:17:26 Sending HTTP request "POST" "https://graphql.zeepki.st/"
[Info   :Zeepkist GTR] 01:17:26 Start processing HTTP request "POST" "https://graphql.zeepki.st/"
[Info   :Zeepkist GTR] 01:17:26 Sending HTTP request "POST" "https://graphql.zeepki.st/"
[Info   :Zeepkist GTR] 01:17:27 Received HTTP response headers after 234.7369ms - 200
[Info   :Zeepkist GTR] 01:17:27 End processing HTTP request after 234.9588ms - 200
[Info   :Zeepkist GTR] 01:17:27 Received HTTP response headers after 243.1865ms - 200
[Info   :Zeepkist GTR] 01:17:27 End processing HTTP request after 243.4283ms - 200
[Error  :BetterSplits] could not get splits
Response: StatusCode: 400, ReasonPhrase: 'Bad Request', Version: 1.1, Content: System.Net.Http.StreamContent, Headers:
{
Date: Fri, 22 May 2026 23:17:26 GMT
Connection: keep-alive
access-control-allow-headers: Origin, X-Requested-With, Accept, Authorization, X-Apollo-Tracing, Content-Type, Content-Length, X-PostGraphile-Explain
access-control-allow-methods: HEAD, GET, POST
access-control-allow-origin: *
access-control-expose-headers: X-GraphQL-Event-Stream
alt-svc: h3=":443"; ma=86400
vary: Origin
via: 1.1 Caddy
x-graphql-event-stream: /stream
x-query-cost: 115
cf-cache-status: DYNAMIC
x-xss-protection: 1; mode=block
Strict-Transport-Security: max-age=15552000; includeSubDomains; preload
x-content-type-options: nosniff
Server-Timing: cfCacheStatus;desc="DYNAMIC", cfEdge;dur=6,cfOrigin;dur=212
Report-To: {"group":"cf-nel","max_age":604800,"endpoints":[{"url":"https://a.nel.cloudflare.com/report/v4?s=30Sm0PLDXKMXMdyFCO%2FEEkIC9kuPwxdVrQktltPeWYxrnLJig7UGPw7ohQRbi21WVhyqw%2FNi27GVChudlx%2BaGVyh6zuaaMc0WiVg0vy0El2jNHh1%2Bb3Bi8KxXja8RYxX6CwwEA%3D%3D"}]}
Nel: {"report_to":"cf-nel","success_fraction":0.0,"max_age":604800}
expect-ct: max-age=86400, enforce
referrer-policy: same-origin
x-frame-options: SAMEORIGIN
Server: cloudflare
CF-RAY: 9fff88c6aa7f1bb5-MAD
Content-Type: application/json; charset=utf-8
Content-Length: 172
} 
Content: {"errors":[{"message":"Cannot query field \"personalBestGlobalsByIdLevel\" on type \"Level\". Did you mean \"personalBestGlobals\"?","locations":[{"line":1,"column":87}]}]}
Url: https://graphql.zeepki.st
Request: {"query":"query BetterSplitsPB($hash: String!, $steamId: BigFloat) { levelByHash(hash: $hash) { personalBestGlobalsByIdLevel(filter: {userByIdUser: {steamId: {equalTo: $steamId}}}) { nodes { recordByIdRecord { speeds splits time }}}}}","variables":{"hash":"E8DE49526E2B7C887FAD9C96EC2656650F65D575-3","steamId":"76561197972890120"}}
[Info   :Zeepkist GTR] 01:17:27 Received HTTP response headers after 337.1789ms - 200
[Info   :Zeepkist GTR] 01:17:27 End processing HTTP request after 337.4025ms - 200
[Info   :Zeepkist GTR] 01:17:28 Starting recorder
[Info   :   Console] Download started for AppId: 1440670, FileId: 3643137479, Result: OK
[Info   :Zeepkist GTR] 01:17:38 Loading personal best...
[Info   :Zeepkist GTR] 01:17:38 Start processing HTTP request "POST" "https://graphql.zeepki.st/"
[Info   :Zeepkist GTR] 01:17:38 Sending HTTP request "POST" "https://graphql.zeepki.st/"
[Info   :Zeepkist GTR] 01:17:38 Stopping existing recorder if any
[Info   :Zeepkist GTR] 01:17:38 Creating new recorder
[Info   :Zeepkist GTR] 01:17:38 Start processing HTTP request "POST" "https://graphql.zeepki.st/"
[Info   :Zeepkist GTR] 01:17:38 Sending HTTP request "POST" "https://graphql.zeepki.st/"
[Info   :Zeepkist GTR] 01:17:38 Start processing HTTP request "POST" "https://graphql.zeepki.st/"
[Info   :Zeepkist GTR] 01:17:38 Sending HTTP request "POST" "https://graphql.zeepki.st/"
[Info   :Zeepkist GTR] 01:17:38 Received HTTP response headers after 57.2498ms - 200
[Info   :Zeepkist GTR] 01:17:38 End processing HTTP request after 57.4938ms - 200
[Info   :Zeepkist GTR] 01:17:38 Received HTTP response headers after 66.6671ms - 200
[Info   :Zeepkist GTR] 01:17:38 End processing HTTP request after 66.8664ms - 200
[Info   :Zeepkist GTR] 01:17:38 Received HTTP response headers after 124.6255ms - 200
[Info   :Zeepkist GTR] 01:17:38 End processing HTTP request after 124.9078ms - 200
[Info   :Zeepkist GTR] 01:17:40 Starting recorder
[Info   :Zeepkist GTR] 01:17:53 Loading personal best...
[Info   :Zeepkist GTR] 01:17:53 Start processing HTTP request "POST" "https://graphql.zeepki.st/"
[Info   :Zeepkist GTR] 01:17:53 Sending HTTP request "POST" "https://graphql.zeepki.st/"
[Info   :Zeepkist GTR] 01:17:53 Stopping existing recorder if any
[Info   :Zeepkist GTR] 01:17:53 Creating new recorder
[Info   :Zeepkist GTR] 01:17:53 Start processing HTTP request "POST" "https://graphql.zeepki.st/"
[Info   :Zeepkist GTR] 01:17:53 Sending HTTP request "POST" "https://graphql.zeepki.st/"
[Info   :Zeepkist GTR] 01:17:53 Start processing HTTP request "POST" "https://graphql.zeepki.st/"
[Info   :Zeepkist GTR] 01:17:53 Sending HTTP request "POST" "https://graphql.zeepki.st/"
[Info   :Zeepkist GTR] 01:17:53 Received HTTP response headers after 64.336ms - 200
[Info   :Zeepkist GTR] 01:17:53 Received HTTP response headers after 65.0683ms - 200
[Info   :Zeepkist GTR] 01:17:53 End processing HTTP request after 64.597ms - 200
[Info   :Zeepkist GTR] 01:17:53 End processing HTTP request after 65.2689ms - 200
[Info   :Zeepkist GTR] 01:17:53 Received HTTP response headers after 124.9804ms - 200
[Info   :Zeepkist GTR] 01:17:53 End processing HTTP request after 125.2235ms - 200
[Info   :Zeepkist GTR] 01:17:55 Starting recorder
[Info   :Zeepkist GTR] 01:18:31 Loading personal best...
[Info   :Zeepkist GTR] 01:18:31 Start processing HTTP request "POST" "https://graphql.zeepki.st/"
[Info   :Zeepkist GTR] 01:18:31 Sending HTTP request "POST" "https://graphql.zeepki.st/"
[Info   :Zeepkist GTR] 01:18:31 Stopping existing recorder if any
[Info   :Zeepkist GTR] 01:18:31 Creating new recorder
[Info   :Zeepkist GTR] 01:18:31 Start processing HTTP request "POST" "https://graphql.zeepki.st/"
[Info   :Zeepkist GTR] 01:18:31 Sending HTTP request "POST" "https://graphql.zeepki.st/"
[Info   :Zeepkist GTR] 01:18:31 Start processing HTTP request "POST" "https://graphql.zeepki.st/"
[Info   :Zeepkist GTR] 01:18:31 Sending HTTP request "POST" "https://graphql.zeepki.st/"
[Info   :Zeepkist GTR] 01:18:31 Received HTTP response headers after 63.6251ms - 200
[Info   :Zeepkist GTR] 01:18:31 End processing HTTP request after 63.8568ms - 200
[Info   :Zeepkist GTR] 01:18:31 Received HTTP response headers after 65.6389ms - 200
[Info   :Zeepkist GTR] 01:18:31 End processing HTTP request after 65.8274ms - 200
[Info   :Zeepkist GTR] 01:18:31 Received HTTP response headers after 158.6043ms - 200
[Info   :Zeepkist GTR] 01:18:31 End processing HTTP request after 158.8478ms - 200
[Info   :Zeepkist GTR] 01:18:32 Starting recorder
[Info   :Zeepkist GTR] 01:18:46 Loading personal best...
[Info   :Zeepkist GTR] 01:18:46 Start processing HTTP request "POST" "https://graphql.zeepki.st/"
[Info   :Zeepkist GTR] 01:18:46 Sending HTTP request "POST" "https://graphql.zeepki.st/"
[Info   :Zeepkist GTR] 01:18:46 Stopping existing recorder if any
[Info   :Zeepkist GTR] 01:18:46 Creating new recorder
[Info   :Zeepkist GTR] 01:18:46 Start processing HTTP request "POST" "https://graphql.zeepki.st/"
[Info   :Zeepkist GTR] 01:18:46 Sending HTTP request "POST" "https://graphql.zeepki.st/"
[Info   :Zeepkist GTR] 01:18:46 Start processing HTTP request "POST" "https://graphql.zeepki.st/"
[Info   :Zeepkist GTR] 01:18:46 Sending HTTP request "POST" "https://graphql.zeepki.st/"
[Info   :Zeepkist GTR] 01:18:46 Received HTTP response headers after 242.3886ms - 200
[Info   :Zeepkist GTR] 01:18:46 End processing HTTP request after 242.6311ms - 200
[Info   :Zeepkist GTR] 01:18:46 Received HTTP response headers after 245.4401ms - 200
[Info   :Zeepkist GTR] 01:18:46 End processing HTTP request after 245.6211ms - 200
[Info   :Zeepkist GTR] 01:18:46 Received HTTP response headers after 195.8206ms - 200
[Info   :Zeepkist GTR] 01:18:46 End processing HTTP request after 196.0763ms - 200
[Info   :Zeepkist GTR] 01:18:48 Starting recorder
[Info   :Zeepkist GTR] 01:18:56 Loading personal best...
[Info   :Zeepkist GTR] 01:18:56 Start processing HTTP request "POST" "https://graphql.zeepki.st/"
[Info   :Zeepkist GTR] 01:18:56 Sending HTTP request "POST" "https://graphql.zeepki.st/"
[Info   :Zeepkist GTR] 01:18:56 Stopping existing recorder if any
[Info   :Zeepkist GTR] 01:18:56 Creating new recorder
[Info   :Zeepkist GTR] 01:18:56 Start processing HTTP request "POST" "https://graphql.zeepki.st/"
[Info   :Zeepkist GTR] 01:18:56 Sending HTTP request "POST" "https://graphql.zeepki.st/"
[Info   :Zeepkist GTR] 01:18:56 Start processing HTTP request "POST" "https://graphql.zeepki.st/"
[Info   :Zeepkist GTR] 01:18:56 Sending HTTP request "POST" "https://graphql.zeepki.st/"
[Info   :Zeepkist GTR] 01:18:56 Received HTTP response headers after 56.261ms - 200
[Info   :Zeepkist GTR] 01:18:56 End processing HTTP request after 56.4994ms - 200
[Info   :Zeepkist GTR] 01:18:56 Received HTTP response headers after 58.3952ms - 200
[Info   :Zeepkist GTR] 01:18:56 End processing HTTP request after 58.5965ms - 200
[Info   :Zeepkist GTR] 01:18:56 Received HTTP response headers after 138.2385ms - 200
[Info   :Zeepkist GTR] 01:18:56 End processing HTTP request after 138.5097ms - 200
[Info   :Zeepkist GTR] 01:18:58 Starting recorder
[Info   :Zeepkist GTR] 01:19:15 Loading personal best...
[Info   :Zeepkist GTR] 01:19:15 Start processing HTTP request "POST" "https://graphql.zeepki.st/"
[Info   :Zeepkist GTR] 01:19:15 Sending HTTP request "POST" "https://graphql.zeepki.st/"
[Info   :Zeepkist GTR] 01:19:15 Stopping existing recorder if any
[Info   :Zeepkist GTR] 01:19:15 Creating new recorder
[Info   :Zeepkist GTR] 01:19:15 Start processing HTTP request "POST" "https://graphql.zeepki.st/"
[Info   :Zeepkist GTR] 01:19:15 Sending HTTP request "POST" "https://graphql.zeepki.st/"
[Info   :Zeepkist GTR] 01:19:15 Start processing HTTP request "POST" "https://graphql.zeepki.st/"
[Info   :Zeepkist GTR] 01:19:15 Sending HTTP request "POST" "https://graphql.zeepki.st/"
[Info   :Zeepkist GTR] 01:19:15 Received HTTP response headers after 58.9338ms - 200
[Info   :Zeepkist GTR] 01:19:15 End processing HTTP request after 59.2412ms - 200
[Info   :Zeepkist GTR] 01:19:15 Received HTTP response headers after 60.7577ms - 200
[Info   :Zeepkist GTR] 01:19:15 End processing HTTP request after 61.0354ms - 200
[Info   :Zeepkist GTR] 01:19:15 Received HTTP response headers after 122.5509ms - 200
[Info   :Zeepkist GTR] 01:19:15 End processing HTTP request after 122.8051ms - 200
[Info   :Zeepkist GTR] 01:19:17 Starting recorder
[Info   :Zeepkist GTR] 01:19:51 Stopping recorder
[Info   :Zeepkist GTR] 01:19:51 Collecting extra information
[Info   :Zeepkist GTR] 01:19:51 Processing ghost data
[Info   :Zeepkist GTR] 01:19:51 Creating stream
[Info   :Zeepkist GTR] 01:19:51 Writing to stream
[Info   :Zeepkist GTR] 01:19:51 Closing stream
[Info   :Zeepkist GTR] 01:19:51 Getting buffer
[Info   :Zeepkist GTR] 01:19:51 Converting to base64
[Info   :Zeepkist GTR] 01:19:51 Creating resource
[Info   :Zeepkist GTR] 01:19:51 Start processing HTTP request "POST" "https://backend.zeepki.st/auth/refresh"
[Info   :Zeepkist GTR] 01:19:51 Sending HTTP request "POST" "https://backend.zeepki.st/auth/refresh"
[Info   :Zeepkist GTR] 01:19:51 Received HTTP response headers after 252.3471ms - 200
[Info   :Zeepkist GTR] 01:19:51 End processing HTTP request after 252.6085ms - 200
[Info   :Zeepkist GTR] 01:19:51 Start processing HTTP request "POST" "https://backend.zeepki.st/record/submit"
[Info   :Zeepkist GTR] 01:19:51 Sending HTTP request "POST" "https://backend.zeepki.st/record/submit"
[Info   :Zeepkist GTR] 01:19:51 Received HTTP response headers after 120.3283ms - 200
[Info   :Zeepkist GTR] 01:19:51 End processing HTTP request after 120.621ms - 200
[Info   :Zeepkist GTR] 01:19:54 Loading personal best...
[Info   :Zeepkist GTR] 01:19:54 Start processing HTTP request "POST" "https://graphql.zeepki.st/"
[Info   :Zeepkist GTR] 01:19:54 Sending HTTP request "POST" "https://graphql.zeepki.st/"
[Info   :Zeepkist GTR] 01:19:54 Stopping existing recorder if any
[Info   :Zeepkist GTR] 01:19:54 Creating new recorder
[Info   :Zeepkist GTR] 01:19:54 Start processing HTTP request "POST" "https://graphql.zeepki.st/"
[Info   :Zeepkist GTR] 01:19:54 Sending HTTP request "POST" "https://graphql.zeepki.st/"
[Info   :Zeepkist GTR] 01:19:54 Start processing HTTP request "POST" "https://graphql.zeepki.st/"
[Info   :Zeepkist GTR] 01:19:54 Sending HTTP request "POST" "https://graphql.zeepki.st/"
[Info   :Zeepkist GTR] 01:19:54 Received HTTP response headers after 62.6176ms - 200
[Info   :Zeepkist GTR] 01:19:54 End processing HTTP request after 62.8387ms - 200
[Info   :Zeepkist GTR] 01:19:54 Received HTTP response headers after 69.8809ms - 200
[Info   :Zeepkist GTR] 01:19:54 End processing HTTP request after 70.0857ms - 200
[Info   :Zeepkist GTR] 01:19:54 Start processing HTTP request "GET" "https://cdn.zeepki.st/ghosts/01KS8ZSVGSCMVKHHTDHQ029968.bin"
[Info   :Zeepkist GTR] 01:19:54 Sending HTTP request "GET" "https://cdn.zeepki.st/ghosts/01KS8ZSVGSCMVKHHTDHQ029968.bin"
[Info   :Zeepkist GTR] 01:19:54 Received HTTP response headers after 145.1684ms - 200
[Info   :Zeepkist GTR] 01:19:54 End processing HTTP request after 145.4111ms - 200
[Info   :Zeepkist GTR] 01:19:54 Start processing HTTP request "POST" "https://graphql.zeepki.st/"
[Info   :Zeepkist GTR] 01:19:54 Sending HTTP request "POST" "https://graphql.zeepki.st/"
[Info   :Zeepkist GTR] 01:19:54 Received HTTP response headers after 56.3659ms - 200
[Info   :Zeepkist GTR] 01:19:54 End processing HTTP request after 56.608ms - 200
[Info   :Zeepkist GTR] 01:19:55 Received HTTP response headers after 652.6724ms - 200
[Info   :Zeepkist GTR] 01:19:55 End processing HTTP request after 652.9163ms - 200
[Info   :Zeepkist GTR] 01:19:55 Ghost version: 5
[Info   :Zeepkist GTR] 01:19:56 Starting recorder
[Info   :Zeepkist GTR] 01:20:22 Loading personal best...
[Info   :Zeepkist GTR] 01:20:22 Start processing HTTP request "POST" "https://graphql.zeepki.st/"
[Info   :Zeepkist GTR] 01:20:22 Sending HTTP request "POST" "https://graphql.zeepki.st/"
[Info   :Zeepkist GTR] 01:20:22 Stopping existing recorder if any
[Info   :Zeepkist GTR] 01:20:22 Creating new recorder
[Info   :Zeepkist GTR] 01:20:22 Start processing HTTP request "POST" "https://graphql.zeepki.st/"
[Info   :Zeepkist GTR] 01:20:22 Sending HTTP request "POST" "https://graphql.zeepki.st/"
[Info   :Zeepkist GTR] 01:20:22 Start processing HTTP request "POST" "https://graphql.zeepki.st/"
[Info   :Zeepkist GTR] 01:20:22 Sending HTTP request "POST" "https://graphql.zeepki.st/"
[Info   :Zeepkist GTR] 01:20:22 Received HTTP response headers after 59.4324ms - 200
[Info   :Zeepkist GTR] 01:20:22 End processing HTTP request after 59.6542ms - 200
[Info   :Zeepkist GTR] 01:20:22 Received HTTP response headers after 62.8375ms - 200
[Info   :Zeepkist GTR] 01:20:22 End processing HTTP request after 63.0525ms - 200
[Info   :Zeepkist GTR] 01:20:23 Ghost version: 5
[Info   :Zeepkist GTR] 01:20:23 Received HTTP response headers after 126.9143ms - 200
[Info   :Zeepkist GTR] 01:20:23 End processing HTTP request after 127.1437ms - 200
[Info   :Zeepkist GTR] 01:20:23 Start processing HTTP request "POST" "https://graphql.zeepki.st/"
[Info   :Zeepkist GTR] 01:20:23 Sending HTTP request "POST" "https://graphql.zeepki.st/"
[Info   :Zeepkist GTR] 01:20:23 Received HTTP response headers after 60.1972ms - 200
[Info   :Zeepkist GTR] 01:20:23 End processing HTTP request after 60.4427ms - 200
[Info   :Zeepkist GTR] 01:20:24 Starting recorder
[Info   :Zeepkist GTR] 01:20:58 Stopping recorder
[Info   :Zeepkist GTR] 01:20:58 Collecting extra information
[Info   :Zeepkist GTR] 01:20:58 Processing ghost data
[Info   :Zeepkist GTR] 01:20:58 Creating stream
[Info   :Zeepkist GTR] 01:20:58 Writing to stream
[Info   :Zeepkist GTR] 01:20:59 Closing stream
[Info   :Zeepkist GTR] 01:20:59 Getting buffer
[Info   :Zeepkist GTR] 01:20:59 Converting to base64
[Info   :Zeepkist GTR] 01:20:59 Creating resource
[Info   :Zeepkist GTR] 01:20:59 Start processing HTTP request "POST" "https://backend.zeepki.st/auth/refresh"
[Info   :Zeepkist GTR] 01:20:59 Sending HTTP request "POST" "https://backend.zeepki.st/auth/refresh"
[Info   :Zeepkist GTR] 01:20:59 Received HTTP response headers after 195.8536ms - 200
[Info   :Zeepkist GTR] 01:20:59 End processing HTTP request after 196.2034ms - 200
[Info   :Zeepkist GTR] 01:20:59 Start processing HTTP request "POST" "https://backend.zeepki.st/record/submit"
[Info   :Zeepkist GTR] 01:20:59 Sending HTTP request "POST" "https://backend.zeepki.st/record/submit"
[Info   :Zeepkist GTR] 01:20:59 Received HTTP response headers after 171.0592ms - 200
[Info   :Zeepkist GTR] 01:20:59 End processing HTTP request after 171.3163ms - 200
[Info   :Zeepkist GTR] 01:21:00 Loading personal best...
[Info   :Zeepkist GTR] 01:21:00 Start processing HTTP request "POST" "https://graphql.zeepki.st/"
[Info   :Zeepkist GTR] 01:21:00 Sending HTTP request "POST" "https://graphql.zeepki.st/"
[Info   :Zeepkist GTR] 01:21:00 Stopping existing recorder if any
[Info   :Zeepkist GTR] 01:21:00 Creating new recorder
[Info   :Zeepkist GTR] 01:21:00 Start processing HTTP request "POST" "https://graphql.zeepki.st/"
[Info   :Zeepkist GTR] 01:21:00 Sending HTTP request "POST" "https://graphql.zeepki.st/"
[Info   :Zeepkist GTR] 01:21:00 Start processing HTTP request "POST" "https://graphql.zeepki.st/"
[Info   :Zeepkist GTR] 01:21:00 Sending HTTP request "POST" "https://graphql.zeepki.st/"
[Info   :Zeepkist GTR] 01:21:00 Received HTTP response headers after 102.2127ms - 200
[Info   :Zeepkist GTR] 01:21:00 Received HTTP response headers after 102.7329ms - 200
[Info   :Zeepkist GTR] 01:21:00 End processing HTTP request after 102.4578ms - 200
[Info   :Zeepkist GTR] 01:21:00 End processing HTTP request after 102.9324ms - 200
[Info   :Zeepkist GTR] 01:21:00 Ghost version: 5
[Info   :Zeepkist GTR] 01:21:00 Received HTTP response headers after 153.4452ms - 200
[Info   :Zeepkist GTR] 01:21:00 End processing HTTP request after 153.7049ms - 200
[Info   :Zeepkist GTR] 01:21:00 Start processing HTTP request "POST" "https://graphql.zeepki.st/"
[Info   :Zeepkist GTR] 01:21:00 Sending HTTP request "POST" "https://graphql.zeepki.st/"
[Info   :Zeepkist GTR] 01:21:00 Received HTTP response headers after 77.9175ms - 200
[Info   :Zeepkist GTR] 01:21:00 End processing HTTP request after 78.1624ms - 200
[Info   :Zeepkist GTR] 01:21:02 Starting recorder
[Info   :Zeepkist GTR] 01:21:30 Loading personal best...
[Info   :Zeepkist GTR] 01:21:30 Start processing HTTP request "POST" "https://graphql.zeepki.st/"
[Info   :Zeepkist GTR] 01:21:30 Sending HTTP request "POST" "https://graphql.zeepki.st/"
[Info   :Zeepkist GTR] 01:21:30 Stopping existing recorder if any
[Info   :Zeepkist GTR] 01:21:30 Creating new recorder
[Info   :Zeepkist GTR] 01:21:30 Start processing HTTP request "POST" "https://graphql.zeepki.st/"
[Info   :Zeepkist GTR] 01:21:30 Sending HTTP request "POST" "https://graphql.zeepki.st/"
[Info   :Zeepkist GTR] 01:21:30 Start processing HTTP request "POST" "https://graphql.zeepki.st/"
[Info   :Zeepkist GTR] 01:21:30 Sending HTTP request "POST" "https://graphql.zeepki.st/"
[Info   :Zeepkist GTR] 01:21:30 Received HTTP response headers after 73.0838ms - 200
[Info   :Zeepkist GTR] 01:21:30 Received HTTP response headers after 72.4904ms - 200
[Info   :Zeepkist GTR] 01:21:30 End processing HTTP request after 73.3948ms - 200
[Info   :Zeepkist GTR] 01:21:30 End processing HTTP request after 72.7613ms - 200
[Info   :Zeepkist GTR] 01:21:30 Ghost version: 5
[Info   :Zeepkist GTR] 01:21:30 Received HTTP response headers after 130.6799ms - 200
[Info   :Zeepkist GTR] 01:21:30 End processing HTTP request after 130.9001ms - 200
[Info   :Zeepkist GTR] 01:21:30 Start processing HTTP request "POST" "https://graphql.zeepki.st/"
[Info   :Zeepkist GTR] 01:21:30 Sending HTTP request "POST" "https://graphql.zeepki.st/"
[Info   :Zeepkist GTR] 01:21:30 Received HTTP response headers after 55.3069ms - 200
[Info   :Zeepkist GTR] 01:21:30 End processing HTTP request after 55.5519ms - 200
[Info   :Zeepkist GTR] 01:21:32 Starting recorder
[Info   :Zeepkist GTR] 01:21:50 Loading personal best...
[Info   :Zeepkist GTR] 01:21:50 Start processing HTTP request "POST" "https://graphql.zeepki.st/"
[Info   :Zeepkist GTR] 01:21:50 Sending HTTP request "POST" "https://graphql.zeepki.st/"
[Info   :Zeepkist GTR] 01:21:50 Stopping existing recorder if any
[Info   :Zeepkist GTR] 01:21:50 Creating new recorder
[Info   :Zeepkist GTR] 01:21:50 Start processing HTTP request "POST" "https://graphql.zeepki.st/"
[Info   :Zeepkist GTR] 01:21:50 Sending HTTP request "POST" "https://graphql.zeepki.st/"
[Info   :Zeepkist GTR] 01:21:50 Start processing HTTP request "POST" "https://graphql.zeepki.st/"
[Info   :Zeepkist GTR] 01:21:50 Sending HTTP request "POST" "https://graphql.zeepki.st/"
[Info   :Zeepkist GTR] 01:21:50 Received HTTP response headers after 72.3251ms - 200
[Info   :Zeepkist GTR] 01:21:50 Received HTTP response headers after 72.8155ms - 200
[Info   :Zeepkist GTR] 01:21:50 End processing HTTP request after 72.5915ms - 200
[Info   :Zeepkist GTR] 01:21:50 End processing HTTP request after 73.0895ms - 200
[Info   :Zeepkist GTR] 01:21:50 Ghost version: 5
[Info   :Zeepkist GTR] 01:21:50 Received HTTP response headers after 127.4366ms - 200
[Info   :Zeepkist GTR] 01:21:50 End processing HTTP request after 127.6863ms - 200
[Info   :Zeepkist GTR] 01:21:50 Start processing HTTP request "POST" "https://graphql.zeepki.st/"
[Info   :Zeepkist GTR] 01:21:50 Sending HTTP request "POST" "https://graphql.zeepki.st/"
[Info   :Zeepkist GTR] 01:21:51 Received HTTP response headers after 71.6065ms - 200
[Info   :Zeepkist GTR] 01:21:51 End processing HTTP request after 71.8518ms - 200
[Info   :Zeepkist GTR] 01:21:52 Starting recorder
[Info   :Zeepkist GTR] 01:22:14 Start processing HTTP request "POST" "https://backend.zeepki.st/vote/submit"
[Info   :Zeepkist GTR] 01:22:14 Sending HTTP request "POST" "https://backend.zeepki.st/vote/submit"
[Info   :Zeepkist GTR] 01:22:14 Received HTTP response headers after 224.3499ms - 200
[Info   :Zeepkist GTR] 01:22:14 End processing HTTP request after 224.6067ms - 200
[Info   :Zeepkist GTR] 01:22:18 Loading personal best...
[Info   :Zeepkist GTR] 01:22:18 Start processing HTTP request "POST" "https://graphql.zeepki.st/"
[Info   :Zeepkist GTR] 01:22:18 Sending HTTP request "POST" "https://graphql.zeepki.st/"
[Info   :Zeepkist GTR] 01:22:18 Stopping existing recorder if any
[Info   :Zeepkist GTR] 01:22:18 Creating new recorder
[Info   :Zeepkist GTR] 01:22:18 Start processing HTTP request "POST" "https://graphql.zeepki.st/"
[Info   :Zeepkist GTR] 01:22:18 Sending HTTP request "POST" "https://graphql.zeepki.st/"
[Info   :Zeepkist GTR] 01:22:18 Start processing HTTP request "POST" "https://graphql.zeepki.st/"
[Info   :Zeepkist GTR] 01:22:18 Sending HTTP request "POST" "https://graphql.zeepki.st/"
[Info   :Zeepkist GTR] 01:22:18 Received HTTP response headers after 66.0508ms - 200
[Info   :Zeepkist GTR] 01:22:18 End processing HTTP request after 66.3699ms - 200
[Info   :Zeepkist GTR] 01:22:18 Received HTTP response headers after 67.8142ms - 200
[Info   :Zeepkist GTR] 01:22:18 End processing HTTP request after 68.0469ms - 200
[Info   :Zeepkist GTR] 01:22:18 Ghost version: 5
[Info   :Zeepkist GTR] 01:22:18 Received HTTP response headers after 123.5143ms - 200
[Info   :Zeepkist GTR] 01:22:18 End processing HTTP request after 123.7435ms - 200
[Info   :Zeepkist GTR] 01:22:18 Start processing HTTP request "POST" "https://graphql.zeepki.st/"
[Info   :Zeepkist GTR] 01:22:18 Sending HTTP request "POST" "https://graphql.zeepki.st/"
[Info   :Zeepkist GTR] 01:22:18 Received HTTP response headers after 54.0396ms - 200
[Info   :Zeepkist GTR] 01:22:18 End processing HTTP request after 54.286ms - 200
[Info   :Zeepkist GTR] 01:22:20 Starting recorder
[Info   :RoundLeaderboardTab] Drawing leaderboard -> forwarding to Instance.DrawTabLeaderboard()
[Info   :Zeepkist GTR] 01:22:25 Discarding recorder
[Info   :RoundLeaderboardTab] Drawing leaderboard -> forwarding to Instance.DrawTabLeaderboard()
[Info   :RoundLeaderboardTab] Drawing leaderboard -> forwarding to Instance.DrawTabLeaderboard()
[Info   :RoundLeaderboardTab] Drawing leaderboard -> forwarding to Instance.DrawTabLeaderboard()
[Info   :RoundLeaderboardTab] Drawing leaderboard -> forwarding to Instance.DrawTabLeaderboard()
[Info   :BetterSplits] getting gtr splits
[Info   :Zeepkist GTR] 01:22:39 Loading personal best...
[Info   :Zeepkist GTR] 01:22:39 Start processing HTTP request "POST" "https://graphql.zeepki.st/"
[Info   :Zeepkist GTR] 01:22:39 Sending HTTP request "POST" "https://graphql.zeepki.st/"
[Info   :Zeepkist GTR] 01:22:39 Stopping existing recorder if any
[Info   :Zeepkist GTR] 01:22:39 Creating new recorder
[Info   :Zeepkist GTR] 01:22:39 Start processing HTTP request "POST" "https://graphql.zeepki.st/"
[Info   :Zeepkist GTR] 01:22:39 Sending HTTP request "POST" "https://graphql.zeepki.st/"
[Info   :Zeepkist GTR] 01:22:39 Start processing HTTP request "POST" "https://graphql.zeepki.st/"
[Info   :Zeepkist GTR] 01:22:39 Sending HTTP request "POST" "https://graphql.zeepki.st/"
[Info   :Zeepkist GTR] 01:22:40 Received HTTP response headers after 54.1506ms - 200
[Info   :Zeepkist GTR] 01:22:40 End processing HTTP request after 54.4303ms - 200
[Info   :Zeepkist GTR] 01:22:40 Received HTTP response headers after 56.5205ms - 200
[Info   :Zeepkist GTR] 01:22:40 End processing HTTP request after 56.7269ms - 200
[Info   :Zeepkist GTR] 01:22:40 Received HTTP response headers after 114.5405ms - 200
[Info   :Zeepkist GTR] 01:22:40 End processing HTTP request after 114.7512ms - 200
[Error  :BetterSplits] could not get splits
Response: StatusCode: 400, ReasonPhrase: 'Bad Request', Version: 1.1, Content: System.Net.Http.StreamContent, Headers:
{
Date: Fri, 22 May 2026 23:22:39 GMT
Connection: keep-alive
access-control-allow-headers: Origin, X-Requested-With, Accept, Authorization, X-Apollo-Tracing, Content-Type, Content-Length, X-PostGraphile-Explain
access-control-allow-methods: HEAD, GET, POST
access-control-allow-origin: *
access-control-expose-headers: X-GraphQL-Event-Stream
alt-svc: h3=":443"; ma=86400
vary: Origin
via: 1.1 Caddy
x-graphql-event-stream: /stream
x-query-cost: 115
cf-cache-status: DYNAMIC
x-xss-protection: 1; mode=block
Strict-Transport-Security: max-age=15552000; includeSubDomains; preload
x-content-type-options: nosniff
Server-Timing: cfCacheStatus;desc="DYNAMIC", cfEdge;dur=8,cfOrigin;dur=141
Report-To: {"group":"cf-nel","max_age":604800,"endpoints":[{"url":"https://a.nel.cloudflare.com/report/v4?s=Cr71OGciLORSrD7Gb5FbofKsFbgB%2BcMTYSGZ3L2h6b64ZyS3SHteA4r0sWL0vjYkHu14vAou8KBvnRo3XCi5qso6nmUgnECMOxISYn0zMDCuXdZW%2FZuhmH1K3Ve5hzzkgDHNmA%3D%3D"}]}
Nel: {"report_to":"cf-nel","success_fraction":0.0,"max_age":604800}
expect-ct: max-age=86400, enforce
referrer-policy: same-origin
x-frame-options: SAMEORIGIN
Server: cloudflare
CF-RAY: 9fff906b88a103c7-MAD
Content-Type: application/json; charset=utf-8
Content-Length: 172
} 
Content: {"errors":[{"message":"Cannot query field \"personalBestGlobalsByIdLevel\" on type \"Level\". Did you mean \"personalBestGlobals\"?","locations":[{"line":1,"column":87}]}]}
Url: https://graphql.zeepki.st
Request: {"query":"query BetterSplitsPB($hash: String!, $steamId: BigFloat) { levelByHash(hash: $hash) { personalBestGlobalsByIdLevel(filter: {userByIdUser: {steamId: {equalTo: $steamId}}}) { nodes { recordByIdRecord { speeds splits time }}}}}","variables":{"hash":"1D308416E929E6EB4D24BDA9404B7281836ED3E0-2","steamId":"76561197972890120"}}
[Info   :Zeepkist GTR] 01:22:41 Starting recorder
[Info   :   Console] Download started for AppId: 1440670, FileId: 3601586948, Result: OK
[Info   :Zeepkist GTR] 01:22:52 Loading personal best...
[Info   :Zeepkist GTR] 01:22:52 Start processing HTTP request "POST" "https://graphql.zeepki.st/"
[Info   :Zeepkist GTR] 01:22:52 Sending HTTP request "POST" "https://graphql.zeepki.st/"
[Info   :Zeepkist GTR] 01:22:52 Stopping existing recorder if any
[Info   :Zeepkist GTR] 01:22:52 Creating new recorder
[Info   :Zeepkist GTR] 01:22:52 Start processing HTTP request "POST" "https://graphql.zeepki.st/"
[Info   :Zeepkist GTR] 01:22:52 Sending HTTP request "POST" "https://graphql.zeepki.st/"
[Info   :Zeepkist GTR] 01:22:52 Start processing HTTP request "POST" "https://graphql.zeepki.st/"
[Info   :Zeepkist GTR] 01:22:52 Sending HTTP request "POST" "https://graphql.zeepki.st/"
[Info   :Zeepkist GTR] 01:22:52 Received HTTP response headers after 64.0334ms - 200
[Info   :Zeepkist GTR] 01:22:52 End processing HTTP request after 64.2864ms - 200
[Info   :Zeepkist GTR] 01:22:52 Received HTTP response headers after 69.6704ms - 200
[Info   :Zeepkist GTR] 01:22:52 End processing HTTP request after 69.9206ms - 200
[Info   :Zeepkist GTR] 01:22:52 Received HTTP response headers after 124.781ms - 200
[Info   :Zeepkist GTR] 01:22:52 End processing HTTP request after 125.0142ms - 200
[Info   :Zeepkist GTR] 01:22:54 Starting recorder
[Info   :Zeepkist GTR] 01:23:38 Stopping recorder
[Info   :Zeepkist GTR] 01:23:38 Collecting extra information
[Info   :Zeepkist GTR] 01:23:38 Processing ghost data
[Info   :Zeepkist GTR] 01:23:38 Creating stream
[Info   :Zeepkist GTR] 01:23:38 Writing to stream
[Info   :Zeepkist GTR] 01:23:38 Closing stream
[Info   :Zeepkist GTR] 01:23:38 Getting buffer
[Info   :Zeepkist GTR] 01:23:38 Converting to base64
[Info   :Zeepkist GTR] 01:23:38 Creating resource
[Info   :Zeepkist GTR] 01:23:38 Start processing HTTP request "POST" "https://backend.zeepki.st/auth/refresh"
[Info   :Zeepkist GTR] 01:23:38 Sending HTTP request "POST" "https://backend.zeepki.st/auth/refresh"
[Info   :Zeepkist GTR] 01:23:38 Received HTTP response headers after 174.607ms - 200
[Info   :Zeepkist GTR] 01:23:38 End processing HTTP request after 174.8766ms - 200
[Info   :Zeepkist GTR] 01:23:38 Start processing HTTP request "POST" "https://backend.zeepki.st/record/submit"
[Info   :Zeepkist GTR] 01:23:38 Sending HTTP request "POST" "https://backend.zeepki.st/record/submit"
[Info   :Zeepkist GTR] 01:23:39 Received HTTP response headers after 206.551ms - 200
[Info   :Zeepkist GTR] 01:23:39 End processing HTTP request after 206.8019ms - 200
[Info   :Zeepkist GTR] 01:23:40 Loading personal best...
[Info   :Zeepkist GTR] 01:23:40 Start processing HTTP request "POST" "https://graphql.zeepki.st/"
[Info   :Zeepkist GTR] 01:23:40 Sending HTTP request "POST" "https://graphql.zeepki.st/"
[Info   :Zeepkist GTR] 01:23:40 Stopping existing recorder if any
[Info   :Zeepkist GTR] 01:23:40 Creating new recorder
[Info   :Zeepkist GTR] 01:23:40 Start processing HTTP request "POST" "https://graphql.zeepki.st/"
[Info   :Zeepkist GTR] 01:23:40 Sending HTTP request "POST" "https://graphql.zeepki.st/"
[Info   :Zeepkist GTR] 01:23:40 Start processing HTTP request "POST" "https://graphql.zeepki.st/"
[Info   :Zeepkist GTR] 01:23:40 Sending HTTP request "POST" "https://graphql.zeepki.st/"
[Info   :Zeepkist GTR] 01:23:40 Received HTTP response headers after 105.0283ms - 200
[Info   :Zeepkist GTR] 01:23:40 End processing HTTP request after 105.2539ms - 200
[Info   :Zeepkist GTR] 01:23:40 Received HTTP response headers after 105.5701ms - 200
[Info   :Zeepkist GTR] 01:23:40 End processing HTTP request after 105.7612ms - 200
[Info   :Zeepkist GTR] 01:23:40 Start processing HTTP request "GET" "https://cdn.zeepki.st/ghosts/01KS900SF5DSTPSR99A8VWQGMG.bin"
[Info   :Zeepkist GTR] 01:23:40 Sending HTTP request "GET" "https://cdn.zeepki.st/ghosts/01KS900SF5DSTPSR99A8VWQGMG.bin"
[Info   :Zeepkist GTR] 01:23:40 Received HTTP response headers after 156.9011ms - 200
[Info   :Zeepkist GTR] 01:23:40 End processing HTTP request after 157.1062ms - 200
[Info   :Zeepkist GTR] 01:23:40 Start processing HTTP request "POST" "https://graphql.zeepki.st/"
[Info   :Zeepkist GTR] 01:23:40 Sending HTTP request "POST" "https://graphql.zeepki.st/"
[Info   :Zeepkist GTR] 01:23:40 Received HTTP response headers after 54.8856ms - 200
[Info   :Zeepkist GTR] 01:23:40 End processing HTTP request after 55.1313ms - 200
[Info   :Zeepkist GTR] 01:23:41 Received HTTP response headers after 764.8739ms - 200
[Info   :Zeepkist GTR] 01:23:41 End processing HTTP request after 765.166ms - 200
[Info   :Zeepkist GTR] 01:23:41 Ghost version: 5
[Info   :Zeepkist GTR] 01:23:42 Starting recorder
[Info   :Zeepkist GTR] 01:24:25 Stopping recorder
[Info   :Zeepkist GTR] 01:24:25 Collecting extra information
[Info   :Zeepkist GTR] 01:24:25 Processing ghost data
[Info   :Zeepkist GTR] 01:24:25 Creating stream
[Info   :Zeepkist GTR] 01:24:25 Writing to stream
[Info   :Zeepkist GTR] 01:24:25 Closing stream
[Info   :Zeepkist GTR] 01:24:25 Getting buffer
[Info   :Zeepkist GTR] 01:24:25 Converting to base64
[Info   :Zeepkist GTR] 01:24:25 Creating resource
[Info   :Zeepkist GTR] 01:24:25 Start processing HTTP request "POST" "https://backend.zeepki.st/auth/refresh"
[Info   :Zeepkist GTR] 01:24:25 Sending HTTP request "POST" "https://backend.zeepki.st/auth/refresh"
[Info   :Zeepkist GTR] 01:24:25 Received HTTP response headers after 376.122ms - 200
[Info   :Zeepkist GTR] 01:24:25 End processing HTTP request after 376.3478ms - 200
[Info   :Zeepkist GTR] 01:24:25 Start processing HTTP request "POST" "https://backend.zeepki.st/record/submit"
[Info   :Zeepkist GTR] 01:24:25 Sending HTTP request "POST" "https://backend.zeepki.st/record/submit"
[Info   :Zeepkist GTR] 01:24:25 Received HTTP response headers after 149.7548ms - 200
[Info   :Zeepkist GTR] 01:24:25 End processing HTTP request after 149.9806ms - 200
[Info   :Zeepkist GTR] 01:24:28 Loading personal best...
[Info   :Zeepkist GTR] 01:24:28 Start processing HTTP request "POST" "https://graphql.zeepki.st/"
[Info   :Zeepkist GTR] 01:24:28 Sending HTTP request "POST" "https://graphql.zeepki.st/"
[Info   :Zeepkist GTR] 01:24:28 Stopping existing recorder if any
[Info   :Zeepkist GTR] 01:24:28 Creating new recorder
[Info   :Zeepkist GTR] 01:24:28 Start processing HTTP request "POST" "https://graphql.zeepki.st/"
[Info   :Zeepkist GTR] 01:24:28 Sending HTTP request "POST" "https://graphql.zeepki.st/"
[Info   :Zeepkist GTR] 01:24:28 Start processing HTTP request "POST" "https://graphql.zeepki.st/"
[Info   :Zeepkist GTR] 01:24:28 Sending HTTP request "POST" "https://graphql.zeepki.st/"
[Info   :Zeepkist GTR] 01:24:28 Received HTTP response headers after 55.4227ms - 200
[Info   :Zeepkist GTR] 01:24:28 End processing HTTP request after 55.6463ms - 200
[Info   :Zeepkist GTR] 01:24:28 Received HTTP response headers after 58.6283ms - 200
[Info   :Zeepkist GTR] 01:24:28 End processing HTTP request after 58.8257ms - 200
[Info   :Zeepkist GTR] 01:24:28 Start processing HTTP request "GET" "https://cdn.zeepki.st/ghosts/01KS90270TRWGZR8EE4EZSQ37J.bin"
[Info   :Zeepkist GTR] 01:24:28 Sending HTTP request "GET" "https://cdn.zeepki.st/ghosts/01KS90270TRWGZR8EE4EZSQ37J.bin"
[Info   :Zeepkist GTR] 01:24:28 Received HTTP response headers after 120.5677ms - 200
[Info   :Zeepkist GTR] 01:24:28 End processing HTTP request after 120.7876ms - 200
[Info   :Zeepkist GTR] 01:24:28 Start processing HTTP request "POST" "https://graphql.zeepki.st/"
[Info   :Zeepkist GTR] 01:24:28 Sending HTTP request "POST" "https://graphql.zeepki.st/"
[Info   :Zeepkist GTR] 01:24:28 Received HTTP response headers after 55.6038ms - 200
[Info   :Zeepkist GTR] 01:24:28 End processing HTTP request after 55.846ms - 200
[Info   :Zeepkist GTR] 01:24:28 Received HTTP response headers after 555.8811ms - 200
[Info   :Zeepkist GTR] 01:24:28 End processing HTTP request after 556.1487ms - 200
[Info   :Zeepkist GTR] 01:24:29 Ghost version: 5
[Info   :Zeepkist GTR] 01:24:30 Starting recorder
[Info   :Zeepkist GTR] 01:24:52 Loading personal best...
[Info   :Zeepkist GTR] 01:24:52 Start processing HTTP request "POST" "https://graphql.zeepki.st/"
[Info   :Zeepkist GTR] 01:24:52 Sending HTTP request "POST" "https://graphql.zeepki.st/"
[Info   :Zeepkist GTR] 01:24:52 Stopping existing recorder if any
[Info   :Zeepkist GTR] 01:24:52 Creating new recorder
[Info   :Zeepkist GTR] 01:24:52 Start processing HTTP request "POST" "https://graphql.zeepki.st/"
[Info   :Zeepkist GTR] 01:24:52 Sending HTTP request "POST" "https://graphql.zeepki.st/"
[Info   :Zeepkist GTR] 01:24:52 Start processing HTTP request "POST" "https://graphql.zeepki.st/"
[Info   :Zeepkist GTR] 01:24:52 Sending HTTP request "POST" "https://graphql.zeepki.st/"
[Info   :Zeepkist GTR] 01:24:53 Received HTTP response headers after 59.1931ms - 200
[Info   :Zeepkist GTR] 01:24:53 End processing HTTP request after 59.4364ms - 200
[Info   :Zeepkist GTR] 01:24:53 Received HTTP response headers after 63.9455ms - 200
[Info   :Zeepkist GTR] 01:24:53 End processing HTTP request after 64.2027ms - 200
[Info   :Zeepkist GTR] 01:24:53 Ghost version: 5
[Info   :Zeepkist GTR] 01:24:53 Received HTTP response headers after 242.8718ms - 200
[Info   :Zeepkist GTR] 01:24:53 End processing HTTP request after 243.089ms - 200
[Info   :Zeepkist GTR] 01:24:53 Start processing HTTP request "POST" "https://graphql.zeepki.st/"
[Info   :Zeepkist GTR] 01:24:53 Sending HTTP request "POST" "https://graphql.zeepki.st/"
[Info   :Zeepkist GTR] 01:24:53 Received HTTP response headers after 53.6986ms - 200
[Info   :Zeepkist GTR] 01:24:53 End processing HTTP request after 53.9476ms - 200
[Info   :Zeepkist GTR] 01:24:54 Starting recorder
[Info   :Zeepkist GTR] 01:24:56 Loading personal best...
[Info   :Zeepkist GTR] 01:24:56 Start processing HTTP request "POST" "https://graphql.zeepki.st/"
[Info   :Zeepkist GTR] 01:24:56 Sending HTTP request "POST" "https://graphql.zeepki.st/"
[Info   :Zeepkist GTR] 01:24:56 Stopping existing recorder if any
[Info   :Zeepkist GTR] 01:24:56 Creating new recorder
[Info   :Zeepkist GTR] 01:24:56 Start processing HTTP request "POST" "https://graphql.zeepki.st/"
[Info   :Zeepkist GTR] 01:24:56 Sending HTTP request "POST" "https://graphql.zeepki.st/"
[Info   :Zeepkist GTR] 01:24:56 Start processing HTTP request "POST" "https://graphql.zeepki.st/"
[Info   :Zeepkist GTR] 01:24:56 Sending HTTP request "POST" "https://graphql.zeepki.st/"
[Info   :Zeepkist GTR] 01:24:56 Received HTTP response headers after 80.3311ms - 200
[Info   :Zeepkist GTR] 01:24:56 Received HTTP response headers after 80.9082ms - 200
[Info   :Zeepkist GTR] 01:24:56 End processing HTTP request after 81.1724ms - 200
[Info   :Zeepkist GTR] 01:24:56 End processing HTTP request after 80.5764ms - 200
[Info   :Zeepkist GTR] 01:24:56 Ghost version: 5
[Info   :Zeepkist GTR] 01:24:56 Received HTTP response headers after 167.5812ms - 200
[Info   :Zeepkist GTR] 01:24:56 End processing HTTP request after 167.8035ms - 200
[Info   :Zeepkist GTR] 01:24:56 Start processing HTTP request "POST" "https://graphql.zeepki.st/"
[Info   :Zeepkist GTR] 01:24:56 Sending HTTP request "POST" "https://graphql.zeepki.st/"
[Info   :Zeepkist GTR] 01:24:56 Received HTTP response headers after 49.1378ms - 200
[Info   :Zeepkist GTR] 01:24:56 End processing HTTP request after 49.38ms - 200
[Info   :Zeepkist GTR] 01:24:58 Starting recorder
[Info   :Zeepkist GTR] 01:25:39 Stopping recorder
[Info   :Zeepkist GTR] 01:25:39 Collecting extra information
[Info   :Zeepkist GTR] 01:25:39 Processing ghost data
[Info   :Zeepkist GTR] 01:25:39 Creating stream
[Info   :Zeepkist GTR] 01:25:39 Writing to stream
[Info   :Zeepkist GTR] 01:25:39 Closing stream
[Info   :Zeepkist GTR] 01:25:39 Getting buffer
[Info   :Zeepkist GTR] 01:25:39 Converting to base64
[Info   :Zeepkist GTR] 01:25:39 Creating resource
[Info   :Zeepkist GTR] 01:25:39 Start processing HTTP request "POST" "https://backend.zeepki.st/auth/refresh"
[Info   :Zeepkist GTR] 01:25:39 Sending HTTP request "POST" "https://backend.zeepki.st/auth/refresh"
[Info   :Zeepkist GTR] 01:25:42 Loading personal best...
[Info   :Zeepkist GTR] 01:25:42 Start processing HTTP request "POST" "https://graphql.zeepki.st/"
[Info   :Zeepkist GTR] 01:25:42 Sending HTTP request "POST" "https://graphql.zeepki.st/"
[Info   :Zeepkist GTR] 01:25:42 Stopping existing recorder if any
[Info   :Zeepkist GTR] 01:25:42 Creating new recorder
[Info   :Zeepkist GTR] 01:25:42 Start processing HTTP request "POST" "https://graphql.zeepki.st/"
[Info   :Zeepkist GTR] 01:25:42 Sending HTTP request "POST" "https://graphql.zeepki.st/"
[Info   :Zeepkist GTR] 01:25:42 Start processing HTTP request "POST" "https://graphql.zeepki.st/"
[Info   :Zeepkist GTR] 01:25:42 Sending HTTP request "POST" "https://graphql.zeepki.st/"
[Info   :Zeepkist GTR] 01:25:44 Starting recorder
[Info   :Zeepkist GTR] 01:25:46 Received HTTP response headers after 3953.3982ms - 502
[Info   :Zeepkist GTR] 01:25:46 End processing HTTP request after 3953.6591ms - 502
[Info   :Zeepkist GTR] 01:25:48 Received HTTP response headers after 5285.0494ms - 200
[Info   :Zeepkist GTR] 01:25:48 End processing HTTP request after 5285.3226ms - 200
[Info   :Zeepkist GTR] 01:25:48 Ghost version: 5
[Info   :Zeepkist GTR] 01:25:50 Loading personal best...
[Info   :Zeepkist GTR] 01:25:50 Start processing HTTP request "POST" "https://graphql.zeepki.st/"
[Info   :Zeepkist GTR] 01:25:50 Sending HTTP request "POST" "https://graphql.zeepki.st/"
[Info   :Zeepkist GTR] 01:25:50 Stopping existing recorder if any
[Info   :Zeepkist GTR] 01:25:50 Creating new recorder
[Info   :Zeepkist GTR] 01:25:50 Start processing HTTP request "POST" "https://graphql.zeepki.st/"
[Info   :Zeepkist GTR] 01:25:50 Sending HTTP request "POST" "https://graphql.zeepki.st/"
[Info   :Zeepkist GTR] 01:25:50 Start processing HTTP request "POST" "https://graphql.zeepki.st/"
[Info   :Zeepkist GTR] 01:25:50 Sending HTTP request "POST" "https://graphql.zeepki.st/"
[Info   :Zeepkist GTR] 01:25:52 Starting recorder
[Info   :Zeepkist GTR] 01:25:58 Received HTTP response headers after 7103.5432ms - 200
[Info   :Zeepkist GTR] 01:25:58 End processing HTTP request after 7103.824ms - 200
[Info   :Zeepkist GTR] 01:25:58 Ghost version: 5
[Info   :Zeepkist GTR] 01:26:03 Loading personal best...
[Info   :Zeepkist GTR] 01:26:03 Start processing HTTP request "POST" "https://graphql.zeepki.st/"
[Info   :Zeepkist GTR] 01:26:03 Sending HTTP request "POST" "https://graphql.zeepki.st/"
[Info   :Zeepkist GTR] 01:26:03 Stopping existing recorder if any
[Info   :Zeepkist GTR] 01:26:03 Creating new recorder
[Info   :Zeepkist GTR] 01:26:03 Start processing HTTP request "POST" "https://graphql.zeepki.st/"
[Info   :Zeepkist GTR] 01:26:03 Sending HTTP request "POST" "https://graphql.zeepki.st/"
[Info   :Zeepkist GTR] 01:26:03 Start processing HTTP request "POST" "https://graphql.zeepki.st/"
[Info   :Zeepkist GTR] 01:26:03 Sending HTTP request "POST" "https://graphql.zeepki.st/"
[Info   :Zeepkist GTR] 01:26:05 Starting recorder
[Info   :Zeepkist GTR] 01:26:07 Received HTTP response headers after 3988.5838ms - 502
[Info   :Zeepkist GTR] 01:26:07 End processing HTTP request after 3988.8151ms - 502
[Error  :Zeepkist GTR] 01:26:07 Failed to load personal best: "Result: IsSuccess='False', Reasons='ExceptionalError with Message='Response status code does not indicate success: 502 (Bad Gateway).', Exception='StrawberryShake.GraphQLClientException: Response status code does not indicate success: 502 (Bad Gateway).
  at StrawberryShake.OperationResultExtensions.EnsureNoErrors (StrawberryShake.IOperationResult result) [0x00027] in <477cd25efd574ed694e416a1db52b995>:0 
  at TNRD.Zeepkist.GTR.Ghosting.Playback.OnlineGhostGraphqlService.GetPersonalBests (System.String levelHash) [0x000bb] in C:\a\Zeepkist.GTR.Mod\Zeepkist.GTR.Mod\Ghosting\Playback\OnlineGhostGraphqlService.cs:36 '', "
[Info   :Zeepkist GTR] 01:26:09 Received HTTP response headers after 30242.2012ms - 200
[Info   :Zeepkist GTR] 01:26:09 End processing HTTP request after 30242.4234ms - 200
[Info   :Zeepkist GTR] 01:26:09 Start processing HTTP request "POST" "https://backend.zeepki.st/record/submit"
[Info   :Zeepkist GTR] 01:26:09 Sending HTTP request "POST" "https://backend.zeepki.st/record/submit"
[Info   :Zeepkist GTR] 01:26:13 Received HTTP response headers after 3395.4527ms - 502
[Info   :Zeepkist GTR] 01:26:13 End processing HTTP request after 3395.6914ms - 502
[Warning:Zeepkist GTR] 01:26:13 Request failed, retrying (1)
[Info   :Zeepkist GTR] 01:26:15 Start processing HTTP request "POST" "https://backend.zeepki.st/record/submit"
[Info   :Zeepkist GTR] 01:26:15 Sending HTTP request "POST" "https://backend.zeepki.st/record/submit"
[Info   :Zeepkist GTR] 01:26:17 Received HTTP response headers after 2198.1916ms - 502
[Info   :Zeepkist GTR] 01:26:17 End processing HTTP request after 2198.4856ms - 502
[Warning:Zeepkist GTR] 01:26:17 Request failed, retrying (2)
[Info   :Zeepkist GTR] 01:26:21 Start processing HTTP request "POST" "https://backend.zeepki.st/record/submit"
[Info   :Zeepkist GTR] 01:26:21 Sending HTTP request "POST" "https://backend.zeepki.st/record/submit"
[Info   :Zeepkist GTR] 01:26:24 Received HTTP response headers after 2992.1703ms - 200
[Info   :Zeepkist GTR] 01:26:24 End processing HTTP request after 2992.4919ms - 200
[Info   :Zeepkist GTR] 01:26:45 Stopping recorder
[Info   :Zeepkist GTR] 01:26:45 Collecting extra information
[Info   :Zeepkist GTR] 01:26:45 Processing ghost data
[Info   :Zeepkist GTR] 01:26:45 Creating stream
[Info   :Zeepkist GTR] 01:26:45 Writing to stream
[Info   :Zeepkist GTR] 01:26:45 Closing stream
[Info   :Zeepkist GTR] 01:26:45 Getting buffer
[Info   :Zeepkist GTR] 01:26:45 Converting to base64
[Info   :Zeepkist GTR] 01:26:45 Creating resource
[Info   :Zeepkist GTR] 01:26:45 Start processing HTTP request "POST" "https://backend.zeepki.st/auth/refresh"
[Info   :Zeepkist GTR] 01:26:45 Sending HTTP request "POST" "https://backend.zeepki.st/auth/refresh"
[Info   :Zeepkist GTR] 01:26:48 Received HTTP response headers after 2299.3962ms - 200
[Info   :Zeepkist GTR] 01:26:48 End processing HTTP request after 2299.6013ms - 200
[Info   :Zeepkist GTR] 01:26:48 Start processing HTTP request "POST" "https://backend.zeepki.st/record/submit"
[Info   :Zeepkist GTR] 01:26:48 Sending HTTP request "POST" "https://backend.zeepki.st/record/submit"
[Info   :Zeepkist GTR] 01:26:50 Received HTTP response headers after 2585.0515ms - 200
[Info   :Zeepkist GTR] 01:26:50 End processing HTTP request after 2585.298ms - 200
[Info   :Zeepkist GTR] 01:26:53 Loading personal best...
[Info   :Zeepkist GTR] 01:26:53 Start processing HTTP request "POST" "https://graphql.zeepki.st/"
[Info   :Zeepkist GTR] 01:26:53 Sending HTTP request "POST" "https://graphql.zeepki.st/"
[Info   :Zeepkist GTR] 01:26:53 Stopping existing recorder if any
[Info   :Zeepkist GTR] 01:26:53 Creating new recorder
[Info   :Zeepkist GTR] 01:26:53 Start processing HTTP request "POST" "https://graphql.zeepki.st/"
[Info   :Zeepkist GTR] 01:26:53 Sending HTTP request "POST" "https://graphql.zeepki.st/"
[Info   :Zeepkist GTR] 01:26:53 Start processing HTTP request "POST" "https://graphql.zeepki.st/"
[Info   :Zeepkist GTR] 01:26:53 Sending HTTP request "POST" "https://graphql.zeepki.st/"
[Info   :Zeepkist GTR] 01:26:55 Starting recorder
[Info   :Zeepkist GTR] 01:27:01 Loading personal best...
[Info   :Zeepkist GTR] 01:27:01 Start processing HTTP request "POST" "https://graphql.zeepki.st/"
[Info   :Zeepkist GTR] 01:27:01 Sending HTTP request "POST" "https://graphql.zeepki.st/"
[Info   :Zeepkist GTR] 01:27:01 Stopping existing recorder if any
[Info   :Zeepkist GTR] 01:27:01 Creating new recorder
[Info   :Zeepkist GTR] 01:27:01 Start processing HTTP request "POST" "https://graphql.zeepki.st/"
[Info   :Zeepkist GTR] 01:27:01 Sending HTTP request "POST" "https://graphql.zeepki.st/"
[Info   :Zeepkist GTR] 01:27:01 Start processing HTTP request "POST" "https://graphql.zeepki.st/"
[Info   :Zeepkist GTR] 01:27:01 Sending HTTP request "POST" "https://graphql.zeepki.st/"
[Info   :Zeepkist GTR] 01:27:02 Starting recorder
[Info   :Zeepkist GTR] 01:27:38 Discarding recorder
[Info   :RoundLeaderboardTab] Drawing leaderboard -> forwarding to Instance.DrawTabLeaderboard()
[Info   :RoundLeaderboardTab] Drawing leaderboard -> forwarding to Instance.DrawTabLeaderboard()
[Info   :ChampionshipLeaderboardTab] Drawing leaderboard -> forwarding to Instance.DrawTabLeaderboard()
[Info   :ChampionshipLeaderboardTab] Drawing leaderboard -> forwarding to Instance.DrawTabLeaderboard()
[Info   :Zeepkist GTR] 01:27:50 Start processing HTTP request "POST" "https://graphql.zeepki.st/"
[Info   :Zeepkist GTR] 01:27:50 Sending HTTP request "POST" "https://graphql.zeepki.st/"
[Info   :Zeepkist GTR] 01:27:50 Start processing HTTP request "POST" "https://graphql.zeepki.st/"
[Info   :Zeepkist GTR] 01:27:50 Sending HTTP request "POST" "https://graphql.zeepki.st/"
[Info   :Zeepkist GTR] 01:27:50 Received HTTP response headers after 235.5086ms - 200
[Info   :Zeepkist GTR] 01:27:50 End processing HTTP request after 235.7886ms - 200
[Info   :Zeepkist GTR] 01:27:50 Received HTTP response headers after 236.2365ms - 200
[Info   :Zeepkist GTR] 01:27:50 End processing HTTP request after 236.4566ms - 200
[Info   :Zeepkist GTR] 01:27:50 Start processing HTTP request "POST" "https://graphql.zeepki.st/"
[Info   :Zeepkist GTR] 01:27:50 Sending HTTP request "POST" "https://graphql.zeepki.st/"
[Info   :Zeepkist GTR] 01:27:50 Received HTTP response headers after 63.5242ms - 200
[Info   :Zeepkist GTR] 01:27:50 End processing HTTP request after 63.7906ms - 200
[Info   :Zeepkist GTR] 01:27:50 Start processing HTTP request "POST" "https://graphql.zeepki.st/"
[Info   :Zeepkist GTR] 01:27:50 Sending HTTP request "POST" "https://graphql.zeepki.st/"
[Info   :Zeepkist GTR] 01:27:50 Received HTTP response headers after 86.6741ms - 200
[Info   :Zeepkist GTR] 01:27:50 End processing HTTP request after 86.9511ms - 200
[Info   :BetterSplits] getting gtr splits
[Info   :Zeepkist GTR] 01:27:52 Loading personal best...
[Info   :Zeepkist GTR] 01:27:52 Start processing HTTP request "POST" "https://graphql.zeepki.st/"
[Info   :Zeepkist GTR] 01:27:52 Sending HTTP request "POST" "https://graphql.zeepki.st/"
[Info   :Zeepkist GTR] 01:27:52 Stopping existing recorder if any
[Info   :Zeepkist GTR] 01:27:52 Creating new recorder
[Info   :Zeepkist GTR] 01:27:52 Start processing HTTP request "POST" "https://graphql.zeepki.st/"
[Info   :Zeepkist GTR] 01:27:52 Sending HTTP request "POST" "https://graphql.zeepki.st/"
[Info   :Zeepkist GTR] 01:27:52 Start processing HTTP request "POST" "https://graphql.zeepki.st/"
[Info   :Zeepkist GTR] 01:27:52 Sending HTTP request "POST" "https://graphql.zeepki.st/"
[Info   :Zeepkist GTR] 01:27:53 Received HTTP response headers after 50.3651ms - 200
[Info   :Zeepkist GTR] 01:27:53 End processing HTTP request after 50.9077ms - 200
[Info   :Zeepkist GTR] 01:27:53 Received HTTP response headers after 55.2989ms - 200
[Info   :Zeepkist GTR] 01:27:53 End processing HTTP request after 55.5671ms - 200
[Error  :BetterSplits] could not get splits
Response: StatusCode: 400, ReasonPhrase: 'Bad Request', Version: 1.1, Content: System.Net.Http.StreamContent, Headers:
{
Date: Fri, 22 May 2026 23:27:52 GMT
Connection: keep-alive
access-control-allow-headers: Origin, X-Requested-With, Accept, Authorization, X-Apollo-Tracing, Content-Type, Content-Length, X-PostGraphile-Explain
access-control-allow-methods: HEAD, GET, POST
access-control-allow-origin: *
access-control-expose-headers: X-GraphQL-Event-Stream
alt-svc: h3=":443"; ma=86400
vary: Origin
via: 1.1 Caddy
x-graphql-event-stream: /stream
x-query-cost: 115
cf-cache-status: DYNAMIC
x-xss-protection: 1; mode=block
Strict-Transport-Security: max-age=15552000; includeSubDomains; preload
x-content-type-options: nosniff
Server-Timing: cfCacheStatus;desc="DYNAMIC", cfEdge;dur=5,cfOrigin;dur=42
Report-To: {"group":"cf-nel","max_age":604800,"endpoints":[{"url":"https://a.nel.cloudflare.com/report/v4?s=TGk61Rdgodwzb6WljYWPPRvvTo1BB%2BLPv7WKN2Ckazhg0%2Fd6yd7FgZmt4ynZVZjj%2F%2B7k3E5KyjteBVpoM%2BPJ7njhSjLrQtB3h0dUfZw2dU2Gciqljrim7FX4SBCf0jWLxaz5ZQ%3D%3D"}]}
Nel: {"report_to":"cf-nel","success_fraction":0.0,"max_age":604800}
expect-ct: max-age=86400, enforce
referrer-policy: same-origin
x-frame-options: SAMEORIGIN
Server: cloudflare
CF-RAY: 9fff980fd9190144-MAD
Content-Type: application/json; charset=utf-8
Content-Length: 172
} 
Content: {"errors":[{"message":"Cannot query field \"personalBestGlobalsByIdLevel\" on type \"Level\". Did you mean \"personalBestGlobals\"?","locations":[{"line":1,"column":87}]}]}
Url: https://graphql.zeepki.st
Request: {"query":"query BetterSplitsPB($hash: String!, $steamId: BigFloat) { levelByHash(hash: $hash) { personalBestGlobalsByIdLevel(filter: {userByIdUser: {steamId: {equalTo: $steamId}}}) { nodes { recordByIdRecord { speeds splits time }}}}}","variables":{"hash":"0E2409232CBCF7608F1AE68D7974169CB9F39422-2","steamId":"76561197972890120"}}
[Info   :Zeepkist GTR] 01:27:53 Received HTTP response headers after 103.015ms - 200
[Info   :Zeepkist GTR] 01:27:53 End processing HTTP request after 103.3356ms - 200
[Info   :Zeepkist GTR] 01:27:54 Starting recorder
[Info   :   Console] Download started for AppId: 1440670, FileId: 3605848582, Result: OK
[Info   :Zeepkist GTR] 01:28:06 Loading personal best...
[Info   :Zeepkist GTR] 01:28:06 Start processing HTTP request "POST" "https://graphql.zeepki.st/"
[Info   :Zeepkist GTR] 01:28:06 Sending HTTP request "POST" "https://graphql.zeepki.st/"
[Info   :Zeepkist GTR] 01:28:06 Stopping existing recorder if any
[Info   :Zeepkist GTR] 01:28:06 Creating new recorder
[Info   :Zeepkist GTR] 01:28:06 Start processing HTTP request "POST" "https://graphql.zeepki.st/"
[Info   :Zeepkist GTR] 01:28:06 Sending HTTP request "POST" "https://graphql.zeepki.st/"
[Info   :Zeepkist GTR] 01:28:06 Start processing HTTP request "POST" "https://graphql.zeepki.st/"
[Info   :Zeepkist GTR] 01:28:06 Sending HTTP request "POST" "https://graphql.zeepki.st/"
[Info   :Zeepkist GTR] 01:28:06 Received HTTP response headers after 56.9033ms - 200
[Info   :Zeepkist GTR] 01:28:06 End processing HTTP request after 57.141ms - 200
[Info   :Zeepkist GTR] 01:28:06 Received HTTP response headers after 64.6813ms - 200
[Info   :Zeepkist GTR] 01:28:06 End processing HTTP request after 65.0732ms - 200
[Info   :Zeepkist GTR] 01:28:06 Received HTTP response headers after 133.3647ms - 200
[Info   :Zeepkist GTR] 01:28:06 End processing HTTP request after 133.5855ms - 200
[Info   :Zeepkist GTR] 01:28:07 Starting recorder
[Info   :Zeepkist GTR] 01:28:18 Loading personal best...
[Info   :Zeepkist GTR] 01:28:18 Start processing HTTP request "POST" "https://graphql.zeepki.st/"
[Info   :Zeepkist GTR] 01:28:18 Sending HTTP request "POST" "https://graphql.zeepki.st/"
[Info   :Zeepkist GTR] 01:28:18 Stopping existing recorder if any
[Info   :Zeepkist GTR] 01:28:18 Creating new recorder
[Info   :Zeepkist GTR] 01:28:18 Start processing HTTP request "POST" "https://graphql.zeepki.st/"
[Info   :Zeepkist GTR] 01:28:18 Sending HTTP request "POST" "https://graphql.zeepki.st/"
[Info   :Zeepkist GTR] 01:28:18 Start processing HTTP request "POST" "https://graphql.zeepki.st/"
[Info   :Zeepkist GTR] 01:28:18 Sending HTTP request "POST" "https://graphql.zeepki.st/"
[Info   :Zeepkist GTR] 01:28:18 Received HTTP response headers after 56.4961ms - 200
[Info   :Zeepkist GTR] 01:28:18 End processing HTTP request after 56.7367ms - 200
[Info   :Zeepkist GTR] 01:28:18 Received HTTP response headers after 66.1113ms - 200
[Info   :Zeepkist GTR] 01:28:18 End processing HTTP request after 66.3259ms - 200
[Info   :Zeepkist GTR] 01:28:18 Received HTTP response headers after 123.3312ms - 200
[Info   :Zeepkist GTR] 01:28:18 End processing HTTP request after 123.5432ms - 200
[Info   :Zeepkist GTR] 01:28:20 Starting recorder
[Info   :Zeepkist GTR] 01:28:30 Loading personal best...
[Info   :Zeepkist GTR] 01:28:30 Start processing HTTP request "POST" "https://graphql.zeepki.st/"
[Info   :Zeepkist GTR] 01:28:30 Sending HTTP request "POST" "https://graphql.zeepki.st/"
[Info   :Zeepkist GTR] 01:28:30 Stopping existing recorder if any
[Info   :Zeepkist GTR] 01:28:30 Creating new recorder
[Info   :Zeepkist GTR] 01:28:30 Start processing HTTP request "POST" "https://graphql.zeepki.st/"
[Info   :Zeepkist GTR] 01:28:30 Sending HTTP request "POST" "https://graphql.zeepki.st/"
[Info   :Zeepkist GTR] 01:28:30 Start processing HTTP request "POST" "https://graphql.zeepki.st/"
[Info   :Zeepkist GTR] 01:28:30 Sending HTTP request "POST" "https://graphql.zeepki.st/"
[Info   :Zeepkist GTR] 01:28:30 Received HTTP response headers after 56.2518ms - 200
[Info   :Zeepkist GTR] 01:28:30 End processing HTTP request after 56.5554ms - 200
[Info   :Zeepkist GTR] 01:28:30 Received HTTP response headers after 58.6899ms - 200
[Info   :Zeepkist GTR] 01:28:30 End processing HTTP request after 58.9205ms - 200
[Info   :Zeepkist GTR] 01:28:30 Received HTTP response headers after 129.9368ms - 200
[Info   :Zeepkist GTR] 01:28:30 End processing HTTP request after 130.2137ms - 200
[Info   :Zeepkist GTR] 01:28:32 Starting recorder
[Error  :Zeepkist RTM] 01:28:33 Unobserved task exception
[Error  :Zeepkist GTR] 01:28:33 Unobserved task exception
[Info   :Zeepkist GTR] 01:28:43 Loading personal best...
[Info   :Zeepkist GTR] 01:28:43 Start processing HTTP request "POST" "https://graphql.zeepki.st/"
[Info   :Zeepkist GTR] 01:28:43 Sending HTTP request "POST" "https://graphql.zeepki.st/"
[Info   :Zeepkist GTR] 01:28:43 Stopping existing recorder if any
[Info   :Zeepkist GTR] 01:28:43 Creating new recorder
[Info   :Zeepkist GTR] 01:28:43 Start processing HTTP request "POST" "https://graphql.zeepki.st/"
[Info   :Zeepkist GTR] 01:28:43 Sending HTTP request "POST" "https://graphql.zeepki.st/"
[Info   :Zeepkist GTR] 01:28:43 Start processing HTTP request "POST" "https://graphql.zeepki.st/"
[Info   :Zeepkist GTR] 01:28:43 Sending HTTP request "POST" "https://graphql.zeepki.st/"
[Info   :Zeepkist GTR] 01:28:43 Received HTTP response headers after 57.8195ms - 200
[Info   :Zeepkist GTR] 01:28:43 End processing HTTP request after 58.0439ms - 200
[Info   :Zeepkist GTR] 01:28:43 Received HTTP response headers after 59.5516ms - 200
[Info   :Zeepkist GTR] 01:28:43 End processing HTTP request after 59.7348ms - 200
[Info   :Zeepkist GTR] 01:28:43 Received HTTP response headers after 116.7541ms - 200
[Info   :Zeepkist GTR] 01:28:43 End processing HTTP request after 116.9558ms - 200
[Info   :Zeepkist GTR] 01:28:44 Starting recorder
[Info   :Zeepkist GTR] 01:29:38 Stopping recorder
[Info   :Zeepkist GTR] 01:29:38 Collecting extra information
[Info   :Zeepkist GTR] 01:29:38 Processing ghost data
[Info   :Zeepkist GTR] 01:29:38 Creating stream
[Info   :Zeepkist GTR] 01:29:38 Writing to stream
[Info   :Zeepkist GTR] 01:29:38 Closing stream
[Info   :Zeepkist GTR] 01:29:38 Getting buffer
[Info   :Zeepkist GTR] 01:29:38 Converting to base64
[Info   :Zeepkist GTR] 01:29:38 Creating resource
[Info   :Zeepkist GTR] 01:29:38 Start processing HTTP request "POST" "https://backend.zeepki.st/auth/refresh"
[Info   :Zeepkist GTR] 01:29:38 Sending HTTP request "POST" "https://backend.zeepki.st/auth/refresh"
[Info   :Zeepkist GTR] 01:29:39 Received HTTP response headers after 221.8588ms - 200
[Info   :Zeepkist GTR] 01:29:39 End processing HTTP request after 222.1063ms - 200
[Info   :Zeepkist GTR] 01:29:39 Start processing HTTP request "POST" "https://backend.zeepki.st/record/submit"
[Info   :Zeepkist GTR] 01:29:39 Sending HTTP request "POST" "https://backend.zeepki.st/record/submit"
[Info   :Zeepkist GTR] 01:29:39 Received HTTP response headers after 142.3715ms - 200
[Info   :Zeepkist GTR] 01:29:39 End processing HTTP request after 142.6146ms - 200
[Info   :Zeepkist GTR] 01:29:41 Loading personal best...
[Info   :Zeepkist GTR] 01:29:41 Start processing HTTP request "POST" "https://graphql.zeepki.st/"
[Info   :Zeepkist GTR] 01:29:41 Sending HTTP request "POST" "https://graphql.zeepki.st/"
[Info   :Zeepkist GTR] 01:29:41 Stopping existing recorder if any
[Info   :Zeepkist GTR] 01:29:41 Creating new recorder
[Info   :Zeepkist GTR] 01:29:41 Start processing HTTP request "POST" "https://graphql.zeepki.st/"
[Info   :Zeepkist GTR] 01:29:41 Sending HTTP request "POST" "https://graphql.zeepki.st/"
[Info   :Zeepkist GTR] 01:29:41 Start processing HTTP request "POST" "https://graphql.zeepki.st/"
[Info   :Zeepkist GTR] 01:29:41 Sending HTTP request "POST" "https://graphql.zeepki.st/"
[Info   :Zeepkist GTR] 01:29:41 Received HTTP response headers after 59.1286ms - 200
[Info   :Zeepkist GTR] 01:29:41 End processing HTTP request after 59.3666ms - 200
[Info   :Zeepkist GTR] 01:29:42 Start processing HTTP request "GET" "https://cdn.zeepki.st/ghosts/01KS90BS5CKN57KT2YFDADWMT3.bin"
[Info   :Zeepkist GTR] 01:29:42 Sending HTTP request "GET" "https://cdn.zeepki.st/ghosts/01KS90BS5CKN57KT2YFDADWMT3.bin"
[Info   :Zeepkist GTR] 01:29:42 Received HTTP response headers after 127.9808ms - 200
[Info   :Zeepkist GTR] 01:29:42 End processing HTTP request after 128.2045ms - 200
[Info   :Zeepkist GTR] 01:29:42 Received HTTP response headers after 162.7512ms - 200
[Info   :Zeepkist GTR] 01:29:42 End processing HTTP request after 162.971ms - 200
[Info   :Zeepkist GTR] 01:29:42 Start processing HTTP request "POST" "https://graphql.zeepki.st/"
[Info   :Zeepkist GTR] 01:29:42 Sending HTTP request "POST" "https://graphql.zeepki.st/"
[Info   :Zeepkist GTR] 01:29:42 Received HTTP response headers after 53.7766ms - 200
[Info   :Zeepkist GTR] 01:29:42 End processing HTTP request after 54.0189ms - 200
[Info   :Zeepkist GTR] 01:29:42 Received HTTP response headers after 615.04ms - 200
[Info   :Zeepkist GTR] 01:29:42 End processing HTTP request after 615.312ms - 200
[Info   :Zeepkist GTR] 01:29:42 Ghost version: 5
[Info   :Zeepkist GTR] 01:29:43 Starting recorder
[Info   :RoundLeaderboardTab] Drawing leaderboard -> forwarding to Instance.DrawTabLeaderboard()
[Info   :Zeepkist GTR] 01:30:23 Loading personal best...
[Info   :Zeepkist GTR] 01:30:23 Start processing HTTP request "POST" "https://graphql.zeepki.st/"
[Info   :Zeepkist GTR] 01:30:23 Sending HTTP request "POST" "https://graphql.zeepki.st/"
[Info   :Zeepkist GTR] 01:30:23 Stopping existing recorder if any
[Info   :Zeepkist GTR] 01:30:23 Creating new recorder
[Info   :Zeepkist GTR] 01:30:23 Start processing HTTP request "POST" "https://graphql.zeepki.st/"
[Info   :Zeepkist GTR] 01:30:23 Sending HTTP request "POST" "https://graphql.zeepki.st/"
[Info   :Zeepkist GTR] 01:30:23 Start processing HTTP request "POST" "https://graphql.zeepki.st/"
[Info   :Zeepkist GTR] 01:30:23 Sending HTTP request "POST" "https://graphql.zeepki.st/"
[Info   :Zeepkist GTR] 01:30:23 Received HTTP response headers after 105.0994ms - 200
[Info   :Zeepkist GTR] 01:30:23 End processing HTTP request after 105.3412ms - 200
[Info   :Zeepkist GTR] 01:30:23 Received HTTP response headers after 109.2112ms - 200
[Info   :Zeepkist GTR] 01:30:23 End processing HTTP request after 109.4616ms - 200
[Info   :Zeepkist GTR] 01:30:23 Ghost version: 5
[Info   :Zeepkist GTR] 01:30:23 Received HTTP response headers after 168.0669ms - 200
[Info   :Zeepkist GTR] 01:30:23 End processing HTTP request after 168.2562ms - 200
[Info   :Zeepkist GTR] 01:30:23 Start processing HTTP request "POST" "https://graphql.zeepki.st/"
[Info   :Zeepkist GTR] 01:30:23 Sending HTTP request "POST" "https://graphql.zeepki.st/"
[Info   :Zeepkist GTR] 01:30:23 Received HTTP response headers after 59.3789ms - 200
[Info   :Zeepkist GTR] 01:30:23 End processing HTTP request after 59.6491ms - 200
[Info   :Zeepkist GTR] 01:30:24 Starting recorder
[Info   :Zeepkist GTR] 01:31:00 Stopping recorder
[Info   :Zeepkist GTR] 01:31:00 Collecting extra information
[Info   :Zeepkist GTR] 01:31:00 Processing ghost data
[Info   :Zeepkist GTR] 01:31:00 Creating stream
[Info   :Zeepkist GTR] 01:31:00 Writing to stream
[Info   :Zeepkist GTR] 01:31:01 Closing stream
[Info   :Zeepkist GTR] 01:31:01 Getting buffer
[Info   :Zeepkist GTR] 01:31:01 Converting to base64
[Info   :Zeepkist GTR] 01:31:01 Creating resource
[Info   :Zeepkist GTR] 01:31:01 Start processing HTTP request "POST" "https://backend.zeepki.st/auth/refresh"
[Info   :Zeepkist GTR] 01:31:01 Sending HTTP request "POST" "https://backend.zeepki.st/auth/refresh"
[Info   :Zeepkist GTR] 01:31:01 Received HTTP response headers after 248.7612ms - 200
[Info   :Zeepkist GTR] 01:31:01 End processing HTTP request after 248.9788ms - 200
[Info   :Zeepkist GTR] 01:31:01 Start processing HTTP request "POST" "https://backend.zeepki.st/record/submit"
[Info   :Zeepkist GTR] 01:31:01 Sending HTTP request "POST" "https://backend.zeepki.st/record/submit"
[Info   :Zeepkist GTR] 01:31:01 Received HTTP response headers after 124.0305ms - 200
[Info   :Zeepkist GTR] 01:31:01 End processing HTTP request after 124.2703ms - 200
[Info   :RoundLeaderboardTab] Drawing leaderboard -> forwarding to Instance.DrawTabLeaderboard()
[Info   :RoundLeaderboardTab] Drawing leaderboard -> forwarding to Instance.DrawTabLeaderboard()
[Info   :RoundLeaderboardTab] Drawing leaderboard -> forwarding to Instance.DrawTabLeaderboard()
[Info   :RoundLeaderboardTab] Drawing leaderboard -> forwarding to Instance.DrawTabLeaderboard()
[Info   :RoundLeaderboardTab] Drawing leaderboard -> forwarding to Instance.DrawTabLeaderboard()
[Info   :RoundLeaderboardTab] Drawing leaderboard -> forwarding to Instance.DrawTabLeaderboard()
[Info   :Zeepkist GTR] 01:31:16 Loading personal best...
[Info   :Zeepkist GTR] 01:31:16 Start processing HTTP request "POST" "https://graphql.zeepki.st/"
[Info   :Zeepkist GTR] 01:31:16 Sending HTTP request "POST" "https://graphql.zeepki.st/"
[Info   :Zeepkist GTR] 01:31:16 Stopping existing recorder if any
[Info   :Zeepkist GTR] 01:31:16 Creating new recorder
[Info   :Zeepkist GTR] 01:31:16 Start processing HTTP request "POST" "https://graphql.zeepki.st/"
[Info   :Zeepkist GTR] 01:31:16 Sending HTTP request "POST" "https://graphql.zeepki.st/"
[Info   :Zeepkist GTR] 01:31:16 Start processing HTTP request "POST" "https://graphql.zeepki.st/"
[Info   :Zeepkist GTR] 01:31:16 Sending HTTP request "POST" "https://graphql.zeepki.st/"
[Info   :Zeepkist GTR] 01:31:16 Received HTTP response headers after 63.0517ms - 200
[Info   :Zeepkist GTR] 01:31:16 Received HTTP response headers after 63.5731ms - 200
[Info   :Zeepkist GTR] 01:31:16 End processing HTTP request after 63.7851ms - 200
[Info   :Zeepkist GTR] 01:31:16 End processing HTTP request after 63.3301ms - 200
[Info   :Zeepkist GTR] 01:31:16 Start processing HTTP request "GET" "https://cdn.zeepki.st/ghosts/01KS90E9G8679PR7BHECRRC9J4.bin"
[Info   :Zeepkist GTR] 01:31:16 Sending HTTP request "GET" "https://cdn.zeepki.st/ghosts/01KS90E9G8679PR7BHECRRC9J4.bin"
[Info   :Zeepkist GTR] 01:31:16 Received HTTP response headers after 122.4639ms - 200
[Info   :Zeepkist GTR] 01:31:16 End processing HTTP request after 122.6847ms - 200
[Info   :Zeepkist GTR] 01:31:16 Start processing HTTP request "POST" "https://graphql.zeepki.st/"
[Info   :Zeepkist GTR] 01:31:16 Sending HTTP request "POST" "https://graphql.zeepki.st/"
[Info   :Zeepkist GTR] 01:31:16 Received HTTP response headers after 56.8606ms - 200
[Info   :Zeepkist GTR] 01:31:16 End processing HTTP request after 57.1041ms - 200
[Info   :Zeepkist GTR] 01:31:17 Received HTTP response headers after 585.0414ms - 200
[Info   :Zeepkist GTR] 01:31:17 End processing HTTP request after 585.2816ms - 200
[Info   :Zeepkist GTR] 01:31:17 Ghost version: 5
[Info   :Zeepkist GTR] 01:31:18 Starting recorder
[Info   :RoundLeaderboardTab] Drawing leaderboard -> forwarding to Instance.DrawTabLeaderboard()
[Info   :Zeepkist GTR] 01:31:26 Discarding recorder
[Info   :BetterSplits] getting gtr splits
[Info   :Zeepkist GTR] 01:31:41 Loading personal best...
[Info   :Zeepkist GTR] 01:31:41 Start processing HTTP request "POST" "https://graphql.zeepki.st/"
[Info   :Zeepkist GTR] 01:31:41 Sending HTTP request "POST" "https://graphql.zeepki.st/"
[Info   :Zeepkist GTR] 01:31:41 Stopping existing recorder if any
[Info   :Zeepkist GTR] 01:31:41 Creating new recorder
[Info   :Zeepkist GTR] 01:31:41 Start processing HTTP request "POST" "https://graphql.zeepki.st/"
[Info   :Zeepkist GTR] 01:31:41 Sending HTTP request "POST" "https://graphql.zeepki.st/"
[Info   :Zeepkist GTR] 01:31:41 Start processing HTTP request "POST" "https://graphql.zeepki.st/"
[Info   :Zeepkist GTR] 01:31:41 Sending HTTP request "POST" "https://graphql.zeepki.st/"
[Info   :Zeepkist GTR] 01:31:41 Received HTTP response headers after 96.9118ms - 200
[Info   :Zeepkist GTR] 01:31:41 End processing HTTP request after 97.134ms - 200
[Info   :Zeepkist GTR] 01:31:41 Received HTTP response headers after 104.6196ms - 200
[Info   :Zeepkist GTR] 01:31:41 End processing HTTP request after 104.8476ms - 200
[Error  :BetterSplits] could not get splits
Response: StatusCode: 400, ReasonPhrase: 'Bad Request', Version: 1.1, Content: System.Net.Http.StreamContent, Headers:
{
Date: Fri, 22 May 2026 23:31:40 GMT
Connection: keep-alive
access-control-allow-headers: Origin, X-Requested-With, Accept, Authorization, X-Apollo-Tracing, Content-Type, Content-Length, X-PostGraphile-Explain
access-control-allow-methods: HEAD, GET, POST
access-control-allow-origin: *
access-control-expose-headers: X-GraphQL-Event-Stream
alt-svc: h3=":443"; ma=86400
vary: Origin
via: 1.1 Caddy
x-graphql-event-stream: /stream
x-query-cost: 115
cf-cache-status: DYNAMIC
x-xss-protection: 1; mode=block
Strict-Transport-Security: max-age=15552000; includeSubDomains; preload
x-content-type-options: nosniff
Server-Timing: cfCacheStatus;desc="DYNAMIC", cfEdge;dur=5,cfOrigin;dur=39
Report-To: {"group":"cf-nel","max_age":604800,"endpoints":[{"url":"https://a.nel.cloudflare.com/report/v4?s=XBSiJ9ncGmkWC7NcjlitBpOc54SDot9eKmPeysx5Y2jVmpd1BQ6jdIRHpB%2FHu%2F0ECMZOiCkLh6JlUJZHUchTTL%2BkvbHvaHNnfEl1GAOx1YYBJEBq52P4DgrHY5d2vjtQofzd6g%3D%3D"}]}
Nel: {"report_to":"cf-nel","success_fraction":0.0,"max_age":604800}
expect-ct: max-age=86400, enforce
referrer-policy: same-origin
x-frame-options: SAMEORIGIN
Server: cloudflare
CF-RAY: 9fff9da2380c041d-MAD
Content-Type: application/json; charset=utf-8
Content-Length: 172
} 
Content: {"errors":[{"message":"Cannot query field \"personalBestGlobalsByIdLevel\" on type \"Level\". Did you mean \"personalBestGlobals\"?","locations":[{"line":1,"column":87}]}]}
Url: https://graphql.zeepki.st
Request: {"query":"query BetterSplitsPB($hash: String!, $steamId: BigFloat) { levelByHash(hash: $hash) { personalBestGlobalsByIdLevel(filter: {userByIdUser: {steamId: {equalTo: $steamId}}}) { nodes { recordByIdRecord { speeds splits time }}}}}","variables":{"hash":"EAA2102B59B6B72756F51344376A45B2F771773D-3","steamId":"76561197972890120"}}
[Info   :Zeepkist GTR] 01:31:41 Received HTTP response headers after 167.1584ms - 200
[Info   :Zeepkist GTR] 01:31:41 End processing HTTP request after 167.4855ms - 200
[Info   :Zeepkist GTR] 01:31:42 Starting recorder
[Info   :   Console] Download started for AppId: 1440670, FileId: 3731002760, Result: OK
[Info   :Zeepkist GTR] 01:31:51 Loading personal best...
[Info   :Zeepkist GTR] 01:31:51 Start processing HTTP request "POST" "https://graphql.zeepki.st/"
[Info   :Zeepkist GTR] 01:31:51 Sending HTTP request "POST" "https://graphql.zeepki.st/"
[Info   :Zeepkist GTR] 01:31:51 Stopping existing recorder if any
[Info   :Zeepkist GTR] 01:31:51 Creating new recorder
[Info   :Zeepkist GTR] 01:31:51 Start processing HTTP request "POST" "https://graphql.zeepki.st/"
[Info   :Zeepkist GTR] 01:31:51 Sending HTTP request "POST" "https://graphql.zeepki.st/"
[Info   :Zeepkist GTR] 01:31:51 Start processing HTTP request "POST" "https://graphql.zeepki.st/"
[Info   :Zeepkist GTR] 01:31:51 Sending HTTP request "POST" "https://graphql.zeepki.st/"
[Info   :Zeepkist GTR] 01:31:51 Received HTTP response headers after 56.1167ms - 200
[Info   :Zeepkist GTR] 01:31:51 End processing HTTP request after 56.3693ms - 200
[Info   :Zeepkist GTR] 01:31:51 Received HTTP response headers after 58.4698ms - 200
[Info   :Zeepkist GTR] 01:31:51 End processing HTTP request after 58.7924ms - 200
[Info   :Zeepkist GTR] 01:31:51 Received HTTP response headers after 152.7018ms - 200
[Info   :Zeepkist GTR] 01:31:51 End processing HTTP request after 152.9284ms - 200
[Info   :Zeepkist GTR] 01:31:52 Starting recorder
[Info   :Zeepkist GTR] 01:32:08 Loading personal best...
[Info   :Zeepkist GTR] 01:32:08 Start processing HTTP request "POST" "https://graphql.zeepki.st/"
[Info   :Zeepkist GTR] 01:32:08 Sending HTTP request "POST" "https://graphql.zeepki.st/"
[Info   :Zeepkist GTR] 01:32:08 Stopping existing recorder if any
[Info   :Zeepkist GTR] 01:32:08 Creating new recorder
[Info   :Zeepkist GTR] 01:32:08 Start processing HTTP request "POST" "https://graphql.zeepki.st/"
[Info   :Zeepkist GTR] 01:32:08 Sending HTTP request "POST" "https://graphql.zeepki.st/"
[Info   :Zeepkist GTR] 01:32:08 Start processing HTTP request "POST" "https://graphql.zeepki.st/"
[Info   :Zeepkist GTR] 01:32:08 Sending HTTP request "POST" "https://graphql.zeepki.st/"
[Info   :Zeepkist GTR] 01:32:08 Received HTTP response headers after 56.923ms - 200
[Info   :Zeepkist GTR] 01:32:08 Received HTTP response headers after 57.4114ms - 200
[Info   :Zeepkist GTR] 01:32:08 End processing HTTP request after 57.668ms - 200
[Info   :Zeepkist GTR] 01:32:08 End processing HTTP request after 57.2199ms - 200
[Info   :Zeepkist GTR] 01:32:08 Received HTTP response headers after 111.0882ms - 200
[Info   :Zeepkist GTR] 01:32:08 End processing HTTP request after 111.3186ms - 200
[Info   :Zeepkist GTR] 01:32:09 Starting recorder
[Info   :Zeepkist GTR] 01:32:26 Loading personal best...
[Info   :Zeepkist GTR] 01:32:26 Start processing HTTP request "POST" "https://graphql.zeepki.st/"
[Info   :Zeepkist GTR] 01:32:26 Sending HTTP request "POST" "https://graphql.zeepki.st/"
[Info   :Zeepkist GTR] 01:32:26 Stopping existing recorder if any
[Info   :Zeepkist GTR] 01:32:26 Creating new recorder
[Info   :Zeepkist GTR] 01:32:26 Start processing HTTP request "POST" "https://graphql.zeepki.st/"
[Info   :Zeepkist GTR] 01:32:26 Sending HTTP request "POST" "https://graphql.zeepki.st/"
[Info   :Zeepkist GTR] 01:32:26 Start processing HTTP request "POST" "https://graphql.zeepki.st/"
[Info   :Zeepkist GTR] 01:32:26 Sending HTTP request "POST" "https://graphql.zeepki.st/"
[Info   :Zeepkist GTR] 01:32:26 Received HTTP response headers after 205.9252ms - 200
[Info   :Zeepkist GTR] 01:32:26 End processing HTTP request after 206.1397ms - 200
[Info   :Zeepkist GTR] 01:32:26 Received HTTP response headers after 210.6921ms - 200
[Info   :Zeepkist GTR] 01:32:26 End processing HTTP request after 210.933ms - 200
[Info   :Zeepkist GTR] 01:32:26 Received HTTP response headers after 256.176ms - 200
[Info   :Zeepkist GTR] 01:32:26 End processing HTTP request after 256.4728ms - 200
[Info   :Zeepkist GTR] 01:32:28 Starting recorder
[Info   :Zeepkist GTR] 01:32:44 Loading personal best...
[Info   :Zeepkist GTR] 01:32:44 Start processing HTTP request "POST" "https://graphql.zeepki.st/"
[Info   :Zeepkist GTR] 01:32:44 Sending HTTP request "POST" "https://graphql.zeepki.st/"
[Info   :Zeepkist GTR] 01:32:44 Stopping existing recorder if any
[Info   :Zeepkist GTR] 01:32:44 Creating new recorder
[Info   :Zeepkist GTR] 01:32:44 Start processing HTTP request "POST" "https://graphql.zeepki.st/"
[Info   :Zeepkist GTR] 01:32:44 Sending HTTP request "POST" "https://graphql.zeepki.st/"
[Info   :Zeepkist GTR] 01:32:44 Start processing HTTP request "POST" "https://graphql.zeepki.st/"
[Info   :Zeepkist GTR] 01:32:44 Sending HTTP request "POST" "https://graphql.zeepki.st/"
[Info   :Zeepkist GTR] 01:32:44 Received HTTP response headers after 57.7539ms - 200
[Info   :Zeepkist GTR] 01:32:44 End processing HTTP request after 57.9931ms - 200
[Info   :Zeepkist GTR] 01:32:44 Received HTTP response headers after 59.7416ms - 200
[Info   :Zeepkist GTR] 01:32:44 End processing HTTP request after 59.9778ms - 200
[Info   :Zeepkist GTR] 01:32:44 Received HTTP response headers after 109.3614ms - 200
[Info   :Zeepkist GTR] 01:32:44 End processing HTTP request after 109.568ms - 200
[Info   :Zeepkist GTR] 01:32:46 Starting recorder
[Info   :Zeepkist GTR] 01:33:02 Loading personal best...
[Info   :Zeepkist GTR] 01:33:02 Start processing HTTP request "POST" "https://graphql.zeepki.st/"
[Info   :Zeepkist GTR] 01:33:02 Sending HTTP request "POST" "https://graphql.zeepki.st/"
[Info   :Zeepkist GTR] 01:33:02 Stopping existing recorder if any
[Info   :Zeepkist GTR] 01:33:02 Creating new recorder
[Info   :Zeepkist GTR] 01:33:02 Start processing HTTP request "POST" "https://graphql.zeepki.st/"
[Info   :Zeepkist GTR] 01:33:02 Sending HTTP request "POST" "https://graphql.zeepki.st/"
[Info   :Zeepkist GTR] 01:33:02 Start processing HTTP request "POST" "https://graphql.zeepki.st/"
[Info   :Zeepkist GTR] 01:33:02 Sending HTTP request "POST" "https://graphql.zeepki.st/"
[Info   :Zeepkist GTR] 01:33:03 Received HTTP response headers after 88.9734ms - 200
[Info   :Zeepkist GTR] 01:33:03 Received HTTP response headers after 88.4076ms - 200
[Info   :Zeepkist GTR] 01:33:03 End processing HTTP request after 89.3237ms - 200
[Info   :Zeepkist GTR] 01:33:03 End processing HTTP request after 88.6889ms - 200
[Info   :Zeepkist GTR] 01:33:03 Received HTTP response headers after 151.9723ms - 200
[Info   :Zeepkist GTR] 01:33:03 End processing HTTP request after 152.2483ms - 200
[Info   :Zeepkist GTR] 01:33:04 Starting recorder
[Info   :Zeepkist GTR] 01:33:25 Loading personal best...
[Info   :Zeepkist GTR] 01:33:25 Start processing HTTP request "POST" "https://graphql.zeepki.st/"
[Info   :Zeepkist GTR] 01:33:25 Sending HTTP request "POST" "https://graphql.zeepki.st/"
[Info   :Zeepkist GTR] 01:33:25 Stopping existing recorder if any
[Info   :Zeepkist GTR] 01:33:25 Creating new recorder
[Info   :Zeepkist GTR] 01:33:25 Start processing HTTP request "POST" "https://graphql.zeepki.st/"
[Info   :Zeepkist GTR] 01:33:25 Sending HTTP request "POST" "https://graphql.zeepki.st/"
[Info   :Zeepkist GTR] 01:33:25 Start processing HTTP request "POST" "https://graphql.zeepki.st/"
[Info   :Zeepkist GTR] 01:33:25 Sending HTTP request "POST" "https://graphql.zeepki.st/"
[Info   :Zeepkist GTR] 01:33:25 Received HTTP response headers after 86.5406ms - 200
[Info   :Zeepkist GTR] 01:33:25 End processing HTTP request after 86.7921ms - 200
[Info   :Zeepkist GTR] 01:33:25 Received HTTP response headers after 86.2119ms - 200
[Info   :Zeepkist GTR] 01:33:25 End processing HTTP request after 86.4105ms - 200
[Info   :Zeepkist GTR] 01:33:25 Received HTTP response headers after 150.9948ms - 200
[Info   :Zeepkist GTR] 01:33:25 End processing HTTP request after 151.2067ms - 200
[Info   :Zeepkist GTR] 01:33:27 Starting recorder
[Info   :Zeepkist GTR] 01:33:44 Loading personal best...
[Info   :Zeepkist GTR] 01:33:44 Start processing HTTP request "POST" "https://graphql.zeepki.st/"
[Info   :Zeepkist GTR] 01:33:44 Sending HTTP request "POST" "https://graphql.zeepki.st/"
[Info   :Zeepkist GTR] 01:33:44 Stopping existing recorder if any
[Info   :Zeepkist GTR] 01:33:44 Creating new recorder
[Info   :Zeepkist GTR] 01:33:44 Start processing HTTP request "POST" "https://graphql.zeepki.st/"
[Info   :Zeepkist GTR] 01:33:44 Sending HTTP request "POST" "https://graphql.zeepki.st/"
[Info   :Zeepkist GTR] 01:33:44 Start processing HTTP request "POST" "https://graphql.zeepki.st/"
[Info   :Zeepkist GTR] 01:33:44 Sending HTTP request "POST" "https://graphql.zeepki.st/"
[Info   :Zeepkist GTR] 01:33:44 Received HTTP response headers after 67.6074ms - 200
[Info   :Zeepkist GTR] 01:33:44 End processing HTTP request after 67.8495ms - 200
[Info   :Zeepkist GTR] 01:33:44 Received HTTP response headers after 67.4248ms - 200
[Info   :Zeepkist GTR] 01:33:44 End processing HTTP request after 67.618ms - 200
[Info   :Zeepkist GTR] 01:33:44 Received HTTP response headers after 146.4616ms - 200
[Info   :Zeepkist GTR] 01:33:44 End processing HTTP request after 146.6884ms - 200
[Info   :Zeepkist GTR] 01:33:46 Starting recorder
[Info   :Zeepkist GTR] 01:34:07 Loading personal best...
[Info   :Zeepkist GTR] 01:34:07 Start processing HTTP request "POST" "https://graphql.zeepki.st/"
[Info   :Zeepkist GTR] 01:34:07 Sending HTTP request "POST" "https://graphql.zeepki.st/"
[Info   :Zeepkist GTR] 01:34:07 Stopping existing recorder if any
[Info   :Zeepkist GTR] 01:34:07 Creating new recorder
[Info   :Zeepkist GTR] 01:34:07 Start processing HTTP request "POST" "https://graphql.zeepki.st/"
[Info   :Zeepkist GTR] 01:34:07 Sending HTTP request "POST" "https://graphql.zeepki.st/"
[Info   :Zeepkist GTR] 01:34:07 Start processing HTTP request "POST" "https://graphql.zeepki.st/"
[Info   :Zeepkist GTR] 01:34:07 Sending HTTP request "POST" "https://graphql.zeepki.st/"
[Info   :Zeepkist GTR] 01:34:07 Received HTTP response headers after 57.5636ms - 200
[Info   :Zeepkist GTR] 01:34:07 End processing HTTP request after 57.7986ms - 200
[Info   :Zeepkist GTR] 01:34:07 Received HTTP response headers after 60.42ms - 200
[Info   :Zeepkist GTR] 01:34:07 End processing HTTP request after 60.6376ms - 200
[Info   :Zeepkist GTR] 01:34:08 Received HTTP response headers after 108.2376ms - 200
[Info   :Zeepkist GTR] 01:34:08 End processing HTTP request after 108.4543ms - 200
[Info   :Zeepkist GTR] 01:34:09 Starting recorder
[Info   :Zeepkist GTR] 01:34:27 Loading personal best...
[Info   :Zeepkist GTR] 01:34:27 Start processing HTTP request "POST" "https://graphql.zeepki.st/"
[Info   :Zeepkist GTR] 01:34:27 Sending HTTP request "POST" "https://graphql.zeepki.st/"
[Info   :Zeepkist GTR] 01:34:27 Stopping existing recorder if any
[Info   :Zeepkist GTR] 01:34:27 Creating new recorder
[Info   :Zeepkist GTR] 01:34:27 Start processing HTTP request "POST" "https://graphql.zeepki.st/"
[Info   :Zeepkist GTR] 01:34:27 Sending HTTP request "POST" "https://graphql.zeepki.st/"
[Info   :Zeepkist GTR] 01:34:27 Start processing HTTP request "POST" "https://graphql.zeepki.st/"
[Info   :Zeepkist GTR] 01:34:27 Sending HTTP request "POST" "https://graphql.zeepki.st/"
[Info   :Zeepkist GTR] 01:34:27 Received HTTP response headers after 102.0813ms - 200
[Info   :Zeepkist GTR] 01:34:27 End processing HTTP request after 102.2858ms - 200
[Info   :Zeepkist GTR] 01:34:27 Received HTTP response headers after 107.2154ms - 200
[Info   :Zeepkist GTR] 01:34:27 End processing HTTP request after 107.4554ms - 200
[Info   :Zeepkist GTR] 01:34:27 Received HTTP response headers after 166.6895ms - 200
[Info   :Zeepkist GTR] 01:34:27 End processing HTTP request after 166.9648ms - 200
[Info   :Zeepkist GTR] 01:34:28 Starting recorder
[Info   :Zeepkist GTR] 01:34:48 Loading personal best...
[Info   :Zeepkist GTR] 01:34:48 Start processing HTTP request "POST" "https://graphql.zeepki.st/"
[Info   :Zeepkist GTR] 01:34:48 Sending HTTP request "POST" "https://graphql.zeepki.st/"
[Info   :Zeepkist GTR] 01:34:48 Stopping existing recorder if any
[Info   :Zeepkist GTR] 01:34:48 Creating new recorder
[Info   :Zeepkist GTR] 01:34:48 Start processing HTTP request "POST" "https://graphql.zeepki.st/"
[Info   :Zeepkist GTR] 01:34:48 Sending HTTP request "POST" "https://graphql.zeepki.st/"
[Info   :Zeepkist GTR] 01:34:48 Start processing HTTP request "POST" "https://graphql.zeepki.st/"
[Info   :Zeepkist GTR] 01:34:48 Sending HTTP request "POST" "https://graphql.zeepki.st/"
[Info   :Zeepkist GTR] 01:34:48 Received HTTP response headers after 61.021ms - 200
[Info   :Zeepkist GTR] 01:34:48 End processing HTTP request after 61.4283ms - 200
[Info   :Zeepkist GTR] 01:34:48 Received HTTP response headers after 62.7071ms - 200
[Info   :Zeepkist GTR] 01:34:48 End processing HTTP request after 62.8959ms - 200
[Info   :Zeepkist GTR] 01:34:49 Received HTTP response headers after 121.4755ms - 200
[Info   :Zeepkist GTR] 01:34:49 End processing HTTP request after 121.7561ms - 200
[Info   :Zeepkist GTR] 01:34:50 Starting recorder
[Info   :Zeepkist GTR] 01:35:07 Loading personal best...
[Info   :Zeepkist GTR] 01:35:07 Start processing HTTP request "POST" "https://graphql.zeepki.st/"
[Info   :Zeepkist GTR] 01:35:07 Sending HTTP request "POST" "https://graphql.zeepki.st/"
[Info   :Zeepkist GTR] 01:35:07 Stopping existing recorder if any
[Info   :Zeepkist GTR] 01:35:07 Creating new recorder
[Info   :Zeepkist GTR] 01:35:07 Start processing HTTP request "POST" "https://graphql.zeepki.st/"
[Info   :Zeepkist GTR] 01:35:07 Sending HTTP request "POST" "https://graphql.zeepki.st/"
[Info   :Zeepkist GTR] 01:35:07 Start processing HTTP request "POST" "https://graphql.zeepki.st/"
[Info   :Zeepkist GTR] 01:35:07 Sending HTTP request "POST" "https://graphql.zeepki.st/"
[Info   :Zeepkist GTR] 01:35:07 Received HTTP response headers after 60.9979ms - 200
[Info   :Zeepkist GTR] 01:35:07 End processing HTTP request after 61.3634ms - 200
[Info   :Zeepkist GTR] 01:35:07 Received HTTP response headers after 65.4907ms - 200
[Info   :Zeepkist GTR] 01:35:07 End processing HTTP request after 65.7645ms - 200
[Info   :Zeepkist GTR] 01:35:07 Received HTTP response headers after 127.0667ms - 200
[Info   :Zeepkist GTR] 01:35:07 End processing HTTP request after 127.3791ms - 200
[Info   :Zeepkist GTR] 01:35:08 Starting recorder
[Info   :Zeepkist GTR] 01:35:15 Loading personal best...
[Info   :Zeepkist GTR] 01:35:15 Start processing HTTP request "POST" "https://graphql.zeepki.st/"
[Info   :Zeepkist GTR] 01:35:15 Sending HTTP request "POST" "https://graphql.zeepki.st/"
[Info   :Zeepkist GTR] 01:35:15 Stopping existing recorder if any
[Info   :Zeepkist GTR] 01:35:15 Creating new recorder
[Info   :Zeepkist GTR] 01:35:15 Start processing HTTP request "POST" "https://graphql.zeepki.st/"
[Info   :Zeepkist GTR] 01:35:15 Sending HTTP request "POST" "https://graphql.zeepki.st/"
[Info   :Zeepkist GTR] 01:35:15 Start processing HTTP request "POST" "https://graphql.zeepki.st/"
[Info   :Zeepkist GTR] 01:35:15 Sending HTTP request "POST" "https://graphql.zeepki.st/"
[Info   :Zeepkist GTR] 01:35:15 Received HTTP response headers after 89.6571ms - 200
[Info   :Zeepkist GTR] 01:35:15 End processing HTTP request after 89.9034ms - 200
[Info   :Zeepkist GTR] 01:35:16 Received HTTP response headers after 99.3325ms - 200
[Info   :Zeepkist GTR] 01:35:16 End processing HTTP request after 99.5657ms - 200
[Info   :Zeepkist GTR] 01:35:16 Received HTTP response headers after 151.6669ms - 200
[Info   :Zeepkist GTR] 01:35:16 End processing HTTP request after 151.8976ms - 200
[Info   :Zeepkist GTR] 01:35:17 Starting recorder
[Info   :Zeepkist GTR] 01:35:54 Stopping recorder
[Info   :Zeepkist GTR] 01:35:54 Collecting extra information
[Info   :Zeepkist GTR] 01:35:54 Processing ghost data
[Info   :Zeepkist GTR] 01:35:54 Creating stream
[Info   :Zeepkist GTR] 01:35:54 Writing to stream
[Info   :Zeepkist GTR] 01:35:54 Closing stream
[Info   :Zeepkist GTR] 01:35:54 Getting buffer
[Info   :Zeepkist GTR] 01:35:54 Converting to base64
[Info   :Zeepkist GTR] 01:35:54 Creating resource
[Info   :Zeepkist GTR] 01:35:54 Start processing HTTP request "POST" "https://backend.zeepki.st/auth/refresh"
[Info   :Zeepkist GTR] 01:35:54 Sending HTTP request "POST" "https://backend.zeepki.st/auth/refresh"
[Info   :Zeepkist GTR] 01:35:55 Received HTTP response headers after 793.5967ms - 200
[Info   :Zeepkist GTR] 01:35:55 End processing HTTP request after 793.8353ms - 200
[Info   :Zeepkist GTR] 01:35:55 Start processing HTTP request "POST" "https://backend.zeepki.st/record/submit"
[Info   :Zeepkist GTR] 01:35:55 Sending HTTP request "POST" "https://backend.zeepki.st/record/submit"
[Info   :Zeepkist GTR] 01:35:55 Received HTTP response headers after 194.5048ms - 200
[Info   :Zeepkist GTR] 01:35:55 End processing HTTP request after 194.7469ms - 200
[Info   :Zeepkist GTR] 01:35:56 Loading personal best...
[Info   :Zeepkist GTR] 01:35:56 Start processing HTTP request "POST" "https://graphql.zeepki.st/"
[Info   :Zeepkist GTR] 01:35:56 Sending HTTP request "POST" "https://graphql.zeepki.st/"
[Info   :Zeepkist GTR] 01:35:56 Stopping existing recorder if any
[Info   :Zeepkist GTR] 01:35:56 Creating new recorder
[Info   :Zeepkist GTR] 01:35:56 Start processing HTTP request "POST" "https://graphql.zeepki.st/"
[Info   :Zeepkist GTR] 01:35:56 Sending HTTP request "POST" "https://graphql.zeepki.st/"
[Info   :Zeepkist GTR] 01:35:56 Start processing HTTP request "POST" "https://graphql.zeepki.st/"
[Info   :Zeepkist GTR] 01:35:56 Sending HTTP request "POST" "https://graphql.zeepki.st/"
[Info   :Zeepkist GTR] 01:35:56 Received HTTP response headers after 81.7734ms - 200
[Info   :Zeepkist GTR] 01:35:56 Received HTTP response headers after 81.4063ms - 200
[Info   :Zeepkist GTR] 01:35:56 End processing HTTP request after 82.0448ms - 200
[Info   :Zeepkist GTR] 01:35:56 End processing HTTP request after 81.609ms - 200
[Info   :Zeepkist GTR] 01:35:56 Start processing HTTP request "GET" "https://cdn.zeepki.st/ghosts/01KS90Q8MWFMD1S5J8ZHGSSA8C.bin"
[Info   :Zeepkist GTR] 01:35:56 Sending HTTP request "GET" "https://cdn.zeepki.st/ghosts/01KS90Q8MWFMD1S5J8ZHGSSA8C.bin"
[Info   :Zeepkist GTR] 01:35:56 Received HTTP response headers after 148.5706ms - 200
[Info   :Zeepkist GTR] 01:35:56 End processing HTTP request after 148.7899ms - 200
[Info   :Zeepkist GTR] 01:35:56 Start processing HTTP request "POST" "https://graphql.zeepki.st/"
[Info   :Zeepkist GTR] 01:35:56 Sending HTTP request "POST" "https://graphql.zeepki.st/"
[Info   :Zeepkist GTR] 01:35:56 Received HTTP response headers after 53.4876ms - 200
[Info   :Zeepkist GTR] 01:35:56 End processing HTTP request after 53.7406ms - 200
[Info   :Zeepkist GTR] 01:35:57 Received HTTP response headers after 683.5651ms - 200
[Info   :Zeepkist GTR] 01:35:57 End processing HTTP request after 683.837ms - 200
[Info   :Zeepkist GTR] 01:35:57 Ghost version: 5
[Info   :Zeepkist GTR] 01:35:58 Starting recorder
[Info   :Zeepkist GTR] 01:36:16 Loading personal best...
[Info   :Zeepkist GTR] 01:36:16 Start processing HTTP request "POST" "https://graphql.zeepki.st/"
[Info   :Zeepkist GTR] 01:36:16 Sending HTTP request "POST" "https://graphql.zeepki.st/"
[Info   :Zeepkist GTR] 01:36:16 Stopping existing recorder if any
[Info   :Zeepkist GTR] 01:36:16 Creating new recorder
[Info   :Zeepkist GTR] 01:36:16 Start processing HTTP request "POST" "https://graphql.zeepki.st/"
[Info   :Zeepkist GTR] 01:36:16 Sending HTTP request "POST" "https://graphql.zeepki.st/"
[Info   :Zeepkist GTR] 01:36:16 Start processing HTTP request "POST" "https://graphql.zeepki.st/"
[Info   :Zeepkist GTR] 01:36:16 Sending HTTP request "POST" "https://graphql.zeepki.st/"
[Info   :Zeepkist GTR] 01:36:16 Received HTTP response headers after 63.5122ms - 200
[Info   :Zeepkist GTR] 01:36:16 Received HTTP response headers after 63.1318ms - 200
[Info   :Zeepkist GTR] 01:36:16 End processing HTTP request after 63.7616ms - 200
[Info   :Zeepkist GTR] 01:36:16 End processing HTTP request after 63.3145ms - 200
[Info   :Zeepkist GTR] 01:36:17 Ghost version: 5
[Info   :Zeepkist GTR] 01:36:17 Received HTTP response headers after 131.6944ms - 200
[Info   :Zeepkist GTR] 01:36:17 End processing HTTP request after 131.9226ms - 200
[Info   :Zeepkist GTR] 01:36:17 Start processing HTTP request "POST" "https://graphql.zeepki.st/"
[Info   :Zeepkist GTR] 01:36:17 Sending HTTP request "POST" "https://graphql.zeepki.st/"
[Info   :Zeepkist GTR] 01:36:17 Received HTTP response headers after 61.3392ms - 200
[Info   :Zeepkist GTR] 01:36:17 End processing HTTP request after 61.578ms - 200
[Info   :Zeepkist GTR] 01:36:18 Starting recorder
[Info   :Zeepkist GTR] 01:36:54 Stopping recorder
[Info   :Zeepkist GTR] 01:36:54 Collecting extra information
[Info   :Zeepkist GTR] 01:36:54 Processing ghost data
[Info   :Zeepkist GTR] 01:36:54 Creating stream
[Info   :Zeepkist GTR] 01:36:54 Writing to stream
[Info   :Zeepkist GTR] 01:36:54 Closing stream
[Info   :Zeepkist GTR] 01:36:54 Getting buffer
[Info   :Zeepkist GTR] 01:36:54 Converting to base64
[Info   :Zeepkist GTR] 01:36:54 Creating resource
[Info   :Zeepkist GTR] 01:36:54 Start processing HTTP request "POST" "https://backend.zeepki.st/auth/refresh"
[Info   :Zeepkist GTR] 01:36:54 Sending HTTP request "POST" "https://backend.zeepki.st/auth/refresh"
[Info   :Zeepkist GTR] 01:36:55 Received HTTP response headers after 202.8691ms - 200
[Info   :Zeepkist GTR] 01:36:55 End processing HTTP request after 203.0795ms - 200
[Info   :Zeepkist GTR] 01:36:55 Start processing HTTP request "POST" "https://backend.zeepki.st/record/submit"
[Info   :Zeepkist GTR] 01:36:55 Sending HTTP request "POST" "https://backend.zeepki.st/record/submit"
[Info   :Zeepkist GTR] 01:36:55 Received HTTP response headers after 143.5791ms - 200
[Info   :Zeepkist GTR] 01:36:55 End processing HTTP request after 143.8203ms - 200
[Info   :Zeepkist GTR] 01:36:56 Loading personal best...
[Info   :Zeepkist GTR] 01:36:56 Start processing HTTP request "POST" "https://graphql.zeepki.st/"
[Info   :Zeepkist GTR] 01:36:56 Sending HTTP request "POST" "https://graphql.zeepki.st/"
[Info   :Zeepkist GTR] 01:36:56 Stopping existing recorder if any
[Info   :Zeepkist GTR] 01:36:56 Creating new recorder
[Info   :Zeepkist GTR] 01:36:56 Start processing HTTP request "POST" "https://graphql.zeepki.st/"
[Info   :Zeepkist GTR] 01:36:56 Sending HTTP request "POST" "https://graphql.zeepki.st/"
[Info   :Zeepkist GTR] 01:36:56 Start processing HTTP request "POST" "https://graphql.zeepki.st/"
[Info   :Zeepkist GTR] 01:36:56 Sending HTTP request "POST" "https://graphql.zeepki.st/"
[Info   :Zeepkist GTR] 01:36:56 Received HTTP response headers after 99.9206ms - 200
[Info   :Zeepkist GTR] 01:36:56 End processing HTTP request after 100.1455ms - 200
[Info   :Zeepkist GTR] 01:36:56 Received HTTP response headers after 102.171ms - 200
[Info   :Zeepkist GTR] 01:36:56 End processing HTTP request after 102.3771ms - 200
[Info   :Zeepkist GTR] 01:36:56 Start processing HTTP request "GET" "https://cdn.zeepki.st/ghosts/01KS90S312WGHV7M7SH2DEGH2G.bin"
[Info   :Zeepkist GTR] 01:36:56 Sending HTTP request "GET" "https://cdn.zeepki.st/ghosts/01KS90S312WGHV7M7SH2DEGH2G.bin"
[Info   :Zeepkist GTR] 01:36:56 Received HTTP response headers after 159.7877ms - 200
[Info   :Zeepkist GTR] 01:36:56 End processing HTTP request after 160.0661ms - 200
[Info   :Zeepkist GTR] 01:36:56 Start processing HTTP request "POST" "https://graphql.zeepki.st/"
[Info   :Zeepkist GTR] 01:36:56 Sending HTTP request "POST" "https://graphql.zeepki.st/"
[Info   :Zeepkist GTR] 01:36:56 Received HTTP response headers after 54.1323ms - 200
[Info   :Zeepkist GTR] 01:36:56 End processing HTTP request after 54.3981ms - 200
[Info   :Zeepkist GTR] 01:36:56 Received HTTP response headers after 587.0949ms - 200
[Info   :Zeepkist GTR] 01:36:56 End processing HTTP request after 587.3579ms - 200
[Info   :Zeepkist GTR] 01:36:56 Ghost version: 5
[Info   :Zeepkist GTR] 01:36:57 Starting recorder
[Info   :Zeepkist GTR] 01:37:28 Loading personal best...
[Info   :Zeepkist GTR] 01:37:28 Start processing HTTP request "POST" "https://graphql.zeepki.st/"
[Info   :Zeepkist GTR] 01:37:28 Sending HTTP request "POST" "https://graphql.zeepki.st/"
[Info   :Zeepkist GTR] 01:37:28 Stopping existing recorder if any
[Info   :Zeepkist GTR] 01:37:28 Creating new recorder
[Info   :Zeepkist GTR] 01:37:28 Start processing HTTP request "POST" "https://graphql.zeepki.st/"
[Info   :Zeepkist GTR] 01:37:28 Sending HTTP request "POST" "https://graphql.zeepki.st/"
[Info   :Zeepkist GTR] 01:37:28 Start processing HTTP request "POST" "https://graphql.zeepki.st/"
[Info   :Zeepkist GTR] 01:37:28 Sending HTTP request "POST" "https://graphql.zeepki.st/"
[Info   :Zeepkist GTR] 01:37:28 Received HTTP response headers after 84.5211ms - 200
[Info   :Zeepkist GTR] 01:37:28 Received HTTP response headers after 85.0914ms - 200
[Info   :Zeepkist GTR] 01:37:28 End processing HTTP request after 84.7626ms - 200
[Info   :Zeepkist GTR] 01:37:28 End processing HTTP request after 85.3746ms - 200
[Info   :Zeepkist GTR] 01:37:28 Ghost version: 5
[Info   :Zeepkist GTR] 01:37:28 Received HTTP response headers after 141.6654ms - 200
[Info   :Zeepkist GTR] 01:37:28 End processing HTTP request after 141.9286ms - 200
[Info   :Zeepkist GTR] 01:37:28 Start processing HTTP request "POST" "https://graphql.zeepki.st/"
[Info   :Zeepkist GTR] 01:37:28 Sending HTTP request "POST" "https://graphql.zeepki.st/"
[Info   :Zeepkist GTR] 01:37:28 Received HTTP response headers after 54.5183ms - 200
[Info   :Zeepkist GTR] 01:37:28 End processing HTTP request after 54.8229ms - 200
[Info   :Zeepkist GTR] 01:37:30 Starting recorder
[Info   :Zeepkist GTR] 01:38:04 Stopping recorder
[Info   :Zeepkist GTR] 01:38:04 Collecting extra information
[Info   :Zeepkist GTR] 01:38:04 Processing ghost data
[Info   :Zeepkist GTR] 01:38:04 Creating stream
[Info   :Zeepkist GTR] 01:38:04 Writing to stream
[Info   :Zeepkist GTR] 01:38:04 Closing stream
[Info   :Zeepkist GTR] 01:38:04 Getting buffer
[Info   :Zeepkist GTR] 01:38:04 Converting to base64
[Info   :Zeepkist GTR] 01:38:04 Creating resource
[Info   :Zeepkist GTR] 01:38:04 Start processing HTTP request "POST" "https://backend.zeepki.st/auth/refresh"
[Info   :Zeepkist GTR] 01:38:04 Sending HTTP request "POST" "https://backend.zeepki.st/auth/refresh"
[Info   :Zeepkist GTR] 01:38:05 Received HTTP response headers after 318.2784ms - 200
[Info   :Zeepkist GTR] 01:38:05 End processing HTTP request after 318.5163ms - 200
[Info   :Zeepkist GTR] 01:38:05 Start processing HTTP request "POST" "https://backend.zeepki.st/record/submit"
[Info   :Zeepkist GTR] 01:38:05 Sending HTTP request "POST" "https://backend.zeepki.st/record/submit"
[Info   :Zeepkist GTR] 01:38:05 Received HTTP response headers after 116.4743ms - 200
[Info   :Zeepkist GTR] 01:38:05 End processing HTTP request after 116.717ms - 200
[Info   :Zeepkist GTR] 01:38:07 Loading personal best...
[Info   :Zeepkist GTR] 01:38:07 Start processing HTTP request "POST" "https://graphql.zeepki.st/"
[Info   :Zeepkist GTR] 01:38:07 Sending HTTP request "POST" "https://graphql.zeepki.st/"
[Info   :Zeepkist GTR] 01:38:07 Stopping existing recorder if any
[Info   :Zeepkist GTR] 01:38:07 Creating new recorder
[Info   :Zeepkist GTR] 01:38:07 Start processing HTTP request "POST" "https://graphql.zeepki.st/"
[Info   :Zeepkist GTR] 01:38:07 Sending HTTP request "POST" "https://graphql.zeepki.st/"
[Info   :Zeepkist GTR] 01:38:07 Start processing HTTP request "POST" "https://graphql.zeepki.st/"
[Info   :Zeepkist GTR] 01:38:07 Sending HTTP request "POST" "https://graphql.zeepki.st/"
[Info   :Zeepkist GTR] 01:38:07 Received HTTP response headers after 57.8644ms - 200
[Info   :Zeepkist GTR] 01:38:07 End processing HTTP request after 58.0836ms - 200
[Info   :Zeepkist GTR] 01:38:07 Received HTTP response headers after 63.0807ms - 200
[Info   :Zeepkist GTR] 01:38:07 End processing HTTP request after 63.3021ms - 200
[Info   :Zeepkist GTR] 01:38:07 Start processing HTTP request "GET" "https://cdn.zeepki.st/ghosts/01KS90V77ZSAKW6ZG1DC2WEZNG.bin"
[Info   :Zeepkist GTR] 01:38:07 Sending HTTP request "GET" "https://cdn.zeepki.st/ghosts/01KS90V77ZSAKW6ZG1DC2WEZNG.bin"
[Info   :Zeepkist GTR] 01:38:07 Received HTTP response headers after 112.4444ms - 200
[Info   :Zeepkist GTR] 01:38:07 End processing HTTP request after 112.65ms - 200
[Info   :Zeepkist GTR] 01:38:07 Start processing HTTP request "POST" "https://graphql.zeepki.st/"
[Info   :Zeepkist GTR] 01:38:07 Sending HTTP request "POST" "https://graphql.zeepki.st/"
[Info   :Zeepkist GTR] 01:38:07 Received HTTP response headers after 51.0989ms - 200
[Info   :Zeepkist GTR] 01:38:07 End processing HTTP request after 51.33ms - 200
[Info   :Zeepkist GTR] 01:38:07 Received HTTP response headers after 547.433ms - 200
[Info   :Zeepkist GTR] 01:38:07 End processing HTTP request after 547.7012ms - 200
[Info   :Zeepkist GTR] 01:38:07 Ghost version: 5
[Info   :Zeepkist GTR] 01:38:08 Starting recorder
[Info   :Zeepkist GTR] 01:38:27 Loading personal best...
[Info   :Zeepkist GTR] 01:38:27 Start processing HTTP request "POST" "https://graphql.zeepki.st/"
[Info   :Zeepkist GTR] 01:38:27 Sending HTTP request "POST" "https://graphql.zeepki.st/"
[Info   :Zeepkist GTR] 01:38:27 Stopping existing recorder if any
[Info   :Zeepkist GTR] 01:38:27 Creating new recorder
[Info   :Zeepkist GTR] 01:38:27 Start processing HTTP request "POST" "https://graphql.zeepki.st/"
[Info   :Zeepkist GTR] 01:38:27 Sending HTTP request "POST" "https://graphql.zeepki.st/"
[Info   :Zeepkist GTR] 01:38:27 Start processing HTTP request "POST" "https://graphql.zeepki.st/"
[Info   :Zeepkist GTR] 01:38:27 Sending HTTP request "POST" "https://graphql.zeepki.st/"
[Info   :Zeepkist GTR] 01:38:27 Received HTTP response headers after 55.7455ms - 200
[Info   :Zeepkist GTR] 01:38:27 End processing HTTP request after 55.9614ms - 200
[Info   :Zeepkist GTR] 01:38:27 Received HTTP response headers after 58.9455ms - 200
[Info   :Zeepkist GTR] 01:38:27 End processing HTTP request after 59.1412ms - 200
[Info   :Zeepkist GTR] 01:38:27 Ghost version: 5
[Info   :Zeepkist GTR] 01:38:27 Received HTTP response headers after 118.3925ms - 200
[Info   :Zeepkist GTR] 01:38:27 End processing HTTP request after 118.625ms - 200
[Info   :Zeepkist GTR] 01:38:27 Start processing HTTP request "POST" "https://graphql.zeepki.st/"
[Info   :Zeepkist GTR] 01:38:27 Sending HTTP request "POST" "https://graphql.zeepki.st/"
[Info   :Zeepkist GTR] 01:38:27 Received HTTP response headers after 67.5027ms - 200
[Info   :Zeepkist GTR] 01:38:27 End processing HTTP request after 67.727ms - 200
[Info   :Zeepkist GTR] 01:38:29 Starting recorder
[Info   :Zeepkist GTR] 01:38:46 Loading personal best...
[Info   :Zeepkist GTR] 01:38:46 Start processing HTTP request "POST" "https://graphql.zeepki.st/"
[Info   :Zeepkist GTR] 01:38:46 Sending HTTP request "POST" "https://graphql.zeepki.st/"
[Info   :Zeepkist GTR] 01:38:46 Stopping existing recorder if any
[Info   :Zeepkist GTR] 01:38:46 Creating new recorder
[Info   :Zeepkist GTR] 01:38:46 Start processing HTTP request "POST" "https://graphql.zeepki.st/"
[Info   :Zeepkist GTR] 01:38:46 Sending HTTP request "POST" "https://graphql.zeepki.st/"
[Info   :Zeepkist GTR] 01:38:46 Start processing HTTP request "POST" "https://graphql.zeepki.st/"
[Info   :Zeepkist GTR] 01:38:46 Sending HTTP request "POST" "https://graphql.zeepki.st/"
[Info   :Zeepkist GTR] 01:38:46 Received HTTP response headers after 58.82ms - 200
[Info   :Zeepkist GTR] 01:38:46 End processing HTTP request after 59.0231ms - 200
[Info   :Zeepkist GTR] 01:38:46 Received HTTP response headers after 67.4155ms - 200
[Info   :Zeepkist GTR] 01:38:46 End processing HTTP request after 67.6403ms - 200
[Info   :Zeepkist GTR] 01:38:46 Ghost version: 5
[Info   :Zeepkist GTR] 01:38:46 Received HTTP response headers after 152.8456ms - 200
[Info   :Zeepkist GTR] 01:38:46 End processing HTTP request after 153.0846ms - 200
[Info   :Zeepkist GTR] 01:38:46 Start processing HTTP request "POST" "https://graphql.zeepki.st/"
[Info   :Zeepkist GTR] 01:38:46 Sending HTTP request "POST" "https://graphql.zeepki.st/"
[Info   :Zeepkist GTR] 01:38:46 Received HTTP response headers after 52.4743ms - 200
[Info   :Zeepkist GTR] 01:38:46 End processing HTTP request after 52.7199ms - 200
[Info   :Zeepkist GTR] 01:38:47 Starting recorder
[Info   :Zeepkist GTR] 01:39:09 Loading personal best...
[Info   :Zeepkist GTR] 01:39:09 Start processing HTTP request "POST" "https://graphql.zeepki.st/"
[Info   :Zeepkist GTR] 01:39:09 Sending HTTP request "POST" "https://graphql.zeepki.st/"
[Info   :Zeepkist GTR] 01:39:09 Stopping existing recorder if any
[Info   :Zeepkist GTR] 01:39:09 Creating new recorder
[Info   :Zeepkist GTR] 01:39:09 Start processing HTTP request "POST" "https://graphql.zeepki.st/"
[Info   :Zeepkist GTR] 01:39:09 Sending HTTP request "POST" "https://graphql.zeepki.st/"
[Info   :Zeepkist GTR] 01:39:09 Start processing HTTP request "POST" "https://graphql.zeepki.st/"
[Info   :Zeepkist GTR] 01:39:09 Sending HTTP request "POST" "https://graphql.zeepki.st/"
[Info   :Zeepkist GTR] 01:39:09 Received HTTP response headers after 130.3542ms - 200
[Info   :Zeepkist GTR] 01:39:09 Received HTTP response headers after 129.912ms - 200
[Info   :Zeepkist GTR] 01:39:09 End processing HTTP request after 130.6037ms - 200
[Info   :Zeepkist GTR] 01:39:09 End processing HTTP request after 130.1424ms - 200
[Info   :Zeepkist GTR] 01:39:09 Ghost version: 5
[Info   :Zeepkist GTR] 01:39:09 Received HTTP response headers after 170.9816ms - 200
[Info   :Zeepkist GTR] 01:39:09 End processing HTTP request after 171.2296ms - 200
[Info   :Zeepkist GTR] 01:39:09 Start processing HTTP request "POST" "https://graphql.zeepki.st/"
[Info   :Zeepkist GTR] 01:39:09 Sending HTTP request "POST" "https://graphql.zeepki.st/"
[Info   :Zeepkist GTR] 01:39:09 Received HTTP response headers after 50.9576ms - 200
[Info   :Zeepkist GTR] 01:39:09 End processing HTTP request after 51.2032ms - 200
[Info   :Zeepkist GTR] 01:39:11 Starting recorder
[Info   :Zeepkist GTR] 01:39:45 Stopping recorder
[Info   :Zeepkist GTR] 01:39:45 Collecting extra information
[Info   :Zeepkist GTR] 01:39:45 Processing ghost data
[Info   :Zeepkist GTR] 01:39:45 Creating stream
[Info   :Zeepkist GTR] 01:39:45 Writing to stream
[Info   :Zeepkist GTR] 01:39:45 Closing stream
[Info   :Zeepkist GTR] 01:39:45 Getting buffer
[Info   :Zeepkist GTR] 01:39:45 Converting to base64
[Info   :Zeepkist GTR] 01:39:45 Creating resource
[Info   :Zeepkist GTR] 01:39:45 Start processing HTTP request "POST" "https://backend.zeepki.st/auth/refresh"
[Info   :Zeepkist GTR] 01:39:45 Sending HTTP request "POST" "https://backend.zeepki.st/auth/refresh"
[Info   :Zeepkist GTR] 01:39:45 Received HTTP response headers after 259.1803ms - 200
[Info   :Zeepkist GTR] 01:39:45 End processing HTTP request after 259.4288ms - 200
[Info   :Zeepkist GTR] 01:39:45 Start processing HTTP request "POST" "https://backend.zeepki.st/record/submit"
[Info   :Zeepkist GTR] 01:39:45 Sending HTTP request "POST" "https://backend.zeepki.st/record/submit"
[Info   :Zeepkist GTR] 01:39:45 Received HTTP response headers after 184.179ms - 200
[Info   :Zeepkist GTR] 01:39:45 End processing HTTP request after 184.4136ms - 200
[Info   :Zeepkist GTR] 01:39:48 Loading personal best...
[Info   :Zeepkist GTR] 01:39:48 Start processing HTTP request "POST" "https://graphql.zeepki.st/"
[Info   :Zeepkist GTR] 01:39:48 Sending HTTP request "POST" "https://graphql.zeepki.st/"
[Info   :Zeepkist GTR] 01:39:48 Stopping existing recorder if any
[Info   :Zeepkist GTR] 01:39:48 Creating new recorder
[Info   :Zeepkist GTR] 01:39:48 Start processing HTTP request "POST" "https://graphql.zeepki.st/"
[Info   :Zeepkist GTR] 01:39:48 Sending HTTP request "POST" "https://graphql.zeepki.st/"
[Info   :Zeepkist GTR] 01:39:48 Start processing HTTP request "POST" "https://graphql.zeepki.st/"
[Info   :Zeepkist GTR] 01:39:48 Sending HTTP request "POST" "https://graphql.zeepki.st/"
[Info   :Zeepkist GTR] 01:39:48 Received HTTP response headers after 56.4948ms - 200
[Info   :Zeepkist GTR] 01:39:48 End processing HTTP request after 56.7392ms - 200
[Info   :Zeepkist GTR] 01:39:48 Received HTTP response headers after 57.4971ms - 200
[Info   :Zeepkist GTR] 01:39:48 End processing HTTP request after 57.6808ms - 200
[Info   :Zeepkist GTR] 01:39:48 Start processing HTTP request "GET" "https://cdn.zeepki.st/ghosts/01KS90Y9NS76655MXXB6FKWVA5.bin"
[Info   :Zeepkist GTR] 01:39:48 Sending HTTP request "GET" "https://cdn.zeepki.st/ghosts/01KS90Y9NS76655MXXB6FKWVA5.bin"
[Info   :Zeepkist GTR] 01:39:48 Received HTTP response headers after 117.1366ms - 200
[Info   :Zeepkist GTR] 01:39:48 End processing HTTP request after 117.3751ms - 200
[Info   :Zeepkist GTR] 01:39:48 Start processing HTTP request "POST" "https://graphql.zeepki.st/"
[Info   :Zeepkist GTR] 01:39:48 Sending HTTP request "POST" "https://graphql.zeepki.st/"
[Info   :Zeepkist GTR] 01:39:48 Received HTTP response headers after 47.6125ms - 200
[Info   :Zeepkist GTR] 01:39:48 End processing HTTP request after 47.8655ms - 200
[Info   :Zeepkist GTR] 01:39:48 Received HTTP response headers after 663.1245ms - 200
[Info   :Zeepkist GTR] 01:39:48 End processing HTTP request after 663.4273ms - 200
[Info   :Zeepkist GTR] 01:39:49 Ghost version: 5
[Info   :Zeepkist GTR] 01:39:49 Starting recorder
[Info   :Zeepkist GTR] 01:40:24 Stopping recorder
[Info   :Zeepkist GTR] 01:40:24 Collecting extra information
[Info   :Zeepkist GTR] 01:40:24 Processing ghost data
[Info   :Zeepkist GTR] 01:40:24 Creating stream
[Info   :Zeepkist GTR] 01:40:24 Writing to stream
[Info   :Zeepkist GTR] 01:40:24 Closing stream
[Info   :Zeepkist GTR] 01:40:24 Getting buffer
[Info   :Zeepkist GTR] 01:40:24 Converting to base64
[Info   :Zeepkist GTR] 01:40:24 Creating resource
[Info   :Zeepkist GTR] 01:40:24 Start processing HTTP request "POST" "https://backend.zeepki.st/auth/refresh"
[Info   :Zeepkist GTR] 01:40:24 Sending HTTP request "POST" "https://backend.zeepki.st/auth/refresh"
[Info   :Zeepkist GTR] 01:40:24 Received HTTP response headers after 246.4584ms - 200
[Info   :Zeepkist GTR] 01:40:24 End processing HTTP request after 246.7403ms - 200
[Info   :Zeepkist GTR] 01:40:24 Start processing HTTP request "POST" "https://backend.zeepki.st/record/submit"
[Info   :Zeepkist GTR] 01:40:24 Sending HTTP request "POST" "https://backend.zeepki.st/record/submit"
[Info   :Zeepkist GTR] 01:40:24 Received HTTP response headers after 103.9007ms - 200
[Info   :Zeepkist GTR] 01:40:24 End processing HTTP request after 104.1376ms - 200
[Info   :Zeepkist GTR] 01:40:26 Loading personal best...
[Info   :Zeepkist GTR] 01:40:26 Start processing HTTP request "POST" "https://graphql.zeepki.st/"
[Info   :Zeepkist GTR] 01:40:26 Sending HTTP request "POST" "https://graphql.zeepki.st/"
[Info   :Zeepkist GTR] 01:40:26 Stopping existing recorder if any
[Info   :Zeepkist GTR] 01:40:26 Creating new recorder
[Info   :Zeepkist GTR] 01:40:26 Start processing HTTP request "POST" "https://graphql.zeepki.st/"
[Info   :Zeepkist GTR] 01:40:26 Sending HTTP request "POST" "https://graphql.zeepki.st/"
[Info   :Zeepkist GTR] 01:40:26 Start processing HTTP request "POST" "https://graphql.zeepki.st/"
[Info   :Zeepkist GTR] 01:40:26 Sending HTTP request "POST" "https://graphql.zeepki.st/"
[Info   :Zeepkist GTR] 01:40:26 Received HTTP response headers after 58.7917ms - 200
[Info   :Zeepkist GTR] 01:40:26 End processing HTTP request after 59.0121ms - 200
[Info   :Zeepkist GTR] 01:40:26 Received HTTP response headers after 62.631ms - 200
[Info   :Zeepkist GTR] 01:40:26 End processing HTTP request after 62.8551ms - 200
[Info   :Zeepkist GTR] 01:40:26 Ghost version: 5
[Info   :Zeepkist GTR] 01:40:26 Received HTTP response headers after 117.0446ms - 200
[Info   :Zeepkist GTR] 01:40:26 End processing HTTP request after 117.2875ms - 200
[Info   :Zeepkist GTR] 01:40:26 Start processing HTTP request "POST" "https://graphql.zeepki.st/"
[Info   :Zeepkist GTR] 01:40:26 Sending HTTP request "POST" "https://graphql.zeepki.st/"
[Info   :Zeepkist GTR] 01:40:26 Received HTTP response headers after 50.4744ms - 200
[Info   :Zeepkist GTR] 01:40:26 End processing HTTP request after 50.724ms - 200
[Info   :Zeepkist GTR] 01:40:27 Starting recorder
[Info   :Zeepkist GTR] 01:40:47 Loading personal best...
[Info   :Zeepkist GTR] 01:40:47 Start processing HTTP request "POST" "https://graphql.zeepki.st/"
[Info   :Zeepkist GTR] 01:40:47 Sending HTTP request "POST" "https://graphql.zeepki.st/"
[Info   :Zeepkist GTR] 01:40:47 Stopping existing recorder if any
[Info   :Zeepkist GTR] 01:40:47 Creating new recorder
[Info   :Zeepkist GTR] 01:40:47 Start processing HTTP request "POST" "https://graphql.zeepki.st/"
[Info   :Zeepkist GTR] 01:40:47 Sending HTTP request "POST" "https://graphql.zeepki.st/"
[Info   :Zeepkist GTR] 01:40:47 Start processing HTTP request "POST" "https://graphql.zeepki.st/"
[Info   :Zeepkist GTR] 01:40:47 Sending HTTP request "POST" "https://graphql.zeepki.st/"
[Info   :Zeepkist GTR] 01:40:47 Received HTTP response headers after 83.5922ms - 200
[Info   :Zeepkist GTR] 01:40:47 Received HTTP response headers after 83.1299ms - 200
[Info   :Zeepkist GTR] 01:40:47 End processing HTTP request after 83.8364ms - 200
[Info   :Zeepkist GTR] 01:40:47 End processing HTTP request after 83.3826ms - 200
[Info   :Zeepkist GTR] 01:40:47 Ghost version: 5
[Info   :Zeepkist GTR] 01:40:47 Received HTTP response headers after 136.4869ms - 200
[Info   :Zeepkist GTR] 01:40:47 End processing HTTP request after 136.7109ms - 200
[Info   :Zeepkist GTR] 01:40:47 Start processing HTTP request "POST" "https://graphql.zeepki.st/"
[Info   :Zeepkist GTR] 01:40:47 Sending HTTP request "POST" "https://graphql.zeepki.st/"
[Info   :Zeepkist GTR] 01:40:48 Received HTTP response headers after 49.3668ms - 200
[Info   :Zeepkist GTR] 01:40:48 End processing HTTP request after 49.6326ms - 200
[Info   :Zeepkist GTR] 01:40:49 Starting recorder
[Info   :Zeepkist GTR] 01:41:16 Loading personal best...
[Info   :Zeepkist GTR] 01:41:16 Start processing HTTP request "POST" "https://graphql.zeepki.st/"
[Info   :Zeepkist GTR] 01:41:16 Sending HTTP request "POST" "https://graphql.zeepki.st/"
[Info   :Zeepkist GTR] 01:41:16 Stopping existing recorder if any
[Info   :Zeepkist GTR] 01:41:16 Creating new recorder
[Info   :Zeepkist GTR] 01:41:16 Start processing HTTP request "POST" "https://graphql.zeepki.st/"
[Info   :Zeepkist GTR] 01:41:16 Sending HTTP request "POST" "https://graphql.zeepki.st/"
[Info   :Zeepkist GTR] 01:41:16 Start processing HTTP request "POST" "https://graphql.zeepki.st/"
[Info   :Zeepkist GTR] 01:41:16 Sending HTTP request "POST" "https://graphql.zeepki.st/"
[Info   :Zeepkist GTR] 01:41:16 Received HTTP response headers after 113.2576ms - 200
[Info   :Zeepkist GTR] 01:41:16 End processing HTTP request after 113.4963ms - 200
[Info   :Zeepkist GTR] 01:41:16 Received HTTP response headers after 115.4714ms - 200
[Info   :Zeepkist GTR] 01:41:16 End processing HTTP request after 115.6411ms - 200
[Info   :Zeepkist GTR] 01:41:16 Ghost version: 5
[Info   :Zeepkist GTR] 01:41:16 Received HTTP response headers after 179.8861ms - 200
[Info   :Zeepkist GTR] 01:41:16 End processing HTTP request after 180.1065ms - 200
[Info   :Zeepkist GTR] 01:41:16 Start processing HTTP request "POST" "https://graphql.zeepki.st/"
[Info   :Zeepkist GTR] 01:41:16 Sending HTTP request "POST" "https://graphql.zeepki.st/"
[Info   :Zeepkist GTR] 01:41:17 Received HTTP response headers after 52.8352ms - 200
[Info   :Zeepkist GTR] 01:41:17 End processing HTTP request after 53.0844ms - 200
[Info   :Zeepkist GTR] 01:41:18 Starting recorder
[Info   :COTDTracker] Starting cup with exclude list: 
[Info   :Zeepkist GTR] 01:41:52 Stopping recorder
[Info   :Zeepkist GTR] 01:41:52 Collecting extra information
[Info   :Zeepkist GTR] 01:41:52 Processing ghost data
[Info   :Zeepkist GTR] 01:41:52 Creating stream
[Info   :Zeepkist GTR] 01:41:52 Writing to stream
[Info   :Zeepkist GTR] 01:41:52 Closing stream
[Info   :Zeepkist GTR] 01:41:52 Getting buffer
[Info   :Zeepkist GTR] 01:41:52 Converting to base64
[Info   :Zeepkist GTR] 01:41:52 Creating resource
[Info   :Zeepkist GTR] 01:41:52 Start processing HTTP request "POST" "https://backend.zeepki.st/auth/refresh"
[Info   :Zeepkist GTR] 01:41:52 Sending HTTP request "POST" "https://backend.zeepki.st/auth/refresh"
[Info   :Zeepkist GTR] 01:41:52 Received HTTP response headers after 194.914ms - 200
[Info   :Zeepkist GTR] 01:41:52 End processing HTTP request after 195.1388ms - 200
[Info   :Zeepkist GTR] 01:41:52 Start processing HTTP request "POST" "https://backend.zeepki.st/record/submit"
[Info   :Zeepkist GTR] 01:41:52 Sending HTTP request "POST" "https://backend.zeepki.st/record/submit"
[Info   :Zeepkist GTR] 01:41:52 Received HTTP response headers after 106.5831ms - 200
[Info   :Zeepkist GTR] 01:41:52 End processing HTTP request after 106.8235ms - 200
[Info   :COTDTracker] Running update tab leaderboard function
[Info   :COTDTracker] Running update tab leaderboard function
[Info   :COTDTracker] Running update tab leaderboard function
[Info   :Zeepkist GTR] 01:41:59 Discarding recorder
[Info   :COTDTracker] Doing eliminations with leaderboard:
[Info   :COTDTracker] Player Lexer: Time: 31,63756
[Info   :COTDTracker] Player JakeAdjacent: Time: 31,80643
[Info   :COTDTracker] Player [MMM]Victor: Time: 31,84104
[Info   :COTDTracker] Player [ZET]Stick: Time: 32,00095
[Info   :COTDTracker] Player zodiak: Time: 32,04398
[Info   :COTDTracker] Player Noxitu: Time: 32,08321
[Info   :COTDTracker] Player 𝒱V𝑜o𝒾i𝒹d𝒱: Time: 32,1058
[Info   :COTDTracker] Player Shattersmith: Time: 32,17409
[Info   :COTDTracker] Player [Quac] microways: Time: 32,20094
[Info   :COTDTracker] Player M4rv: Time: 32,3293
[Info   :COTDTracker] Player wunderBarr: Time: 32,46739
[Info   :COTDTracker] Player [ZET] Wheelie: Time: 32,66041
[Info   :COTDTracker] Player [ZET]maskeddog: Time: 33,1392
[Info   :COTDTracker] Player [ZET]Sword125: Time: 33,15715
[Info   :COTDTracker] Player Tudge Boat: Time: 33,19264
[Info   :COTDTracker] Player Legend: Time: 33,36279
[Info   :COTDTracker] Player aizpun: Time: 33,64553
[Info   :COTDTracker] Player [MMM]Milk Man: Time: 33,81269
[Info   :COTDTracker] Player riverman: Time: 34,47096
[Info   :COTDTracker] Player Kilandor: Time: 34,50246
[Info   :COTDTracker] Player Wyrlpool: Time: 34,70346
[Info   :COTDTracker] Player [ZET]vectortrajector: Time: 34,76793
[Info   :COTDTracker] Player titobudd: Time: 37,52617
[Info   :COTDTracker] Player Orb Bee Bob: Time: 37,71122
[Info   :COTDTracker] Player [ZET] zeriv: Time: 38,80899
[Info   :COTDTracker] Player cucumis conditus solacii animi: Time: DNF
[Info   :COTDTracker] Player [CSC]IronDragon111000: Time: DNF
[Info   :BetterSplits] getting gtr splits
[Info   :Zeepkist GTR] 01:42:14 Loading personal best...
[Info   :Zeepkist GTR] 01:42:14 Start processing HTTP request "POST" "https://graphql.zeepki.st/"
[Info   :Zeepkist GTR] 01:42:14 Sending HTTP request "POST" "https://graphql.zeepki.st/"
[Info   :Zeepkist GTR] 01:42:14 Stopping existing recorder if any
[Info   :Zeepkist GTR] 01:42:14 Creating new recorder
[Info   :Zeepkist GTR] 01:42:14 Start processing HTTP request "POST" "https://graphql.zeepki.st/"
[Info   :Zeepkist GTR] 01:42:14 Sending HTTP request "POST" "https://graphql.zeepki.st/"
[Info   :Zeepkist GTR] 01:42:14 Start processing HTTP request "POST" "https://graphql.zeepki.st/"
[Info   :Zeepkist GTR] 01:42:14 Sending HTTP request "POST" "https://graphql.zeepki.st/"
[Error  :BetterSplits] could not get splits
Response: StatusCode: 400, ReasonPhrase: 'Bad Request', Version: 1.1, Content: System.Net.Http.StreamContent, Headers:
{
Date: Fri, 22 May 2026 23:42:13 GMT
Connection: keep-alive
access-control-allow-headers: Origin, X-Requested-With, Accept, Authorization, X-Apollo-Tracing, Content-Type, Content-Length, X-PostGraphile-Explain
access-control-allow-methods: HEAD, GET, POST
access-control-allow-origin: *
access-control-expose-headers: X-GraphQL-Event-Stream
alt-svc: h3=":443"; ma=86400
vary: Origin
via: 1.1 Caddy
x-graphql-event-stream: /stream
x-query-cost: 115
cf-cache-status: DYNAMIC
x-xss-protection: 1; mode=block
Strict-Transport-Security: max-age=15552000; includeSubDomains; preload
x-content-type-options: nosniff
Server-Timing: cfCacheStatus;desc="DYNAMIC", cfEdge;dur=5,cfOrigin;dur=45
Report-To: {"group":"cf-nel","max_age":604800,"endpoints":[{"url":"https://a.nel.cloudflare.com/report/v4?s=1qhjWKzrj2wrpOABbZ9rwtaqbM%2F03IrKWoduo2fNdbqj%2F0gAQPZUryNnbIFF%2BMNmwTOSU%2BdoJYL5QTHTcqQZQSWvC%2FhSa9q0jWT10rgYSHxNUS3uSs%2FR6fcdz3JoVI5gqQekWg%3D%3D"}]}
Nel: {"report_to":"cf-nel","success_fraction":0.0,"max_age":604800}
expect-ct: max-age=86400, enforce
referrer-policy: same-origin
x-frame-options: SAMEORIGIN
Server: cloudflare
CF-RAY: 9fffad165cca030f-MAD
Content-Type: application/json; charset=utf-8
Content-Length: 172
} 
Content: {"errors":[{"message":"Cannot query field \"personalBestGlobalsByIdLevel\" on type \"Level\". Did you mean \"personalBestGlobals\"?","locations":[{"line":1,"column":87}]}]}
Url: https://graphql.zeepki.st
Request: {"query":"query BetterSplitsPB($hash: String!, $steamId: BigFloat) { levelByHash(hash: $hash) { personalBestGlobalsByIdLevel(filter: {userByIdUser: {steamId: {equalTo: $steamId}}}) { nodes { recordByIdRecord { speeds splits time }}}}}","variables":{"hash":"EAA2102B59B6B72756F51344376A45B2F771773D-3","steamId":"76561197972890120"}}
[Info   :Zeepkist GTR] 01:42:14 Received HTTP response headers after 63.2959ms - 200
[Info   :Zeepkist GTR] 01:42:14 Received HTTP response headers after 62.8099ms - 200
[Info   :Zeepkist GTR] 01:42:14 End processing HTTP request after 63.5082ms - 200
[Info   :Zeepkist GTR] 01:42:14 End processing HTTP request after 63.0485ms - 200
[Info   :Zeepkist GTR] 01:42:14 Ghost version: 5
[Info   :Zeepkist GTR] 01:42:14 Received HTTP response headers after 297.0462ms - 200
[Info   :Zeepkist GTR] 01:42:14 End processing HTTP request after 297.2896ms - 200
[Info   :Zeepkist GTR] 01:42:14 Start processing HTTP request "POST" "https://graphql.zeepki.st/"
[Info   :Zeepkist GTR] 01:42:14 Sending HTTP request "POST" "https://graphql.zeepki.st/"
[Info   :Zeepkist GTR] 01:42:14 Received HTTP response headers after 64.8197ms - 200
[Info   :Zeepkist GTR] 01:42:14 End processing HTTP request after 65.1043ms - 200
[Info   :Zeepkist GTR] 01:42:15 Starting recorder
[Info   :Zeepkist GTR] 01:42:52 Stopping recorder
[Info   :Zeepkist GTR] 01:42:52 Collecting extra information
[Info   :Zeepkist GTR] 01:42:52 Processing ghost data
[Info   :Zeepkist GTR] 01:42:52 Creating stream
[Info   :Zeepkist GTR] 01:42:52 Writing to stream
[Info   :Zeepkist GTR] 01:42:52 Closing stream
[Info   :Zeepkist GTR] 01:42:52 Getting buffer
[Info   :Zeepkist GTR] 01:42:52 Converting to base64
[Info   :Zeepkist GTR] 01:42:52 Creating resource
[Info   :Zeepkist GTR] 01:42:52 Start processing HTTP request "POST" "https://backend.zeepki.st/auth/refresh"
[Info   :Zeepkist GTR] 01:42:52 Sending HTTP request "POST" "https://backend.zeepki.st/auth/refresh"
[Info   :Zeepkist GTR] 01:42:52 Received HTTP response headers after 222.3152ms - 200
[Info   :Zeepkist GTR] 01:42:52 End processing HTTP request after 222.5434ms - 200
[Info   :Zeepkist GTR] 01:42:52 Start processing HTTP request "POST" "https://backend.zeepki.st/record/submit"
[Info   :Zeepkist GTR] 01:42:52 Sending HTTP request "POST" "https://backend.zeepki.st/record/submit"
[Info   :Zeepkist GTR] 01:42:52 Received HTTP response headers after 137.3267ms - 200
[Info   :Zeepkist GTR] 01:42:52 End processing HTTP request after 137.5788ms - 200
[Info   :Zeepkist GTR] 01:42:53 Loading personal best...
[Info   :Zeepkist GTR] 01:42:53 Start processing HTTP request "POST" "https://graphql.zeepki.st/"
[Info   :Zeepkist GTR] 01:42:53 Sending HTTP request "POST" "https://graphql.zeepki.st/"
[Info   :Zeepkist GTR] 01:42:53 Stopping existing recorder if any
[Info   :Zeepkist GTR] 01:42:53 Creating new recorder
[Info   :Zeepkist GTR] 01:42:53 Start processing HTTP request "POST" "https://graphql.zeepki.st/"
[Info   :Zeepkist GTR] 01:42:53 Sending HTTP request "POST" "https://graphql.zeepki.st/"
[Info   :Zeepkist GTR] 01:42:53 Start processing HTTP request "POST" "https://graphql.zeepki.st/"
[Info   :Zeepkist GTR] 01:42:53 Sending HTTP request "POST" "https://graphql.zeepki.st/"
[Info   :Zeepkist GTR] 01:42:53 Received HTTP response headers after 75.5181ms - 200
[Info   :Zeepkist GTR] 01:42:53 End processing HTTP request after 75.7348ms - 200
[Info   :Zeepkist GTR] 01:42:53 Received HTTP response headers after 77.6633ms - 200
[Info   :Zeepkist GTR] 01:42:53 End processing HTTP request after 77.8531ms - 200
[Info   :Zeepkist GTR] 01:42:53 Ghost version: 5
[Info   :Zeepkist GTR] 01:42:53 Received HTTP response headers after 148.1764ms - 200
[Info   :Zeepkist GTR] 01:42:53 End processing HTTP request after 148.4083ms - 200
[Info   :Zeepkist GTR] 01:42:53 Start processing HTTP request "POST" "https://graphql.zeepki.st/"
[Info   :Zeepkist GTR] 01:42:53 Sending HTTP request "POST" "https://graphql.zeepki.st/"
[Info   :Zeepkist GTR] 01:42:53 Received HTTP response headers after 69.5207ms - 200
[Info   :Zeepkist GTR] 01:42:53 End processing HTTP request after 69.7621ms - 200
[Info   :Zeepkist GTR] 01:42:55 Starting recorder
[Info   :Zeepkist GTR] 01:43:28 Stopping recorder
[Info   :Zeepkist GTR] 01:43:28 Collecting extra information
[Info   :Zeepkist GTR] 01:43:28 Processing ghost data
[Info   :Zeepkist GTR] 01:43:28 Creating stream
[Info   :Zeepkist GTR] 01:43:28 Writing to stream
[Info   :Zeepkist GTR] 01:43:28 Closing stream
[Info   :Zeepkist GTR] 01:43:28 Getting buffer
[Info   :Zeepkist GTR] 01:43:28 Converting to base64
[Info   :Zeepkist GTR] 01:43:28 Creating resource
[Info   :Zeepkist GTR] 01:43:28 Start processing HTTP request "POST" "https://backend.zeepki.st/auth/refresh"
[Info   :Zeepkist GTR] 01:43:28 Sending HTTP request "POST" "https://backend.zeepki.st/auth/refresh"
[Info   :Zeepkist GTR] 01:43:28 Received HTTP response headers after 205.6559ms - 200
[Info   :Zeepkist GTR] 01:43:28 End processing HTTP request after 205.8749ms - 200
[Info   :Zeepkist GTR] 01:43:28 Start processing HTTP request "POST" "https://backend.zeepki.st/record/submit"
[Info   :Zeepkist GTR] 01:43:28 Sending HTTP request "POST" "https://backend.zeepki.st/record/submit"
[Info   :Zeepkist GTR] 01:43:28 Received HTTP response headers after 144.8396ms - 200
[Info   :Zeepkist GTR] 01:43:28 End processing HTTP request after 145.0842ms - 200
[Info   :Zeepkist GTR] 01:43:32 Loading personal best...
[Info   :Zeepkist GTR] 01:43:32 Start processing HTTP request "POST" "https://graphql.zeepki.st/"
[Info   :Zeepkist GTR] 01:43:32 Sending HTTP request "POST" "https://graphql.zeepki.st/"
[Info   :Zeepkist GTR] 01:43:32 Stopping existing recorder if any
[Info   :Zeepkist GTR] 01:43:32 Creating new recorder
[Info   :Zeepkist GTR] 01:43:32 Start processing HTTP request "POST" "https://graphql.zeepki.st/"
[Info   :Zeepkist GTR] 01:43:32 Sending HTTP request "POST" "https://graphql.zeepki.st/"
[Info   :Zeepkist GTR] 01:43:32 Start processing HTTP request "POST" "https://graphql.zeepki.st/"
[Info   :Zeepkist GTR] 01:43:32 Sending HTTP request "POST" "https://graphql.zeepki.st/"
[Info   :Zeepkist GTR] 01:43:32 Received HTTP response headers after 137.085ms - 200
[Info   :Zeepkist GTR] 01:43:32 End processing HTTP request after 137.346ms - 200
[Info   :Zeepkist GTR] 01:43:32 Start processing HTTP request "GET" "https://cdn.zeepki.st/ghosts/01KS91537R4EH770R6XR1GRASA.bin"
[Info   :Zeepkist GTR] 01:43:32 Sending HTTP request "GET" "https://cdn.zeepki.st/ghosts/01KS91537R4EH770R6XR1GRASA.bin"
[Info   :Zeepkist GTR] 01:43:32 Received HTTP response headers after 205.6036ms - 200
[Info   :Zeepkist GTR] 01:43:32 End processing HTTP request after 205.83ms - 200
[Info   :Zeepkist GTR] 01:43:32 Received HTTP response headers after 228.9852ms - 200
[Info   :Zeepkist GTR] 01:43:32 End processing HTTP request after 229.1996ms - 200
[Info   :Zeepkist GTR] 01:43:32 Start processing HTTP request "POST" "https://graphql.zeepki.st/"
[Info   :Zeepkist GTR] 01:43:32 Sending HTTP request "POST" "https://graphql.zeepki.st/"
[Info   :Zeepkist GTR] 01:43:32 Received HTTP response headers after 54.1284ms - 200
[Info   :Zeepkist GTR] 01:43:32 End processing HTTP request after 54.3718ms - 200
[Info   :Zeepkist GTR] 01:43:33 Received HTTP response headers after 731.8339ms - 200
[Info   :Zeepkist GTR] 01:43:33 End processing HTTP request after 732.0938ms - 200
[Info   :Zeepkist GTR] 01:43:33 Ghost version: 5
[Info   :Zeepkist GTR] 01:43:34 Starting recorder
[Info   :Zeepkist GTR] 01:43:50 Loading personal best...
[Info   :Zeepkist GTR] 01:43:50 Start processing HTTP request "POST" "https://graphql.zeepki.st/"
[Info   :Zeepkist GTR] 01:43:50 Sending HTTP request "POST" "https://graphql.zeepki.st/"
[Info   :Zeepkist GTR] 01:43:50 Stopping existing recorder if any
[Info   :Zeepkist GTR] 01:43:50 Creating new recorder
[Info   :Zeepkist GTR] 01:43:50 Start processing HTTP request "POST" "https://graphql.zeepki.st/"
[Info   :Zeepkist GTR] 01:43:50 Sending HTTP request "POST" "https://graphql.zeepki.st/"
[Info   :Zeepkist GTR] 01:43:50 Start processing HTTP request "POST" "https://graphql.zeepki.st/"
[Info   :Zeepkist GTR] 01:43:50 Sending HTTP request "POST" "https://graphql.zeepki.st/"
[Info   :Zeepkist GTR] 01:43:50 Received HTTP response headers after 64.8006ms - 200
[Info   :Zeepkist GTR] 01:43:50 End processing HTTP request after 65.0941ms - 200
[Info   :Zeepkist GTR] 01:43:50 Received HTTP response headers after 67.7754ms - 200
[Info   :Zeepkist GTR] 01:43:50 End processing HTTP request after 68.0151ms - 200
[Info   :Zeepkist GTR] 01:43:50 Ghost version: 5
[Info   :Zeepkist GTR] 01:43:50 Received HTTP response headers after 123.8116ms - 200
[Info   :Zeepkist GTR] 01:43:50 End processing HTTP request after 124.0339ms - 200
[Info   :Zeepkist GTR] 01:43:50 Start processing HTTP request "POST" "https://graphql.zeepki.st/"
[Info   :Zeepkist GTR] 01:43:50 Sending HTTP request "POST" "https://graphql.zeepki.st/"
[Info   :Zeepkist GTR] 01:43:50 Received HTTP response headers after 61.5485ms - 200
[Info   :Zeepkist GTR] 01:43:50 End processing HTTP request after 61.8284ms - 200
[Info   :Zeepkist GTR] 01:43:51 Starting recorder
[Info   :Zeepkist GTR] 01:44:14 Discarding recorder
[Info   :COTDTracker] Doing eliminations with leaderboard:
[Info   :COTDTracker] Player [Quac] microways: Time: 31,7571
[Info   :COTDTracker] Player Lexer: Time: 31,85126
[Info   :COTDTracker] Player zodiak: Time: 31,88636
[Info   :COTDTracker] Player wunderBarr: Time: 32,17205
[Info   :COTDTracker] Player [MMM]Victor: Time: 32,26353
[Info   :COTDTracker] Player Noxitu: Time: 32,30385
[Info   :COTDTracker] Player M4rv: Time: 32,47187
[Info   :COTDTracker] Player JakeAdjacent: Time: 32,51259
[Info   :COTDTracker] Player aizpun: Time: 32,78305
[Info   :COTDTracker] Player Shattersmith: Time: 32,82456
[Info   :COTDTracker] Player [ZET]Stick: Time: 32,84957
[Info   :COTDTracker] Player Legend: Time: 32,97885
[Info   :COTDTracker] Player Tudge Boat: Time: 33,45874
[Info   :COTDTracker] Player [MMM]Milk Man: Time: 33,4617
[Info   :COTDTracker] Player [ZET]Sword125: Time: 33,58276
[Info   :COTDTracker] Player [ZET]maskeddog: Time: 33,80203
[Info   :COTDTracker] Player Kilandor: Time: 34,78722
[Info   :COTDTracker] Player Orb Bee Bob: Time: 34,91164
[Info   :COTDTracker] Player 𝒱V𝑜o𝒾i𝒹d𝒱: Time: 35,46047
[Info   :COTDTracker] Player Wyrlpool: Time: 35,47092
[Info   :COTDTracker] Player titobudd: Time: 36,89971
[Info   :COTDTracker] Player [ZET] zeriv: Time: 40,31397
[Info   :COTDTracker] Player [ZET] Wheelie: Time: DNF
[Info   :COTDTracker] Player riverman: Time: DNF
[Info   :COTDTracker] Player [ZET]vectortrajector: Time: DNF
[Info   :COTDTracker] Player cucumis conditus solacii animi: Time: DNF
[Info   :COTDTracker] Player [CSC]IronDragon111000: Time: DNF
[Info   :COTDTracker] Eliminating DNF: [CSC]IronDragon111000
[Info   :COTDTracker] Eliminating DNF: cucumis conditus solacii animi
[Info   :COTDTracker] Eliminating DNF: [ZET]vectortrajector
[Info   :COTDTracker] Eliminating DNF: riverman
[Info   :COTDTracker] Eliminating DNF: [ZET] Wheelie
[Info   :COTDTracker] Eliminated 5 DNF players
[Info   :COTDTracker] Eliminating 5 players: 
[Info   :COTDTracker] [CSC]IronDragon111000
[Info   :COTDTracker] cucumis conditus solacii animi
[Info   :COTDTracker] [ZET]vectortrajector
[Info   :COTDTracker] riverman
[Info   :COTDTracker] [ZET] Wheelie
[Info   :BetterSplits] getting gtr splits
[Info   :Zeepkist GTR] 01:44:28 Loading personal best...
[Info   :Zeepkist GTR] 01:44:28 Start processing HTTP request "POST" "https://graphql.zeepki.st/"
[Info   :Zeepkist GTR] 01:44:28 Sending HTTP request "POST" "https://graphql.zeepki.st/"
[Info   :Zeepkist GTR] 01:44:28 Stopping existing recorder if any
[Info   :Zeepkist GTR] 01:44:28 Creating new recorder
[Info   :Zeepkist GTR] 01:44:28 Start processing HTTP request "POST" "https://graphql.zeepki.st/"
[Info   :Zeepkist GTR] 01:44:28 Sending HTTP request "POST" "https://graphql.zeepki.st/"
[Info   :Zeepkist GTR] 01:44:28 Start processing HTTP request "POST" "https://graphql.zeepki.st/"
[Info   :Zeepkist GTR] 01:44:28 Sending HTTP request "POST" "https://graphql.zeepki.st/"
[Info   :Zeepkist GTR] 01:44:28 Received HTTP response headers after 60.6842ms - 200
[Info   :Zeepkist GTR] 01:44:28 End processing HTTP request after 60.9475ms - 200
[Info   :Zeepkist GTR] 01:44:28 Received HTTP response headers after 84.7884ms - 200
[Info   :Zeepkist GTR] 01:44:28 End processing HTTP request after 84.9989ms - 200
[Info   :Zeepkist GTR] 01:44:28 Ghost version: 5
[Info   :Zeepkist GTR] 01:44:28 Received HTTP response headers after 168.0151ms - 200
[Info   :Zeepkist GTR] 01:44:28 End processing HTTP request after 168.225ms - 200
[Error  :BetterSplits] could not get splits
Response: StatusCode: 400, ReasonPhrase: 'Bad Request', Version: 1.1, Content: System.Net.Http.StreamContent, Headers:
{
Date: Fri, 22 May 2026 23:44:28 GMT
Connection: keep-alive
access-control-allow-headers: Origin, X-Requested-With, Accept, Authorization, X-Apollo-Tracing, Content-Type, Content-Length, X-PostGraphile-Explain
access-control-allow-methods: HEAD, GET, POST
access-control-allow-origin: *
access-control-expose-headers: X-GraphQL-Event-Stream
alt-svc: h3=":443"; ma=86400
vary: Origin
via: 1.1 Caddy
x-graphql-event-stream: /stream
x-query-cost: 115
cf-cache-status: DYNAMIC
x-xss-protection: 1; mode=block
Strict-Transport-Security: max-age=15552000; includeSubDomains; preload
x-content-type-options: nosniff
Server-Timing: cfCacheStatus;desc="DYNAMIC", cfEdge;dur=7,cfOrigin;dur=160
Report-To: {"group":"cf-nel","max_age":604800,"endpoints":[{"url":"https://a.nel.cloudflare.com/report/v4?s=6lS7%2B8QVAP5asu64L1pTGd8hcV%2BdK0toIWUNC1FcDZITA4p5nk0%2FPClslW7bYQbCzoOWgCw3HNUEM8PYI2x4Q76ce3XQfXfajhLcmW4ix%2BJHE8Y85olHF0IUt%2FlCGBMJwbFY6w%3D%3D"}]}
Nel: {"report_to":"cf-nel","success_fraction":0.0,"max_age":604800}
expect-ct: max-age=86400, enforce
referrer-policy: same-origin
x-frame-options: SAMEORIGIN
Server: cloudflare
CF-RAY: 9fffb05ecef0f770-MAD
Content-Type: application/json; charset=utf-8
Content-Length: 172
} 
Content: {"errors":[{"message":"Cannot query field \"personalBestGlobalsByIdLevel\" on type \"Level\". Did you mean \"personalBestGlobals\"?","locations":[{"line":1,"column":87}]}]}
Url: https://graphql.zeepki.st
Request: {"query":"query BetterSplitsPB($hash: String!, $steamId: BigFloat) { levelByHash(hash: $hash) { personalBestGlobalsByIdLevel(filter: {userByIdUser: {steamId: {equalTo: $steamId}}}) { nodes { recordByIdRecord { speeds splits time }}}}}","variables":{"hash":"EAA2102B59B6B72756F51344376A45B2F771773D-3","steamId":"76561197972890120"}}
[Info   :Zeepkist GTR] 01:44:28 Start processing HTTP request "POST" "https://graphql.zeepki.st/"
[Info   :Zeepkist GTR] 01:44:28 Sending HTTP request "POST" "https://graphql.zeepki.st/"
[Info   :Zeepkist GTR] 01:44:28 Received HTTP response headers after 49.123ms - 200
[Info   :Zeepkist GTR] 01:44:28 End processing HTTP request after 49.3542ms - 200
[Info   :Zeepkist GTR] 01:44:30 Starting recorder
[Info   :Zeepkist GTR] 01:45:06 Stopping recorder
[Info   :Zeepkist GTR] 01:45:06 Collecting extra information
[Info   :Zeepkist GTR] 01:45:06 Processing ghost data
[Info   :Zeepkist GTR] 01:45:06 Creating stream
[Info   :Zeepkist GTR] 01:45:06 Writing to stream
[Info   :Zeepkist GTR] 01:45:06 Closing stream
[Info   :Zeepkist GTR] 01:45:06 Getting buffer
[Info   :Zeepkist GTR] 01:45:06 Converting to base64
[Info   :Zeepkist GTR] 01:45:06 Creating resource
[Info   :Zeepkist GTR] 01:45:06 Start processing HTTP request "POST" "https://backend.zeepki.st/auth/refresh"
[Info   :Zeepkist GTR] 01:45:06 Sending HTTP request "POST" "https://backend.zeepki.st/auth/refresh"
[Info   :Zeepkist GTR] 01:45:07 Loading personal best...
[Info   :Zeepkist GTR] 01:45:07 Start processing HTTP request "POST" "https://graphql.zeepki.st/"
[Info   :Zeepkist GTR] 01:45:07 Sending HTTP request "POST" "https://graphql.zeepki.st/"
[Info   :Zeepkist GTR] 01:45:07 Stopping existing recorder if any
[Info   :Zeepkist GTR] 01:45:07 Creating new recorder
[Info   :Zeepkist GTR] 01:45:07 Start processing HTTP request "POST" "https://graphql.zeepki.st/"
[Info   :Zeepkist GTR] 01:45:07 Sending HTTP request "POST" "https://graphql.zeepki.st/"
[Info   :Zeepkist GTR] 01:45:07 Start processing HTTP request "POST" "https://graphql.zeepki.st/"
[Info   :Zeepkist GTR] 01:45:07 Sending HTTP request "POST" "https://graphql.zeepki.st/"
[Info   :Zeepkist GTR] 01:45:07 Received HTTP response headers after 234.8225ms - 200
[Info   :Zeepkist GTR] 01:45:07 Received HTTP response headers after 234.3273ms - 200
[Info   :Zeepkist GTR] 01:45:07 End processing HTTP request after 235.0857ms - 200
[Info   :Zeepkist GTR] 01:45:07 End processing HTTP request after 234.6517ms - 200
[Info   :Zeepkist GTR] 01:45:07 Ghost version: 5
[Info   :Zeepkist GTR] 01:45:07 Received HTTP response headers after 374.8683ms - 200
[Info   :Zeepkist GTR] 01:45:07 End processing HTTP request after 375.0948ms - 200
[Info   :Zeepkist GTR] 01:45:07 Start processing HTTP request "POST" "https://graphql.zeepki.st/"
[Info   :Zeepkist GTR] 01:45:07 Sending HTTP request "POST" "https://graphql.zeepki.st/"
[Info   :Zeepkist GTR] 01:45:08 Received HTTP response headers after 221.3337ms - 200
[Info   :Zeepkist GTR] 01:45:08 End processing HTTP request after 221.5751ms - 200
[Info   :Zeepkist GTR] 01:45:09 Starting recorder
[Info   :Zeepkist GTR] 01:45:11 Received HTTP response headers after 5002.63ms - 200
[Info   :Zeepkist GTR] 01:45:11 End processing HTTP request after 5002.8641ms - 200
[Info   :Zeepkist GTR] 01:45:11 Start processing HTTP request "POST" "https://backend.zeepki.st/record/submit"
[Info   :Zeepkist GTR] 01:45:11 Sending HTTP request "POST" "https://backend.zeepki.st/record/submit"
[Info   :Zeepkist GTR] 01:45:14 Received HTTP response headers after 2674.2039ms - 200
[Info   :Zeepkist GTR] 01:45:14 End processing HTTP request after 2674.4382ms - 200
[Info   :Zeepkist GTR] 01:45:16 Loading personal best...
[Info   :Zeepkist GTR] 01:45:16 Start processing HTTP request "POST" "https://graphql.zeepki.st/"
[Info   :Zeepkist GTR] 01:45:16 Sending HTTP request "POST" "https://graphql.zeepki.st/"
[Info   :Zeepkist GTR] 01:45:16 Stopping existing recorder if any
[Info   :Zeepkist GTR] 01:45:16 Creating new recorder
[Info   :Zeepkist GTR] 01:45:16 Start processing HTTP request "POST" "https://graphql.zeepki.st/"
[Info   :Zeepkist GTR] 01:45:16 Sending HTTP request "POST" "https://graphql.zeepki.st/"
[Info   :Zeepkist GTR] 01:45:16 Start processing HTTP request "POST" "https://graphql.zeepki.st/"
[Info   :Zeepkist GTR] 01:45:16 Sending HTTP request "POST" "https://graphql.zeepki.st/"
[Info   :Zeepkist GTR] 01:45:17 Received HTTP response headers after 595.2792ms - 200
[Info   :Zeepkist GTR] 01:45:17 Received HTTP response headers after 594.8139ms - 200
[Info   :Zeepkist GTR] 01:45:17 End processing HTTP request after 595.5294ms - 200
[Info   :Zeepkist GTR] 01:45:17 End processing HTTP request after 595.0944ms - 200
[Info   :Zeepkist GTR] 01:45:17 Ghost version: 5
[Info   :Zeepkist GTR] 01:45:17 Received HTTP response headers after 1046.3004ms - 200
[Info   :Zeepkist GTR] 01:45:17 End processing HTTP request after 1046.5226ms - 200
[Info   :Zeepkist GTR] 01:45:17 Start processing HTTP request "POST" "https://graphql.zeepki.st/"
[Info   :Zeepkist GTR] 01:45:17 Sending HTTP request "POST" "https://graphql.zeepki.st/"
[Info   :Zeepkist GTR] 01:45:18 Starting recorder
[Info   :Zeepkist GTR] 01:45:18 Received HTTP response headers after 779.8212ms - 200
[Info   :Zeepkist GTR] 01:45:18 End processing HTTP request after 780.1651ms - 200
[Info   :Zeepkist GTR] 01:45:45 Loading personal best...
[Info   :Zeepkist GTR] 01:45:45 Start processing HTTP request "POST" "https://graphql.zeepki.st/"
[Info   :Zeepkist GTR] 01:45:45 Sending HTTP request "POST" "https://graphql.zeepki.st/"
[Info   :Zeepkist GTR] 01:45:45 Stopping existing recorder if any
[Info   :Zeepkist GTR] 01:45:45 Creating new recorder
[Info   :Zeepkist GTR] 01:45:45 Start processing HTTP request "POST" "https://graphql.zeepki.st/"
[Info   :Zeepkist GTR] 01:45:45 Sending HTTP request "POST" "https://graphql.zeepki.st/"
[Info   :Zeepkist GTR] 01:45:45 Start processing HTTP request "POST" "https://graphql.zeepki.st/"
[Info   :Zeepkist GTR] 01:45:45 Sending HTTP request "POST" "https://graphql.zeepki.st/"
[Info   :Zeepkist GTR] 01:45:46 Starting recorder
[Info   :Zeepkist GTR] 01:45:50 Received HTTP response headers after 5228.3291ms - 502
[Info   :Zeepkist GTR] 01:45:50 End processing HTTP request after 5228.5857ms - 502
[Error  :Zeepkist GTR] 01:45:50 Failed to load personal best: "Result: IsSuccess='False', Reasons='ExceptionalError with Message='Response status code does not indicate success: 502 (Bad Gateway).', Exception='StrawberryShake.GraphQLClientException: Response status code does not indicate success: 502 (Bad Gateway).
  at StrawberryShake.OperationResultExtensions.EnsureNoErrors (StrawberryShake.IOperationResult result) [0x00027] in <477cd25efd574ed694e416a1db52b995>:0 
  at TNRD.Zeepkist.GTR.Ghosting.Playback.OnlineGhostGraphqlService.GetPersonalBests (System.String levelHash) [0x000bb] in C:\a\Zeepkist.GTR.Mod\Zeepkist.GTR.Mod\Ghosting\Playback\OnlineGhostGraphqlService.cs:36 '', "
[Info   :Zeepkist GTR] 01:46:11 Received HTTP response headers after 26286.8287ms - 200
[Info   :Zeepkist GTR] 01:46:11 End processing HTTP request after 26287.0523ms - 200
[Info   :Zeepkist GTR] 01:46:15 Received HTTP response headers after 30408.4768ms - 502
[Info   :Zeepkist GTR] 01:46:15 End processing HTTP request after 30408.7456ms - 502
[Error  :Zeepkist GTR] 01:46:15 Failed to get personal best holder: "Result: IsSuccess='False', Reasons='ExceptionalError with Message='Response status code does not indicate success: 502 (Bad Gateway).', Exception='StrawberryShake.GraphQLClientException: Response status code does not indicate success: 502 (Bad Gateway).
  at StrawberryShake.OperationResultExtensions.EnsureNoErrors (StrawberryShake.IOperationResult result) [0x00027] in <477cd25efd574ed694e416a1db52b995>:0 
  at TNRD.Zeepkist.GTR.UI.RecordHolderGraphqlService.GetPersonalBestHolder (System.String levelHash, System.UInt64 steamId, System.Threading.CancellationToken ct) [0x000ae] in C:\a\Zeepkist.GTR.Mod\Zeepkist.GTR.Mod\UI\RecordHolderGraphqlService.cs:55 '', "
[Info   :Zeepkist GTR] 01:46:19 Stopping recorder
[Info   :Zeepkist GTR] 01:46:19 Collecting extra information
[Info   :Zeepkist GTR] 01:46:19 Processing ghost data
[Info   :Zeepkist GTR] 01:46:19 Creating stream
[Info   :Zeepkist GTR] 01:46:19 Writing to stream
[Info   :Zeepkist GTR] 01:46:20 Closing stream
[Info   :Zeepkist GTR] 01:46:20 Getting buffer
[Info   :Zeepkist GTR] 01:46:20 Converting to base64
[Info   :Zeepkist GTR] 01:46:20 Creating resource
[Info   :Zeepkist GTR] 01:46:20 Start processing HTTP request "POST" "https://backend.zeepki.st/auth/refresh"
[Info   :Zeepkist GTR] 01:46:20 Sending HTTP request "POST" "https://backend.zeepki.st/auth/refresh"
[Info   :Zeepkist GTR] 01:46:20 Received HTTP response headers after 722.4642ms - 200
[Info   :Zeepkist GTR] 01:46:20 End processing HTTP request after 722.6805ms - 200
[Info   :Zeepkist GTR] 01:46:20 Start processing HTTP request "POST" "https://backend.zeepki.st/record/submit"
[Info   :Zeepkist GTR] 01:46:20 Sending HTTP request "POST" "https://backend.zeepki.st/record/submit"
[Info   :Zeepkist GTR] 01:46:20 Received HTTP response headers after 107.511ms - 200
[Info   :Zeepkist GTR] 01:46:20 End processing HTTP request after 107.761ms - 200
[Info   :Zeepkist GTR] 01:46:27 Discarding recorder
[Info   :COTDTracker] Doing eliminations with leaderboard:
[Info   :COTDTracker] Player [MMM]Victor: Time: 31,82511
[Info   :COTDTracker] Player 𝒱V𝑜o𝒾i𝒹d𝒱: Time: 31,87215
[Info   :COTDTracker] Player [ZET]Stick: Time: 32,06291
[Info   :COTDTracker] Player Noxitu: Time: 32,14562
[Info   :COTDTracker] Player Tudge Boat: Time: 32,1685
[Info   :COTDTracker] Player Lexer: Time: 32,29094
[Info   :COTDTracker] Player Shattersmith: Time: 32,50072
[Info   :COTDTracker] Player zodiak: Time: 32,76945
[Info   :COTDTracker] Player [ZET]Sword125: Time: 32,94183
[Info   :COTDTracker] Player aizpun: Time: 32,97945
[Info   :COTDTracker] Player wunderBarr: Time: 33,00238
[Info   :COTDTracker] Player [Quac] microways: Time: 33,01416
[Info   :COTDTracker] Player M4rv: Time: 33,05799
[Info   :COTDTracker] Player titobudd: Time: 33,05991
[Info   :COTDTracker] Player Kilandor: Time: 33,38415
[Info   :COTDTracker] Player [ZET]maskeddog: Time: 33,79046
[Info   :COTDTracker] Player Orb Bee Bob: Time: 34,38624
[Info   :COTDTracker] Player [ZET] zeriv: Time: 39,44241
[Info   :COTDTracker] Player JakeAdjacent: Time: 39,88061
[Info   :COTDTracker] Player Legend: Time: DNF
[Info   :COTDTracker] Player [MMM]Milk Man: Time: DNF
[Info   :COTDTracker] Player Wyrlpool: Time: DNF
[Info   :COTDTracker] Eliminating DNF: Wyrlpool
[Info   :COTDTracker] Eliminating DNF: [MMM]Milk Man
[Info   :COTDTracker] Eliminating DNF: Legend
[Info   :COTDTracker] Eliminated 3 DNF players
[Info   :COTDTracker] Eliminating on time: JakeAdjacent
[Info   :COTDTracker] Eliminating 4 players: 
[Info   :COTDTracker] Wyrlpool
[Info   :COTDTracker] [MMM]Milk Man
[Info   :COTDTracker] Legend
[Info   :COTDTracker] JakeAdjacent
[Info   :COTDTracker] Running update tab leaderboard function
[Info   :RoundLeaderboardTab] Drawing leaderboard -> forwarding to Instance.DrawTabLeaderboard()
[Info   :RoundLeaderboardTab] Drawing leaderboard -> forwarding to Instance.DrawTabLeaderboard()
[Info   :RoundLeaderboardTab] Drawing leaderboard -> forwarding to Instance.DrawTabLeaderboard()
[Info   :BetterSplits] getting gtr splits
[Info   :Zeepkist GTR] 01:46:41 Loading personal best...
[Info   :Zeepkist GTR] 01:46:41 Start processing HTTP request "POST" "https://graphql.zeepki.st/"
[Info   :Zeepkist GTR] 01:46:41 Sending HTTP request "POST" "https://graphql.zeepki.st/"
[Info   :Zeepkist GTR] 01:46:41 Stopping existing recorder if any
[Info   :Zeepkist GTR] 01:46:41 Creating new recorder
[Info   :Zeepkist GTR] 01:46:41 Start processing HTTP request "POST" "https://graphql.zeepki.st/"
[Info   :Zeepkist GTR] 01:46:41 Sending HTTP request "POST" "https://graphql.zeepki.st/"
[Info   :Zeepkist GTR] 01:46:41 Start processing HTTP request "POST" "https://graphql.zeepki.st/"
[Info   :Zeepkist GTR] 01:46:41 Sending HTTP request "POST" "https://graphql.zeepki.st/"
[Error  :BetterSplits] could not get splits
Response: StatusCode: 400, ReasonPhrase: 'Bad Request', Version: 1.1, Content: System.Net.Http.StreamContent, Headers:
{
Date: Fri, 22 May 2026 23:46:41 GMT
Connection: keep-alive
access-control-allow-headers: Origin, X-Requested-With, Accept, Authorization, X-Apollo-Tracing, Content-Type, Content-Length, X-PostGraphile-Explain
access-control-allow-methods: HEAD, GET, POST
access-control-allow-origin: *
access-control-expose-headers: X-GraphQL-Event-Stream
alt-svc: h3=":443"; ma=86400
vary: Origin
via: 1.1 Caddy
x-graphql-event-stream: /stream
x-query-cost: 115
cf-cache-status: DYNAMIC
x-xss-protection: 1; mode=block
Strict-Transport-Security: max-age=15552000; includeSubDomains; preload
x-content-type-options: nosniff
Server-Timing: cfCacheStatus;desc="DYNAMIC", cfEdge;dur=4,cfOrigin;dur=42
Report-To: {"group":"cf-nel","max_age":604800,"endpoints":[{"url":"https://a.nel.cloudflare.com/report/v4?s=zME0gsfmzgQjIIRwXpmWQl3yMOFirRfY6oCQm91zhXAV1tPXU2XE93%2FfUBMCJ00c36idum5eOA%2BOBrn%2BJ0y4pMD2yQORwq1kmblbmHOw%2Bu3tQOpIFlGQ0AHl6ugCHt63hVS2ZQ%3D%3D"}]}
Nel: {"report_to":"cf-nel","success_fraction":0.0,"max_age":604800}
expect-ct: max-age=86400, enforce
referrer-policy: same-origin
x-frame-options: SAMEORIGIN
Server: cloudflare
CF-RAY: 9fffb39dfa6a807e-MAD
Content-Type: application/json; charset=utf-8
Content-Length: 172
} 
Content: {"errors":[{"message":"Cannot query field \"personalBestGlobalsByIdLevel\" on type \"Level\". Did you mean \"personalBestGlobals\"?","locations":[{"line":1,"column":87}]}]}
Url: https://graphql.zeepki.st
Request: {"query":"query BetterSplitsPB($hash: String!, $steamId: BigFloat) { levelByHash(hash: $hash) { personalBestGlobalsByIdLevel(filter: {userByIdUser: {steamId: {equalTo: $steamId}}}) { nodes { recordByIdRecord { speeds splits time }}}}}","variables":{"hash":"EAA2102B59B6B72756F51344376A45B2F771773D-3","steamId":"76561197972890120"}}
[Info   :Zeepkist GTR] 01:46:43 Starting recorder
[Info   :Zeepkist GTR] 01:47:09 Loading personal best...
[Info   :Zeepkist GTR] 01:47:09 Start processing HTTP request "POST" "https://graphql.zeepki.st/"
[Info   :Zeepkist GTR] 01:47:09 Sending HTTP request "POST" "https://graphql.zeepki.st/"
[Info   :Zeepkist GTR] 01:47:09 Stopping existing recorder if any
[Info   :Zeepkist GTR] 01:47:09 Creating new recorder
[Info   :Zeepkist GTR] 01:47:09 Start processing HTTP request "POST" "https://graphql.zeepki.st/"
[Info   :Zeepkist GTR] 01:47:09 Sending HTTP request "POST" "https://graphql.zeepki.st/"
[Info   :Zeepkist GTR] 01:47:09 Start processing HTTP request "POST" "https://graphql.zeepki.st/"
[Info   :Zeepkist GTR] 01:47:09 Sending HTTP request "POST" "https://graphql.zeepki.st/"
[Info   :Zeepkist GTR] 01:47:11 Starting recorder
[Info   :Zeepkist GTR] 01:47:46 Stopping recorder
[Info   :Zeepkist GTR] 01:47:46 Collecting extra information
[Info   :Zeepkist GTR] 01:47:46 Processing ghost data
[Info   :Zeepkist GTR] 01:47:46 Creating stream
[Info   :Zeepkist GTR] 01:47:46 Writing to stream
[Info   :Zeepkist GTR] 01:47:46 Closing stream
[Info   :Zeepkist GTR] 01:47:46 Getting buffer
[Info   :Zeepkist GTR] 01:47:46 Converting to base64
[Info   :Zeepkist GTR] 01:47:46 Creating resource
[Info   :Zeepkist GTR] 01:47:46 Start processing HTTP request "POST" "https://backend.zeepki.st/auth/refresh"
[Info   :Zeepkist GTR] 01:47:46 Sending HTTP request "POST" "https://backend.zeepki.st/auth/refresh"
[Info   :Zeepkist GTR] 01:47:47 Received HTTP response headers after 274.9476ms - 200
[Info   :Zeepkist GTR] 01:47:47 End processing HTTP request after 275.1819ms - 200
[Info   :Zeepkist GTR] 01:47:47 Start processing HTTP request "POST" "https://backend.zeepki.st/record/submit"
[Info   :Zeepkist GTR] 01:47:47 Sending HTTP request "POST" "https://backend.zeepki.st/record/submit"
[Info   :Zeepkist GTR] 01:47:47 Received HTTP response headers after 163.904ms - 200
[Info   :Zeepkist GTR] 01:47:47 End processing HTTP request after 164.1697ms - 200
[Info   :Zeepkist GTR] 01:47:47 Loading personal best...
[Info   :Zeepkist GTR] 01:47:47 Start processing HTTP request "POST" "https://graphql.zeepki.st/"
[Info   :Zeepkist GTR] 01:47:47 Sending HTTP request "POST" "https://graphql.zeepki.st/"
[Info   :Zeepkist GTR] 01:47:47 Stopping existing recorder if any
[Info   :Zeepkist GTR] 01:47:47 Creating new recorder
[Info   :Zeepkist GTR] 01:47:47 Start processing HTTP request "POST" "https://graphql.zeepki.st/"
[Info   :Zeepkist GTR] 01:47:47 Sending HTTP request "POST" "https://graphql.zeepki.st/"
[Info   :Zeepkist GTR] 01:47:47 Start processing HTTP request "POST" "https://graphql.zeepki.st/"
[Info   :Zeepkist GTR] 01:47:47 Sending HTTP request "POST" "https://graphql.zeepki.st/"
[Info   :Zeepkist GTR] 01:47:48 Received HTTP response headers after 167.571ms - 200
[Info   :Zeepkist GTR] 01:47:48 End processing HTTP request after 167.8316ms - 200
[Info   :Zeepkist GTR] 01:47:48 Received HTTP response headers after 173.5607ms - 200
[Info   :Zeepkist GTR] 01:47:48 End processing HTTP request after 173.7932ms - 200
[Info   :Zeepkist GTR] 01:47:48 Ghost version: 5
[Info   :Zeepkist GTR] 01:47:48 Received HTTP response headers after 235.5965ms - 200
[Info   :Zeepkist GTR] 01:47:48 End processing HTTP request after 235.8135ms - 200
[Info   :Zeepkist GTR] 01:47:48 Start processing HTTP request "POST" "https://graphql.zeepki.st/"
[Info   :Zeepkist GTR] 01:47:48 Sending HTTP request "POST" "https://graphql.zeepki.st/"
[Info   :Zeepkist GTR] 01:47:48 Received HTTP response headers after 62.7294ms - 200
[Info   :Zeepkist GTR] 01:47:48 End processing HTTP request after 63.0231ms - 200
[Info   :Zeepkist GTR] 01:47:49 Starting recorder
[Error  :Zeepkist RTM] 01:48:21 Unobserved task exception
[Error  :Zeepkist GTR] 01:48:21 Unobserved task exception
[Info   :Zeepkist GTR] 01:48:23 Stopping recorder
[Info   :Zeepkist GTR] 01:48:23 Collecting extra information
[Info   :Zeepkist GTR] 01:48:23 Processing ghost data
[Info   :Zeepkist GTR] 01:48:23 Creating stream
[Info   :Zeepkist GTR] 01:48:23 Writing to stream
[Info   :Zeepkist GTR] 01:48:23 Closing stream
[Info   :Zeepkist GTR] 01:48:23 Getting buffer
[Info   :Zeepkist GTR] 01:48:23 Converting to base64
[Info   :Zeepkist GTR] 01:48:23 Creating resource
[Info   :Zeepkist GTR] 01:48:23 Start processing HTTP request "POST" "https://backend.zeepki.st/auth/refresh"
[Info   :Zeepkist GTR] 01:48:23 Sending HTTP request "POST" "https://backend.zeepki.st/auth/refresh"
[Info   :Zeepkist GTR] 01:48:23 Received HTTP response headers after 202.2635ms - 200
[Info   :Zeepkist GTR] 01:48:23 End processing HTTP request after 202.493ms - 200
[Info   :Zeepkist GTR] 01:48:23 Start processing HTTP request "POST" "https://backend.zeepki.st/record/submit"
[Info   :Zeepkist GTR] 01:48:23 Sending HTTP request "POST" "https://backend.zeepki.st/record/submit"
[Info   :Zeepkist GTR] 01:48:23 Received HTTP response headers after 120.0108ms - 200
[Info   :Zeepkist GTR] 01:48:23 End processing HTTP request after 120.2513ms - 200
[Info   :Zeepkist GTR] 01:48:25 Loading personal best...
[Info   :Zeepkist GTR] 01:48:25 Start processing HTTP request "POST" "https://graphql.zeepki.st/"
[Info   :Zeepkist GTR] 01:48:25 Sending HTTP request "POST" "https://graphql.zeepki.st/"
[Info   :Zeepkist GTR] 01:48:25 Stopping existing recorder if any
[Info   :Zeepkist GTR] 01:48:25 Creating new recorder
[Info   :Zeepkist GTR] 01:48:25 Start processing HTTP request "POST" "https://graphql.zeepki.st/"
[Info   :Zeepkist GTR] 01:48:25 Sending HTTP request "POST" "https://graphql.zeepki.st/"
[Info   :Zeepkist GTR] 01:48:25 Start processing HTTP request "POST" "https://graphql.zeepki.st/"
[Info   :Zeepkist GTR] 01:48:25 Sending HTTP request "POST" "https://graphql.zeepki.st/"
[Info   :Zeepkist GTR] 01:48:25 Received HTTP response headers after 61.9284ms - 200
[Info   :Zeepkist GTR] 01:48:25 End processing HTTP request after 62.195ms - 200
[Info   :Zeepkist GTR] 01:48:25 Received HTTP response headers after 73.6168ms - 200
[Info   :Zeepkist GTR] 01:48:25 End processing HTTP request after 73.8924ms - 200
[Info   :Zeepkist GTR] 01:48:25 Ghost version: 5
[Info   :Zeepkist GTR] 01:48:25 Received HTTP response headers after 126.4781ms - 200
[Info   :Zeepkist GTR] 01:48:25 End processing HTTP request after 126.6586ms - 200
[Info   :Zeepkist GTR] 01:48:26 Start processing HTTP request "POST" "https://graphql.zeepki.st/"
[Info   :Zeepkist GTR] 01:48:26 Sending HTTP request "POST" "https://graphql.zeepki.st/"
[Info   :Zeepkist GTR] 01:48:26 Received HTTP response headers after 52.0602ms - 200
[Info   :Zeepkist GTR] 01:48:26 End processing HTTP request after 52.2941ms - 200
[Info   :Zeepkist GTR] 01:48:27 Starting recorder
[Info   :Zeepkist GTR] 01:48:40 Discarding recorder
[Info   :COTDTracker] Running update tab leaderboard function
[Info   :COTDTracker] Doing eliminations with leaderboard:
[Info   :COTDTracker] Player zodiak: Time: 31,78853
[Info   :COTDTracker] Player Lexer: Time: 31,86598
[Info   :COTDTracker] Player [MMM]Victor: Time: 32,10588
[Info   :COTDTracker] Player [Quac] microways: Time: 32,11533
[Info   :COTDTracker] Player wunderBarr: Time: 32,20557
[Info   :COTDTracker] Player Noxitu: Time: 32,24086
[Info   :COTDTracker] Player [ZET]Stick: Time: 32,2834
[Info   :COTDTracker] Player Shattersmith: Time: 32,41562
[Info   :COTDTracker] Player [ZET]maskeddog: Time: 32,77233
[Info   :COTDTracker] Player 𝒱V𝑜o𝒾i𝒹d𝒱: Time: 32,84866
[Info   :COTDTracker] Player Tudge Boat: Time: 32,9633
[Info   :COTDTracker] Player aizpun: Time: 33,3227
[Info   :COTDTracker] Player [ZET]Sword125: Time: 33,7099
[Info   :COTDTracker] Player Kilandor: Time: 36,48924
[Info   :COTDTracker] Player [ZET] zeriv: Time: 37,6404
[Info   :COTDTracker] Player M4rv: Time: DNF
[Info   :COTDTracker] Player titobudd: Time: DNF
[Info   :COTDTracker] Player Orb Bee Bob: Time: DNF
[Info   :COTDTracker] Eliminating DNF: Orb Bee Bob
[Info   :COTDTracker] Eliminating DNF: titobudd
[Info   :COTDTracker] Eliminating DNF: M4rv
[Info   :COTDTracker] Eliminated 3 DNF players
[Info   :COTDTracker] Eliminating on time: [ZET] zeriv
[Info   :COTDTracker] Eliminating 4 players: 
[Info   :COTDTracker] Orb Bee Bob
[Info   :COTDTracker] titobudd
[Info   :COTDTracker] M4rv
[Info   :COTDTracker] [ZET] zeriv
[Info   :COTDTracker] Running update tab leaderboard function
[Info   :COTDTracker] Running update tab leaderboard function
[Info   :COTDTracker] Running update tab leaderboard function
[Info   :BetterSplits] getting gtr splits
[Info   :Zeepkist GTR] 01:48:54 Loading personal best...
[Info   :Zeepkist GTR] 01:48:54 Start processing HTTP request "POST" "https://graphql.zeepki.st/"
[Info   :Zeepkist GTR] 01:48:54 Sending HTTP request "POST" "https://graphql.zeepki.st/"
[Info   :Zeepkist GTR] 01:48:54 Stopping existing recorder if any
[Info   :Zeepkist GTR] 01:48:54 Creating new recorder
[Info   :Zeepkist GTR] 01:48:54 Start processing HTTP request "POST" "https://graphql.zeepki.st/"
[Info   :Zeepkist GTR] 01:48:54 Sending HTTP request "POST" "https://graphql.zeepki.st/"
[Info   :Zeepkist GTR] 01:48:54 Start processing HTTP request "POST" "https://graphql.zeepki.st/"
[Info   :Zeepkist GTR] 01:48:54 Sending HTTP request "POST" "https://graphql.zeepki.st/"
[Info   :Zeepkist GTR] 01:48:54 Received HTTP response headers after 61.1731ms - 200
[Info   :Zeepkist GTR] 01:48:54 End processing HTTP request after 61.432ms - 200
[Info   :Zeepkist GTR] 01:48:54 Received HTTP response headers after 64.3254ms - 200
[Info   :Zeepkist GTR] 01:48:54 End processing HTTP request after 64.5178ms - 200
[Error  :BetterSplits] could not get splits
Response: StatusCode: 400, ReasonPhrase: 'Bad Request', Version: 1.1, Content: System.Net.Http.StreamContent, Headers:
{
Date: Fri, 22 May 2026 23:48:54 GMT
Connection: keep-alive
access-control-allow-headers: Origin, X-Requested-With, Accept, Authorization, X-Apollo-Tracing, Content-Type, Content-Length, X-PostGraphile-Explain
access-control-allow-methods: HEAD, GET, POST
access-control-allow-origin: *
access-control-expose-headers: X-GraphQL-Event-Stream
alt-svc: h3=":443"; ma=86400
vary: Origin
via: 1.1 Caddy
x-graphql-event-stream: /stream
x-query-cost: 115
cf-cache-status: DYNAMIC
x-xss-protection: 1; mode=block
Strict-Transport-Security: max-age=15552000; includeSubDomains; preload
x-content-type-options: nosniff
Server-Timing: cfCacheStatus;desc="DYNAMIC", cfEdge;dur=4,cfOrigin;dur=44
Report-To: {"group":"cf-nel","max_age":604800,"endpoints":[{"url":"https://a.nel.cloudflare.com/report/v4?s=XEpTcJMNfmtYDTIc8CtYBSXtCf0v%2FL4OH7KB25z19zh1tYZF9Qs9shEsIeIq%2BfFM7a1i4vPHacrmK2KQ0yWhOd5tsjXrsGBqO1gtvo9HffTQXsQsMROsKlASB8rCvMG42UXQvg%3D%3D"}]}
Nel: {"report_to":"cf-nel","success_fraction":0.0,"max_age":604800}
expect-ct: max-age=86400, enforce
referrer-policy: same-origin
x-frame-options: SAMEORIGIN
Server: cloudflare
CF-RAY: 9fffb6dd3b6326fb-MAD
Content-Type: application/json; charset=utf-8
Content-Length: 172
} 
Content: {"errors":[{"message":"Cannot query field \"personalBestGlobalsByIdLevel\" on type \"Level\". Did you mean \"personalBestGlobals\"?","locations":[{"line":1,"column":87}]}]}
Url: https://graphql.zeepki.st
Request: {"query":"query BetterSplitsPB($hash: String!, $steamId: BigFloat) { levelByHash(hash: $hash) { personalBestGlobalsByIdLevel(filter: {userByIdUser: {steamId: {equalTo: $steamId}}}) { nodes { recordByIdRecord { speeds splits time }}}}}","variables":{"hash":"EAA2102B59B6B72756F51344376A45B2F771773D-3","steamId":"76561197972890120"}}
[Info   :Zeepkist GTR] 01:48:54 Ghost version: 5
[Info   :Zeepkist GTR] 01:48:54 Received HTTP response headers after 136.5253ms - 200
[Info   :Zeepkist GTR] 01:48:54 End processing HTTP request after 136.7867ms - 200
[Info   :Zeepkist GTR] 01:48:54 Start processing HTTP request "POST" "https://graphql.zeepki.st/"
[Info   :Zeepkist GTR] 01:48:54 Sending HTTP request "POST" "https://graphql.zeepki.st/"
[Info   :Zeepkist GTR] 01:48:54 Received HTTP response headers after 53.5497ms - 200
[Info   :Zeepkist GTR] 01:48:54 End processing HTTP request after 53.7829ms - 200
[Info   :Zeepkist GTR] 01:48:56 Starting recorder
[Info   :Zeepkist GTR] 01:49:32 Stopping recorder
[Info   :Zeepkist GTR] 01:49:32 Collecting extra information
[Info   :Zeepkist GTR] 01:49:32 Processing ghost data
[Info   :Zeepkist GTR] 01:49:32 Creating stream
[Info   :Zeepkist GTR] 01:49:32 Writing to stream
[Info   :Zeepkist GTR] 01:49:32 Closing stream
[Info   :Zeepkist GTR] 01:49:32 Getting buffer
[Info   :Zeepkist GTR] 01:49:32 Converting to base64
[Info   :Zeepkist GTR] 01:49:32 Creating resource
[Info   :Zeepkist GTR] 01:49:32 Start processing HTTP request "POST" "https://backend.zeepki.st/auth/refresh"
[Info   :Zeepkist GTR] 01:49:32 Sending HTTP request "POST" "https://backend.zeepki.st/auth/refresh"
[Info   :Zeepkist GTR] 01:49:32 Received HTTP response headers after 140.39ms - 200
[Info   :Zeepkist GTR] 01:49:32 End processing HTTP request after 140.6154ms - 200
[Info   :Zeepkist GTR] 01:49:32 Start processing HTTP request "POST" "https://backend.zeepki.st/record/submit"
[Info   :Zeepkist GTR] 01:49:32 Sending HTTP request "POST" "https://backend.zeepki.st/record/submit"
[Info   :Zeepkist GTR] 01:49:32 Received HTTP response headers after 130.7397ms - 200
[Info   :Zeepkist GTR] 01:49:32 End processing HTTP request after 130.9969ms - 200
[Info   :Zeepkist GTR] 01:49:33 Loading personal best...
[Info   :Zeepkist GTR] 01:49:33 Start processing HTTP request "POST" "https://graphql.zeepki.st/"
[Info   :Zeepkist GTR] 01:49:33 Sending HTTP request "POST" "https://graphql.zeepki.st/"
[Info   :Zeepkist GTR] 01:49:33 Stopping existing recorder if any
[Info   :Zeepkist GTR] 01:49:33 Creating new recorder
[Info   :Zeepkist GTR] 01:49:33 Start processing HTTP request "POST" "https://graphql.zeepki.st/"
[Info   :Zeepkist GTR] 01:49:33 Sending HTTP request "POST" "https://graphql.zeepki.st/"
[Info   :Zeepkist GTR] 01:49:33 Start processing HTTP request "POST" "https://graphql.zeepki.st/"
[Info   :Zeepkist GTR] 01:49:33 Sending HTTP request "POST" "https://graphql.zeepki.st/"
[Info   :Zeepkist GTR] 01:49:33 Received HTTP response headers after 60.6197ms - 200
[Info   :Zeepkist GTR] 01:49:33 End processing HTTP request after 60.8527ms - 200
[Info   :Zeepkist GTR] 01:49:33 Received HTTP response headers after 64.1586ms - 200
[Info   :Zeepkist GTR] 01:49:33 End processing HTTP request after 64.3762ms - 200
[Info   :Zeepkist GTR] 01:49:33 Ghost version: 5
[Info   :Zeepkist GTR] 01:49:33 Received HTTP response headers after 130.7618ms - 200
[Info   :Zeepkist GTR] 01:49:33 End processing HTTP request after 130.9785ms - 200
[Info   :Zeepkist GTR] 01:49:33 Start processing HTTP request "POST" "https://graphql.zeepki.st/"
[Info   :Zeepkist GTR] 01:49:33 Sending HTTP request "POST" "https://graphql.zeepki.st/"
[Info   :Zeepkist GTR] 01:49:34 Received HTTP response headers after 98.7255ms - 200
[Info   :Zeepkist GTR] 01:49:34 End processing HTTP request after 98.986ms - 200
[Info   :Zeepkist GTR] 01:49:35 Starting recorder
[Info   :Zeepkist GTR] 01:49:51 Loading personal best...
[Info   :Zeepkist GTR] 01:49:51 Start processing HTTP request "POST" "https://graphql.zeepki.st/"
[Info   :Zeepkist GTR] 01:49:51 Sending HTTP request "POST" "https://graphql.zeepki.st/"
[Info   :Zeepkist GTR] 01:49:51 Stopping existing recorder if any
[Info   :Zeepkist GTR] 01:49:52 Creating new recorder
[Info   :Zeepkist GTR] 01:49:52 Start processing HTTP request "POST" "https://graphql.zeepki.st/"
[Info   :Zeepkist GTR] 01:49:52 Sending HTTP request "POST" "https://graphql.zeepki.st/"
[Info   :Zeepkist GTR] 01:49:52 Start processing HTTP request "POST" "https://graphql.zeepki.st/"
[Info   :Zeepkist GTR] 01:49:52 Sending HTTP request "POST" "https://graphql.zeepki.st/"
[Info   :Zeepkist GTR] 01:49:52 Received HTTP response headers after 121.1156ms - 200
[Info   :Zeepkist GTR] 01:49:52 End processing HTTP request after 121.4122ms - 200
[Info   :Zeepkist GTR] 01:49:52 Received HTTP response headers after 122.8002ms - 200
[Info   :Zeepkist GTR] 01:49:52 End processing HTTP request after 122.9985ms - 200
[Info   :Zeepkist GTR] 01:49:52 Ghost version: 5
[Info   :Zeepkist GTR] 01:49:52 Received HTTP response headers after 190.901ms - 200
[Info   :Zeepkist GTR] 01:49:52 End processing HTTP request after 191.1096ms - 200
[Info   :Zeepkist GTR] 01:49:52 Start processing HTTP request "POST" "https://graphql.zeepki.st/"
[Info   :Zeepkist GTR] 01:49:52 Sending HTTP request "POST" "https://graphql.zeepki.st/"
[Info   :Zeepkist GTR] 01:49:52 Received HTTP response headers after 51.6149ms - 200
[Info   :Zeepkist GTR] 01:49:52 End processing HTTP request after 51.8771ms - 200
[Info   :Zeepkist GTR] 01:49:53 Starting recorder
[Info   :Zeepkist GTR] 01:50:26 Stopping recorder
[Info   :Zeepkist GTR] 01:50:26 Collecting extra information
[Info   :Zeepkist GTR] 01:50:26 Processing ghost data
[Info   :Zeepkist GTR] 01:50:26 Creating stream
[Info   :Zeepkist GTR] 01:50:26 Writing to stream
[Info   :Zeepkist GTR] 01:50:26 Closing stream
[Info   :Zeepkist GTR] 01:50:26 Getting buffer
[Info   :Zeepkist GTR] 01:50:26 Converting to base64
[Info   :Zeepkist GTR] 01:50:26 Creating resource
[Info   :Zeepkist GTR] 01:50:26 Start processing HTTP request "POST" "https://backend.zeepki.st/auth/refresh"
[Info   :Zeepkist GTR] 01:50:26 Sending HTTP request "POST" "https://backend.zeepki.st/auth/refresh"
[Info   :Zeepkist GTR] 01:50:27 Received HTTP response headers after 317.9581ms - 200
[Info   :Zeepkist GTR] 01:50:27 End processing HTTP request after 318.1885ms - 200
[Info   :Zeepkist GTR] 01:50:27 Start processing HTTP request "POST" "https://backend.zeepki.st/record/submit"
[Info   :Zeepkist GTR] 01:50:27 Sending HTTP request "POST" "https://backend.zeepki.st/record/submit"
[Info   :Zeepkist GTR] 01:50:27 Received HTTP response headers after 123.7049ms - 200
[Info   :Zeepkist GTR] 01:50:27 End processing HTTP request after 123.9451ms - 200
[Info   :Zeepkist GTR] 01:50:30 Loading personal best...
[Info   :Zeepkist GTR] 01:50:30 Start processing HTTP request "POST" "https://graphql.zeepki.st/"
[Info   :Zeepkist GTR] 01:50:30 Sending HTTP request "POST" "https://graphql.zeepki.st/"
[Info   :Zeepkist GTR] 01:50:30 Stopping existing recorder if any
[Info   :Zeepkist GTR] 01:50:30 Creating new recorder
[Info   :Zeepkist GTR] 01:50:30 Start processing HTTP request "POST" "https://graphql.zeepki.st/"
[Info   :Zeepkist GTR] 01:50:30 Sending HTTP request "POST" "https://graphql.zeepki.st/"
[Info   :Zeepkist GTR] 01:50:30 Start processing HTTP request "POST" "https://graphql.zeepki.st/"
[Info   :Zeepkist GTR] 01:50:30 Sending HTTP request "POST" "https://graphql.zeepki.st/"
[Info   :Zeepkist GTR] 01:50:30 Received HTTP response headers after 60.2538ms - 200
[Info   :Zeepkist GTR] 01:50:30 End processing HTTP request after 60.5901ms - 200
[Info   :Zeepkist GTR] 01:50:30 Received HTTP response headers after 60.015ms - 200
[Info   :Zeepkist GTR] 01:50:30 End processing HTTP request after 60.2268ms - 200
[Info   :Zeepkist GTR] 01:50:30 Ghost version: 5
[Info   :Zeepkist GTR] 01:50:30 Received HTTP response headers after 126.2588ms - 200
[Info   :Zeepkist GTR] 01:50:30 End processing HTTP request after 126.4836ms - 200
[Info   :Zeepkist GTR] 01:50:30 Start processing HTTP request "POST" "https://graphql.zeepki.st/"
[Info   :Zeepkist GTR] 01:50:30 Sending HTTP request "POST" "https://graphql.zeepki.st/"
[Info   :Zeepkist GTR] 01:50:30 Received HTTP response headers after 53.393ms - 200
[Info   :Zeepkist GTR] 01:50:30 End processing HTTP request after 53.6367ms - 200
[Info   :Zeepkist GTR] 01:50:31 Starting recorder
[Info   :COTDTracker] Running update tab leaderboard function
[Info   :Zeepkist GTR] 01:50:53 Discarding recorder
[Info   :COTDTracker] Running update tab leaderboard function
[Info   :COTDTracker] Doing eliminations with leaderboard:
[Info   :COTDTracker] Player Lexer: Time: 31,89372
[Info   :COTDTracker] Player [Quac] microways: Time: 31,90235
[Info   :COTDTracker] Player [ZET]Stick: Time: 31,93777
[Info   :COTDTracker] Player [MMM]Victor: Time: 31,96506
[Info   :COTDTracker] Player wunderBarr: Time: 32,08479
[Info   :COTDTracker] Player Tudge Boat: Time: 32,19651
[Info   :COTDTracker] Player Shattersmith: Time: 32,40813
[Info   :COTDTracker] Player aizpun: Time: 33,00405
[Info   :COTDTracker] Player [ZET]maskeddog: Time: 33,00587
[Info   :COTDTracker] Player zodiak: Time: 33,09348
[Info   :COTDTracker] Player Kilandor: Time: 33,92585
[Info   :COTDTracker] Player [ZET]Sword125: Time: 34,87757
[Info   :COTDTracker] Player Noxitu: Time: DNF
[Info   :COTDTracker] Player 𝒱V𝑜o𝒾i𝒹d𝒱: Time: DNF
[Info   :COTDTracker] Eliminating DNF: 𝒱V𝑜o𝒾i𝒹d𝒱
[Info   :COTDTracker] Eliminating DNF: Noxitu
[Info   :COTDTracker] Eliminated 2 DNF players
[Info   :COTDTracker] Eliminating 2 players: 
[Info   :COTDTracker] 𝒱V𝑜o𝒾i𝒹d𝒱
[Info   :COTDTracker] Noxitu
[Info   :COTDTracker] Running update tab leaderboard function
[Info   :BetterSplits] getting gtr splits
[Info   :Zeepkist GTR] 01:51:07 Loading personal best...
[Info   :Zeepkist GTR] 01:51:07 Start processing HTTP request "POST" "https://graphql.zeepki.st/"
[Info   :Zeepkist GTR] 01:51:07 Sending HTTP request "POST" "https://graphql.zeepki.st/"
[Info   :Zeepkist GTR] 01:51:07 Stopping existing recorder if any
[Info   :Zeepkist GTR] 01:51:07 Creating new recorder
[Info   :Zeepkist GTR] 01:51:07 Start processing HTTP request "POST" "https://graphql.zeepki.st/"
[Info   :Zeepkist GTR] 01:51:07 Sending HTTP request "POST" "https://graphql.zeepki.st/"
[Info   :Zeepkist GTR] 01:51:07 Start processing HTTP request "POST" "https://graphql.zeepki.st/"
[Info   :Zeepkist GTR] 01:51:07 Sending HTTP request "POST" "https://graphql.zeepki.st/"
[Error  :BetterSplits] could not get splits
Response: StatusCode: 400, ReasonPhrase: 'Bad Request', Version: 1.1, Content: System.Net.Http.StreamContent, Headers:
{
Date: Fri, 22 May 2026 23:51:07 GMT
Connection: keep-alive
access-control-allow-headers: Origin, X-Requested-With, Accept, Authorization, X-Apollo-Tracing, Content-Type, Content-Length, X-PostGraphile-Explain
access-control-allow-methods: HEAD, GET, POST
access-control-allow-origin: *
access-control-expose-headers: X-GraphQL-Event-Stream
alt-svc: h3=":443"; ma=86400
vary: Origin
via: 1.1 Caddy
x-graphql-event-stream: /stream
x-query-cost: 115
cf-cache-status: DYNAMIC
x-xss-protection: 1; mode=block
Strict-Transport-Security: max-age=15552000; includeSubDomains; preload
x-content-type-options: nosniff
Server-Timing: cfCacheStatus;desc="DYNAMIC", cfEdge;dur=7,cfOrigin;dur=38
Report-To: {"group":"cf-nel","max_age":604800,"endpoints":[{"url":"https://a.nel.cloudflare.com/report/v4?s=FN7cWO1SB7jYxNbCtqHq8dGb%2B8kZJn3Ny6jXjJ8fg%2BSi2%2FusyJXI8sSgUkUelhia9fvTf7rimm%2B4g3vNAA0%2BABccUDGN29vyMJqOVap9CVkk7JBUMESzjpS3Gi05AyQIOX4m6Q%3D%3D"}]}
Nel: {"report_to":"cf-nel","success_fraction":0.0,"max_age":604800}
expect-ct: max-age=86400, enforce
referrer-policy: same-origin
x-frame-options: SAMEORIGIN
Server: cloudflare
CF-RAY: 9fffba1c7baa038d-MAD
Content-Type: application/json; charset=utf-8
Content-Length: 172
} 
Content: {"errors":[{"message":"Cannot query field \"personalBestGlobalsByIdLevel\" on type \"Level\". Did you mean \"personalBestGlobals\"?","locations":[{"line":1,"column":87}]}]}
Url: https://graphql.zeepki.st
Request: {"query":"query BetterSplitsPB($hash: String!, $steamId: BigFloat) { levelByHash(hash: $hash) { personalBestGlobalsByIdLevel(filter: {userByIdUser: {steamId: {equalTo: $steamId}}}) { nodes { recordByIdRecord { speeds splits time }}}}}","variables":{"hash":"EAA2102B59B6B72756F51344376A45B2F771773D-3","steamId":"76561197972890120"}}
[Info   :Zeepkist GTR] 01:51:07 Received HTTP response headers after 64.1168ms - 200
[Info   :Zeepkist GTR] 01:51:07 End processing HTTP request after 64.3368ms - 200
[Info   :Zeepkist GTR] 01:51:07 Received HTTP response headers after 65.7855ms - 200
[Info   :Zeepkist GTR] 01:51:07 End processing HTTP request after 65.9624ms - 200
[Info   :Zeepkist GTR] 01:51:07 Ghost version: 5
[Info   :Zeepkist GTR] 01:51:07 Received HTTP response headers after 137.2764ms - 200
[Info   :Zeepkist GTR] 01:51:07 End processing HTTP request after 137.5597ms - 200
[Info   :Zeepkist GTR] 01:51:07 Start processing HTTP request "POST" "https://graphql.zeepki.st/"
[Info   :Zeepkist GTR] 01:51:07 Sending HTTP request "POST" "https://graphql.zeepki.st/"
[Info   :Zeepkist GTR] 01:51:07 Received HTTP response headers after 69.1122ms - 200
[Info   :Zeepkist GTR] 01:51:07 End processing HTTP request after 69.4013ms - 200
[Info   :Zeepkist GTR] 01:51:09 Starting recorder
[Info   :Zeepkist GTR] 01:51:42 Stopping recorder
[Info   :Zeepkist GTR] 01:51:42 Collecting extra information
[Info   :Zeepkist GTR] 01:51:42 Processing ghost data
[Info   :Zeepkist GTR] 01:51:42 Creating stream
[Info   :Zeepkist GTR] 01:51:42 Writing to stream
[Info   :Zeepkist GTR] 01:51:42 Closing stream
[Info   :Zeepkist GTR] 01:51:42 Getting buffer
[Info   :Zeepkist GTR] 01:51:42 Converting to base64
[Info   :Zeepkist GTR] 01:51:42 Creating resource
[Info   :Zeepkist GTR] 01:51:42 Start processing HTTP request "POST" "https://backend.zeepki.st/auth/refresh"
[Info   :Zeepkist GTR] 01:51:42 Sending HTTP request "POST" "https://backend.zeepki.st/auth/refresh"
[Info   :Zeepkist GTR] 01:51:42 Received HTTP response headers after 291.3077ms - 200
[Info   :Zeepkist GTR] 01:51:42 End processing HTTP request after 291.5239ms - 200
[Info   :Zeepkist GTR] 01:51:42 Start processing HTTP request "POST" "https://backend.zeepki.st/record/submit"
[Info   :Zeepkist GTR] 01:51:42 Sending HTTP request "POST" "https://backend.zeepki.st/record/submit"
[Info   :Zeepkist GTR] 01:51:43 Received HTTP response headers after 247.8225ms - 200
[Info   :Zeepkist GTR] 01:51:43 End processing HTTP request after 248.0662ms - 200
[Info   :Zeepkist GTR] 01:51:43 Loading personal best...
[Info   :Zeepkist GTR] 01:51:43 Start processing HTTP request "POST" "https://graphql.zeepki.st/"
[Info   :Zeepkist GTR] 01:51:43 Sending HTTP request "POST" "https://graphql.zeepki.st/"
[Info   :Zeepkist GTR] 01:51:43 Stopping existing recorder if any
[Info   :Zeepkist GTR] 01:51:43 Creating new recorder
[Info   :Zeepkist GTR] 01:51:43 Start processing HTTP request "POST" "https://graphql.zeepki.st/"
[Info   :Zeepkist GTR] 01:51:43 Sending HTTP request "POST" "https://graphql.zeepki.st/"
[Info   :Zeepkist GTR] 01:51:43 Start processing HTTP request "POST" "https://graphql.zeepki.st/"
[Info   :Zeepkist GTR] 01:51:43 Sending HTTP request "POST" "https://graphql.zeepki.st/"
[Info   :Zeepkist GTR] 01:51:43 Received HTTP response headers after 60.8584ms - 200
[Info   :Zeepkist GTR] 01:51:43 End processing HTTP request after 61.1004ms - 200
[Info   :Zeepkist GTR] 01:51:43 Received HTTP response headers after 65.4948ms - 200
[Info   :Zeepkist GTR] 01:51:43 End processing HTTP request after 65.7634ms - 200
[Info   :Zeepkist GTR] 01:51:43 Ghost version: 5
[Info   :Zeepkist GTR] 01:51:43 Received HTTP response headers after 128.2505ms - 200
[Info   :Zeepkist GTR] 01:51:43 End processing HTTP request after 128.4841ms - 200
[Info   :Zeepkist GTR] 01:51:43 Start processing HTTP request "POST" "https://graphql.zeepki.st/"
[Info   :Zeepkist GTR] 01:51:43 Sending HTTP request "POST" "https://graphql.zeepki.st/"
[Info   :Zeepkist GTR] 01:51:43 Received HTTP response headers after 69.1498ms - 200
[Info   :Zeepkist GTR] 01:51:43 End processing HTTP request after 69.3924ms - 200
[Info   :Zeepkist GTR] 01:51:45 Starting recorder
[Info   :Zeepkist GTR] 01:52:11 Loading personal best...
[Info   :Zeepkist GTR] 01:52:11 Start processing HTTP request "POST" "https://graphql.zeepki.st/"
[Info   :Zeepkist GTR] 01:52:11 Sending HTTP request "POST" "https://graphql.zeepki.st/"
[Info   :Zeepkist GTR] 01:52:11 Stopping existing recorder if any
[Info   :Zeepkist GTR] 01:52:11 Creating new recorder
[Info   :Zeepkist GTR] 01:52:11 Start processing HTTP request "POST" "https://graphql.zeepki.st/"
[Info   :Zeepkist GTR] 01:52:11 Sending HTTP request "POST" "https://graphql.zeepki.st/"
[Info   :Zeepkist GTR] 01:52:11 Start processing HTTP request "POST" "https://graphql.zeepki.st/"
[Info   :Zeepkist GTR] 01:52:11 Sending HTTP request "POST" "https://graphql.zeepki.st/"
[Info   :Zeepkist GTR] 01:52:11 Received HTTP response headers after 253.8098ms - 200
[Info   :Zeepkist GTR] 01:52:11 Received HTTP response headers after 254.3214ms - 200
[Info   :Zeepkist GTR] 01:52:11 End processing HTTP request after 254.5926ms - 200
[Info   :Zeepkist GTR] 01:52:11 End processing HTTP request after 254.0549ms - 200
[Info   :Zeepkist GTR] 01:52:11 Ghost version: 5
[Info   :Zeepkist GTR] 01:52:11 Received HTTP response headers after 171.602ms - 200
[Info   :Zeepkist GTR] 01:52:11 End processing HTTP request after 171.8624ms - 200
[Info   :Zeepkist GTR] 01:52:11 Start processing HTTP request "POST" "https://graphql.zeepki.st/"
[Info   :Zeepkist GTR] 01:52:11 Sending HTTP request "POST" "https://graphql.zeepki.st/"
[Info   :Zeepkist GTR] 01:52:11 Received HTTP response headers after 50.5523ms - 200
[Info   :Zeepkist GTR] 01:52:11 End processing HTTP request after 50.7759ms - 200
[Info   :Zeepkist GTR] 01:52:13 Starting recorder
[Info   :COTDTracker] Running update tab leaderboard function
[Info   :Zeepkist GTR] 01:53:06 Discarding recorder
[Info   :COTDTracker] Running update tab leaderboard function
[Info   :COTDTracker] Running update tab leaderboard function
[Info   :COTDTracker] Doing eliminations with leaderboard:
[Info   :COTDTracker] Player Lexer: Time: 31,83379
[Info   :COTDTracker] Player [Quac] microways: Time: 31,88937
[Info   :COTDTracker] Player Tudge Boat: Time: 32,10891
[Info   :COTDTracker] Player Shattersmith: Time: 32,13536
[Info   :COTDTracker] Player [ZET]Stick: Time: 32,26417
[Info   :COTDTracker] Player [MMM]Victor: Time: 32,33745
[Info   :COTDTracker] Player zodiak: Time: 32,8585
[Info   :COTDTracker] Player [ZET]Sword125: Time: 32,91054
[Info   :COTDTracker] Player aizpun: Time: 33,11079
[Info   :COTDTracker] Player [ZET]maskeddog: Time: 33,26635
[Info   :COTDTracker] Player Kilandor: Time: 34,1003
[Info   :COTDTracker] Player wunderBarr: Time: DNF
[Info   :COTDTracker] Eliminating DNF: wunderBarr
[Info   :COTDTracker] Eliminated 1 DNF players
[Info   :COTDTracker] Eliminating on time: Kilandor
[Info   :COTDTracker] Eliminating 2 players: 
[Info   :COTDTracker] wunderBarr
[Info   :COTDTracker] Kilandor
[Info   :COTDTracker] Running update tab leaderboard function
[Info   :BetterSplits] getting gtr splits
[Info   :Zeepkist GTR] 01:53:20 Loading personal best...
[Info   :Zeepkist GTR] 01:53:20 Start processing HTTP request "POST" "https://graphql.zeepki.st/"
[Info   :Zeepkist GTR] 01:53:20 Sending HTTP request "POST" "https://graphql.zeepki.st/"
[Info   :Zeepkist GTR] 01:53:20 Stopping existing recorder if any
[Info   :Zeepkist GTR] 01:53:20 Creating new recorder
[Info   :Zeepkist GTR] 01:53:20 Start processing HTTP request "POST" "https://graphql.zeepki.st/"
[Info   :Zeepkist GTR] 01:53:20 Sending HTTP request "POST" "https://graphql.zeepki.st/"
[Info   :Zeepkist GTR] 01:53:20 Start processing HTTP request "POST" "https://graphql.zeepki.st/"
[Info   :Zeepkist GTR] 01:53:20 Sending HTTP request "POST" "https://graphql.zeepki.st/"
[Info   :Zeepkist GTR] 01:53:20 Received HTTP response headers after 56.9046ms - 200
[Info   :Zeepkist GTR] 01:53:20 End processing HTTP request after 57.1717ms - 200
[Error  :BetterSplits] could not get splits
Response: StatusCode: 400, ReasonPhrase: 'Bad Request', Version: 1.1, Content: System.Net.Http.StreamContent, Headers:
{
Date: Fri, 22 May 2026 23:53:19 GMT
Connection: keep-alive
access-control-allow-headers: Origin, X-Requested-With, Accept, Authorization, X-Apollo-Tracing, Content-Type, Content-Length, X-PostGraphile-Explain
access-control-allow-methods: HEAD, GET, POST
access-control-allow-origin: *
access-control-expose-headers: X-GraphQL-Event-Stream
alt-svc: h3=":443"; ma=86400
vary: Origin
via: 1.1 Caddy
x-graphql-event-stream: /stream
x-query-cost: 115
cf-cache-status: DYNAMIC
x-xss-protection: 1; mode=block
Strict-Transport-Security: max-age=15552000; includeSubDomains; preload
x-content-type-options: nosniff
Server-Timing: cfCacheStatus;desc="DYNAMIC", cfEdge;dur=6,cfOrigin;dur=39
Report-To: {"group":"cf-nel","max_age":604800,"endpoints":[{"url":"https://a.nel.cloudflare.com/report/v4?s=mXtd5nL2H%2Fwb48sdgeKKONKyaxaqZg7WgwJoAPQNpooSwq0sAJtKK2KSP%2BMQQZyvyUbaq0Dw%2BWER6VmZJlP6iUz10z%2BH5RhwOMgDtAUMza%2FSPeI%2BeklHHcqfQsjjcOAafqWqnQ%3D%3D"}]}
Nel: {"report_to":"cf-nel","success_fraction":0.0,"max_age":604800}
expect-ct: max-age=86400, enforce
referrer-policy: same-origin
x-frame-options: SAMEORIGIN
Server: cloudflare
CF-RAY: 9fffbd5b9a8fcbb3-MAD
Content-Type: application/json; charset=utf-8
Content-Length: 172
} 
Content: {"errors":[{"message":"Cannot query field \"personalBestGlobalsByIdLevel\" on type \"Level\". Did you mean \"personalBestGlobals\"?","locations":[{"line":1,"column":87}]}]}
Url: https://graphql.zeepki.st
Request: {"query":"query BetterSplitsPB($hash: String!, $steamId: BigFloat) { levelByHash(hash: $hash) { personalBestGlobalsByIdLevel(filter: {userByIdUser: {steamId: {equalTo: $steamId}}}) { nodes { recordByIdRecord { speeds splits time }}}}}","variables":{"hash":"EAA2102B59B6B72756F51344376A45B2F771773D-3","steamId":"76561197972890120"}}
[Info   :Zeepkist GTR] 01:53:20 Received HTTP response headers after 58.3679ms - 200
[Info   :Zeepkist GTR] 01:53:20 End processing HTTP request after 58.58ms - 200
[Info   :Zeepkist GTR] 01:53:20 Ghost version: 5
[Info   :Zeepkist GTR] 01:53:20 Received HTTP response headers after 117.2448ms - 200
[Info   :Zeepkist GTR] 01:53:20 End processing HTTP request after 117.5109ms - 200
[Info   :Zeepkist GTR] 01:53:20 Start processing HTTP request "POST" "https://graphql.zeepki.st/"
[Info   :Zeepkist GTR] 01:53:20 Sending HTTP request "POST" "https://graphql.zeepki.st/"
[Info   :Zeepkist GTR] 01:53:20 Received HTTP response headers after 51.1897ms - 200
[Info   :Zeepkist GTR] 01:53:20 End processing HTTP request after 51.4204ms - 200
[Info   :Zeepkist GTR] 01:53:22 Starting recorder
[Info   :Zeepkist GTR] 01:53:58 Stopping recorder
[Info   :Zeepkist GTR] 01:53:58 Collecting extra information
[Info   :Zeepkist GTR] 01:53:58 Processing ghost data
[Info   :Zeepkist GTR] 01:53:58 Creating stream
[Info   :Zeepkist GTR] 01:53:58 Writing to stream
[Info   :Zeepkist GTR] 01:53:58 Closing stream
[Info   :Zeepkist GTR] 01:53:58 Getting buffer
[Info   :Zeepkist GTR] 01:53:58 Converting to base64
[Info   :Zeepkist GTR] 01:53:58 Creating resource
[Info   :Zeepkist GTR] 01:53:58 Start processing HTTP request "POST" "https://backend.zeepki.st/auth/refresh"
[Info   :Zeepkist GTR] 01:53:58 Sending HTTP request "POST" "https://backend.zeepki.st/auth/refresh"
[Info   :Zeepkist GTR] 01:53:58 Received HTTP response headers after 193.7268ms - 200
[Info   :Zeepkist GTR] 01:53:58 End processing HTTP request after 193.9539ms - 200
[Info   :Zeepkist GTR] 01:53:58 Start processing HTTP request "POST" "https://backend.zeepki.st/record/submit"
[Info   :Zeepkist GTR] 01:53:58 Sending HTTP request "POST" "https://backend.zeepki.st/record/submit"
[Info   :Zeepkist GTR] 01:53:58 Received HTTP response headers after 133.6914ms - 200
[Info   :Zeepkist GTR] 01:53:58 End processing HTTP request after 133.9444ms - 200
[Info   :Zeepkist GTR] 01:53:59 Loading personal best...
[Info   :Zeepkist GTR] 01:53:59 Start processing HTTP request "POST" "https://graphql.zeepki.st/"
[Info   :Zeepkist GTR] 01:53:59 Sending HTTP request "POST" "https://graphql.zeepki.st/"
[Info   :Zeepkist GTR] 01:53:59 Stopping existing recorder if any
[Info   :Zeepkist GTR] 01:53:59 Creating new recorder
[Info   :Zeepkist GTR] 01:53:59 Start processing HTTP request "POST" "https://graphql.zeepki.st/"
[Info   :Zeepkist GTR] 01:53:59 Sending HTTP request "POST" "https://graphql.zeepki.st/"
[Info   :Zeepkist GTR] 01:53:59 Start processing HTTP request "POST" "https://graphql.zeepki.st/"
[Info   :Zeepkist GTR] 01:53:59 Sending HTTP request "POST" "https://graphql.zeepki.st/"
[Info   :Zeepkist GTR] 01:53:59 Received HTTP response headers after 63.3652ms - 200
[Info   :Zeepkist GTR] 01:53:59 Received HTTP response headers after 62.7586ms - 200
[Info   :Zeepkist GTR] 01:53:59 End processing HTTP request after 63.0203ms - 200
[Info   :Zeepkist GTR] 01:53:59 End processing HTTP request after 63.6934ms - 200
[Info   :Zeepkist GTR] 01:53:59 Ghost version: 5
[Info   :Zeepkist GTR] 01:53:59 Received HTTP response headers after 126.4999ms - 200
[Info   :Zeepkist GTR] 01:53:59 End processing HTTP request after 126.7206ms - 200
[Info   :Zeepkist GTR] 01:53:59 Start processing HTTP request "POST" "https://graphql.zeepki.st/"
[Info   :Zeepkist GTR] 01:53:59 Sending HTTP request "POST" "https://graphql.zeepki.st/"
[Info   :Zeepkist GTR] 01:53:59 Received HTTP response headers after 56.4834ms - 200
[Info   :Zeepkist GTR] 01:53:59 End processing HTTP request after 56.7245ms - 200
[Info   :Zeepkist GTR] 01:54:01 Starting recorder
[Info   :Zeepkist GTR] 01:54:29 Loading personal best...
[Info   :Zeepkist GTR] 01:54:29 Start processing HTTP request "POST" "https://graphql.zeepki.st/"
[Info   :Zeepkist GTR] 01:54:29 Sending HTTP request "POST" "https://graphql.zeepki.st/"
[Info   :Zeepkist GTR] 01:54:29 Stopping existing recorder if any
[Info   :Zeepkist GTR] 01:54:29 Creating new recorder
[Info   :Zeepkist GTR] 01:54:29 Start processing HTTP request "POST" "https://graphql.zeepki.st/"
[Info   :Zeepkist GTR] 01:54:29 Sending HTTP request "POST" "https://graphql.zeepki.st/"
[Info   :Zeepkist GTR] 01:54:29 Start processing HTTP request "POST" "https://graphql.zeepki.st/"
[Info   :Zeepkist GTR] 01:54:29 Sending HTTP request "POST" "https://graphql.zeepki.st/"
[Info   :Zeepkist GTR] 01:54:29 Received HTTP response headers after 137.5347ms - 200
[Info   :Zeepkist GTR] 01:54:29 Received HTTP response headers after 137.0723ms - 200
[Info   :Zeepkist GTR] 01:54:29 End processing HTTP request after 137.295ms - 200
[Info   :Zeepkist GTR] 01:54:29 End processing HTTP request after 137.8159ms - 200
[Info   :Zeepkist GTR] 01:54:29 Ghost version: 5
[Info   :Zeepkist GTR] 01:54:29 Received HTTP response headers after 217.7342ms - 200
[Info   :Zeepkist GTR] 01:54:29 End processing HTTP request after 217.9552ms - 200
[Info   :Zeepkist GTR] 01:54:29 Start processing HTTP request "POST" "https://graphql.zeepki.st/"
[Info   :Zeepkist GTR] 01:54:29 Sending HTTP request "POST" "https://graphql.zeepki.st/"
[Info   :Zeepkist GTR] 01:54:29 Received HTTP response headers after 55.256ms - 200
[Info   :Zeepkist GTR] 01:54:29 End processing HTTP request after 55.5007ms - 200
[Info   :Zeepkist GTR] 01:54:31 Starting recorder
[Info   :Zeepkist GTR] 01:54:50 Loading personal best...
[Info   :Zeepkist GTR] 01:54:50 Start processing HTTP request "POST" "https://graphql.zeepki.st/"
[Info   :Zeepkist GTR] 01:54:50 Sending HTTP request "POST" "https://graphql.zeepki.st/"
[Info   :Zeepkist GTR] 01:54:50 Stopping existing recorder if any
[Info   :Zeepkist GTR] 01:54:50 Creating new recorder
[Info   :Zeepkist GTR] 01:54:50 Start processing HTTP request "POST" "https://graphql.zeepki.st/"
[Info   :Zeepkist GTR] 01:54:50 Sending HTTP request "POST" "https://graphql.zeepki.st/"
[Info   :Zeepkist GTR] 01:54:50 Start processing HTTP request "POST" "https://graphql.zeepki.st/"
[Info   :Zeepkist GTR] 01:54:50 Sending HTTP request "POST" "https://graphql.zeepki.st/"
[Info   :Zeepkist GTR] 01:54:50 Received HTTP response headers after 73.4643ms - 200
[Info   :Zeepkist GTR] 01:54:50 Received HTTP response headers after 74.0717ms - 200
[Info   :Zeepkist GTR] 01:54:50 End processing HTTP request after 73.7292ms - 200
[Info   :Zeepkist GTR] 01:54:50 End processing HTTP request after 74.3373ms - 200
[Info   :Zeepkist GTR] 01:54:50 Ghost version: 5
[Info   :Zeepkist GTR] 01:54:50 Received HTTP response headers after 137.8111ms - 200
[Info   :Zeepkist GTR] 01:54:50 End processing HTTP request after 138.0483ms - 200
[Info   :Zeepkist GTR] 01:54:50 Start processing HTTP request "POST" "https://graphql.zeepki.st/"
[Info   :Zeepkist GTR] 01:54:50 Sending HTTP request "POST" "https://graphql.zeepki.st/"
[Info   :Zeepkist GTR] 01:54:50 Received HTTP response headers after 50.4764ms - 200
[Info   :Zeepkist GTR] 01:54:50 End processing HTTP request after 50.7059ms - 200
[Info   :Zeepkist GTR] 01:54:51 Starting recorder
[Info   :Zeepkist GTR] 01:55:19 Discarding recorder
[Info   :COTDTracker] Doing eliminations with leaderboard:
[Info   :COTDTracker] Player Lexer: Time: 31,80247
[Info   :COTDTracker] Player Shattersmith: Time: 31,96441
[Info   :COTDTracker] Player [Quac] microways: Time: 31,97742
[Info   :COTDTracker] Player [ZET]Stick: Time: 31,97995
[Info   :COTDTracker] Player [MMM]Victor: Time: 32,22563
[Info   :COTDTracker] Player [ZET]Sword125: Time: 32,39128
[Info   :COTDTracker] Player zodiak: Time: 32,80243
[Info   :COTDTracker] Player [ZET]maskeddog: Time: 33,51469
[Info   :COTDTracker] Player aizpun: Time: 35,6072
[Info   :COTDTracker] Player Tudge Boat: Time: DNF
[Info   :COTDTracker] Eliminating DNF: Tudge Boat
[Info   :COTDTracker] Eliminated 1 DNF players
[Info   :COTDTracker] Eliminating on time: aizpun
[Info   :COTDTracker] Eliminating 2 players: 
[Info   :COTDTracker] Tudge Boat
[Info   :COTDTracker] aizpun
[Info   :BetterSplits] getting gtr splits
[Info   :Zeepkist GTR] 01:55:33 Loading personal best...
[Info   :Zeepkist GTR] 01:55:33 Start processing HTTP request "POST" "https://graphql.zeepki.st/"
[Info   :Zeepkist GTR] 01:55:33 Sending HTTP request "POST" "https://graphql.zeepki.st/"
[Info   :Zeepkist GTR] 01:55:33 Stopping existing recorder if any
[Info   :Zeepkist GTR] 01:55:33 Creating new recorder
[Info   :Zeepkist GTR] 01:55:33 Start processing HTTP request "POST" "https://graphql.zeepki.st/"
[Info   :Zeepkist GTR] 01:55:33 Sending HTTP request "POST" "https://graphql.zeepki.st/"
[Info   :Zeepkist GTR] 01:55:33 Start processing HTTP request "POST" "https://graphql.zeepki.st/"
[Info   :Zeepkist GTR] 01:55:33 Sending HTTP request "POST" "https://graphql.zeepki.st/"
[Error  :BetterSplits] could not get splits
Response: StatusCode: 400, ReasonPhrase: 'Bad Request', Version: 1.1, Content: System.Net.Http.StreamContent, Headers:
{
Date: Fri, 22 May 2026 23:55:33 GMT
Connection: keep-alive
access-control-allow-headers: Origin, X-Requested-With, Accept, Authorization, X-Apollo-Tracing, Content-Type, Content-Length, X-PostGraphile-Explain
access-control-allow-methods: HEAD, GET, POST
access-control-allow-origin: *
access-control-expose-headers: X-GraphQL-Event-Stream
alt-svc: h3=":443"; ma=86400
vary: Origin
via: 1.1 Caddy
x-graphql-event-stream: /stream
x-query-cost: 115
cf-cache-status: DYNAMIC
x-xss-protection: 1; mode=block
Strict-Transport-Security: max-age=15552000; includeSubDomains; preload
x-content-type-options: nosniff
Server-Timing: cfCacheStatus;desc="DYNAMIC", cfEdge;dur=5,cfOrigin;dur=44
Report-To: {"group":"cf-nel","max_age":604800,"endpoints":[{"url":"https://a.nel.cloudflare.com/report/v4?s=6LxDZt7X439vGbQhC6pLZqPKX6klqWdMRXGIP1WszaKl71sPdE8raL16XUqcffMUprZKos7odhPpV5kWUQzs7Jn8FrD55O2iJscyImPoxKSRwIg%2BEXHknJOmLw9Dda9OWmMSXQ%3D%3D"}]}
Nel: {"report_to":"cf-nel","success_fraction":0.0,"max_age":604800}
expect-ct: max-age=86400, enforce
referrer-policy: same-origin
x-frame-options: SAMEORIGIN
Server: cloudflare
CF-RAY: 9fffc09afe651d83-MAD
Content-Type: application/json; charset=utf-8
Content-Length: 172
} 
Content: {"errors":[{"message":"Cannot query field \"personalBestGlobalsByIdLevel\" on type \"Level\". Did you mean \"personalBestGlobals\"?","locations":[{"line":1,"column":87}]}]}
Url: https://graphql.zeepki.st
Request: {"query":"query BetterSplitsPB($hash: String!, $steamId: BigFloat) { levelByHash(hash: $hash) { personalBestGlobalsByIdLevel(filter: {userByIdUser: {steamId: {equalTo: $steamId}}}) { nodes { recordByIdRecord { speeds splits time }}}}}","variables":{"hash":"EAA2102B59B6B72756F51344376A45B2F771773D-3","steamId":"76561197972890120"}}
[Info   :Zeepkist GTR] 01:55:33 Received HTTP response headers after 68.5328ms - 200
[Info   :Zeepkist GTR] 01:55:33 End processing HTTP request after 68.7449ms - 200
[Info   :Zeepkist GTR] 01:55:33 Received HTTP response headers after 71.4034ms - 200
[Info   :Zeepkist GTR] 01:55:33 End processing HTTP request after 71.5954ms - 200
[Info   :Zeepkist GTR] 01:55:33 Ghost version: 5
[Info   :Zeepkist GTR] 01:55:33 Received HTTP response headers after 138.7851ms - 200
[Info   :Zeepkist GTR] 01:55:33 End processing HTTP request after 139.0484ms - 200
[Info   :Zeepkist GTR] 01:55:33 Start processing HTTP request "POST" "https://graphql.zeepki.st/"
[Info   :Zeepkist GTR] 01:55:33 Sending HTTP request "POST" "https://graphql.zeepki.st/"
[Info   :Zeepkist GTR] 01:55:33 Received HTTP response headers after 55.8856ms - 200
[Info   :Zeepkist GTR] 01:55:33 End processing HTTP request after 56.1184ms - 200
[Info   :Zeepkist GTR] 01:55:35 Starting recorder
[Info   :Zeepkist GTR] 01:57:32 Discarding recorder
[Info   :COTDTracker] Doing eliminations with leaderboard:
[Info   :COTDTracker] Player Lexer: Time: 31,66581
[Info   :COTDTracker] Player Shattersmith: Time: 31,72288
[Info   :COTDTracker] Player [MMM]Victor: Time: 31,91253
[Info   :COTDTracker] Player [ZET]Stick: Time: 32,03689
[Info   :COTDTracker] Player zodiak: Time: 32,14881
[Info   :COTDTracker] Player [Quac] microways: Time: 32,23224
[Info   :COTDTracker] Player [ZET]maskeddog: Time: 33,03333
[Info   :COTDTracker] Player [ZET]Sword125: Time: 33,34342
[Info   :COTDTracker] Eliminated 0 DNF players
[Info   :COTDTracker] Eliminating on time: [ZET]Sword125
[Info   :COTDTracker] Eliminating on time: [ZET]maskeddog
[Info   :COTDTracker] Eliminating 2 players: 
[Info   :COTDTracker] [ZET]Sword125
[Info   :COTDTracker] [ZET]maskeddog
[Info   :BetterSplits] getting gtr splits
[Info   :Zeepkist GTR] 01:57:46 Loading personal best...
[Info   :Zeepkist GTR] 01:57:46 Start processing HTTP request "POST" "https://graphql.zeepki.st/"
[Info   :Zeepkist GTR] 01:57:46 Sending HTTP request "POST" "https://graphql.zeepki.st/"
[Info   :Zeepkist GTR] 01:57:46 Stopping existing recorder if any
[Info   :Zeepkist GTR] 01:57:46 Creating new recorder
[Info   :Zeepkist GTR] 01:57:46 Start processing HTTP request "POST" "https://graphql.zeepki.st/"
[Info   :Zeepkist GTR] 01:57:46 Sending HTTP request "POST" "https://graphql.zeepki.st/"
[Info   :Zeepkist GTR] 01:57:46 Start processing HTTP request "POST" "https://graphql.zeepki.st/"
[Info   :Zeepkist GTR] 01:57:46 Sending HTTP request "POST" "https://graphql.zeepki.st/"
[Error  :BetterSplits] could not get splits
Response: StatusCode: 400, ReasonPhrase: 'Bad Request', Version: 1.1, Content: System.Net.Http.StreamContent, Headers:
{
Date: Fri, 22 May 2026 23:57:46 GMT
Connection: keep-alive
access-control-allow-headers: Origin, X-Requested-With, Accept, Authorization, X-Apollo-Tracing, Content-Type, Content-Length, X-PostGraphile-Explain
access-control-allow-methods: HEAD, GET, POST
access-control-allow-origin: *
access-control-expose-headers: X-GraphQL-Event-Stream
alt-svc: h3=":443"; ma=86400
vary: Origin
via: 1.1 Caddy
x-graphql-event-stream: /stream
x-query-cost: 115
cf-cache-status: DYNAMIC
x-xss-protection: 1; mode=block
Strict-Transport-Security: max-age=15552000; includeSubDomains; preload
x-content-type-options: nosniff
Server-Timing: cfCacheStatus;desc="DYNAMIC", cfEdge;dur=6,cfOrigin;dur=38
Report-To: {"group":"cf-nel","max_age":604800,"endpoints":[{"url":"https://a.nel.cloudflare.com/report/v4?s=wlpjA2ydjCjXg3N%2FM763oGIbJoQjG%2BiWc%2FWGi6FMCO969TYafa%2FZlwfi0IDFz94FXQ%2FiRdrF1Fy%2FFQOP2d%2BB35v%2BSddiuTd2GqoprBZ%2FUmWJyKbMZ6ex9rzwYDbChfILVOhPaA%3D%3D"}]}
Nel: {"report_to":"cf-nel","success_fraction":0.0,"max_age":604800}
expect-ct: max-age=86400, enforce
referrer-policy: same-origin
x-frame-options: SAMEORIGIN
Server: cloudflare
CF-RAY: 9fffc3db0c1fe2c2-MAD
Content-Type: application/json; charset=utf-8
Content-Length: 172
} 
Content: {"errors":[{"message":"Cannot query field \"personalBestGlobalsByIdLevel\" on type \"Level\". Did you mean \"personalBestGlobals\"?","locations":[{"line":1,"column":87}]}]}
Url: https://graphql.zeepki.st
Request: {"query":"query BetterSplitsPB($hash: String!, $steamId: BigFloat) { levelByHash(hash: $hash) { personalBestGlobalsByIdLevel(filter: {userByIdUser: {steamId: {equalTo: $steamId}}}) { nodes { recordByIdRecord { speeds splits time }}}}}","variables":{"hash":"EAA2102B59B6B72756F51344376A45B2F771773D-3","steamId":"76561197972890120"}}
[Info   :Zeepkist GTR] 01:57:46 Received HTTP response headers after 92.0345ms - 200
[Info   :Zeepkist GTR] 01:57:46 End processing HTTP request after 92.2474ms - 200
[Info   :Zeepkist GTR] 01:57:46 Ghost version: 5
[Info   :Zeepkist GTR] 01:57:46 Received HTTP response headers after 159.1267ms - 200
[Info   :Zeepkist GTR] 01:57:46 End processing HTTP request after 159.3419ms - 200
[Info   :Zeepkist GTR] 01:57:46 Received HTTP response headers after 201.766ms - 200
[Info   :Zeepkist GTR] 01:57:46 End processing HTTP request after 201.9762ms - 200
[Info   :Zeepkist GTR] 01:57:46 Start processing HTTP request "POST" "https://graphql.zeepki.st/"
[Info   :Zeepkist GTR] 01:57:46 Sending HTTP request "POST" "https://graphql.zeepki.st/"
[Info   :Zeepkist GTR] 01:57:47 Received HTTP response headers after 50.1823ms - 200
[Info   :Zeepkist GTR] 01:57:47 End processing HTTP request after 50.4659ms - 200
[Info   :Zeepkist GTR] 01:57:48 Starting recorder
[Info   :COTDTracker] Running update tab leaderboard function
[Info   :COTDTracker] Running update tab leaderboard function
[Info   :COTDTracker] Running update tab leaderboard function
[Info   :COTDTracker] Running update tab leaderboard function
[Info   :RoundLeaderboardTab] Drawing leaderboard -> forwarding to Instance.DrawTabLeaderboard()
[Info   :ChampionshipLeaderboardTab] Drawing leaderboard -> forwarding to Instance.DrawTabLeaderboard()
[Info   :Zeepkist GTR] 01:58:28 Start processing HTTP request "POST" "https://graphql.zeepki.st/"
[Info   :Zeepkist GTR] 01:58:28 Sending HTTP request "POST" "https://graphql.zeepki.st/"
[Info   :Zeepkist GTR] 01:58:28 Received HTTP response headers after 54.0535ms - 200
[Info   :Zeepkist GTR] 01:58:28 End processing HTTP request after 54.3229ms - 200
[Info   :Zeepkist GTR] 01:58:28 Start processing HTTP request "POST" "https://graphql.zeepki.st/"
[Info   :Zeepkist GTR] 01:58:28 Sending HTTP request "POST" "https://graphql.zeepki.st/"
[Info   :Zeepkist GTR] 01:58:28 Received HTTP response headers after 50.5716ms - 200
[Info   :Zeepkist GTR] 01:58:28 End processing HTTP request after 50.8362ms - 200
[Info   :Zeepkist GTR] 01:58:28 Start processing HTTP request "POST" "https://graphql.zeepki.st/"
[Info   :Zeepkist GTR] 01:58:28 Sending HTTP request "POST" "https://graphql.zeepki.st/"
[Info   :Zeepkist GTR] 01:58:28 Start processing HTTP request "POST" "https://graphql.zeepki.st/"
[Info   :Zeepkist GTR] 01:58:28 Sending HTTP request "POST" "https://graphql.zeepki.st/"
[Info   :Zeepkist GTR] 01:58:29 Received HTTP response headers after 54.0134ms - 200
[Info   :Zeepkist GTR] 01:58:29 End processing HTTP request after 54.2398ms - 200
[Info   :Zeepkist GTR] 01:58:29 Received HTTP response headers after 65.1947ms - 200
[Info   :Zeepkist GTR] 01:58:29 End processing HTTP request after 65.4511ms - 200
[Info   :Zeepkist GTR] 01:59:45 Discarding recorder
[Info   :COTDTracker] Doing eliminations with leaderboard:
[Info   :COTDTracker] Player Lexer: Time: 31,58097
[Info   :COTDTracker] Player [MMM]Victor: Time: 31,92123
[Info   :COTDTracker] Player [Quac] microways: Time: 31,94846
[Info   :COTDTracker] Player zodiak: Time: 31,95287
[Info   :COTDTracker] Player Shattersmith: Time: 32,46036
[Info   :COTDTracker] Player [ZET]Stick: Time: DNF
[Info   :COTDTracker] Eliminating DNF: [ZET]Stick
[Info   :COTDTracker] Eliminated 1 DNF players
[Info   :COTDTracker] Eliminating 1 players: 
[Info   :COTDTracker] [ZET]Stick
[Info   :COTDTracker] Running update tab leaderboard function
[Info   :BetterSplits] getting gtr splits
[Info   :Zeepkist GTR] 01:59:59 Loading personal best...
[Info   :Zeepkist GTR] 01:59:59 Start processing HTTP request "POST" "https://graphql.zeepki.st/"
[Info   :Zeepkist GTR] 01:59:59 Sending HTTP request "POST" "https://graphql.zeepki.st/"
[Info   :Zeepkist GTR] 01:59:59 Stopping existing recorder if any
[Info   :Zeepkist GTR] 01:59:59 Creating new recorder
[Info   :Zeepkist GTR] 01:59:59 Start processing HTTP request "POST" "https://graphql.zeepki.st/"
[Info   :Zeepkist GTR] 01:59:59 Sending HTTP request "POST" "https://graphql.zeepki.st/"
[Info   :Zeepkist GTR] 01:59:59 Start processing HTTP request "POST" "https://graphql.zeepki.st/"
[Info   :Zeepkist GTR] 01:59:59 Sending HTTP request "POST" "https://graphql.zeepki.st/"
[Error  :BetterSplits] could not get splits
Response: StatusCode: 400, ReasonPhrase: 'Bad Request', Version: 1.1, Content: System.Net.Http.StreamContent, Headers:
{
Date: Fri, 22 May 2026 23:59:59 GMT
Connection: keep-alive
access-control-allow-headers: Origin, X-Requested-With, Accept, Authorization, X-Apollo-Tracing, Content-Type, Content-Length, X-PostGraphile-Explain
access-control-allow-methods: HEAD, GET, POST
access-control-allow-origin: *
access-control-expose-headers: X-GraphQL-Event-Stream
alt-svc: h3=":443"; ma=86400
vary: Origin
via: 1.1 Caddy
x-graphql-event-stream: /stream
x-query-cost: 115
cf-cache-status: DYNAMIC
x-xss-protection: 1; mode=block
Strict-Transport-Security: max-age=15552000; includeSubDomains; preload
x-content-type-options: nosniff
Server-Timing: cfCacheStatus;desc="DYNAMIC", cfEdge;dur=5,cfOrigin;dur=42
Report-To: {"group":"cf-nel","max_age":604800,"endpoints":[{"url":"https://a.nel.cloudflare.com/report/v4?s=Jwtwhs9jGCzgnmcg75kyunbzx2k0vYed0Lc%2F0QDWBI2bUFkAr4nTzSJ9RF1vpj6VsJHeIao2wgluq5eJHt4wDcRPmOeF%2BMdezENugjHEtfafUUqgGxnNOTSENJsG0PYOUcYLRA%3D%3D"}]}
Nel: {"report_to":"cf-nel","success_fraction":0.0,"max_age":604800}
expect-ct: max-age=86400, enforce
referrer-policy: same-origin
x-frame-options: SAMEORIGIN
Server: cloudflare
CF-RAY: 9fffc71a2854e93f-MAD
Content-Type: application/json; charset=utf-8
Content-Length: 172
} 
Content: {"errors":[{"message":"Cannot query field \"personalBestGlobalsByIdLevel\" on type \"Level\". Did you mean \"personalBestGlobals\"?","locations":[{"line":1,"column":87}]}]}
Url: https://graphql.zeepki.st
Request: {"query":"query BetterSplitsPB($hash: String!, $steamId: BigFloat) { levelByHash(hash: $hash) { personalBestGlobalsByIdLevel(filter: {userByIdUser: {steamId: {equalTo: $steamId}}}) { nodes { recordByIdRecord { speeds splits time }}}}}","variables":{"hash":"EAA2102B59B6B72756F51344376A45B2F771773D-3","steamId":"76561197972890120"}}
[Info   :Zeepkist GTR] 01:59:59 Received HTTP response headers after 152.1733ms - 200
[Info   :Zeepkist GTR] 01:59:59 Received HTTP response headers after 151.7828ms - 200
[Info   :Zeepkist GTR] 01:59:59 End processing HTTP request after 152.462ms - 200
[Info   :Zeepkist GTR] 01:59:59 End processing HTTP request after 152.038ms - 200
[Info   :Zeepkist GTR] 01:59:59 Ghost version: 5
[Info   :Zeepkist GTR] 01:59:59 Received HTTP response headers after 217.0474ms - 200
[Info   :Zeepkist GTR] 01:59:59 End processing HTTP request after 217.285ms - 200
[Info   :Zeepkist GTR] 02:00:00 Start processing HTTP request "POST" "https://graphql.zeepki.st/"
[Info   :Zeepkist GTR] 02:00:00 Sending HTTP request "POST" "https://graphql.zeepki.st/"
[Info   :Zeepkist GTR] 02:00:00 Received HTTP response headers after 92.7118ms - 200
[Info   :Zeepkist GTR] 02:00:00 End processing HTTP request after 92.9503ms - 200
[Info   :Zeepkist GTR] 02:00:01 Starting recorder
[Info   :COTDTracker] Running update tab leaderboard function
[Info   :COTDTracker] Running update tab leaderboard function
[Info   :COTDTracker] Running update tab leaderboard function
[Info   :COTDTracker] Running update tab leaderboard function
[Info   :COTDTracker] Running update tab leaderboard function
[Info   :COTDTracker] Running update tab leaderboard function
[Info   :COTDTracker] Running update tab leaderboard function
[Info   :Zeepkist GTR] 02:01:58 Discarding recorder
[Info   :COTDTracker] Doing eliminations with leaderboard:
[Info   :COTDTracker] Player [Quac] microways: Time: 31,89007
[Info   :COTDTracker] Player Shattersmith: Time: 31,98159
[Info   :COTDTracker] Player [MMM]Victor: Time: 31,99613
[Info   :COTDTracker] Player Lexer: Time: 32,06761
[Info   :COTDTracker] Player zodiak: Time: 32,09352
[Info   :COTDTracker] Eliminated 0 DNF players
[Info   :COTDTracker] Eliminating on time: zodiak
[Info   :COTDTracker] Eliminating 1 players: 
[Info   :COTDTracker] zodiak
[Info   :BetterSplits] getting gtr splits
[Info   :Zeepkist GTR] 02:02:12 Loading personal best...
[Info   :Zeepkist GTR] 02:02:12 Start processing HTTP request "POST" "https://graphql.zeepki.st/"
[Info   :Zeepkist GTR] 02:02:12 Sending HTTP request "POST" "https://graphql.zeepki.st/"
[Info   :Zeepkist GTR] 02:02:12 Stopping existing recorder if any
[Info   :Zeepkist GTR] 02:02:12 Creating new recorder
[Info   :Zeepkist GTR] 02:02:12 Start processing HTTP request "POST" "https://graphql.zeepki.st/"
[Info   :Zeepkist GTR] 02:02:12 Sending HTTP request "POST" "https://graphql.zeepki.st/"
[Info   :Zeepkist GTR] 02:02:12 Start processing HTTP request "POST" "https://graphql.zeepki.st/"
[Info   :Zeepkist GTR] 02:02:12 Sending HTTP request "POST" "https://graphql.zeepki.st/"
[Error  :BetterSplits] could not get splits
Response: StatusCode: 400, ReasonPhrase: 'Bad Request', Version: 1.1, Content: System.Net.Http.StreamContent, Headers:
{
Date: Sat, 23 May 2026 00:02:12 GMT
Connection: keep-alive
access-control-allow-headers: Origin, X-Requested-With, Accept, Authorization, X-Apollo-Tracing, Content-Type, Content-Length, X-PostGraphile-Explain
access-control-allow-methods: HEAD, GET, POST
access-control-allow-origin: *
access-control-expose-headers: X-GraphQL-Event-Stream
alt-svc: h3=":443"; ma=86400
vary: Origin
via: 1.1 Caddy
x-graphql-event-stream: /stream
x-query-cost: 115
cf-cache-status: DYNAMIC
x-xss-protection: 1; mode=block
Strict-Transport-Security: max-age=15552000; includeSubDomains; preload
x-content-type-options: nosniff
Server-Timing: cfCacheStatus;desc="DYNAMIC", cfEdge;dur=7,cfOrigin;dur=65
Report-To: {"group":"cf-nel","max_age":604800,"endpoints":[{"url":"https://a.nel.cloudflare.com/report/v4?s=al3%2BgjMC7h5Ke4ecqI98vG2wRZTauR84afmzVIfwHoZDzHhQ47SXRqIWrtLYF9VNr02fSze%2Bv%2BwTC%2FjsimDwL1T3Bx6TjxIWs16Hh27fJUlU%2FthoB%2FCeC8Mmd2AOK14LpFBuNA%3D%3D"}]}
Nel: {"report_to":"cf-nel","success_fraction":0.0,"max_age":604800}
expect-ct: max-age=86400, enforce
referrer-policy: same-origin
x-frame-options: SAMEORIGIN
Server: cloudflare
CF-RAY: 9fffca596d1ac6bd-MAD
Content-Type: application/json; charset=utf-8
Content-Length: 172
} 
Content: {"errors":[{"message":"Cannot query field \"personalBestGlobalsByIdLevel\" on type \"Level\". Did you mean \"personalBestGlobals\"?","locations":[{"line":1,"column":87}]}]}
Url: https://graphql.zeepki.st
Request: {"query":"query BetterSplitsPB($hash: String!, $steamId: BigFloat) { levelByHash(hash: $hash) { personalBestGlobalsByIdLevel(filter: {userByIdUser: {steamId: {equalTo: $steamId}}}) { nodes { recordByIdRecord { speeds splits time }}}}}","variables":{"hash":"EAA2102B59B6B72756F51344376A45B2F771773D-3","steamId":"76561197972890120"}}
[Info   :Zeepkist GTR] 02:02:12 Received HTTP response headers after 150.776ms - 200
[Info   :Zeepkist GTR] 02:02:12 End processing HTTP request after 150.994ms - 200
[Info   :Zeepkist GTR] 02:02:12 Received HTTP response headers after 213.3164ms - 200
[Info   :Zeepkist GTR] 02:02:12 End processing HTTP request after 213.5315ms - 200
[Info   :Zeepkist GTR] 02:02:12 Start processing HTTP request "POST" "https://graphql.zeepki.st/"
[Info   :Zeepkist GTR] 02:02:12 Sending HTTP request "POST" "https://graphql.zeepki.st/"
[Info   :Zeepkist GTR] 02:02:13 Received HTTP response headers after 271.368ms - 200
[Info   :Zeepkist GTR] 02:02:13 End processing HTTP request after 271.7382ms - 200
[Info   :Zeepkist GTR] 02:02:13 Received HTTP response headers after 49.8266ms - 200
[Info   :Zeepkist GTR] 02:02:13 End processing HTTP request after 50.0828ms - 200
[Info   :Zeepkist GTR] 02:02:13 Ghost version: 5
[Info   :Zeepkist GTR] 02:02:14 Starting recorder
[Info   :Zeepkist GTR] 02:04:11 Discarding recorder
[Info   :COTDTracker] Doing eliminations with leaderboard:
[Info   :COTDTracker] Player Lexer: Time: 31,70892
[Info   :COTDTracker] Player Shattersmith: Time: 31,807
[Info   :COTDTracker] Player [MMM]Victor: Time: 31,8086
[Info   :COTDTracker] Player [Quac] microways: Time: 31,94689
[Info   :COTDTracker] Eliminated 0 DNF players
[Info   :COTDTracker] Eliminating on time: [Quac] microways
[Info   :COTDTracker] Eliminating 1 players: 
[Info   :COTDTracker] [Quac] microways
[Info   :BetterSplits] getting gtr splits
[Info   :Zeepkist GTR] 02:04:25 Loading personal best...
[Info   :Zeepkist GTR] 02:04:25 Start processing HTTP request "POST" "https://graphql.zeepki.st/"
[Info   :Zeepkist GTR] 02:04:25 Sending HTTP request "POST" "https://graphql.zeepki.st/"
[Info   :Zeepkist GTR] 02:04:25 Stopping existing recorder if any
[Info   :Zeepkist GTR] 02:04:25 Creating new recorder
[Info   :Zeepkist GTR] 02:04:25 Start processing HTTP request "POST" "https://graphql.zeepki.st/"
[Info   :Zeepkist GTR] 02:04:25 Sending HTTP request "POST" "https://graphql.zeepki.st/"
[Info   :Zeepkist GTR] 02:04:25 Start processing HTTP request "POST" "https://graphql.zeepki.st/"
[Info   :Zeepkist GTR] 02:04:25 Sending HTTP request "POST" "https://graphql.zeepki.st/"
[Info   :Zeepkist GTR] 02:04:26 Received HTTP response headers after 105.3687ms - 200
[Info   :Zeepkist GTR] 02:04:26 End processing HTTP request after 105.6339ms - 200
[Info   :Zeepkist GTR] 02:04:26 Received HTTP response headers after 249.224ms - 200
[Info   :Zeepkist GTR] 02:04:26 End processing HTTP request after 249.4296ms - 200
[Info   :Zeepkist GTR] 02:04:26 Ghost version: 5
[Info   :Zeepkist GTR] 02:04:26 Received HTTP response headers after 168.4395ms - 200
[Info   :Zeepkist GTR] 02:04:26 End processing HTTP request after 168.6529ms - 200
[Info   :Zeepkist GTR] 02:04:26 Start processing HTTP request "POST" "https://graphql.zeepki.st/"
[Info   :Zeepkist GTR] 02:04:26 Sending HTTP request "POST" "https://graphql.zeepki.st/"
[Error  :BetterSplits] could not get splits
Response: StatusCode: 400, ReasonPhrase: 'Bad Request', Version: 1.1, Content: System.Net.Http.StreamContent, Headers:
{
Date: Sat, 23 May 2026 00:04:25 GMT
Connection: keep-alive
access-control-allow-headers: Origin, X-Requested-With, Accept, Authorization, X-Apollo-Tracing, Content-Type, Content-Length, X-PostGraphile-Explain
access-control-allow-methods: HEAD, GET, POST
access-control-allow-origin: *
access-control-expose-headers: X-GraphQL-Event-Stream
alt-svc: h3=":443"; ma=86400
vary: Origin
via: 1.1 Caddy
x-graphql-event-stream: /stream
x-query-cost: 115
cf-cache-status: DYNAMIC
x-xss-protection: 1; mode=block
Strict-Transport-Security: max-age=15552000; includeSubDomains; preload
x-content-type-options: nosniff
Server-Timing: cfCacheStatus;desc="DYNAMIC", cfEdge;dur=7,cfOrigin;dur=145
Report-To: {"group":"cf-nel","max_age":604800,"endpoints":[{"url":"https://a.nel.cloudflare.com/report/v4?s=7vJw0NLdGNyzD3d%2FhFg1P2p2tPxUijJpF3%2BC9YmS8EXo2TaR2I9HsNgVKpbR4VzKwHQb%2Fsgmqh7mah3A06QX78m%2BuNI%2FblAE1GtiAJEsHPugm7YaSUEJMYfcijfhqCgbthL3Lw%3D%3D"}]}
Nel: {"report_to":"cf-nel","success_fraction":0.0,"max_age":604800}
expect-ct: max-age=86400, enforce
referrer-policy: same-origin
x-frame-options: SAMEORIGIN
Server: cloudflare
CF-RAY: 9fffcd99de380325-MAD
Content-Type: application/json; charset=utf-8
Content-Length: 172
} 
Content: {"errors":[{"message":"Cannot query field \"personalBestGlobalsByIdLevel\" on type \"Level\". Did you mean \"personalBestGlobals\"?","locations":[{"line":1,"column":87}]}]}
Url: https://graphql.zeepki.st
Request: {"query":"query BetterSplitsPB($hash: String!, $steamId: BigFloat) { levelByHash(hash: $hash) { personalBestGlobalsByIdLevel(filter: {userByIdUser: {steamId: {equalTo: $steamId}}}) { nodes { recordByIdRecord { speeds splits time }}}}}","variables":{"hash":"EAA2102B59B6B72756F51344376A45B2F771773D-3","steamId":"76561197972890120"}}
[Info   :Zeepkist GTR] 02:04:26 Received HTTP response headers after 52.6393ms - 200
[Info   :Zeepkist GTR] 02:04:26 End processing HTTP request after 52.8753ms - 200
[Info   :Zeepkist GTR] 02:04:27 Starting recorder
[Info   :COTDTracker] Running update tab leaderboard function
[Info   :Zeepkist GTR] 02:05:14 Start processing HTTP request "POST" "https://backend.zeepki.st/auth/refresh"
[Info   :Zeepkist GTR] 02:05:14 Sending HTTP request "POST" "https://backend.zeepki.st/auth/refresh"
[Info   :Zeepkist GTR] 02:05:17 Received HTTP response headers after 2848.484ms - 200
[Info   :Zeepkist GTR] 02:05:17 End processing HTTP request after 2848.7869ms - 200
[Info   :Zeepkist GTR] 02:05:17 Start processing HTTP request "POST" "https://backend.zeepki.st/vote/submit"
[Info   :Zeepkist GTR] 02:05:17 Sending HTTP request "POST" "https://backend.zeepki.st/vote/submit"
[Info   :Zeepkist GTR] 02:05:17 Received HTTP response headers after 112.1813ms - 200
[Info   :Zeepkist GTR] 02:05:17 End processing HTTP request after 112.4385ms - 200
[Info   :COTDTracker] Running update tab leaderboard function
[Info   :Zeepkist GTR] 02:06:24 Discarding recorder
[Info   :COTDTracker] Doing eliminations with leaderboard:
[Info   :COTDTracker] Player Lexer: Time: 31,5485
[Info   :COTDTracker] Player Shattersmith: Time: 31,95694
[Info   :COTDTracker] Player [MMM]Victor: Time: 31,95744
[Info   :COTDTracker] Eliminated 0 DNF players
[Info   :COTDTracker] Eliminating on time: [MMM]Victor
[Info   :COTDTracker] Eliminating 1 players: 
[Info   :COTDTracker] [MMM]Victor
[Info   :BetterSplits] getting gtr splits
[Info   :Zeepkist GTR] 02:06:38 Loading personal best...
[Info   :Zeepkist GTR] 02:06:38 Start processing HTTP request "POST" "https://graphql.zeepki.st/"
[Info   :Zeepkist GTR] 02:06:38 Sending HTTP request "POST" "https://graphql.zeepki.st/"
[Info   :Zeepkist GTR] 02:06:38 Stopping existing recorder if any
[Info   :Zeepkist GTR] 02:06:38 Creating new recorder
[Info   :Zeepkist GTR] 02:06:38 Start processing HTTP request "POST" "https://graphql.zeepki.st/"
[Info   :Zeepkist GTR] 02:06:38 Sending HTTP request "POST" "https://graphql.zeepki.st/"
[Info   :Zeepkist GTR] 02:06:38 Start processing HTTP request "POST" "https://graphql.zeepki.st/"
[Info   :Zeepkist GTR] 02:06:38 Sending HTTP request "POST" "https://graphql.zeepki.st/"
[Error  :BetterSplits] could not get splits
Response: StatusCode: 400, ReasonPhrase: 'Bad Request', Version: 1.1, Content: System.Net.Http.StreamContent, Headers:
{
Date: Sat, 23 May 2026 00:06:38 GMT
Connection: keep-alive
access-control-allow-headers: Origin, X-Requested-With, Accept, Authorization, X-Apollo-Tracing, Content-Type, Content-Length, X-PostGraphile-Explain
access-control-allow-methods: HEAD, GET, POST
access-control-allow-origin: *
access-control-expose-headers: X-GraphQL-Event-Stream
alt-svc: h3=":443"; ma=86400
vary: Origin
via: 1.1 Caddy
x-graphql-event-stream: /stream
x-query-cost: 115
cf-cache-status: DYNAMIC
x-xss-protection: 1; mode=block
Strict-Transport-Security: max-age=15552000; includeSubDomains; preload
x-content-type-options: nosniff
Server-Timing: cfCacheStatus;desc="DYNAMIC", cfEdge;dur=7,cfOrigin;dur=38
Report-To: {"group":"cf-nel","max_age":604800,"endpoints":[{"url":"https://a.nel.cloudflare.com/report/v4?s=CxICEvyx0%2FLjtIRa%2B7mHnGvsJsde1b4H%2FaTjEt%2BbpG0PqB8XxA1Exlktp8lvSesfD5yBHi4%2BGBcEe6WvYrcL2Mc7z0i2XkDo2qi4RKFizxFotzvqc6sFW5L2%2FrC8bSq%2BSPvTyg%3D%3D"}]}
Nel: {"report_to":"cf-nel","success_fraction":0.0,"max_age":604800}
expect-ct: max-age=86400, enforce
referrer-policy: same-origin
x-frame-options: SAMEORIGIN
Server: cloudflare
CF-RAY: 9fffd0d7fca0f77b-MAD
Content-Type: application/json; charset=utf-8
Content-Length: 172
} 
Content: {"errors":[{"message":"Cannot query field \"personalBestGlobalsByIdLevel\" on type \"Level\". Did you mean \"personalBestGlobals\"?","locations":[{"line":1,"column":87}]}]}
Url: https://graphql.zeepki.st
Request: {"query":"query BetterSplitsPB($hash: String!, $steamId: BigFloat) { levelByHash(hash: $hash) { personalBestGlobalsByIdLevel(filter: {userByIdUser: {steamId: {equalTo: $steamId}}}) { nodes { recordByIdRecord { speeds splits time }}}}}","variables":{"hash":"EAA2102B59B6B72756F51344376A45B2F771773D-3","steamId":"76561197972890120"}}
[Info   :Zeepkist GTR] 02:06:38 Received HTTP response headers after 102.9676ms - 200
[Info   :Zeepkist GTR] 02:06:38 End processing HTTP request after 103.2057ms - 200
[Info   :Zeepkist GTR] 02:06:38 Received HTTP response headers after 108.4664ms - 200
[Info   :Zeepkist GTR] 02:06:38 End processing HTTP request after 108.7405ms - 200
[Info   :Zeepkist GTR] 02:06:38 Received HTTP response headers after 155.8805ms - 200
[Info   :Zeepkist GTR] 02:06:38 End processing HTTP request after 156.2768ms - 200
[Info   :Zeepkist GTR] 02:06:38 Ghost version: 5
[Info   :Zeepkist GTR] 02:06:38 Start processing HTTP request "POST" "https://graphql.zeepki.st/"
[Info   :Zeepkist GTR] 02:06:38 Sending HTTP request "POST" "https://graphql.zeepki.st/"
[Info   :Zeepkist GTR] 02:06:39 Received HTTP response headers after 56.6357ms - 200
[Info   :Zeepkist GTR] 02:06:39 End processing HTTP request after 56.8793ms - 200
[Info   :Zeepkist GTR] 02:06:40 Starting recorder
[Info   :Zeepkist GTR] 02:08:37 Discarding recorder
[Info   :COTDTracker] Running update tab leaderboard function
[Info   :COTDTracker] Doing eliminations with leaderboard:
[Info   :COTDTracker] Player Lexer: Time: 31,65087
[Info   :COTDTracker] Player Shattersmith: Time: DNF
[Info   :COTDTracker] Eliminating DNF: Shattersmith
[Info   :COTDTracker] Eliminated 1 DNF players
[Info   :COTDTracker] Eliminating 1 players: 
[Info   :COTDTracker] Shattersmith
[Info   :BetterSplits] getting gtr splits
[Info   :Zeepkist GTR] 02:08:51 Loading personal best...
[Info   :Zeepkist GTR] 02:08:51 Start processing HTTP request "POST" "https://graphql.zeepki.st/"
[Info   :Zeepkist GTR] 02:08:51 Sending HTTP request "POST" "https://graphql.zeepki.st/"
[Info   :Zeepkist GTR] 02:08:51 Stopping existing recorder if any
[Info   :Zeepkist GTR] 02:08:51 Creating new recorder
[Info   :Zeepkist GTR] 02:08:51 Start processing HTTP request "POST" "https://graphql.zeepki.st/"
[Info   :Zeepkist GTR] 02:08:51 Sending HTTP request "POST" "https://graphql.zeepki.st/"
[Info   :Zeepkist GTR] 02:08:51 Start processing HTTP request "POST" "https://graphql.zeepki.st/"
[Info   :Zeepkist GTR] 02:08:51 Sending HTTP request "POST" "https://graphql.zeepki.st/"
[Error  :BetterSplits] could not get splits
Response: StatusCode: 400, ReasonPhrase: 'Bad Request', Version: 1.1, Content: System.Net.Http.StreamContent, Headers:
{
Date: Sat, 23 May 2026 00:08:51 GMT
Connection: keep-alive
access-control-allow-headers: Origin, X-Requested-With, Accept, Authorization, X-Apollo-Tracing, Content-Type, Content-Length, X-PostGraphile-Explain
access-control-allow-methods: HEAD, GET, POST
access-control-allow-origin: *
access-control-expose-headers: X-GraphQL-Event-Stream
alt-svc: h3=":443"; ma=86400
vary: Origin
via: 1.1 Caddy
x-graphql-event-stream: /stream
x-query-cost: 115
cf-cache-status: DYNAMIC
x-xss-protection: 1; mode=block
Strict-Transport-Security: max-age=15552000; includeSubDomains; preload
x-content-type-options: nosniff
Server-Timing: cfCacheStatus;desc="DYNAMIC", cfEdge;dur=9,cfOrigin;dur=38
Report-To: {"group":"cf-nel","max_age":604800,"endpoints":[{"url":"https://a.nel.cloudflare.com/report/v4?s=fFjVMI2XXFXv8PvS8eYDLDTymNYj%2BLUrsCakfNy9p4W8%2BXhfQmpllVzMKrU%2F2puDnGIE%2FqCFEn6ur6zR3g%2BZNenxmxgy%2FSk%2BwLYASoa5n7q8r0s2ZJpCbDtl0xLSPM%2F5cNaGJQ%3D%3D"}]}
Nel: {"report_to":"cf-nel","success_fraction":0.0,"max_age":604800}
expect-ct: max-age=86400, enforce
referrer-policy: same-origin
x-frame-options: SAMEORIGIN
Server: cloudflare
CF-RAY: 9fffd4182d48cc44-MAD
Content-Type: application/json; charset=utf-8
Content-Length: 172
} 
Content: {"errors":[{"message":"Cannot query field \"personalBestGlobalsByIdLevel\" on type \"Level\". Did you mean \"personalBestGlobals\"?","locations":[{"line":1,"column":87}]}]}
Url: https://graphql.zeepki.st
Request: {"query":"query BetterSplitsPB($hash: String!, $steamId: BigFloat) { levelByHash(hash: $hash) { personalBestGlobalsByIdLevel(filter: {userByIdUser: {steamId: {equalTo: $steamId}}}) { nodes { recordByIdRecord { speeds splits time }}}}}","variables":{"hash":"EAA2102B59B6B72756F51344376A45B2F771773D-3","steamId":"76561197972890120"}}
[Info   :Zeepkist GTR] 02:08:52 Received HTTP response headers after 95.465ms - 200
[Info   :Zeepkist GTR] 02:08:52 End processing HTTP request after 95.7011ms - 200
[Info   :Zeepkist GTR] 02:08:52 Received HTTP response headers after 156.8159ms - 200
[Info   :Zeepkist GTR] 02:08:52 End processing HTTP request after 157.0436ms - 200
[Info   :Zeepkist GTR] 02:08:52 Received HTTP response headers after 165.9306ms - 200
[Info   :Zeepkist GTR] 02:08:52 End processing HTTP request after 166.2183ms - 200
[Info   :Zeepkist GTR] 02:08:52 Ghost version: 5
[Info   :Zeepkist GTR] 02:08:52 Start processing HTTP request "POST" "https://graphql.zeepki.st/"
[Info   :Zeepkist GTR] 02:08:52 Sending HTTP request "POST" "https://graphql.zeepki.st/"
[Info   :Zeepkist GTR] 02:08:52 Received HTTP response headers after 54.5942ms - 200
[Info   :Zeepkist GTR] 02:08:52 End processing HTTP request after 54.8562ms - 200
[Info   :Zeepkist GTR] 02:08:53 Starting recorder
[Info   :TopOutTournament] Ending Top->Out in state Inactive
[Info   :TopOutTournament] Ending Top->Out in state Inactive
[Info   :Zeepkist GTR] 02:09:03 Application is shutting down...
[Info   :Zeepkist GTR] 02:09:03 Unpatching
[Info   :Zeepkist RTM] 02:09:03 Application is shutting down...
[Info   :Zeepkist RTM] 02:09:03 Unpatching
[Error  :ZtreamerBot] Exception: Thread was being aborted.
[Info   :ZtreamerBot] UDP listener stopped.
