[Message:   BepInEx] BepInEx 5.4.22.0 - Zeepkist (1/15/2026 3:08:57 PM)
[Info   :   BepInEx] Running under Unity v2021.3.10.1867021
[Info   :   BepInEx] CLR runtime version: 4.0.30319.42000
[Info   :   BepInEx] Supports SRE: True
[Info   :   BepInEx] System platform: Bits64, Windows
[Message:   BepInEx] Preloader started
[Info   :   BepInEx] Loaded 1 patcher method from [BepInEx.Preloader 5.4.22.0]
[Info   :   BepInEx] 1 patcher plugin loaded
[Info   :   BepInEx] Patching [UnityEngine.CoreModule] with [BepInEx.Chainloader]
[Message:   BepInEx] Preloader finished
[Message:   BepInEx] Chainloader ready
[Message:   BepInEx] Chainloader started
[Info   :   BepInEx] 10 plugins to load
[Info   :   BepInEx] Loading [Zeep SDK 2.2.0]
[Info   :  Zeep SDK] Plugin ZeepSDK is loaded!
[Info   :   BepInEx] Loading [AuthorTimeHunting 1.17.4]
[Info   :AuthorTimeHunting] StateMachine: Transitioning from null to StateMasterOff
[Info   :AuthorTimeHunting] Plugin AuthorTimeHunting is loaded!
[Info   :   BepInEx] Loading [BetterSplits 0.2.2]
[Info   :BetterSplits] Plugin BetterSplits is loaded!
[Info   :   BepInEx] Loading [FastStart 1.0.0]
[Info   : FastStart] Plugin FastStart is loaded!
[Info   :   BepInEx] Loading [Zeepkist Bingo 1.1.5]
[Info   :Zeepkist Bingo] Zeepkist Bingo v1.1.5 is loading...
[Info   :Zeepkist Bingo] [BINGO] Loaded 0 muted players
[Info   :Zeepkist Bingo] [BingoTTS] Initialized. Cache: C:/Users/joshs/AppData/Local/Temp/Steelpan Interactive/Zeepkist\ZeepkistBingo_TTS
[Info   :Zeepkist Bingo] [BingoTTS] Available voices: Microsoft David Desktop, Microsoft Zira Desktop
[Info   :Zeepkist Bingo] [BINGO UI] Menu initialized
[Info   :Zeepkist Bingo] [BINGO UI] Mini board initialized
[Info   :Zeepkist Bingo] [BINGO UI] Team status initialized
[Info   :Zeepkist Bingo] [BINGO] V2 UI components initialized
[Info   :Zeepkist Bingo] [InstantLoader] Initialized
[Info   :Zeepkist Bingo] Bingo commands registered
[Info   :Zeepkist Bingo] [BINGO TEST] Test commands registered (/bt0 - /bt50)
[Info   :Zeepkist Bingo] Event hooks registered
[Info   :Zeepkist Bingo] [WEBSOCKET] Base URL set to: wss://zeepkist-bingo.chrisleiter.workers.dev
[Info   :Zeepkist Bingo] Zeepkist Bingo loaded successfully!
[Info   :   BepInEx] Loading [COTDTracker 0.11.1]
[Info   :COTDTracker] Plugin COTDTracker is loaded!
[Info   :   BepInEx] Loading [Level Editor Trails 4.0.2]
[Info   :Level Editor Trails] Plugin LevelEditorTrails is loaded!
[Info   :   BepInEx] Loading [Zeepkist GTR 0.40.3]
[Info   :   BepInEx] Loading [Medal Times 5.3.1]
[Info   :Medal Times] Plugin net.tnrd.zeepkist.medaltimes is loaded!
[Info   :   BepInEx] Loading [ZeepTourney 0.0.9]
[Info   :ZeepTourney] Plugin ZeepTourney is loaded!
[Message:   BepInEx] Chainloader startup complete
[Info   :AuthorTimeHunting] GraphQL client initialized.
[Info   :Zeepkist Bingo] [BINGO AUDIO] Generating custom sounds...
[Info   :Zeepkist Bingo] [BINGO AUDIO] All custom sounds generated!
[Info   :Zeepkist Bingo] [BINGO AUDIO] Custom FMOD audio system initialized!
[Info   :Zeepkist GTR] 17:55:20 Patching
[Info   :Zeepkist GTR] 17:55:20 Found 17 eager services
[Info   :Zeepkist GTR] 17:55:20 Application started. Press Ctrl+C to shut down.
[Info   :Zeepkist GTR] 17:55:20 Hosting environment: "Production"
[Info   :Zeepkist GTR] 17:55:20 Content root path: "C:\Program Files (x86)\Steam\steamapps\common\Zeepkist\BepInEx\plugins\Mods\2948039_6688852"
[Info   :Zeepkist GTR] Plugin net.tnrd.zeepkist.gtr is loaded!
[Error  :AuthorTimeHunting] GraphQL GetRandomLevelAsync failed: The HTTP request failed with status code BadGateway
[Error  :AuthorTimeHunting] Error in PopulateCachedRandomLevelItems: The HTTP request failed with status code BadGateway
[Info   :Zeepkist GTR] 17:56:03 Start processing HTTP request "POST" "https://backend.zeepki.st/auth/login"
[Info   :Zeepkist GTR] 17:56:03 Sending HTTP request "POST" "https://backend.zeepki.st/auth/login"
[Info   :CrashlyticsApi] Initializing bugsnag
[Info   :CrashlyticsApi] Bugsnag initialized
[Info   :Zeepkist GTR] 17:56:04 Received HTTP response headers after 1257.3466ms - 200
[Info   :Zeepkist GTR] 17:56:04 End processing HTTP request after 1269.4094ms - 200
[Info   :Zeepkist Bingo] [BINGO] Level loaded
[Info   :BetterSplits] getting gtr splits
[Info   :Zeepkist Bingo] [BINGO] === PLAYER SPAWNED ===
[Info   :Zeepkist Bingo] [BINGO] IsInActiveSession: False
[Info   :Zeepkist Bingo] [BINGO] Not in active session, skipping timer reset
[Info   :Zeepkist GTR] 17:56:43 Loading personal best...
[Info   :Zeepkist GTR] 17:56:43 Start processing HTTP request "POST" "https://graphql.zeepki.st/"
[Info   :Zeepkist GTR] 17:56:43 Sending HTTP request "POST" "https://graphql.zeepki.st/"
[Info   :Zeepkist GTR] 17:56:43 Stopping existing recorder if any
[Info   :Zeepkist GTR] 17:56:43 Creating new recorder
[Info   :Zeepkist GTR] 17:56:43 Start processing HTTP request "POST" "https://graphql.zeepki.st/"
[Info   :Zeepkist GTR] 17:56:43 Sending HTTP request "POST" "https://graphql.zeepki.st/"
[Info   :Zeepkist GTR] 17:56:43 Start processing HTTP request "POST" "https://graphql.zeepki.st/"
[Info   :Zeepkist GTR] 17:56:43 Sending HTTP request "POST" "https://graphql.zeepki.st/"
[Error  :BetterSplits] could not get splits
Response: StatusCode: 400, ReasonPhrase: 'Bad Request', Version: 1.1, Content: System.Net.Http.StreamContent, Headers:
{
Date: Fri, 29 May 2026 22:56:43 GMT
Connection: keep-alive
access-control-allow-headers: Origin, X-Requested-With, Accept, Authorization, X-Apollo-Tracing, Content-Type, Content-Length, X-PostGraphile-Explain
access-control-allow-methods: HEAD, GET, POST
access-control-allow-origin: *
access-control-expose-headers: X-GraphQL-Event-Stream
alt-svc: h3=":443"; ma=86400
vary: Origin
via: 1.1 Caddy
x-graphql-event-stream: /stream
x-query-cost: 115
cf-cache-status: DYNAMIC
x-xss-protection: 1; mode=block
Strict-Transport-Security: max-age=15552000; includeSubDomains; preload
x-content-type-options: nosniff
Server-Timing: cfCacheStatus;desc="DYNAMIC", cfEdge;dur=17,cfOrigin;dur=171
Report-To: {"group":"cf-nel","max_age":604800,"endpoints":[{"url":"https://a.nel.cloudflare.com/report/v4?s=IMKZj53TFa3UNyEluyk%2FDKW2eUmdy4o3K8InO0T9QdeoCcSqX7w5qxU1nf5AweZyaoS%2Fqoz4GlGKFEE8Uxc%2FDnAuKEiS8zhvtkB0dDYphYGsaSp4Mn%2BkSFS73BM20KvQGv28Pejcfa2%2BOIMRDdLuGg%3D%3D"}]}
Nel: {"report_to":"cf-nel","success_fraction":0.0,"max_age":604800}
expect-ct: max-age=86400, enforce
referrer-policy: same-origin
x-frame-options: SAMEORIGIN
Server: cloudflare
CF-RAY: a03918106ab949a7-ORD
Content-Type: application/json; charset=utf-8
Content-Length: 172
} 
Content: {"errors":[{"message":"Cannot query field \"personalBestGlobalsByIdLevel\" on type \"Level\". Did you mean \"personalBestGlobals\"?","locations":[{"line":1,"column":87}]}]}
Url: https://graphql.zeepki.st
Request: {"query":"query BetterSplitsPB($hash: String!, $steamId: BigFloat) { levelByHash(hash: $hash) { personalBestGlobalsByIdLevel(filter: {userByIdUser: {steamId: {equalTo: $steamId}}}) { nodes { recordByIdRecord { speeds splits time }}}}}","variables":{"hash":"ea1","steamId":"76561199218214543"}}
[Info   :Zeepkist GTR] 17:56:43 Received HTTP response headers after 395.0541ms - 200
[Info   :Zeepkist GTR] 17:56:43 End processing HTTP request after 395.3515ms - 200
[Info   :Zeepkist GTR] 17:56:43 Received HTTP response headers after 390.3739ms - 200
[Info   :Zeepkist GTR] 17:56:43 End processing HTTP request after 390.5968ms - 200
[Info   :Zeepkist GTR] 17:56:44 Received HTTP response headers after 602.9076ms - 200
[Info   :Zeepkist GTR] 17:56:44 End processing HTTP request after 603.1757ms - 200
[Info   :Zeepkist GTR] 17:56:44 Ghost version: 5
[Info   :Zeepkist GTR] 17:56:44 Start processing HTTP request "POST" "https://graphql.zeepki.st/"
[Info   :Zeepkist GTR] 17:56:44 Sending HTTP request "POST" "https://graphql.zeepki.st/"
[Info   :Zeepkist GTR] 17:56:44 Received HTTP response headers after 246.5685ms - 200
[Info   :Zeepkist GTR] 17:56:44 End processing HTTP request after 246.8534ms - 200
[Info   :Zeepkist GTR] 17:56:45 Starting recorder
[Info   :Zeepkist GTR] 17:58:43 Discarding recorder
[Info   :Zeepkist Bingo] [BINGO] Level loaded
[Info   :BetterSplits] getting gtr splits
[Info   :Zeepkist Bingo] [BINGO] === PLAYER SPAWNED ===
[Info   :Zeepkist Bingo] [BINGO] IsInActiveSession: False
[Info   :Zeepkist Bingo] [BINGO] Not in active session, skipping timer reset
[Info   :Zeepkist GTR] 17:58:57 Loading personal best...
[Info   :Zeepkist GTR] 17:58:57 Start processing HTTP request "POST" "https://graphql.zeepki.st/"
[Info   :Zeepkist GTR] 17:58:57 Sending HTTP request "POST" "https://graphql.zeepki.st/"
[Info   :Zeepkist GTR] 17:58:57 Stopping existing recorder if any
[Info   :Zeepkist GTR] 17:58:57 Creating new recorder
[Info   :Zeepkist GTR] 17:58:57 Start processing HTTP request "POST" "https://graphql.zeepki.st/"
[Info   :Zeepkist GTR] 17:58:57 Sending HTTP request "POST" "https://graphql.zeepki.st/"
[Info   :Zeepkist GTR] 17:58:57 Start processing HTTP request "POST" "https://graphql.zeepki.st/"
[Info   :Zeepkist GTR] 17:58:57 Sending HTTP request "POST" "https://graphql.zeepki.st/"
[Info   :Zeepkist GTR] 17:58:58 Received HTTP response headers after 336.3883ms - 200
[Info   :Zeepkist GTR] 17:58:58 End processing HTTP request after 336.6767ms - 200
[Error  :BetterSplits] could not get splits
Response: StatusCode: 400, ReasonPhrase: 'Bad Request', Version: 1.1, Content: System.Net.Http.StreamContent, Headers:
{
Date: Fri, 29 May 2026 22:58:58 GMT
Connection: keep-alive
access-control-allow-headers: Origin, X-Requested-With, Accept, Authorization, X-Apollo-Tracing, Content-Type, Content-Length, X-PostGraphile-Explain
access-control-allow-methods: HEAD, GET, POST
access-control-allow-origin: *
access-control-expose-headers: X-GraphQL-Event-Stream
alt-svc: h3=":443"; ma=86400
vary: Origin
via: 1.1 Caddy
x-graphql-event-stream: /stream
x-query-cost: 115
cf-cache-status: DYNAMIC
x-xss-protection: 1; mode=block
Strict-Transport-Security: max-age=15552000; includeSubDomains; preload
x-content-type-options: nosniff
Server-Timing: cfCacheStatus;desc="DYNAMIC", cfEdge;dur=7,cfOrigin;dur=124
Report-To: {"group":"cf-nel","max_age":604800,"endpoints":[{"url":"https://a.nel.cloudflare.com/report/v4?s=xNt2uT6Vw7EUordG5U%2Fypt44%2FmgfiKm18Rp0UDFku4WndUFT2PkgG1Kvbr98jeJsinnmr8HLFihY7ThIivlsG0nIHw68P6Xyj9CUgZGrjFsWQCLQU7wWkODVWOUJl8JX3Pni0vbON5JZ0iq15saJ2A%3D%3D"}]}
Nel: {"report_to":"cf-nel","success_fraction":0.0,"max_age":604800}
expect-ct: max-age=86400, enforce
referrer-policy: same-origin
x-frame-options: SAMEORIGIN
Server: cloudflare
CF-RAY: a0391b58dfb53bdc-ORD
Content-Type: application/json; charset=utf-8
Content-Length: 172
} 
Content: {"errors":[{"message":"Cannot query field \"personalBestGlobalsByIdLevel\" on type \"Level\". Did you mean \"personalBestGlobals\"?","locations":[{"line":1,"column":87}]}]}
Url: https://graphql.zeepki.st
Request: {"query":"query BetterSplitsPB($hash: String!, $steamId: BigFloat) { levelByHash(hash: $hash) { personalBestGlobalsByIdLevel(filter: {userByIdUser: {steamId: {equalTo: $steamId}}}) { nodes { recordByIdRecord { speeds splits time }}}}}","variables":{"hash":"EB99D8DD9040FCB1968CBFEC207E65CE33506BD1","steamId":"76561199218214543"}}
[Info   :Zeepkist GTR] 17:58:58 Received HTTP response headers after 370.6164ms - 200
[Info   :Zeepkist GTR] 17:58:58 End processing HTTP request after 370.9213ms - 200
[Info   :Zeepkist GTR] 17:58:58 Ghost version: 5
[Info   :Zeepkist GTR] 17:58:58 Received HTTP response headers after 514.5946ms - 200
[Info   :Zeepkist GTR] 17:58:58 End processing HTTP request after 514.8526ms - 200
[Info   :Zeepkist GTR] 17:58:58 Start processing HTTP request "POST" "https://graphql.zeepki.st/"
[Info   :Zeepkist GTR] 17:58:58 Sending HTTP request "POST" "https://graphql.zeepki.st/"
[Info   :Zeepkist GTR] 17:58:58 Received HTTP response headers after 171.0297ms - 200
[Info   :Zeepkist GTR] 17:58:58 End processing HTTP request after 171.2779ms - 200
[Info   :Zeepkist GTR] 17:58:59 Starting recorder
[Info   :Zeepkist Bingo] [CHAT] Intercepted message: yes
[Info   :Zeepkist Bingo] [CHAT] Not relaying - no bingo session
[Info   :Zeepkist GTR] 18:03:56 Discarding recorder
[Info   :Zeepkist Bingo] [BINGO] Level loaded
[Info   :BetterSplits] getting gtr splits
[Info   :Zeepkist Bingo] [BINGO] === PLAYER SPAWNED ===
[Info   :Zeepkist Bingo] [BINGO] IsInActiveSession: False
[Info   :Zeepkist Bingo] [BINGO] Not in active session, skipping timer reset
[Info   :Zeepkist GTR] 18:04:10 Loading personal best...
[Info   :Zeepkist GTR] 18:04:10 Start processing HTTP request "POST" "https://graphql.zeepki.st/"
[Info   :Zeepkist GTR] 18:04:10 Sending HTTP request "POST" "https://graphql.zeepki.st/"
[Info   :Zeepkist GTR] 18:04:10 Stopping existing recorder if any
[Info   :Zeepkist GTR] 18:04:10 Creating new recorder
[Info   :Zeepkist GTR] 18:04:10 Start processing HTTP request "POST" "https://graphql.zeepki.st/"
[Info   :Zeepkist GTR] 18:04:10 Sending HTTP request "POST" "https://graphql.zeepki.st/"
[Info   :Zeepkist GTR] 18:04:10 Start processing HTTP request "POST" "https://graphql.zeepki.st/"
[Info   :Zeepkist GTR] 18:04:10 Sending HTTP request "POST" "https://graphql.zeepki.st/"
[Error  :BetterSplits] could not get splits
Response: StatusCode: 400, ReasonPhrase: 'Bad Request', Version: 1.1, Content: System.Net.Http.StreamContent, Headers:
{
Date: Fri, 29 May 2026 23:04:11 GMT
Connection: keep-alive
Access-Control-Allow-Headers: Origin, X-Requested-With, Accept, Authorization, X-Apollo-Tracing, Content-Type, Content-Length, X-PostGraphile-Explain
Access-Control-Allow-Methods: HEAD, GET, POST
Access-Control-Allow-Origin: *
Access-Control-Expose-Headers: X-GraphQL-Event-Stream
Alt-Svc: h3=":443"; ma=86400
Vary: Origin
Via: 1.1 Caddy
X-Graphql-Event-Stream: /stream
X-Query-Cost: 115
Cf-Cache-Status: DYNAMIC
x-xss-protection: 1; mode=block
Strict-Transport-Security: max-age=15552000; includeSubDomains; preload
x-content-type-options: nosniff
Server-Timing: cfCacheStatus;desc="DYNAMIC", cfEdge;dur=7,cfOrigin;dur=122
Report-To: {"group":"cf-nel","max_age":604800,"endpoints":[{"url":"https://a.nel.cloudflare.com/report/v4?s=oqccE17VZKiNu%2BVsmducQQBQBbN0OKgyu%2F4BS655iokDryogu0Rit273UGeNKA6O6%2F38XclMeN%2F%2BbOWbhNh7TyX4noUFYOB1TH3GBIN1hjEsYn4wtbrz3kDYK6KIE0u2W%2BcTNaKcsvsfo22qAT15LQ%3D%3D"}]}
Nel: {"report_to":"cf-nel","success_fraction":0.0,"max_age":604800}
expect-ct: max-age=86400, enforce
referrer-policy: same-origin
x-frame-options: SAMEORIGIN
Server: cloudflare
CF-RAY: a03922fe4f10c543-ORD
Content-Type: application/json; charset=utf-8
Content-Length: 172
} 
Content: {"errors":[{"message":"Cannot query field \"personalBestGlobalsByIdLevel\" on type \"Level\". Did you mean \"personalBestGlobals\"?","locations":[{"line":1,"column":87}]}]}
Url: https://graphql.zeepki.st
Request: {"query":"query BetterSplitsPB($hash: String!, $steamId: BigFloat) { levelByHash(hash: $hash) { personalBestGlobalsByIdLevel(filter: {userByIdUser: {steamId: {equalTo: $steamId}}}) { nodes { recordByIdRecord { speeds splits time }}}}}","variables":{"hash":"8A2FD79AD5AAA82235A309F2A027813B547ADB11-2","steamId":"76561199218214543"}}
[Info   :Zeepkist GTR] 18:04:11 Received HTTP response headers after 393.8096ms - 200
[Info   :Zeepkist GTR] 18:04:11 End processing HTTP request after 394.0983ms - 200
[Info   :Zeepkist GTR] 18:04:11 Received HTTP response headers after 410.7917ms - 200
[Info   :Zeepkist GTR] 18:04:11 End processing HTTP request after 411.1483ms - 200
[Info   :Zeepkist GTR] 18:04:11 Ghost version: 5
[Info   :Zeepkist GTR] 18:04:11 Received HTTP response headers after 578.2598ms - 200
[Info   :Zeepkist GTR] 18:04:11 End processing HTTP request after 578.6479ms - 200
[Info   :Zeepkist GTR] 18:04:11 Start processing HTTP request "POST" "https://graphql.zeepki.st/"
[Info   :Zeepkist GTR] 18:04:11 Sending HTTP request "POST" "https://graphql.zeepki.st/"
[Info   :Zeepkist GTR] 18:04:11 Received HTTP response headers after 194.2881ms - 200
[Info   :Zeepkist GTR] 18:04:11 End processing HTTP request after 194.6629ms - 200
[Info   :Zeepkist GTR] 18:04:12 Starting recorder
[Info   :RoundLeaderboardTab] Drawing leaderboard -> forwarding to Instance.DrawTabLeaderboard()
[Info   :Zeepkist Bingo] [CHAT] Intercepted message: hi
[Info   :Zeepkist Bingo] [CHAT] Not relaying - no bingo session
[Info   :RoundLeaderboardTab] Drawing leaderboard -> forwarding to Instance.DrawTabLeaderboard()
[Info   :Zeepkist Bingo] [BINGO] === PLAYER SPAWNED ===
[Info   :Zeepkist Bingo] [BINGO] IsInActiveSession: False
[Info   :Zeepkist Bingo] [BINGO] Not in active session, skipping timer reset
[Info   :Zeepkist GTR] 18:06:18 Loading personal best...
[Info   :Zeepkist GTR] 18:06:18 Start processing HTTP request "POST" "https://graphql.zeepki.st/"
[Info   :Zeepkist GTR] 18:06:18 Sending HTTP request "POST" "https://graphql.zeepki.st/"
[Info   :Zeepkist GTR] 18:06:18 Stopping existing recorder if any
[Info   :Zeepkist GTR] 18:06:18 Creating new recorder
[Info   :Zeepkist GTR] 18:06:18 Start processing HTTP request "POST" "https://graphql.zeepki.st/"
[Info   :Zeepkist GTR] 18:06:18 Sending HTTP request "POST" "https://graphql.zeepki.st/"
[Info   :Zeepkist GTR] 18:06:18 Start processing HTTP request "POST" "https://graphql.zeepki.st/"
[Info   :Zeepkist GTR] 18:06:18 Sending HTTP request "POST" "https://graphql.zeepki.st/"
[Info   :Zeepkist GTR] 18:06:19 Received HTTP response headers after 812.5273ms - 200
[Info   :Zeepkist GTR] 18:06:19 End processing HTTP request after 812.7771ms - 200
[Info   :Zeepkist GTR] 18:06:19 Ghost version: 5
[Info   :Zeepkist GTR] 18:06:19 Received HTTP response headers after 844.211ms - 200
[Info   :Zeepkist GTR] 18:06:19 End processing HTTP request after 844.4559ms - 200
[Info   :Zeepkist GTR] 18:06:19 Received HTTP response headers after 973.7841ms - 200
[Info   :Zeepkist GTR] 18:06:19 End processing HTTP request after 974.0337ms - 200
[Info   :Zeepkist GTR] 18:06:19 Start processing HTTP request "POST" "https://graphql.zeepki.st/"
[Info   :Zeepkist GTR] 18:06:19 Sending HTTP request "POST" "https://graphql.zeepki.st/"
[Info   :Zeepkist GTR] 18:06:19 Received HTTP response headers after 190.8413ms - 200
[Info   :Zeepkist GTR] 18:06:19 End processing HTTP request after 191.0553ms - 200
[Info   :Zeepkist GTR] 18:06:20 Starting recorder
[Info   :Zeepkist GTR] 18:07:01 Stopping recorder
[Info   :Zeepkist GTR] 18:07:01 Collecting extra information
[Info   :Zeepkist GTR] 18:07:01 Processing ghost data
[Info   :Zeepkist GTR] 18:07:01 Creating stream
[Info   :Zeepkist GTR] 18:07:01 Writing to stream
[Info   :Zeepkist GTR] 18:07:01 Closing stream
[Info   :Zeepkist GTR] 18:07:01 Getting buffer
[Info   :Zeepkist GTR] 18:07:01 Converting to base64
[Info   :Zeepkist GTR] 18:07:01 Creating resource
[Info   :Zeepkist GTR] 18:07:01 Start processing HTTP request "POST" "https://backend.zeepki.st/auth/refresh"
[Info   :Zeepkist GTR] 18:07:01 Sending HTTP request "POST" "https://backend.zeepki.st/auth/refresh"
[Info   :Zeepkist Bingo] [BINGO] === PLAYER SPAWNED ===
[Info   :Zeepkist Bingo] [BINGO] IsInActiveSession: False
[Info   :Zeepkist Bingo] [BINGO] Not in active session, skipping timer reset
[Info   :Zeepkist GTR] 18:07:02 Loading personal best...
[Info   :Zeepkist GTR] 18:07:02 Start processing HTTP request "POST" "https://graphql.zeepki.st/"
[Info   :Zeepkist GTR] 18:07:02 Sending HTTP request "POST" "https://graphql.zeepki.st/"
[Info   :Zeepkist GTR] 18:07:02 Stopping existing recorder if any
[Info   :Zeepkist GTR] 18:07:02 Creating new recorder
[Info   :Zeepkist GTR] 18:07:02 Start processing HTTP request "POST" "https://graphql.zeepki.st/"
[Info   :Zeepkist GTR] 18:07:02 Sending HTTP request "POST" "https://graphql.zeepki.st/"
[Info   :Zeepkist GTR] 18:07:02 Start processing HTTP request "POST" "https://graphql.zeepki.st/"
[Info   :Zeepkist GTR] 18:07:02 Sending HTTP request "POST" "https://graphql.zeepki.st/"
[Info   :Zeepkist GTR] 18:07:02 Received HTTP response headers after 176.6229ms - 200
[Info   :Zeepkist GTR] 18:07:02 End processing HTTP request after 176.8245ms - 200
[Info   :Zeepkist GTR] 18:07:02 Received HTTP response headers after 191.6368ms - 200
[Info   :Zeepkist GTR] 18:07:02 End processing HTTP request after 191.8369ms - 200
[Info   :Zeepkist GTR] 18:07:02 Ghost version: 5
[Info   :Zeepkist GTR] 18:07:02 Received HTTP response headers after 1327.7578ms - 200
[Info   :Zeepkist GTR] 18:07:02 End processing HTTP request after 1327.9828ms - 200
[Info   :Zeepkist GTR] 18:07:02 Start processing HTTP request "POST" "https://backend.zeepki.st/record/submit"
[Info   :Zeepkist GTR] 18:07:02 Sending HTTP request "POST" "https://backend.zeepki.st/record/submit"
[Info   :Zeepkist GTR] 18:07:02 Received HTTP response headers after 360.378ms - 200
[Info   :Zeepkist GTR] 18:07:02 End processing HTTP request after 360.5841ms - 200
[Info   :Zeepkist GTR] 18:07:02 Start processing HTTP request "POST" "https://graphql.zeepki.st/"
[Info   :Zeepkist GTR] 18:07:02 Sending HTTP request "POST" "https://graphql.zeepki.st/"
[Info   :Zeepkist GTR] 18:07:03 Received HTTP response headers after 179.3141ms - 200
[Info   :Zeepkist GTR] 18:07:03 End processing HTTP request after 179.563ms - 200
[Info   :Zeepkist GTR] 18:07:03 Received HTTP response headers after 540.5486ms - 200
[Info   :Zeepkist GTR] 18:07:03 End processing HTTP request after 540.761ms - 200
[Info   :Zeepkist GTR] 18:07:04 Starting recorder
[Info   :Zeepkist Bingo] [BINGO] === PLAYER SPAWNED ===
[Info   :Zeepkist Bingo] [BINGO] IsInActiveSession: False
[Info   :Zeepkist Bingo] [BINGO] Not in active session, skipping timer reset
[Info   :Zeepkist GTR] 18:07:09 Loading personal best...
[Info   :Zeepkist GTR] 18:07:09 Start processing HTTP request "POST" "https://graphql.zeepki.st/"
[Info   :Zeepkist GTR] 18:07:09 Sending HTTP request "POST" "https://graphql.zeepki.st/"
[Info   :Zeepkist GTR] 18:07:09 Stopping existing recorder if any
[Info   :Zeepkist GTR] 18:07:09 Creating new recorder
[Info   :Zeepkist GTR] 18:07:09 Start processing HTTP request "POST" "https://graphql.zeepki.st/"
[Info   :Zeepkist GTR] 18:07:09 Sending HTTP request "POST" "https://graphql.zeepki.st/"
[Info   :Zeepkist GTR] 18:07:09 Start processing HTTP request "POST" "https://graphql.zeepki.st/"
[Info   :Zeepkist GTR] 18:07:09 Sending HTTP request "POST" "https://graphql.zeepki.st/"
[Info   :Zeepkist GTR] 18:07:10 Received HTTP response headers after 190.2545ms - 200
[Info   :Zeepkist GTR] 18:07:10 End processing HTTP request after 190.4663ms - 200
[Info   :Zeepkist GTR] 18:07:10 Ghost version: 5
[Info   :Zeepkist GTR] 18:07:10 Received HTTP response headers after 264.7479ms - 200
[Info   :Zeepkist GTR] 18:07:10 End processing HTTP request after 264.9734ms - 200
[Info   :Zeepkist GTR] 18:07:10 Received HTTP response headers after 388.1407ms - 200
[Info   :Zeepkist GTR] 18:07:10 End processing HTTP request after 388.3748ms - 200
[Info   :Zeepkist GTR] 18:07:10 Start processing HTTP request "POST" "https://graphql.zeepki.st/"
[Info   :Zeepkist GTR] 18:07:10 Sending HTTP request "POST" "https://graphql.zeepki.st/"
[Info   :Zeepkist GTR] 18:07:10 Received HTTP response headers after 197.8216ms - 200
[Info   :Zeepkist GTR] 18:07:10 End processing HTTP request after 198.0226ms - 200
[Info   :Zeepkist GTR] 18:07:11 Starting recorder
[Info   :Zeepkist Bingo] [BINGO] === PLAYER SPAWNED ===
[Info   :Zeepkist Bingo] [BINGO] IsInActiveSession: False
[Info   :Zeepkist Bingo] [BINGO] Not in active session, skipping timer reset
[Info   :Zeepkist GTR] 18:07:41 Loading personal best...
[Info   :Zeepkist GTR] 18:07:41 Start processing HTTP request "POST" "https://graphql.zeepki.st/"
[Info   :Zeepkist GTR] 18:07:41 Sending HTTP request "POST" "https://graphql.zeepki.st/"
[Info   :Zeepkist GTR] 18:07:41 Stopping existing recorder if any
[Info   :Zeepkist GTR] 18:07:41 Creating new recorder
[Info   :Zeepkist GTR] 18:07:41 Start processing HTTP request "POST" "https://graphql.zeepki.st/"
[Info   :Zeepkist GTR] 18:07:41 Sending HTTP request "POST" "https://graphql.zeepki.st/"
[Info   :Zeepkist GTR] 18:07:41 Start processing HTTP request "POST" "https://graphql.zeepki.st/"
[Info   :Zeepkist GTR] 18:07:41 Sending HTTP request "POST" "https://graphql.zeepki.st/"
[Info   :Zeepkist GTR] 18:07:41 Received HTTP response headers after 196.6232ms - 200
[Info   :Zeepkist GTR] 18:07:41 End processing HTTP request after 196.8481ms - 200
[Info   :Zeepkist GTR] 18:07:41 Received HTTP response headers after 198.3106ms - 200
[Info   :Zeepkist GTR] 18:07:41 End processing HTTP request after 198.5154ms - 200
[Info   :Zeepkist GTR] 18:07:41 Ghost version: 5
[Info   :Zeepkist GTR] 18:07:42 Received HTTP response headers after 385.1941ms - 200
[Info   :Zeepkist GTR] 18:07:42 End processing HTTP request after 385.3836ms - 200
[Info   :Zeepkist GTR] 18:07:42 Start processing HTTP request "POST" "https://graphql.zeepki.st/"
[Info   :Zeepkist GTR] 18:07:42 Sending HTTP request "POST" "https://graphql.zeepki.st/"
[Info   :Zeepkist GTR] 18:07:42 Received HTTP response headers after 223.1675ms - 200
[Info   :Zeepkist GTR] 18:07:42 End processing HTTP request after 223.4096ms - 200
[Info   :Zeepkist GTR] 18:07:43 Starting recorder
[Info   :Zeepkist Bingo] [BINGO] === PLAYER SPAWNED ===
[Info   :Zeepkist Bingo] [BINGO] IsInActiveSession: False
[Info   :Zeepkist Bingo] [BINGO] Not in active session, skipping timer reset
[Info   :Zeepkist GTR] 18:07:45 Loading personal best...
[Info   :Zeepkist GTR] 18:07:45 Start processing HTTP request "POST" "https://graphql.zeepki.st/"
[Info   :Zeepkist GTR] 18:07:45 Sending HTTP request "POST" "https://graphql.zeepki.st/"
[Info   :Zeepkist GTR] 18:07:45 Stopping existing recorder if any
[Info   :Zeepkist GTR] 18:07:45 Creating new recorder
[Info   :Zeepkist GTR] 18:07:45 Start processing HTTP request "POST" "https://graphql.zeepki.st/"
[Info   :Zeepkist GTR] 18:07:45 Sending HTTP request "POST" "https://graphql.zeepki.st/"
[Info   :Zeepkist GTR] 18:07:45 Start processing HTTP request "POST" "https://graphql.zeepki.st/"
[Info   :Zeepkist GTR] 18:07:45 Sending HTTP request "POST" "https://graphql.zeepki.st/"
[Info   :Zeepkist GTR] 18:07:45 Received HTTP response headers after 202.657ms - 200
[Info   :Zeepkist GTR] 18:07:45 End processing HTTP request after 202.8948ms - 200
[Info   :Zeepkist GTR] 18:07:45 Received HTTP response headers after 209.967ms - 200
[Info   :Zeepkist GTR] 18:07:45 End processing HTTP request after 210.2652ms - 200
[Info   :Zeepkist GTR] 18:07:45 Ghost version: 5
[Info   :Zeepkist GTR] 18:07:45 Received HTTP response headers after 399.1699ms - 200
[Info   :Zeepkist GTR] 18:07:45 End processing HTTP request after 399.4087ms - 200
[Info   :Zeepkist GTR] 18:07:45 Start processing HTTP request "POST" "https://graphql.zeepki.st/"
[Info   :Zeepkist GTR] 18:07:45 Sending HTTP request "POST" "https://graphql.zeepki.st/"
[Info   :Zeepkist GTR] 18:07:46 Received HTTP response headers after 291.5019ms - 200
[Info   :Zeepkist GTR] 18:07:46 End processing HTTP request after 291.7325ms - 200
[Info   :Zeepkist GTR] 18:07:47 Starting recorder
[Info   :Zeepkist GTR] 18:08:28 Stopping recorder
[Info   :Zeepkist GTR] 18:08:28 Collecting extra information
[Info   :Zeepkist GTR] 18:08:28 Processing ghost data
[Info   :Zeepkist GTR] 18:08:28 Creating stream
[Info   :Zeepkist GTR] 18:08:28 Writing to stream
[Info   :Zeepkist GTR] 18:08:28 Closing stream
[Info   :Zeepkist GTR] 18:08:28 Getting buffer
[Info   :Zeepkist GTR] 18:08:28 Converting to base64
[Info   :Zeepkist GTR] 18:08:28 Creating resource
[Info   :Zeepkist GTR] 18:08:28 Start processing HTTP request "POST" "https://backend.zeepki.st/auth/refresh"
[Info   :Zeepkist GTR] 18:08:28 Sending HTTP request "POST" "https://backend.zeepki.st/auth/refresh"
[Info   :Zeepkist GTR] 18:08:29 Received HTTP response headers after 379.5897ms - 200
[Info   :Zeepkist GTR] 18:08:29 End processing HTTP request after 379.8813ms - 200
[Info   :Zeepkist GTR] 18:08:29 Start processing HTTP request "POST" "https://backend.zeepki.st/record/submit"
[Info   :Zeepkist GTR] 18:08:29 Sending HTTP request "POST" "https://backend.zeepki.st/record/submit"
[Info   :Zeepkist GTR] 18:08:29 Received HTTP response headers after 363.9526ms - 200
[Info   :Zeepkist GTR] 18:08:29 End processing HTTP request after 364.244ms - 200
[Info   :RoundLeaderboardTab] Drawing leaderboard -> forwarding to Instance.DrawTabLeaderboard()
[Info   :RoundLeaderboardTab] Drawing leaderboard -> forwarding to Instance.DrawTabLeaderboard()
[Info   :RoundLeaderboardTab] Drawing leaderboard -> forwarding to Instance.DrawTabLeaderboard()
[Info   :Zeepkist GTR] 18:09:09 Discarding recorder
[Info   :Zeepkist Bingo] [BINGO] Level loaded
[Info   :BetterSplits] getting gtr splits
[Info   :Zeepkist Bingo] [BINGO] === PLAYER SPAWNED ===
[Info   :Zeepkist Bingo] [BINGO] IsInActiveSession: False
[Info   :Zeepkist Bingo] [BINGO] Not in active session, skipping timer reset
[Info   :Zeepkist GTR] 18:09:23 Loading personal best...
[Info   :Zeepkist GTR] 18:09:23 Start processing HTTP request "POST" "https://graphql.zeepki.st/"
[Info   :Zeepkist GTR] 18:09:23 Sending HTTP request "POST" "https://graphql.zeepki.st/"
[Info   :Zeepkist GTR] 18:09:23 Stopping existing recorder if any
[Info   :Zeepkist GTR] 18:09:23 Creating new recorder
[Info   :Zeepkist GTR] 18:09:23 Start processing HTTP request "POST" "https://graphql.zeepki.st/"
[Info   :Zeepkist GTR] 18:09:23 Sending HTTP request "POST" "https://graphql.zeepki.st/"
[Info   :Zeepkist GTR] 18:09:23 Start processing HTTP request "POST" "https://graphql.zeepki.st/"
[Info   :Zeepkist GTR] 18:09:23 Sending HTTP request "POST" "https://graphql.zeepki.st/"
[Info   :Zeepkist GTR] 18:09:24 Received HTTP response headers after 521.3723ms - 200
[Info   :Zeepkist GTR] 18:09:24 End processing HTTP request after 521.7724ms - 200
[Info   :Zeepkist GTR] 18:09:24 Received HTTP response headers after 551.7755ms - 200
[Info   :Zeepkist GTR] 18:09:24 End processing HTTP request after 552.1622ms - 200
[Error  :BetterSplits] could not get splits
Response: StatusCode: 400, ReasonPhrase: 'Bad Request', Version: 1.1, Content: System.Net.Http.StreamContent, Headers:
{
Date: Fri, 29 May 2026 23:09:24 GMT
Connection: keep-alive
access-control-allow-headers: Origin, X-Requested-With, Accept, Authorization, X-Apollo-Tracing, Content-Type, Content-Length, X-PostGraphile-Explain
access-control-allow-methods: HEAD, GET, POST
access-control-allow-origin: *
access-control-expose-headers: X-GraphQL-Event-Stream
alt-svc: h3=":443"; ma=86400
vary: Origin
via: 1.1 Caddy
x-graphql-event-stream: /stream
x-query-cost: 115
cf-cache-status: DYNAMIC
x-xss-protection: 1; mode=block
Strict-Transport-Security: max-age=15552000; includeSubDomains; preload
x-content-type-options: nosniff
Server-Timing: cfCacheStatus;desc="DYNAMIC", cfEdge;dur=17,cfOrigin;dur=121
Report-To: {"group":"cf-nel","max_age":604800,"endpoints":[{"url":"https://a.nel.cloudflare.com/report/v4?s=v5lHfFkVxQcIhOYPOaLzirkpfqg9KuJjaZH7JmTfIt0EbY%2F%2FlWVDxX6Ph6GgZjeRTR%2F0rwUaxyNmYVdX5d39MUFWLCT6SQwzfOPHLdpKiDa2O3yUQqABLWn07FM7BL5v5A8KVPJ5G0tFnPGiUYXuSg%3D%3D"}]}
Nel: {"report_to":"cf-nel","success_fraction":0.0,"max_age":604800}
expect-ct: max-age=86400, enforce
referrer-policy: same-origin
x-frame-options: SAMEORIGIN
Server: cloudflare
CF-RAY: a0392aa41e32e24a-ORD
Content-Type: application/json; charset=utf-8
Content-Length: 172
} 
Content: {"errors":[{"message":"Cannot query field \"personalBestGlobalsByIdLevel\" on type \"Level\". Did you mean \"personalBestGlobals\"?","locations":[{"line":1,"column":87}]}]}
Url: https://graphql.zeepki.st
Request: {"query":"query BetterSplitsPB($hash: String!, $steamId: BigFloat) { levelByHash(hash: $hash) { personalBestGlobalsByIdLevel(filter: {userByIdUser: {steamId: {equalTo: $steamId}}}) { nodes { recordByIdRecord { speeds splits time }}}}}","variables":{"hash":"1D26737B706006DD452A7DEF4C067AECDBC586B1","steamId":"76561199218214543"}}
[Info   :Zeepkist GTR] 18:09:24 Ghost version: 5
[Info   :Zeepkist GTR] 18:09:24 Received HTTP response headers after 736.5524ms - 200
[Info   :Zeepkist GTR] 18:09:24 End processing HTTP request after 736.9342ms - 200
[Info   :Zeepkist GTR] 18:09:24 Start processing HTTP request "POST" "https://graphql.zeepki.st/"
[Info   :Zeepkist GTR] 18:09:24 Sending HTTP request "POST" "https://graphql.zeepki.st/"
[Info   :Zeepkist GTR] 18:09:25 Received HTTP response headers after 371.8028ms - 200
[Info   :Zeepkist GTR] 18:09:25 End processing HTTP request after 372.2055ms - 200
[Info   :Zeepkist GTR] 18:09:25 Starting recorder
[Info   :Zeepkist GTR] 18:14:22 Discarding recorder
[Info   :Zeepkist Bingo] [BINGO] Level loaded
[Info   :BetterSplits] getting gtr splits
[Info   :Zeepkist Bingo] [BINGO] === PLAYER SPAWNED ===
[Info   :Zeepkist Bingo] [BINGO] IsInActiveSession: False
[Info   :Zeepkist Bingo] [BINGO] Not in active session, skipping timer reset
[Info   :Zeepkist GTR] 18:14:36 Loading personal best...
[Info   :Zeepkist GTR] 18:14:36 Start processing HTTP request "POST" "https://graphql.zeepki.st/"
[Info   :Zeepkist GTR] 18:14:36 Sending HTTP request "POST" "https://graphql.zeepki.st/"
[Info   :Zeepkist GTR] 18:14:36 Stopping existing recorder if any
[Info   :Zeepkist GTR] 18:14:36 Creating new recorder
[Info   :Zeepkist GTR] 18:14:36 Start processing HTTP request "POST" "https://graphql.zeepki.st/"
[Info   :Zeepkist GTR] 18:14:36 Sending HTTP request "POST" "https://graphql.zeepki.st/"
[Info   :Zeepkist GTR] 18:14:36 Start processing HTTP request "POST" "https://graphql.zeepki.st/"
[Info   :Zeepkist GTR] 18:14:36 Sending HTTP request "POST" "https://graphql.zeepki.st/"
[Error  :BetterSplits] could not get splits
Response: StatusCode: 400, ReasonPhrase: 'Bad Request', Version: 1.1, Content: System.Net.Http.StreamContent, Headers:
{
Date: Fri, 29 May 2026 23:14:37 GMT
Connection: keep-alive
access-control-allow-headers: Origin, X-Requested-With, Accept, Authorization, X-Apollo-Tracing, Content-Type, Content-Length, X-PostGraphile-Explain
access-control-allow-methods: HEAD, GET, POST
access-control-allow-origin: *
access-control-expose-headers: X-GraphQL-Event-Stream
alt-svc: h3=":443"; ma=86400
vary: Origin
via: 1.1 Caddy
x-graphql-event-stream: /stream
x-query-cost: 115
cf-cache-status: DYNAMIC
x-xss-protection: 1; mode=block
Strict-Transport-Security: max-age=15552000; includeSubDomains; preload
x-content-type-options: nosniff
Server-Timing: cfCacheStatus;desc="DYNAMIC", cfEdge;dur=8,cfOrigin;dur=111
Report-To: {"group":"cf-nel","max_age":604800,"endpoints":[{"url":"https://a.nel.cloudflare.com/report/v4?s=uOlwbIfB4iGPmVO3LQ2RrbiT5TZRVyCbAcJ03SUlU%2FvbIw%2FdXdSIfKflvuwCSatVpUiSzSkfXc96dbB481q27R5LNm7cG3RJrwojPWgOHwJdJP%2FWFC2p3MwRekPWqkRte1JnJdoujNHLk6iJ7FKJZQ%3D%3D"}]}
Nel: {"report_to":"cf-nel","success_fraction":0.0,"max_age":604800}
expect-ct: max-age=86400, enforce
referrer-policy: same-origin
x-frame-options: SAMEORIGIN
Server: cloudflare
CF-RAY: a0393246b96735c0-ORD
Content-Type: application/json; charset=utf-8
Content-Length: 172
} 
Content: {"errors":[{"message":"Cannot query field \"personalBestGlobalsByIdLevel\" on type \"Level\". Did you mean \"personalBestGlobals\"?","locations":[{"line":1,"column":87}]}]}
Url: https://graphql.zeepki.st
Request: {"query":"query BetterSplitsPB($hash: String!, $steamId: BigFloat) { levelByHash(hash: $hash) { personalBestGlobalsByIdLevel(filter: {userByIdUser: {steamId: {equalTo: $steamId}}}) { nodes { recordByIdRecord { speeds splits time }}}}}","variables":{"hash":"F201CD7B39FD30BE3C496E4D978D51694B853357","steamId":"76561199218214543"}}
[Info   :Zeepkist GTR] 18:14:37 Received HTTP response headers after 399.5041ms - 200
[Info   :Zeepkist GTR] 18:14:37 End processing HTTP request after 399.9385ms - 200
[Info   :Zeepkist GTR] 18:14:37 Received HTTP response headers after 413.6649ms - 200
[Info   :Zeepkist GTR] 18:14:37 End processing HTTP request after 414.1409ms - 200
[Info   :Zeepkist GTR] 18:14:37 Ghost version: 5
[Info   :Zeepkist GTR] 18:14:37 Received HTTP response headers after 598.1648ms - 200
[Info   :Zeepkist GTR] 18:14:37 End processing HTTP request after 598.5901ms - 200
[Info   :Zeepkist GTR] 18:14:37 Start processing HTTP request "POST" "https://graphql.zeepki.st/"
[Info   :Zeepkist GTR] 18:14:37 Sending HTTP request "POST" "https://graphql.zeepki.st/"
[Info   :Zeepkist GTR] 18:14:37 Received HTTP response headers after 191.3664ms - 200
[Info   :Zeepkist GTR] 18:14:37 End processing HTTP request after 191.75ms - 200
[Info   :Zeepkist GTR] 18:14:38 Starting recorder
[Info   :Zeepkist GTR] 18:19:35 Discarding recorder
[Info   :Zeepkist Bingo] [BINGO] Level loaded
[Info   :BetterSplits] getting gtr splits
[Info   :Zeepkist Bingo] [BINGO] === PLAYER SPAWNED ===
[Info   :Zeepkist Bingo] [BINGO] IsInActiveSession: False
[Info   :Zeepkist Bingo] [BINGO] Not in active session, skipping timer reset
[Info   :Zeepkist GTR] 18:19:50 Loading personal best...
[Info   :Zeepkist GTR] 18:19:50 Start processing HTTP request "POST" "https://graphql.zeepki.st/"
[Info   :Zeepkist GTR] 18:19:50 Sending HTTP request "POST" "https://graphql.zeepki.st/"
[Info   :Zeepkist GTR] 18:19:50 Stopping existing recorder if any
[Info   :Zeepkist GTR] 18:19:50 Creating new recorder
[Info   :Zeepkist GTR] 18:19:50 Start processing HTTP request "POST" "https://graphql.zeepki.st/"
[Info   :Zeepkist GTR] 18:19:50 Sending HTTP request "POST" "https://graphql.zeepki.st/"
[Info   :Zeepkist GTR] 18:19:50 Start processing HTTP request "POST" "https://graphql.zeepki.st/"
[Info   :Zeepkist GTR] 18:19:50 Sending HTTP request "POST" "https://graphql.zeepki.st/"
[Info   :Zeepkist GTR] 18:19:50 Received HTTP response headers after 384.9201ms - 200
[Info   :Zeepkist GTR] 18:19:50 End processing HTTP request after 386.1341ms - 200
[Info   :Zeepkist GTR] 18:19:50 Ghost version: 5
[Info   :Zeepkist GTR] 18:19:51 Received HTTP response headers after 604.4797ms - 200
[Info   :Zeepkist GTR] 18:19:51 End processing HTTP request after 604.8939ms - 200
[Error  :BetterSplits] could not get splits
Response: StatusCode: 400, ReasonPhrase: 'Bad Request', Version: 1.1, Content: System.Net.Http.StreamContent, Headers:
{
Date: Fri, 29 May 2026 23:19:51 GMT
Connection: keep-alive
Access-Control-Allow-Headers: Origin, X-Requested-With, Accept, Authorization, X-Apollo-Tracing, Content-Type, Content-Length, X-PostGraphile-Explain
Access-Control-Allow-Methods: HEAD, GET, POST
Access-Control-Allow-Origin: *
Access-Control-Expose-Headers: X-GraphQL-Event-Stream
Alt-Svc: h3=":443"; ma=86400
Vary: Origin
Via: 1.1 Caddy
X-Graphql-Event-Stream: /stream
X-Query-Cost: 115
Cf-Cache-Status: DYNAMIC
x-xss-protection: 1; mode=block
Strict-Transport-Security: max-age=15552000; includeSubDomains; preload
x-content-type-options: nosniff
Server-Timing: cfCacheStatus;desc="DYNAMIC", cfEdge;dur=22,cfOrigin;dur=476
Report-To: {"group":"cf-nel","max_age":604800,"endpoints":[{"url":"https://a.nel.cloudflare.com/report/v4?s=kQEqD5cTtw4bnddLEHeokkheaI%2FHAy6EIgOMVoTS%2BnXBqx%2FLCwIh6PB9sbbHo%2B%2FdrclA6UHhvHfoJUOr7XIKLK3%2BVNmrXZX%2BkfXXDw4pgI1iKP8QJCdRXCMgyWe5hlxkN448PTm%2Fsvno8bKsBfubMA%3D%3D"}]}
Nel: {"report_to":"cf-nel","success_fraction":0.0,"max_age":604800}
expect-ct: max-age=86400, enforce
referrer-policy: same-origin
x-frame-options: SAMEORIGIN
Server: cloudflare
CF-RAY: a03939ee9da07619-ORD
Content-Type: application/json; charset=utf-8
Content-Length: 172
} 
Content: {"errors":[{"message":"Cannot query field \"personalBestGlobalsByIdLevel\" on type \"Level\". Did you mean \"personalBestGlobals\"?","locations":[{"line":1,"column":87}]}]}
Url: https://graphql.zeepki.st
Request: {"query":"query BetterSplitsPB($hash: String!, $steamId: BigFloat) { levelByHash(hash: $hash) { personalBestGlobalsByIdLevel(filter: {userByIdUser: {steamId: {equalTo: $steamId}}}) { nodes { recordByIdRecord { speeds splits time }}}}}","variables":{"hash":"98E3042A59F112859842425077C3C1C0F936A712","steamId":"76561199218214543"}}
[Info   :Zeepkist GTR] 18:19:51 Received HTTP response headers after 772.7003ms - 200
[Info   :Zeepkist GTR] 18:19:51 End processing HTTP request after 773.1516ms - 200
[Info   :Zeepkist GTR] 18:19:51 Start processing HTTP request "POST" "https://graphql.zeepki.st/"
[Info   :Zeepkist GTR] 18:19:51 Sending HTTP request "POST" "https://graphql.zeepki.st/"
[Info   :Zeepkist GTR] 18:19:51 Received HTTP response headers after 188.7809ms - 200
[Info   :Zeepkist GTR] 18:19:51 End processing HTTP request after 189.4322ms - 200
[Info   :Zeepkist GTR] 18:19:52 Starting recorder
[Info   :Zeepkist Bingo] [BINGO] === PLAYER SPAWNED ===
[Info   :Zeepkist Bingo] [BINGO] IsInActiveSession: False
[Info   :Zeepkist Bingo] [BINGO] Not in active session, skipping timer reset
[Info   :Zeepkist GTR] 18:24:14 Loading personal best...
[Info   :Zeepkist GTR] 18:24:14 Start processing HTTP request "POST" "https://graphql.zeepki.st/"
[Info   :Zeepkist GTR] 18:24:14 Sending HTTP request "POST" "https://graphql.zeepki.st/"
[Info   :Zeepkist GTR] 18:24:14 Stopping existing recorder if any
[Info   :Zeepkist GTR] 18:24:14 Creating new recorder
[Info   :Zeepkist GTR] 18:24:14 Start processing HTTP request "POST" "https://graphql.zeepki.st/"
[Info   :Zeepkist GTR] 18:24:14 Sending HTTP request "POST" "https://graphql.zeepki.st/"
[Info   :Zeepkist GTR] 18:24:14 Start processing HTTP request "POST" "https://graphql.zeepki.st/"
[Info   :Zeepkist GTR] 18:24:14 Sending HTTP request "POST" "https://graphql.zeepki.st/"
[Info   :Zeepkist GTR] 18:24:14 Received HTTP response headers after 426.8874ms - 200
[Info   :Zeepkist GTR] 18:24:14 End processing HTTP request after 427.126ms - 200
[Info   :Zeepkist GTR] 18:24:14 Received HTTP response headers after 587.6392ms - 200
[Info   :Zeepkist GTR] 18:24:14 End processing HTTP request after 587.9072ms - 200
[Info   :Zeepkist GTR] 18:24:14 Start processing HTTP request "POST" "https://graphql.zeepki.st/"
[Info   :Zeepkist GTR] 18:24:14 Sending HTTP request "POST" "https://graphql.zeepki.st/"
[Info   :Zeepkist GTR] 18:24:14 Received HTTP response headers after 816.0376ms - 200
[Info   :Zeepkist GTR] 18:24:14 End processing HTTP request after 816.351ms - 200
[Info   :Zeepkist GTR] 18:24:14 Ghost version: 5
[Info   :Zeepkist GTR] 18:24:14 Received HTTP response headers after 184.3881ms - 200
[Info   :Zeepkist GTR] 18:24:14 End processing HTTP request after 184.6696ms - 200
[Info   :RoundLeaderboardTab] Drawing leaderboard -> forwarding to Instance.DrawTabLeaderboard()
[Info   :Zeepkist GTR] 18:24:15 Starting recorder
[Info   :Zeepkist Bingo] [BINGO] === PLAYER SPAWNED ===
[Info   :Zeepkist Bingo] [BINGO] IsInActiveSession: False
[Info   :Zeepkist Bingo] [BINGO] Not in active session, skipping timer reset
[Info   :Zeepkist GTR] 18:24:25 Loading personal best...
[Info   :Zeepkist GTR] 18:24:25 Start processing HTTP request "POST" "https://graphql.zeepki.st/"
[Info   :Zeepkist GTR] 18:24:25 Sending HTTP request "POST" "https://graphql.zeepki.st/"
[Info   :Zeepkist GTR] 18:24:25 Stopping existing recorder if any
[Info   :Zeepkist GTR] 18:24:25 Creating new recorder
[Info   :Zeepkist GTR] 18:24:25 Start processing HTTP request "POST" "https://graphql.zeepki.st/"
[Info   :Zeepkist GTR] 18:24:25 Sending HTTP request "POST" "https://graphql.zeepki.st/"
[Info   :Zeepkist GTR] 18:24:25 Start processing HTTP request "POST" "https://graphql.zeepki.st/"
[Info   :Zeepkist GTR] 18:24:25 Sending HTTP request "POST" "https://graphql.zeepki.st/"
[Info   :Zeepkist GTR] 18:24:25 Received HTTP response headers after 192.0125ms - 200
[Info   :Zeepkist GTR] 18:24:25 End processing HTTP request after 192.2937ms - 200
[Info   :Zeepkist GTR] 18:24:25 Received HTTP response headers after 195.0265ms - 200
[Info   :Zeepkist GTR] 18:24:25 End processing HTTP request after 195.226ms - 200
[Info   :Zeepkist GTR] 18:24:25 Ghost version: 5
[Info   :Zeepkist GTR] 18:24:26 Received HTTP response headers after 390.0945ms - 200
[Info   :Zeepkist GTR] 18:24:26 End processing HTTP request after 390.3001ms - 200
[Info   :Zeepkist GTR] 18:24:26 Start processing HTTP request "POST" "https://graphql.zeepki.st/"
[Info   :Zeepkist GTR] 18:24:26 Sending HTTP request "POST" "https://graphql.zeepki.st/"
[Info   :Zeepkist GTR] 18:24:26 Received HTTP response headers after 192.4121ms - 200
[Info   :Zeepkist GTR] 18:24:26 End processing HTTP request after 192.6853ms - 200
[Info   :Zeepkist GTR] 18:24:27 Starting recorder
[Info   :Zeepkist Bingo] [BINGO] === PLAYER SPAWNED ===
[Info   :Zeepkist Bingo] [BINGO] IsInActiveSession: False
[Info   :Zeepkist Bingo] [BINGO] Not in active session, skipping timer reset
[Info   :Zeepkist GTR] 18:24:43 Loading personal best...
[Info   :Zeepkist GTR] 18:24:43 Start processing HTTP request "POST" "https://graphql.zeepki.st/"
[Info   :Zeepkist GTR] 18:24:43 Sending HTTP request "POST" "https://graphql.zeepki.st/"
[Info   :Zeepkist GTR] 18:24:43 Stopping existing recorder if any
[Info   :Zeepkist GTR] 18:24:43 Creating new recorder
[Info   :Zeepkist GTR] 18:24:43 Start processing HTTP request "POST" "https://graphql.zeepki.st/"
[Info   :Zeepkist GTR] 18:24:43 Sending HTTP request "POST" "https://graphql.zeepki.st/"
[Info   :Zeepkist GTR] 18:24:43 Start processing HTTP request "POST" "https://graphql.zeepki.st/"
[Info   :Zeepkist GTR] 18:24:43 Sending HTTP request "POST" "https://graphql.zeepki.st/"
[Info   :Zeepkist GTR] 18:24:43 Received HTTP response headers after 208.1775ms - 200
[Info   :Zeepkist GTR] 18:24:43 End processing HTTP request after 208.4124ms - 200
[Info   :Zeepkist GTR] 18:24:43 Ghost version: 5
[Info   :Zeepkist GTR] 18:24:43 Received HTTP response headers after 242.6693ms - 200
[Info   :Zeepkist GTR] 18:24:43 End processing HTTP request after 242.9682ms - 200
[Info   :Zeepkist GTR] 18:24:43 Received HTTP response headers after 396.9541ms - 200
[Info   :Zeepkist GTR] 18:24:43 End processing HTTP request after 397.1747ms - 200
[Info   :Zeepkist GTR] 18:24:43 Start processing HTTP request "POST" "https://graphql.zeepki.st/"
[Info   :Zeepkist GTR] 18:24:43 Sending HTTP request "POST" "https://graphql.zeepki.st/"
[Info   :Zeepkist GTR] 18:24:43 Received HTTP response headers after 171.8374ms - 200
[Info   :Zeepkist GTR] 18:24:43 End processing HTTP request after 172.0768ms - 200
[Info   :Zeepkist GTR] 18:24:44 Starting recorder
[Info   :Zeepkist GTR] 18:24:48 Discarding recorder
[Info   :Zeepkist Bingo] [BINGO] Level loaded
[Info   :BetterSplits] getting gtr splits
[Info   :Zeepkist Bingo] [BINGO] === PLAYER SPAWNED ===
[Info   :Zeepkist Bingo] [BINGO] IsInActiveSession: False
[Info   :Zeepkist Bingo] [BINGO] Not in active session, skipping timer reset
[Info   :Zeepkist GTR] 18:25:02 Loading personal best...
[Info   :Zeepkist GTR] 18:25:02 Start processing HTTP request "POST" "https://graphql.zeepki.st/"
[Info   :Zeepkist GTR] 18:25:02 Sending HTTP request "POST" "https://graphql.zeepki.st/"
[Info   :Zeepkist GTR] 18:25:02 Stopping existing recorder if any
[Info   :Zeepkist GTR] 18:25:02 Creating new recorder
[Info   :Zeepkist GTR] 18:25:02 Start processing HTTP request "POST" "https://graphql.zeepki.st/"
[Info   :Zeepkist GTR] 18:25:02 Sending HTTP request "POST" "https://graphql.zeepki.st/"
[Info   :Zeepkist GTR] 18:25:02 Start processing HTTP request "POST" "https://graphql.zeepki.st/"
[Info   :Zeepkist GTR] 18:25:02 Sending HTTP request "POST" "https://graphql.zeepki.st/"
[Info   :Zeepkist GTR] 18:25:03 Received HTTP response headers after 214.679ms - 200
[Info   :Zeepkist GTR] 18:25:03 End processing HTTP request after 214.9332ms - 200
[Info   :Zeepkist GTR] 18:25:03 Received HTTP response headers after 231.5404ms - 200
[Info   :Zeepkist GTR] 18:25:03 End processing HTTP request after 231.8665ms - 200
[Info   :Zeepkist GTR] 18:25:03 Ghost version: 5
[Info   :Zeepkist GTR] 18:25:03 Received HTTP response headers after 431.9007ms - 200
[Info   :Zeepkist GTR] 18:25:03 End processing HTTP request after 432.3862ms - 200
[Info   :Zeepkist GTR] 18:25:03 Start processing HTTP request "POST" "https://graphql.zeepki.st/"
[Info   :Zeepkist GTR] 18:25:03 Sending HTTP request "POST" "https://graphql.zeepki.st/"
[Info   :Zeepkist GTR] 18:25:03 Received HTTP response headers after 201.9715ms - 200
[Info   :Zeepkist GTR] 18:25:03 End processing HTTP request after 202.1827ms - 200
[Error  :BetterSplits] could not get splits
Response: StatusCode: 400, ReasonPhrase: 'Bad Request', Version: 1.1, Content: System.Net.Http.StreamContent, Headers:
{
Date: Fri, 29 May 2026 23:25:03 GMT
Connection: keep-alive
access-control-allow-headers: Origin, X-Requested-With, Accept, Authorization, X-Apollo-Tracing, Content-Type, Content-Length, X-PostGraphile-Explain
access-control-allow-methods: HEAD, GET, POST
access-control-allow-origin: *
access-control-expose-headers: X-GraphQL-Event-Stream
alt-svc: h3=":443"; ma=86400
vary: Origin
via: 1.1 Caddy
x-graphql-event-stream: /stream
x-query-cost: 115
cf-cache-status: DYNAMIC
x-xss-protection: 1; mode=block
Strict-Transport-Security: max-age=15552000; includeSubDomains; preload
x-content-type-options: nosniff
Server-Timing: cfCacheStatus;desc="DYNAMIC", cfEdge;dur=9,cfOrigin;dur=474
Report-To: {"group":"cf-nel","max_age":604800,"endpoints":[{"url":"https://a.nel.cloudflare.com/report/v4?s=9vCy%2BJEYQPehopZG0GqttYXo1GZ2reckoEhiCOYoX3pOw0PUeDkGaumZa9xdIx28TjLI77foxXIirDOTiiwuXjIXE5S7wc7YgvSrBwvcJR7Sr%2B%2F8IzzkNI%2F9Nr3RKFl%2FdUfSNR5yGzLvun86pqcLiQ%3D%3D"}]}
Nel: {"report_to":"cf-nel","success_fraction":0.0,"max_age":604800}
expect-ct: max-age=86400, enforce
referrer-policy: same-origin
x-frame-options: SAMEORIGIN
Server: cloudflare
CF-RAY: a039418f88c53426-ORD
Content-Type: application/json; charset=utf-8
Content-Length: 172
} 
Content: {"errors":[{"message":"Cannot query field \"personalBestGlobalsByIdLevel\" on type \"Level\". Did you mean \"personalBestGlobals\"?","locations":[{"line":1,"column":87}]}]}
Url: https://graphql.zeepki.st
Request: {"query":"query BetterSplitsPB($hash: String!, $steamId: BigFloat) { levelByHash(hash: $hash) { personalBestGlobalsByIdLevel(filter: {userByIdUser: {steamId: {equalTo: $steamId}}}) { nodes { recordByIdRecord { speeds splits time }}}}}","variables":{"hash":"7283FFFB07F5886E55BF61E26BBD399BCE153032","steamId":"76561199218214543"}}
[Info   :RoundLeaderboardTab] Drawing leaderboard -> forwarding to Instance.DrawTabLeaderboard()
[Info   :Zeepkist GTR] 18:25:04 Starting recorder
[Info   :Zeepkist Bingo] [BINGO] === PLAYER SPAWNED ===
[Info   :Zeepkist Bingo] [BINGO] IsInActiveSession: False
[Info   :Zeepkist Bingo] [BINGO] Not in active session, skipping timer reset
[Info   :Zeepkist GTR] 18:25:05 Loading personal best...
[Info   :Zeepkist GTR] 18:25:05 Start processing HTTP request "POST" "https://graphql.zeepki.st/"
[Info   :Zeepkist GTR] 18:25:05 Sending HTTP request "POST" "https://graphql.zeepki.st/"
[Info   :Zeepkist GTR] 18:25:05 Stopping existing recorder if any
[Info   :Zeepkist GTR] 18:25:05 Creating new recorder
[Info   :Zeepkist GTR] 18:25:05 Start processing HTTP request "POST" "https://graphql.zeepki.st/"
[Info   :Zeepkist GTR] 18:25:05 Sending HTTP request "POST" "https://graphql.zeepki.st/"
[Info   :Zeepkist GTR] 18:25:05 Start processing HTTP request "POST" "https://graphql.zeepki.st/"
[Info   :Zeepkist GTR] 18:25:05 Sending HTTP request "POST" "https://graphql.zeepki.st/"
[Info   :Zeepkist GTR] 18:25:05 Received HTTP response headers after 233.5907ms - 200
[Info   :Zeepkist GTR] 18:25:05 End processing HTTP request after 233.8492ms - 200
[Info   :Zeepkist GTR] 18:25:05 Received HTTP response headers after 242.6047ms - 200
[Info   :Zeepkist GTR] 18:25:05 End processing HTTP request after 242.8261ms - 200
[Info   :Zeepkist GTR] 18:25:05 Ghost version: 5
[Info   :Zeepkist GTR] 18:25:06 Received HTTP response headers after 466.6963ms - 200
[Info   :Zeepkist GTR] 18:25:06 End processing HTTP request after 466.929ms - 200
[Info   :Zeepkist GTR] 18:25:06 Start processing HTTP request "POST" "https://graphql.zeepki.st/"
[Info   :Zeepkist GTR] 18:25:06 Sending HTTP request "POST" "https://graphql.zeepki.st/"
[Info   :Zeepkist GTR] 18:25:06 Received HTTP response headers after 189.9986ms - 200
[Info   :Zeepkist GTR] 18:25:06 End processing HTTP request after 190.2624ms - 200
[Info   :Zeepkist GTR] 18:25:07 Starting recorder
[Info   :Zeepkist Bingo] [BINGO] === PLAYER SPAWNED ===
[Info   :Zeepkist Bingo] [BINGO] IsInActiveSession: False
[Info   :Zeepkist Bingo] [BINGO] Not in active session, skipping timer reset
[Info   :Zeepkist GTR] 18:25:08 Loading personal best...
[Info   :Zeepkist GTR] 18:25:08 Start processing HTTP request "POST" "https://graphql.zeepki.st/"
[Info   :Zeepkist GTR] 18:25:08 Sending HTTP request "POST" "https://graphql.zeepki.st/"
[Info   :Zeepkist GTR] 18:25:08 Stopping existing recorder if any
[Info   :Zeepkist GTR] 18:25:08 Creating new recorder
[Info   :Zeepkist GTR] 18:25:08 Start processing HTTP request "POST" "https://graphql.zeepki.st/"
[Info   :Zeepkist GTR] 18:25:08 Sending HTTP request "POST" "https://graphql.zeepki.st/"
[Info   :Zeepkist GTR] 18:25:08 Start processing HTTP request "POST" "https://graphql.zeepki.st/"
[Info   :Zeepkist GTR] 18:25:08 Sending HTTP request "POST" "https://graphql.zeepki.st/"
[Info   :Zeepkist GTR] 18:25:08 Received HTTP response headers after 202.8409ms - 200
[Info   :Zeepkist GTR] 18:25:08 End processing HTTP request after 203.0631ms - 200
[Info   :Zeepkist GTR] 18:25:08 Received HTTP response headers after 259.9424ms - 200
[Info   :Zeepkist GTR] 18:25:08 End processing HTTP request after 260.1827ms - 200
[Info   :Zeepkist GTR] 18:25:08 Ghost version: 5
[Info   :Zeepkist GTR] 18:25:08 Received HTTP response headers after 811.2138ms - 200
[Info   :Zeepkist GTR] 18:25:08 End processing HTTP request after 811.4784ms - 200
[Info   :Zeepkist GTR] 18:25:08 Start processing HTTP request "POST" "https://graphql.zeepki.st/"
[Info   :Zeepkist GTR] 18:25:08 Sending HTTP request "POST" "https://graphql.zeepki.st/"
[Info   :Zeepkist GTR] 18:25:09 Received HTTP response headers after 207.1294ms - 200
[Info   :Zeepkist GTR] 18:25:09 End processing HTTP request after 207.3937ms - 200
[Info   :Zeepkist GTR] 18:25:09 Starting recorder
[Info   :Zeepkist Bingo] [BINGO] === PLAYER SPAWNED ===
[Info   :Zeepkist Bingo] [BINGO] IsInActiveSession: False
[Info   :Zeepkist Bingo] [BINGO] Not in active session, skipping timer reset
[Info   :Zeepkist GTR] 18:25:17 Loading personal best...
[Info   :Zeepkist GTR] 18:25:17 Start processing HTTP request "POST" "https://graphql.zeepki.st/"
[Info   :Zeepkist GTR] 18:25:17 Sending HTTP request "POST" "https://graphql.zeepki.st/"
[Info   :Zeepkist GTR] 18:25:17 Stopping existing recorder if any
[Info   :Zeepkist GTR] 18:25:17 Creating new recorder
[Info   :Zeepkist GTR] 18:25:17 Start processing HTTP request "POST" "https://graphql.zeepki.st/"
[Info   :Zeepkist GTR] 18:25:17 Sending HTTP request "POST" "https://graphql.zeepki.st/"
[Info   :Zeepkist GTR] 18:25:17 Start processing HTTP request "POST" "https://graphql.zeepki.st/"
[Info   :Zeepkist GTR] 18:25:17 Sending HTTP request "POST" "https://graphql.zeepki.st/"
[Info   :Zeepkist GTR] 18:25:17 Received HTTP response headers after 188.2998ms - 200
[Info   :Zeepkist GTR] 18:25:17 End processing HTTP request after 188.566ms - 200
[Info   :Zeepkist GTR] 18:25:17 Received HTTP response headers after 190.5441ms - 200
[Info   :Zeepkist GTR] 18:25:17 End processing HTTP request after 190.775ms - 200
[Info   :Zeepkist GTR] 18:25:17 Ghost version: 5
[Info   :Zeepkist GTR] 18:25:17 Received HTTP response headers after 371.7057ms - 200
[Info   :Zeepkist GTR] 18:25:17 End processing HTTP request after 371.9568ms - 200
[Info   :Zeepkist GTR] 18:25:17 Start processing HTTP request "POST" "https://graphql.zeepki.st/"
[Info   :Zeepkist GTR] 18:25:17 Sending HTTP request "POST" "https://graphql.zeepki.st/"
[Info   :Zeepkist GTR] 18:25:17 Received HTTP response headers after 198.4463ms - 200
[Info   :Zeepkist GTR] 18:25:17 End processing HTTP request after 198.7042ms - 200
[Info   :Zeepkist GTR] 18:25:18 Starting recorder
[Info   :Zeepkist Bingo] [BINGO] === PLAYER SPAWNED ===
[Info   :Zeepkist Bingo] [BINGO] IsInActiveSession: False
[Info   :Zeepkist Bingo] [BINGO] Not in active session, skipping timer reset
[Info   :Zeepkist GTR] 18:25:30 Loading personal best...
[Info   :Zeepkist GTR] 18:25:30 Start processing HTTP request "POST" "https://graphql.zeepki.st/"
[Info   :Zeepkist GTR] 18:25:30 Sending HTTP request "POST" "https://graphql.zeepki.st/"
[Info   :Zeepkist GTR] 18:25:30 Stopping existing recorder if any
[Info   :Zeepkist GTR] 18:25:30 Creating new recorder
[Info   :Zeepkist GTR] 18:25:30 Start processing HTTP request "POST" "https://graphql.zeepki.st/"
[Info   :Zeepkist GTR] 18:25:30 Sending HTTP request "POST" "https://graphql.zeepki.st/"
[Info   :Zeepkist GTR] 18:25:30 Start processing HTTP request "POST" "https://graphql.zeepki.st/"
[Info   :Zeepkist GTR] 18:25:30 Sending HTTP request "POST" "https://graphql.zeepki.st/"
[Info   :Zeepkist GTR] 18:25:30 Received HTTP response headers after 188.3622ms - 200
[Info   :Zeepkist GTR] 18:25:30 End processing HTTP request after 188.5964ms - 200
[Info   :Zeepkist GTR] 18:25:30 Ghost version: 5
[Info   :Zeepkist GTR] 18:25:30 Received HTTP response headers after 224.5945ms - 200
[Info   :Zeepkist GTR] 18:25:30 End processing HTTP request after 224.8894ms - 200
[Info   :Zeepkist GTR] 18:25:31 Received HTTP response headers after 421.9848ms - 200
[Info   :Zeepkist GTR] 18:25:31 End processing HTTP request after 422.2909ms - 200
[Info   :Zeepkist GTR] 18:25:31 Start processing HTTP request "POST" "https://graphql.zeepki.st/"
[Info   :Zeepkist GTR] 18:25:31 Sending HTTP request "POST" "https://graphql.zeepki.st/"
[Info   :Zeepkist GTR] 18:25:31 Received HTTP response headers after 191.797ms - 200
[Info   :Zeepkist GTR] 18:25:31 End processing HTTP request after 192.0426ms - 200
[Info   :Zeepkist GTR] 18:25:32 Starting recorder
[Info   :Zeepkist Bingo] [BINGO] === PLAYER SPAWNED ===
[Info   :Zeepkist Bingo] [BINGO] IsInActiveSession: False
[Info   :Zeepkist Bingo] [BINGO] Not in active session, skipping timer reset
[Info   :Zeepkist GTR] 18:25:39 Loading personal best...
[Info   :Zeepkist GTR] 18:25:39 Start processing HTTP request "POST" "https://graphql.zeepki.st/"
[Info   :Zeepkist GTR] 18:25:39 Sending HTTP request "POST" "https://graphql.zeepki.st/"
[Info   :Zeepkist GTR] 18:25:39 Stopping existing recorder if any
[Info   :Zeepkist GTR] 18:25:39 Creating new recorder
[Info   :Zeepkist GTR] 18:25:39 Start processing HTTP request "POST" "https://graphql.zeepki.st/"
[Info   :Zeepkist GTR] 18:25:39 Sending HTTP request "POST" "https://graphql.zeepki.st/"
[Info   :Zeepkist GTR] 18:25:39 Start processing HTTP request "POST" "https://graphql.zeepki.st/"
[Info   :Zeepkist GTR] 18:25:39 Sending HTTP request "POST" "https://graphql.zeepki.st/"
[Info   :Zeepkist GTR] 18:25:39 Received HTTP response headers after 192.5275ms - 200
[Info   :Zeepkist GTR] 18:25:39 End processing HTTP request after 192.8279ms - 200
[Info   :Zeepkist GTR] 18:25:39 Received HTTP response headers after 197.9213ms - 200
[Info   :Zeepkist GTR] 18:25:39 End processing HTTP request after 198.1836ms - 200
[Info   :Zeepkist GTR] 18:25:39 Ghost version: 5
[Info   :Zeepkist GTR] 18:25:40 Received HTTP response headers after 388.9197ms - 200
[Info   :Zeepkist GTR] 18:25:40 End processing HTTP request after 389.151ms - 200
[Info   :Zeepkist GTR] 18:25:40 Start processing HTTP request "POST" "https://graphql.zeepki.st/"
[Info   :Zeepkist GTR] 18:25:40 Sending HTTP request "POST" "https://graphql.zeepki.st/"
[Info   :Zeepkist GTR] 18:25:40 Received HTTP response headers after 186.1792ms - 200
[Info   :Zeepkist GTR] 18:25:40 End processing HTTP request after 186.435ms - 200
[Info   :Zeepkist GTR] 18:25:41 Starting recorder
[Info   :Zeepkist Bingo] [BINGO] === PLAYER SPAWNED ===
[Info   :Zeepkist Bingo] [BINGO] IsInActiveSession: False
[Info   :Zeepkist Bingo] [BINGO] Not in active session, skipping timer reset
[Info   :Zeepkist GTR] 18:25:45 Loading personal best...
[Info   :Zeepkist GTR] 18:25:45 Start processing HTTP request "POST" "https://graphql.zeepki.st/"
[Info   :Zeepkist GTR] 18:25:45 Sending HTTP request "POST" "https://graphql.zeepki.st/"
[Info   :Zeepkist GTR] 18:25:45 Stopping existing recorder if any
[Info   :Zeepkist GTR] 18:25:45 Creating new recorder
[Info   :Zeepkist GTR] 18:25:45 Start processing HTTP request "POST" "https://graphql.zeepki.st/"
[Info   :Zeepkist GTR] 18:25:45 Sending HTTP request "POST" "https://graphql.zeepki.st/"
[Info   :Zeepkist GTR] 18:25:45 Start processing HTTP request "POST" "https://graphql.zeepki.st/"
[Info   :Zeepkist GTR] 18:25:45 Sending HTTP request "POST" "https://graphql.zeepki.st/"
[Info   :Zeepkist GTR] 18:25:45 Received HTTP response headers after 201.8686ms - 200
[Info   :Zeepkist GTR] 18:25:45 End processing HTTP request after 202.1524ms - 200
[Info   :Zeepkist GTR] 18:25:45 Received HTTP response headers after 216.0398ms - 200
[Info   :Zeepkist GTR] 18:25:45 End processing HTTP request after 216.3586ms - 200
[Info   :Zeepkist GTR] 18:25:45 Ghost version: 5
[Info   :Zeepkist GTR] 18:25:45 Received HTTP response headers after 412.5431ms - 200
[Info   :Zeepkist GTR] 18:25:45 End processing HTTP request after 412.7862ms - 200
[Info   :Zeepkist GTR] 18:25:45 Start processing HTTP request "POST" "https://graphql.zeepki.st/"
[Info   :Zeepkist GTR] 18:25:45 Sending HTTP request "POST" "https://graphql.zeepki.st/"
[Info   :Zeepkist GTR] 18:25:46 Received HTTP response headers after 212.3831ms - 200
[Info   :Zeepkist GTR] 18:25:46 End processing HTTP request after 212.6278ms - 200
[Info   :Zeepkist GTR] 18:25:47 Starting recorder
[Info   :RoundLeaderboardTab] Drawing leaderboard -> forwarding to Instance.DrawTabLeaderboard()
[Info   :Zeepkist Bingo] [BINGO] === PLAYER SPAWNED ===
[Info   :Zeepkist Bingo] [BINGO] IsInActiveSession: False
[Info   :Zeepkist Bingo] [BINGO] Not in active session, skipping timer reset
[Info   :Zeepkist GTR] 18:25:49 Loading personal best...
[Info   :Zeepkist GTR] 18:25:49 Start processing HTTP request "POST" "https://graphql.zeepki.st/"
[Info   :Zeepkist GTR] 18:25:49 Sending HTTP request "POST" "https://graphql.zeepki.st/"
[Info   :Zeepkist GTR] 18:25:49 Stopping existing recorder if any
[Info   :Zeepkist GTR] 18:25:49 Creating new recorder
[Info   :Zeepkist GTR] 18:25:49 Start processing HTTP request "POST" "https://graphql.zeepki.st/"
[Info   :Zeepkist GTR] 18:25:49 Sending HTTP request "POST" "https://graphql.zeepki.st/"
[Info   :Zeepkist GTR] 18:25:49 Start processing HTTP request "POST" "https://graphql.zeepki.st/"
[Info   :Zeepkist GTR] 18:25:49 Sending HTTP request "POST" "https://graphql.zeepki.st/"
[Info   :Zeepkist GTR] 18:25:49 Received HTTP response headers after 191.8369ms - 200
[Info   :Zeepkist GTR] 18:25:49 End processing HTTP request after 192.1024ms - 200
[Info   :Zeepkist GTR] 18:25:49 Received HTTP response headers after 200.4012ms - 200
[Info   :Zeepkist GTR] 18:25:49 End processing HTTP request after 200.6706ms - 200
[Info   :Zeepkist GTR] 18:25:49 Ghost version: 5
[Info   :Zeepkist GTR] 18:25:49 Received HTTP response headers after 384.516ms - 200
[Info   :Zeepkist GTR] 18:25:49 End processing HTTP request after 384.7346ms - 200
[Info   :Zeepkist GTR] 18:25:49 Start processing HTTP request "POST" "https://graphql.zeepki.st/"
[Info   :Zeepkist GTR] 18:25:49 Sending HTTP request "POST" "https://graphql.zeepki.st/"
[Info   :Zeepkist GTR] 18:25:49 Received HTTP response headers after 202.7434ms - 200
[Info   :Zeepkist GTR] 18:25:49 End processing HTTP request after 203.0055ms - 200
[Info   :Zeepkist GTR] 18:25:50 Starting recorder
[Info   :Zeepkist Bingo] [BINGO] === PLAYER SPAWNED ===
[Info   :Zeepkist Bingo] [BINGO] IsInActiveSession: False
[Info   :Zeepkist Bingo] [BINGO] Not in active session, skipping timer reset
[Info   :Zeepkist GTR] 18:26:09 Loading personal best...
[Info   :Zeepkist GTR] 18:26:09 Start processing HTTP request "POST" "https://graphql.zeepki.st/"
[Info   :Zeepkist GTR] 18:26:09 Sending HTTP request "POST" "https://graphql.zeepki.st/"
[Info   :Zeepkist GTR] 18:26:09 Stopping existing recorder if any
[Info   :Zeepkist GTR] 18:26:09 Creating new recorder
[Info   :Zeepkist GTR] 18:26:09 Start processing HTTP request "POST" "https://graphql.zeepki.st/"
[Info   :Zeepkist GTR] 18:26:09 Sending HTTP request "POST" "https://graphql.zeepki.st/"
[Info   :Zeepkist GTR] 18:26:09 Start processing HTTP request "POST" "https://graphql.zeepki.st/"
[Info   :Zeepkist GTR] 18:26:09 Sending HTTP request "POST" "https://graphql.zeepki.st/"
[Info   :Zeepkist GTR] 18:26:09 Received HTTP response headers after 344.8657ms - 200
[Info   :Zeepkist GTR] 18:26:09 End processing HTTP request after 345.0694ms - 200
[Info   :Zeepkist GTR] 18:26:09 Received HTTP response headers after 352.1838ms - 200
[Info   :Zeepkist GTR] 18:26:09 End processing HTTP request after 352.4866ms - 200
[Info   :Zeepkist GTR] 18:26:09 Ghost version: 5
[Info   :Zeepkist GTR] 18:26:10 Received HTTP response headers after 693.6708ms - 200
[Info   :Zeepkist GTR] 18:26:10 End processing HTTP request after 693.8928ms - 200
[Info   :Zeepkist GTR] 18:26:10 Start processing HTTP request "POST" "https://graphql.zeepki.st/"
[Info   :Zeepkist GTR] 18:26:10 Sending HTTP request "POST" "https://graphql.zeepki.st/"
[Info   :Zeepkist GTR] 18:26:10 Received HTTP response headers after 188.4616ms - 200
[Info   :Zeepkist GTR] 18:26:10 End processing HTTP request after 188.691ms - 200
[Info   :Zeepkist GTR] 18:26:11 Starting recorder
[Info   :RoundLeaderboardTab] Drawing leaderboard -> forwarding to Instance.DrawTabLeaderboard()
[Info   :Zeepkist Bingo] [BINGO] === PLAYER SPAWNED ===
[Info   :Zeepkist Bingo] [BINGO] IsInActiveSession: False
[Info   :Zeepkist Bingo] [BINGO] Not in active session, skipping timer reset
[Info   :Zeepkist GTR] 18:26:18 Loading personal best...
[Info   :Zeepkist GTR] 18:26:18 Start processing HTTP request "POST" "https://graphql.zeepki.st/"
[Info   :Zeepkist GTR] 18:26:18 Sending HTTP request "POST" "https://graphql.zeepki.st/"
[Info   :Zeepkist GTR] 18:26:18 Stopping existing recorder if any
[Info   :Zeepkist GTR] 18:26:18 Creating new recorder
[Info   :Zeepkist GTR] 18:26:18 Start processing HTTP request "POST" "https://graphql.zeepki.st/"
[Info   :Zeepkist GTR] 18:26:18 Sending HTTP request "POST" "https://graphql.zeepki.st/"
[Info   :Zeepkist GTR] 18:26:18 Start processing HTTP request "POST" "https://graphql.zeepki.st/"
[Info   :Zeepkist GTR] 18:26:18 Sending HTTP request "POST" "https://graphql.zeepki.st/"
[Info   :Zeepkist GTR] 18:26:19 Received HTTP response headers after 755.567ms - 200
[Info   :Zeepkist GTR] 18:26:19 End processing HTTP request after 755.7872ms - 200
[Info   :Zeepkist GTR] 18:26:19 Ghost version: 5
[Info   :Zeepkist GTR] 18:26:19 Received HTTP response headers after 793.6751ms - 200
[Info   :Zeepkist GTR] 18:26:19 End processing HTTP request after 793.8777ms - 200
[Info   :Zeepkist GTR] 18:26:19 Received HTTP response headers after 941.706ms - 200
[Info   :Zeepkist GTR] 18:26:19 End processing HTTP request after 942.0177ms - 200
[Info   :Zeepkist GTR] 18:26:19 Start processing HTTP request "POST" "https://graphql.zeepki.st/"
[Info   :Zeepkist GTR] 18:26:19 Sending HTTP request "POST" "https://graphql.zeepki.st/"
[Info   :Zeepkist GTR] 18:26:19 Received HTTP response headers after 187.8211ms - 200
[Info   :Zeepkist GTR] 18:26:19 End processing HTTP request after 188.0408ms - 200
[Info   :Zeepkist GTR] 18:26:20 Starting recorder
[Info   :RoundLeaderboardTab] Drawing leaderboard -> forwarding to Instance.DrawTabLeaderboard()
[Info   :Zeepkist Bingo] [BINGO] === PLAYER SPAWNED ===
[Info   :Zeepkist Bingo] [BINGO] IsInActiveSession: False
[Info   :Zeepkist Bingo] [BINGO] Not in active session, skipping timer reset
[Info   :Zeepkist GTR] 18:26:21 Loading personal best...
[Info   :Zeepkist GTR] 18:26:21 Start processing HTTP request "POST" "https://graphql.zeepki.st/"
[Info   :Zeepkist GTR] 18:26:21 Sending HTTP request "POST" "https://graphql.zeepki.st/"
[Info   :Zeepkist GTR] 18:26:21 Stopping existing recorder if any
[Info   :Zeepkist GTR] 18:26:21 Creating new recorder
[Info   :Zeepkist GTR] 18:26:21 Start processing HTTP request "POST" "https://graphql.zeepki.st/"
[Info   :Zeepkist GTR] 18:26:21 Sending HTTP request "POST" "https://graphql.zeepki.st/"
[Info   :Zeepkist GTR] 18:26:21 Start processing HTTP request "POST" "https://graphql.zeepki.st/"
[Info   :Zeepkist GTR] 18:26:21 Sending HTTP request "POST" "https://graphql.zeepki.st/"
[Info   :Zeepkist GTR] 18:26:22 Received HTTP response headers after 188.3563ms - 200
[Info   :Zeepkist GTR] 18:26:22 End processing HTTP request after 188.6017ms - 200
[Info   :Zeepkist GTR] 18:26:22 Received HTTP response headers after 190.4138ms - 200
[Info   :Zeepkist GTR] 18:26:22 End processing HTTP request after 190.6259ms - 200
[Info   :Zeepkist GTR] 18:26:22 Ghost version: 5
[Info   :Zeepkist GTR] 18:26:22 Received HTTP response headers after 376.4787ms - 200
[Info   :Zeepkist GTR] 18:26:22 End processing HTTP request after 376.732ms - 200
[Info   :Zeepkist GTR] 18:26:22 Start processing HTTP request "POST" "https://graphql.zeepki.st/"
[Info   :Zeepkist GTR] 18:26:22 Sending HTTP request "POST" "https://graphql.zeepki.st/"
[Info   :Zeepkist GTR] 18:26:22 Received HTTP response headers after 182.6113ms - 200
[Info   :Zeepkist GTR] 18:26:22 End processing HTTP request after 182.8313ms - 200
[Info   :Zeepkist GTR] 18:26:23 Starting recorder
[Info   :Zeepkist Bingo] [BINGO] === PLAYER SPAWNED ===
[Info   :Zeepkist Bingo] [BINGO] IsInActiveSession: False
[Info   :Zeepkist Bingo] [BINGO] Not in active session, skipping timer reset
[Info   :Zeepkist GTR] 18:26:28 Loading personal best...
[Info   :Zeepkist GTR] 18:26:28 Start processing HTTP request "POST" "https://graphql.zeepki.st/"
[Info   :Zeepkist GTR] 18:26:28 Sending HTTP request "POST" "https://graphql.zeepki.st/"
[Info   :Zeepkist GTR] 18:26:28 Stopping existing recorder if any
[Info   :Zeepkist GTR] 18:26:28 Creating new recorder
[Info   :Zeepkist GTR] 18:26:28 Start processing HTTP request "POST" "https://graphql.zeepki.st/"
[Info   :Zeepkist GTR] 18:26:28 Sending HTTP request "POST" "https://graphql.zeepki.st/"
[Info   :Zeepkist GTR] 18:26:28 Start processing HTTP request "POST" "https://graphql.zeepki.st/"
[Info   :Zeepkist GTR] 18:26:28 Sending HTTP request "POST" "https://graphql.zeepki.st/"
[Info   :Zeepkist GTR] 18:26:28 Received HTTP response headers after 193.1268ms - 200
[Info   :Zeepkist GTR] 18:26:28 End processing HTTP request after 193.3339ms - 200
[Info   :Zeepkist GTR] 18:26:28 Received HTTP response headers after 202.0927ms - 200
[Info   :Zeepkist GTR] 18:26:28 End processing HTTP request after 202.2948ms - 200
[Info   :Zeepkist GTR] 18:26:28 Ghost version: 5
[Info   :Zeepkist GTR] 18:26:28 Received HTTP response headers after 383.8214ms - 200
[Info   :Zeepkist GTR] 18:26:28 End processing HTTP request after 384.0568ms - 200
[Info   :Zeepkist GTR] 18:26:28 Start processing HTTP request "POST" "https://graphql.zeepki.st/"
[Info   :Zeepkist GTR] 18:26:28 Sending HTTP request "POST" "https://graphql.zeepki.st/"
[Info   :Zeepkist GTR] 18:26:29 Received HTTP response headers after 179.7677ms - 200
[Info   :Zeepkist GTR] 18:26:29 End processing HTTP request after 180.0169ms - 200
[Info   :Zeepkist GTR] 18:26:30 Starting recorder
[Info   :Zeepkist Bingo] [BINGO] === PLAYER SPAWNED ===
[Info   :Zeepkist Bingo] [BINGO] IsInActiveSession: False
[Info   :Zeepkist Bingo] [BINGO] Not in active session, skipping timer reset
[Info   :Zeepkist GTR] 18:26:37 Loading personal best...
[Info   :Zeepkist GTR] 18:26:37 Start processing HTTP request "POST" "https://graphql.zeepki.st/"
[Info   :Zeepkist GTR] 18:26:37 Sending HTTP request "POST" "https://graphql.zeepki.st/"
[Info   :Zeepkist GTR] 18:26:37 Stopping existing recorder if any
[Info   :Zeepkist GTR] 18:26:37 Creating new recorder
[Info   :Zeepkist GTR] 18:26:37 Start processing HTTP request "POST" "https://graphql.zeepki.st/"
[Info   :Zeepkist GTR] 18:26:37 Sending HTTP request "POST" "https://graphql.zeepki.st/"
[Info   :Zeepkist GTR] 18:26:37 Start processing HTTP request "POST" "https://graphql.zeepki.st/"
[Info   :Zeepkist GTR] 18:26:37 Sending HTTP request "POST" "https://graphql.zeepki.st/"
[Info   :Zeepkist GTR] 18:26:37 Received HTTP response headers after 209.8747ms - 200
[Info   :Zeepkist GTR] 18:26:37 End processing HTTP request after 210.0848ms - 200
[Info   :Zeepkist GTR] 18:26:37 Received HTTP response headers after 211.4778ms - 200
[Info   :Zeepkist GTR] 18:26:37 End processing HTTP request after 211.6314ms - 200
[Info   :Zeepkist GTR] 18:26:37 Ghost version: 5
[Info   :Zeepkist GTR] 18:26:37 Received HTTP response headers after 414.8494ms - 200
[Info   :Zeepkist GTR] 18:26:37 End processing HTTP request after 415.0642ms - 200
[Info   :Zeepkist GTR] 18:26:37 Start processing HTTP request "POST" "https://graphql.zeepki.st/"
[Info   :Zeepkist GTR] 18:26:37 Sending HTTP request "POST" "https://graphql.zeepki.st/"
[Info   :Zeepkist GTR] 18:26:37 Received HTTP response headers after 192.7953ms - 200
[Info   :Zeepkist GTR] 18:26:37 End processing HTTP request after 193.013ms - 200
[Info   :Zeepkist Bingo] [BINGO] === PLAYER SPAWNED ===
[Info   :Zeepkist Bingo] [BINGO] IsInActiveSession: False
[Info   :Zeepkist Bingo] [BINGO] Not in active session, skipping timer reset
[Info   :Zeepkist GTR] 18:26:39 Loading personal best...
[Info   :Zeepkist GTR] 18:26:39 Start processing HTTP request "POST" "https://graphql.zeepki.st/"
[Info   :Zeepkist GTR] 18:26:39 Sending HTTP request "POST" "https://graphql.zeepki.st/"
[Info   :Zeepkist GTR] 18:26:39 Stopping existing recorder if any
[Info   :Zeepkist GTR] 18:26:39 Creating new recorder
[Info   :Zeepkist GTR] 18:26:39 Start processing HTTP request "POST" "https://graphql.zeepki.st/"
[Info   :Zeepkist GTR] 18:26:39 Sending HTTP request "POST" "https://graphql.zeepki.st/"
[Info   :Zeepkist GTR] 18:26:39 Start processing HTTP request "POST" "https://graphql.zeepki.st/"
[Info   :Zeepkist GTR] 18:26:39 Sending HTTP request "POST" "https://graphql.zeepki.st/"
[Info   :Zeepkist GTR] 18:26:39 Received HTTP response headers after 207.8528ms - 200
[Info   :Zeepkist GTR] 18:26:39 End processing HTTP request after 208.0725ms - 200
[Info   :Zeepkist GTR] 18:26:39 Received HTTP response headers after 211.4094ms - 200
[Info   :Zeepkist GTR] 18:26:39 End processing HTTP request after 211.6226ms - 200
[Info   :Zeepkist GTR] 18:26:39 Ghost version: 5
[Info   :Zeepkist GTR] 18:26:39 Received HTTP response headers after 397.7973ms - 200
[Info   :Zeepkist GTR] 18:26:39 End processing HTTP request after 397.984ms - 200
[Info   :Zeepkist GTR] 18:26:39 Start processing HTTP request "POST" "https://graphql.zeepki.st/"
[Info   :Zeepkist GTR] 18:26:39 Sending HTTP request "POST" "https://graphql.zeepki.st/"
[Info   :Zeepkist GTR] 18:26:39 Received HTTP response headers after 182.1229ms - 200
[Info   :Zeepkist GTR] 18:26:39 End processing HTTP request after 182.4026ms - 200
[Info   :Zeepkist GTR] 18:26:40 Starting recorder
[Info   :Zeepkist Bingo] [BINGO] === PLAYER SPAWNED ===
[Info   :Zeepkist Bingo] [BINGO] IsInActiveSession: False
[Info   :Zeepkist Bingo] [BINGO] Not in active session, skipping timer reset
[Info   :Zeepkist GTR] 18:26:58 Loading personal best...
[Info   :Zeepkist GTR] 18:26:58 Start processing HTTP request "POST" "https://graphql.zeepki.st/"
[Info   :Zeepkist GTR] 18:26:58 Sending HTTP request "POST" "https://graphql.zeepki.st/"
[Info   :Zeepkist GTR] 18:26:58 Stopping existing recorder if any
[Info   :Zeepkist GTR] 18:26:58 Creating new recorder
[Info   :Zeepkist GTR] 18:26:58 Start processing HTTP request "POST" "https://graphql.zeepki.st/"
[Info   :Zeepkist GTR] 18:26:58 Sending HTTP request "POST" "https://graphql.zeepki.st/"
[Info   :Zeepkist GTR] 18:26:58 Start processing HTTP request "POST" "https://graphql.zeepki.st/"
[Info   :Zeepkist GTR] 18:26:58 Sending HTTP request "POST" "https://graphql.zeepki.st/"
[Info   :Zeepkist GTR] 18:26:58 Received HTTP response headers after 191.9796ms - 200
[Info   :Zeepkist GTR] 18:26:58 End processing HTTP request after 192.2862ms - 200
[Info   :Zeepkist GTR] 18:26:58 Received HTTP response headers after 194.5706ms - 200
[Info   :Zeepkist GTR] 18:26:58 End processing HTTP request after 194.7606ms - 200
[Info   :Zeepkist GTR] 18:26:58 Ghost version: 5
[Info   :Zeepkist GTR] 18:26:58 Received HTTP response headers after 374.9989ms - 200
[Info   :Zeepkist GTR] 18:26:58 End processing HTTP request after 375.2447ms - 200
[Info   :Zeepkist GTR] 18:26:58 Start processing HTTP request "POST" "https://graphql.zeepki.st/"
[Info   :Zeepkist GTR] 18:26:58 Sending HTTP request "POST" "https://graphql.zeepki.st/"
[Info   :Zeepkist GTR] 18:26:59 Received HTTP response headers after 189.0499ms - 200
[Info   :Zeepkist GTR] 18:26:59 End processing HTTP request after 189.289ms - 200
[Info   :Zeepkist GTR] 18:27:00 Starting recorder
[Info   :RoundLeaderboardTab] Drawing leaderboard -> forwarding to Instance.DrawTabLeaderboard()
[Info   :Zeepkist Bingo] [BINGO] === PLAYER SPAWNED ===
[Info   :Zeepkist Bingo] [BINGO] IsInActiveSession: False
[Info   :Zeepkist Bingo] [BINGO] Not in active session, skipping timer reset
[Info   :Zeepkist GTR] 18:27:52 Loading personal best...
[Info   :Zeepkist GTR] 18:27:52 Start processing HTTP request "POST" "https://graphql.zeepki.st/"
[Info   :Zeepkist GTR] 18:27:52 Sending HTTP request "POST" "https://graphql.zeepki.st/"
[Info   :Zeepkist GTR] 18:27:52 Stopping existing recorder if any
[Info   :Zeepkist GTR] 18:27:52 Creating new recorder
[Info   :Zeepkist GTR] 18:27:52 Start processing HTTP request "POST" "https://graphql.zeepki.st/"
[Info   :Zeepkist GTR] 18:27:52 Sending HTTP request "POST" "https://graphql.zeepki.st/"
[Info   :Zeepkist GTR] 18:27:52 Start processing HTTP request "POST" "https://graphql.zeepki.st/"
[Info   :Zeepkist GTR] 18:27:52 Sending HTTP request "POST" "https://graphql.zeepki.st/"
[Info   :Zeepkist GTR] 18:27:53 Received HTTP response headers after 199.9643ms - 200
[Info   :Zeepkist GTR] 18:27:53 End processing HTTP request after 200.2246ms - 200
[Info   :Zeepkist GTR] 18:27:53 Received HTTP response headers after 200.7668ms - 200
[Info   :Zeepkist GTR] 18:27:53 End processing HTTP request after 201.0763ms - 200
[Info   :Zeepkist GTR] 18:27:53 Ghost version: 5
[Info   :Zeepkist GTR] 18:27:53 Received HTTP response headers after 397.3878ms - 200
[Info   :Zeepkist GTR] 18:27:53 End processing HTTP request after 397.6876ms - 200
[Info   :Zeepkist GTR] 18:27:53 Start processing HTTP request "POST" "https://graphql.zeepki.st/"
[Info   :Zeepkist GTR] 18:27:53 Sending HTTP request "POST" "https://graphql.zeepki.st/"
[Info   :Zeepkist GTR] 18:27:53 Received HTTP response headers after 190.3ms - 200
[Info   :Zeepkist GTR] 18:27:53 End processing HTTP request after 190.5289ms - 200
[Info   :Zeepkist GTR] 18:27:54 Starting recorder
[Info   :Zeepkist Bingo] [BINGO] === PLAYER SPAWNED ===
[Info   :Zeepkist Bingo] [BINGO] IsInActiveSession: False
[Info   :Zeepkist Bingo] [BINGO] Not in active session, skipping timer reset
[Info   :Zeepkist GTR] 18:28:12 Loading personal best...
[Info   :Zeepkist GTR] 18:28:12 Start processing HTTP request "POST" "https://graphql.zeepki.st/"
[Info   :Zeepkist GTR] 18:28:12 Sending HTTP request "POST" "https://graphql.zeepki.st/"
[Info   :Zeepkist GTR] 18:28:12 Stopping existing recorder if any
[Info   :Zeepkist GTR] 18:28:12 Creating new recorder
[Info   :Zeepkist GTR] 18:28:12 Start processing HTTP request "POST" "https://graphql.zeepki.st/"
[Info   :Zeepkist GTR] 18:28:12 Sending HTTP request "POST" "https://graphql.zeepki.st/"
[Info   :Zeepkist GTR] 18:28:12 Start processing HTTP request "POST" "https://graphql.zeepki.st/"
[Info   :Zeepkist GTR] 18:28:12 Sending HTTP request "POST" "https://graphql.zeepki.st/"
[Info   :Zeepkist GTR] 18:28:12 Received HTTP response headers after 271.7437ms - 200
[Info   :Zeepkist GTR] 18:28:12 End processing HTTP request after 271.984ms - 200
[Info   :Zeepkist GTR] 18:28:12 Received HTTP response headers after 276.0848ms - 200
[Info   :Zeepkist GTR] 18:28:12 End processing HTTP request after 276.3425ms - 200
[Info   :Zeepkist GTR] 18:28:12 Ghost version: 5
[Info   :Zeepkist GTR] 18:28:13 Received HTTP response headers after 462.6199ms - 200
[Info   :Zeepkist GTR] 18:28:13 End processing HTTP request after 462.8266ms - 200
[Info   :Zeepkist GTR] 18:28:13 Start processing HTTP request "POST" "https://graphql.zeepki.st/"
[Info   :Zeepkist GTR] 18:28:13 Sending HTTP request "POST" "https://graphql.zeepki.st/"
[Info   :Zeepkist GTR] 18:28:13 Received HTTP response headers after 208.3854ms - 200
[Info   :Zeepkist GTR] 18:28:13 End processing HTTP request after 208.6068ms - 200
[Info   :Zeepkist GTR] 18:28:14 Starting recorder
[Info   :Zeepkist Bingo] [BINGO] === PLAYER SPAWNED ===
[Info   :Zeepkist Bingo] [BINGO] IsInActiveSession: False
[Info   :Zeepkist Bingo] [BINGO] Not in active session, skipping timer reset
[Info   :Zeepkist GTR] 18:28:14 Loading personal best...
[Info   :Zeepkist GTR] 18:28:14 Start processing HTTP request "POST" "https://graphql.zeepki.st/"
[Info   :Zeepkist GTR] 18:28:14 Sending HTTP request "POST" "https://graphql.zeepki.st/"
[Info   :Zeepkist GTR] 18:28:14 Stopping existing recorder if any
[Info   :Zeepkist GTR] 18:28:14 Creating new recorder
[Info   :Zeepkist GTR] 18:28:14 Start processing HTTP request "POST" "https://graphql.zeepki.st/"
[Info   :Zeepkist GTR] 18:28:14 Sending HTTP request "POST" "https://graphql.zeepki.st/"
[Info   :Zeepkist GTR] 18:28:14 Start processing HTTP request "POST" "https://graphql.zeepki.st/"
[Info   :Zeepkist GTR] 18:28:14 Sending HTTP request "POST" "https://graphql.zeepki.st/"
[Info   :Zeepkist GTR] 18:28:14 Received HTTP response headers after 206.5085ms - 200
[Info   :Zeepkist GTR] 18:28:14 End processing HTTP request after 206.7475ms - 200
[Info   :Zeepkist GTR] 18:28:14 Received HTTP response headers after 210.184ms - 200
[Info   :Zeepkist GTR] 18:28:14 End processing HTTP request after 210.4039ms - 200
[Info   :Zeepkist GTR] 18:28:14 Ghost version: 5
[Info   :Zeepkist GTR] 18:28:15 Received HTTP response headers after 395.3057ms - 200
[Info   :Zeepkist GTR] 18:28:15 End processing HTTP request after 395.6781ms - 200
[Info   :Zeepkist GTR] 18:28:15 Start processing HTTP request "POST" "https://graphql.zeepki.st/"
[Info   :Zeepkist GTR] 18:28:15 Sending HTTP request "POST" "https://graphql.zeepki.st/"
[Info   :Zeepkist GTR] 18:28:15 Received HTTP response headers after 195.6639ms - 200
[Info   :Zeepkist GTR] 18:28:15 End processing HTTP request after 195.912ms - 200
[Info   :Zeepkist GTR] 18:28:16 Starting recorder
[Info   :Zeepkist Bingo] [BINGO] === PLAYER SPAWNED ===
[Info   :Zeepkist Bingo] [BINGO] IsInActiveSession: False
[Info   :Zeepkist Bingo] [BINGO] Not in active session, skipping timer reset
[Info   :Zeepkist GTR] 18:28:36 Loading personal best...
[Info   :Zeepkist GTR] 18:28:36 Start processing HTTP request "POST" "https://graphql.zeepki.st/"
[Info   :Zeepkist GTR] 18:28:36 Sending HTTP request "POST" "https://graphql.zeepki.st/"
[Info   :Zeepkist GTR] 18:28:36 Stopping existing recorder if any
[Info   :Zeepkist GTR] 18:28:36 Creating new recorder
[Info   :Zeepkist GTR] 18:28:36 Start processing HTTP request "POST" "https://graphql.zeepki.st/"
[Info   :Zeepkist GTR] 18:28:36 Sending HTTP request "POST" "https://graphql.zeepki.st/"
[Info   :Zeepkist GTR] 18:28:36 Start processing HTTP request "POST" "https://graphql.zeepki.st/"
[Info   :Zeepkist GTR] 18:28:36 Sending HTTP request "POST" "https://graphql.zeepki.st/"
[Info   :Zeepkist GTR] 18:28:36 Received HTTP response headers after 455.2349ms - 200
[Info   :Zeepkist GTR] 18:28:36 End processing HTTP request after 455.5241ms - 200
[Info   :Zeepkist GTR] 18:28:36 Ghost version: 5
[Info   :Zeepkist GTR] 18:28:36 Received HTTP response headers after 492.5998ms - 200
[Info   :Zeepkist GTR] 18:28:36 End processing HTTP request after 492.8516ms - 200
[Info   :Zeepkist GTR] 18:28:36 Received HTTP response headers after 599.9433ms - 200
[Info   :Zeepkist GTR] 18:28:36 End processing HTTP request after 600.2386ms - 200
[Info   :Zeepkist GTR] 18:28:36 Start processing HTTP request "POST" "https://graphql.zeepki.st/"
[Info   :Zeepkist GTR] 18:28:36 Sending HTTP request "POST" "https://graphql.zeepki.st/"
[Info   :Zeepkist GTR] 18:28:36 Received HTTP response headers after 203.1722ms - 200
[Info   :Zeepkist GTR] 18:28:36 End processing HTTP request after 203.4873ms - 200
[Info   :Zeepkist GTR] 18:28:37 Starting recorder
[Info   :Zeepkist Bingo] [BINGO] === PLAYER SPAWNED ===
[Info   :Zeepkist Bingo] [BINGO] IsInActiveSession: False
[Info   :Zeepkist Bingo] [BINGO] Not in active session, skipping timer reset
[Info   :Zeepkist GTR] 18:29:18 Loading personal best...
[Info   :Zeepkist GTR] 18:29:18 Start processing HTTP request "POST" "https://graphql.zeepki.st/"
[Info   :Zeepkist GTR] 18:29:18 Sending HTTP request "POST" "https://graphql.zeepki.st/"
[Info   :Zeepkist GTR] 18:29:18 Stopping existing recorder if any
[Info   :Zeepkist GTR] 18:29:18 Creating new recorder
[Info   :Zeepkist GTR] 18:29:18 Start processing HTTP request "POST" "https://graphql.zeepki.st/"
[Info   :Zeepkist GTR] 18:29:18 Sending HTTP request "POST" "https://graphql.zeepki.st/"
[Info   :Zeepkist GTR] 18:29:18 Start processing HTTP request "POST" "https://graphql.zeepki.st/"
[Info   :Zeepkist GTR] 18:29:18 Sending HTTP request "POST" "https://graphql.zeepki.st/"
[Info   :Zeepkist GTR] 18:29:18 Received HTTP response headers after 201.2791ms - 200
[Info   :Zeepkist GTR] 18:29:18 End processing HTTP request after 201.5271ms - 200
[Info   :Zeepkist GTR] 18:29:18 Received HTTP response headers after 203.2881ms - 200
[Info   :Zeepkist GTR] 18:29:18 End processing HTTP request after 203.5662ms - 200
[Info   :Zeepkist GTR] 18:29:18 Ghost version: 5
[Info   :Zeepkist GTR] 18:29:18 Received HTTP response headers after 386.6593ms - 200
[Info   :Zeepkist GTR] 18:29:18 End processing HTTP request after 386.9542ms - 200
[Info   :Zeepkist GTR] 18:29:18 Start processing HTTP request "POST" "https://graphql.zeepki.st/"
[Info   :Zeepkist GTR] 18:29:18 Sending HTTP request "POST" "https://graphql.zeepki.st/"
[Info   :Zeepkist GTR] 18:29:18 Received HTTP response headers after 190.2073ms - 200
[Info   :Zeepkist GTR] 18:29:18 End processing HTTP request after 190.4497ms - 200
[Info   :Zeepkist GTR] 18:29:20 Starting recorder
[Info   :Zeepkist GTR] 18:30:01 Discarding recorder
[Info   :Zeepkist Bingo] [BINGO] Level loaded
[Info   :BetterSplits] getting gtr splits
[Info   :Zeepkist Bingo] [BINGO] === PLAYER SPAWNED ===
[Info   :Zeepkist Bingo] [BINGO] IsInActiveSession: False
[Info   :Zeepkist Bingo] [BINGO] Not in active session, skipping timer reset
[Info   :Zeepkist GTR] 18:30:18 Loading personal best...
[Info   :Zeepkist GTR] 18:30:18 Start processing HTTP request "POST" "https://graphql.zeepki.st/"
[Info   :Zeepkist GTR] 18:30:18 Sending HTTP request "POST" "https://graphql.zeepki.st/"
[Info   :Zeepkist GTR] 18:30:18 Stopping existing recorder if any
[Info   :Zeepkist GTR] 18:30:18 Creating new recorder
[Info   :Zeepkist GTR] 18:30:18 Start processing HTTP request "POST" "https://graphql.zeepki.st/"
[Info   :Zeepkist GTR] 18:30:18 Sending HTTP request "POST" "https://graphql.zeepki.st/"
[Info   :Zeepkist GTR] 18:30:18 Start processing HTTP request "POST" "https://graphql.zeepki.st/"
[Info   :Zeepkist GTR] 18:30:18 Sending HTTP request "POST" "https://graphql.zeepki.st/"
[Info   :Zeepkist GTR] 18:30:18 Received HTTP response headers after 189.4562ms - 200
[Info   :Zeepkist GTR] 18:30:18 End processing HTTP request after 189.6625ms - 200
[Info   :Zeepkist GTR] 18:30:18 Received HTTP response headers after 202.0025ms - 200
[Info   :Zeepkist GTR] 18:30:18 End processing HTTP request after 202.2977ms - 200
[Info   :Zeepkist GTR] 18:30:18 Ghost version: 5
[Error  :BetterSplits] could not get splits
Response: StatusCode: 400, ReasonPhrase: 'Bad Request', Version: 1.1, Content: System.Net.Http.StreamContent, Headers:
{
Date: Fri, 29 May 2026 23:30:19 GMT
Connection: keep-alive
Access-Control-Allow-Headers: Origin, X-Requested-With, Accept, Authorization, X-Apollo-Tracing, Content-Type, Content-Length, X-PostGraphile-Explain
Access-Control-Allow-Methods: HEAD, GET, POST
Access-Control-Allow-Origin: *
Access-Control-Expose-Headers: X-GraphQL-Event-Stream
Alt-Svc: h3=":443"; ma=86400
Vary: Origin
Via: 1.1 Caddy
X-Graphql-Event-Stream: /stream
X-Query-Cost: 115
Cf-Cache-Status: DYNAMIC
x-xss-protection: 1; mode=block
Strict-Transport-Security: max-age=15552000; includeSubDomains; preload
x-content-type-options: nosniff
Server-Timing: cfCacheStatus;desc="DYNAMIC", cfEdge;dur=10,cfOrigin;dur=123
Report-To: {"group":"cf-nel","max_age":604800,"endpoints":[{"url":"https://a.nel.cloudflare.com/report/v4?s=Ir9yZeT%2FZskYa3s%2BKJJkOiP26oxHNC2sXcVWT3JCwddmNy%2B6HTgCsrQVcVVRF44I4qLn93Ceh%2F6NNr2JZjhCGH4g9X1%2FWE0kaJio2ybRfJ3VKVKZbDabXouk0VuzVmGoxNDZk68R6vxOGTIaCRg%2Fuw%3D%3D"}]}
Nel: {"report_to":"cf-nel","success_fraction":0.0,"max_age":604800}
expect-ct: max-age=86400, enforce
referrer-policy: same-origin
x-frame-options: SAMEORIGIN
Server: cloudflare
CF-RAY: a0394943ebe10cda-ORD
Content-Type: application/json; charset=utf-8
Content-Length: 172
} 
Content: {"errors":[{"message":"Cannot query field \"personalBestGlobalsByIdLevel\" on type \"Level\". Did you mean \"personalBestGlobals\"?","locations":[{"line":1,"column":87}]}]}
Url: https://graphql.zeepki.st
Request: {"query":"query BetterSplitsPB($hash: String!, $steamId: BigFloat) { levelByHash(hash: $hash) { personalBestGlobalsByIdLevel(filter: {userByIdUser: {steamId: {equalTo: $steamId}}}) { nodes { recordByIdRecord { speeds splits time }}}}}","variables":{"hash":"DF0E72C10285C6DAB1F40C06CDCCE39626505195","steamId":"76561199218214543"}}
[Info   :Zeepkist GTR] 18:30:18 Received HTTP response headers after 382.1226ms - 200
[Info   :Zeepkist GTR] 18:30:18 End processing HTTP request after 382.4004ms - 200
[Info   :Zeepkist GTR] 18:30:18 Start processing HTTP request "POST" "https://graphql.zeepki.st/"
[Info   :Zeepkist GTR] 18:30:18 Sending HTTP request "POST" "https://graphql.zeepki.st/"
[Info   :Zeepkist GTR] 18:30:19 Received HTTP response headers after 191.6659ms - 200
[Info   :Zeepkist GTR] 18:30:19 End processing HTTP request after 191.9229ms - 200
[Info   :Zeepkist GTR] 18:30:20 Starting recorder
[Info   :Zeepkist GTR] 18:30:49 Discarding recorder
[Info   :Zeepkist Bingo] [CHAT] Intercepted message: EGGY MAP
[Info   :Zeepkist Bingo] [CHAT] Not relaying - no bingo session
[Info   :   Console] Download started for AppId: 1440670, FileId: 3735211985, Result: OK
[Info   :RoundLeaderboardTab] Drawing leaderboard -> forwarding to Instance.DrawTabLeaderboard()
[Info   :Zeepkist Bingo] [BINGO] Level loaded
[Info   :BetterSplits] getting gtr splits
[Info   :Zeepkist Bingo] [BINGO] === PLAYER SPAWNED ===
[Info   :Zeepkist Bingo] [BINGO] IsInActiveSession: False
[Info   :Zeepkist Bingo] [BINGO] Not in active session, skipping timer reset
[Info   :Zeepkist GTR] 18:31:03 Loading personal best...
[Info   :Zeepkist GTR] 18:31:03 Start processing HTTP request "POST" "https://graphql.zeepki.st/"
[Info   :Zeepkist GTR] 18:31:03 Sending HTTP request "POST" "https://graphql.zeepki.st/"
[Info   :Zeepkist GTR] 18:31:03 Stopping existing recorder if any
[Info   :Zeepkist GTR] 18:31:03 Creating new recorder
[Info   :Zeepkist GTR] 18:31:03 Start processing HTTP request "POST" "https://graphql.zeepki.st/"
[Info   :Zeepkist GTR] 18:31:03 Sending HTTP request "POST" "https://graphql.zeepki.st/"
[Info   :Zeepkist GTR] 18:31:03 Start processing HTTP request "POST" "https://graphql.zeepki.st/"
[Info   :Zeepkist GTR] 18:31:03 Sending HTTP request "POST" "https://graphql.zeepki.st/"
[Error  :BetterSplits] could not get splits
Response: StatusCode: 400, ReasonPhrase: 'Bad Request', Version: 1.1, Content: System.Net.Http.StreamContent, Headers:
{
Date: Fri, 29 May 2026 23:31:04 GMT
Connection: keep-alive
access-control-allow-headers: Origin, X-Requested-With, Accept, Authorization, X-Apollo-Tracing, Content-Type, Content-Length, X-PostGraphile-Explain
access-control-allow-methods: HEAD, GET, POST
access-control-allow-origin: *
access-control-expose-headers: X-GraphQL-Event-Stream
alt-svc: h3=":443"; ma=86400
vary: Origin
via: 1.1 Caddy
x-graphql-event-stream: /stream
x-query-cost: 115
cf-cache-status: DYNAMIC
x-xss-protection: 1; mode=block
Strict-Transport-Security: max-age=15552000; includeSubDomains; preload
x-content-type-options: nosniff
Server-Timing: cfCacheStatus;desc="DYNAMIC", cfEdge;dur=9,cfOrigin;dur=121
Report-To: {"group":"cf-nel","max_age":604800,"endpoints":[{"url":"https://a.nel.cloudflare.com/report/v4?s=usBBDd7RaAtAxVg3DJ%2FY7wd1FTxPT3HARPjh9CsaxyQvyG3cYdYROA9KK5aHrLgXgILt9omM2haTsL0IdoqhBus7byole48Zqfu27HKlLa733CHIQP6LTCeGe2IKwDgaFiagsKjGN8RN0HKjCYOgaw%3D%3D"}]}
Nel: {"report_to":"cf-nel","success_fraction":0.0,"max_age":604800}
expect-ct: max-age=86400, enforce
referrer-policy: same-origin
x-frame-options: SAMEORIGIN
Server: cloudflare
CF-RAY: a0394a5d5dc60cda-ORD
Content-Type: application/json; charset=utf-8
Content-Length: 172
} 
Content: {"errors":[{"message":"Cannot query field \"personalBestGlobalsByIdLevel\" on type \"Level\". Did you mean \"personalBestGlobals\"?","locations":[{"line":1,"column":87}]}]}
Url: https://graphql.zeepki.st
Request: {"query":"query BetterSplitsPB($hash: String!, $steamId: BigFloat) { levelByHash(hash: $hash) { personalBestGlobalsByIdLevel(filter: {userByIdUser: {steamId: {equalTo: $steamId}}}) { nodes { recordByIdRecord { speeds splits time }}}}}","variables":{"hash":"AADA2A49C60174CBB779ED7789096C9588C18D59-3","steamId":"76561199218214543"}}
[Info   :Zeepkist GTR] 18:31:04 Received HTTP response headers after 366.1692ms - 200
[Info   :Zeepkist GTR] 18:31:04 End processing HTTP request after 366.4238ms - 200
[Info   :Zeepkist GTR] 18:31:04 Received HTTP response headers after 377.7713ms - 200
[Info   :Zeepkist GTR] 18:31:04 End processing HTTP request after 377.9768ms - 200
[Info   :Zeepkist GTR] 18:31:04 Received HTTP response headers after 552.3469ms - 200
[Info   :Zeepkist GTR] 18:31:04 End processing HTTP request after 552.6949ms - 200
[Info   :RoundLeaderboardTab] Drawing leaderboard -> forwarding to Instance.DrawTabLeaderboard()
[Info   :Zeepkist GTR] 18:31:05 Starting recorder
[Info   :Zeepkist GTR] 18:31:38 Stopping recorder
[Info   :Zeepkist GTR] 18:31:38 Collecting extra information
[Info   :Zeepkist GTR] 18:31:38 Processing ghost data
[Info   :Zeepkist GTR] 18:31:38 Creating stream
[Info   :Zeepkist GTR] 18:31:38 Writing to stream
[Info   :Zeepkist GTR] 18:31:38 Closing stream
[Info   :Zeepkist GTR] 18:31:38 Getting buffer
[Info   :Zeepkist GTR] 18:31:38 Converting to base64
[Info   :Zeepkist GTR] 18:31:38 Creating resource
[Info   :Zeepkist GTR] 18:31:38 Start processing HTTP request "POST" "https://backend.zeepki.st/auth/refresh"
[Info   :Zeepkist GTR] 18:31:38 Sending HTTP request "POST" "https://backend.zeepki.st/auth/refresh"
[Info   :Zeepkist GTR] 18:31:39 Received HTTP response headers after 986.5396ms - 200
[Info   :Zeepkist GTR] 18:31:39 End processing HTTP request after 986.7423ms - 200
[Info   :Zeepkist GTR] 18:31:39 Start processing HTTP request "POST" "https://backend.zeepki.st/record/submit"
[Info   :Zeepkist GTR] 18:31:39 Sending HTTP request "POST" "https://backend.zeepki.st/record/submit"
[Info   :Zeepkist Bingo] [BINGO] === PLAYER SPAWNED ===
[Info   :Zeepkist Bingo] [BINGO] IsInActiveSession: False
[Info   :Zeepkist Bingo] [BINGO] Not in active session, skipping timer reset
[Info   :Zeepkist GTR] 18:31:39 Loading personal best...
[Info   :Zeepkist GTR] 18:31:39 Start processing HTTP request "POST" "https://graphql.zeepki.st/"
[Info   :Zeepkist GTR] 18:31:39 Sending HTTP request "POST" "https://graphql.zeepki.st/"
[Info   :Zeepkist GTR] 18:31:39 Stopping existing recorder if any
[Info   :Zeepkist GTR] 18:31:39 Creating new recorder
[Info   :Zeepkist GTR] 18:31:39 Start processing HTTP request "POST" "https://graphql.zeepki.st/"
[Info   :Zeepkist GTR] 18:31:39 Sending HTTP request "POST" "https://graphql.zeepki.st/"
[Info   :Zeepkist GTR] 18:31:39 Start processing HTTP request "POST" "https://graphql.zeepki.st/"
[Info   :Zeepkist GTR] 18:31:39 Sending HTTP request "POST" "https://graphql.zeepki.st/"
[Info   :Zeepkist GTR] 18:31:39 Received HTTP response headers after 179.8469ms - 200
[Info   :Zeepkist GTR] 18:31:39 End processing HTTP request after 180.0835ms - 200
[Info   :Zeepkist GTR] 18:31:39 Received HTTP response headers after 201.4926ms - 200
[Info   :Zeepkist GTR] 18:31:39 End processing HTTP request after 201.6844ms - 200
[Info   :Zeepkist GTR] 18:31:39 Received HTTP response headers after 428.3592ms - 200
[Info   :Zeepkist GTR] 18:31:39 End processing HTTP request after 428.5907ms - 200
[Info   :Zeepkist GTR] 18:31:40 Received HTTP response headers after 357.4415ms - 200
[Info   :Zeepkist GTR] 18:31:40 End processing HTTP request after 357.665ms - 200
[Info   :Zeepkist GTR] 18:31:40 Start processing HTTP request "POST" "https://graphql.zeepki.st/"
[Info   :Zeepkist GTR] 18:31:40 Sending HTTP request "POST" "https://graphql.zeepki.st/"
[Info   :Zeepkist GTR] 18:31:40 Received HTTP response headers after 176.6041ms - 200
[Info   :Zeepkist GTR] 18:31:40 End processing HTTP request after 176.8342ms - 200
[Info   :Zeepkist GTR] 18:31:41 Starting recorder
[Info   :Zeepkist Bingo] [BINGO] === PLAYER SPAWNED ===
[Info   :Zeepkist Bingo] [BINGO] IsInActiveSession: False
[Info   :Zeepkist Bingo] [BINGO] Not in active session, skipping timer reset
[Info   :Zeepkist GTR] 18:31:56 Loading personal best...
[Info   :Zeepkist GTR] 18:31:56 Start processing HTTP request "POST" "https://graphql.zeepki.st/"
[Info   :Zeepkist GTR] 18:31:56 Sending HTTP request "POST" "https://graphql.zeepki.st/"
[Info   :Zeepkist GTR] 18:31:56 Stopping existing recorder if any
[Info   :Zeepkist GTR] 18:31:56 Creating new recorder
[Info   :Zeepkist GTR] 18:31:56 Start processing HTTP request "POST" "https://graphql.zeepki.st/"
[Info   :Zeepkist GTR] 18:31:56 Sending HTTP request "POST" "https://graphql.zeepki.st/"
[Info   :Zeepkist GTR] 18:31:56 Start processing HTTP request "POST" "https://graphql.zeepki.st/"
[Info   :Zeepkist GTR] 18:31:56 Sending HTTP request "POST" "https://graphql.zeepki.st/"
[Info   :Zeepkist GTR] 18:31:56 Received HTTP response headers after 179.5082ms - 200
[Info   :Zeepkist GTR] 18:31:56 End processing HTTP request after 179.723ms - 200
[Info   :Zeepkist GTR] 18:31:56 Received HTTP response headers after 190.9688ms - 200
[Info   :Zeepkist GTR] 18:31:56 End processing HTTP request after 191.2283ms - 200
[Info   :Zeepkist GTR] 18:31:56 Start processing HTTP request "GET" "https://cdn.zeepki.st/ghosts/01KSV18GWQJM6YXKGF6A3D8YZ6.bin"
[Info   :Zeepkist GTR] 18:31:56 Sending HTTP request "GET" "https://cdn.zeepki.st/ghosts/01KSV18GWQJM6YXKGF6A3D8YZ6.bin"
[Info   :Zeepkist GTR] 18:31:56 Received HTTP response headers after 361.0521ms - 200
[Info   :Zeepkist GTR] 18:31:56 End processing HTTP request after 361.2795ms - 200
[Info   :Zeepkist GTR] 18:31:56 Start processing HTTP request "POST" "https://graphql.zeepki.st/"
[Info   :Zeepkist GTR] 18:31:56 Sending HTTP request "POST" "https://graphql.zeepki.st/"
[Info   :Zeepkist GTR] 18:31:56 Received HTTP response headers after 171.3101ms - 200
[Info   :Zeepkist GTR] 18:31:56 End processing HTTP request after 171.6044ms - 200
[Info   :Zeepkist GTR] 18:31:57 Received HTTP response headers after 768.4648ms - 200
[Info   :Zeepkist GTR] 18:31:57 End processing HTTP request after 768.7271ms - 200
[Info   :Zeepkist GTR] 18:31:57 Ghost version: 5
[Info   :Zeepkist GTR] 18:31:58 Starting recorder
[Info   :Zeepkist Bingo] [BINGO] === PLAYER SPAWNED ===
[Info   :Zeepkist Bingo] [BINGO] IsInActiveSession: False
[Info   :Zeepkist Bingo] [BINGO] Not in active session, skipping timer reset
[Info   :Zeepkist GTR] 18:31:59 Loading personal best...
[Info   :Zeepkist GTR] 18:31:59 Start processing HTTP request "POST" "https://graphql.zeepki.st/"
[Info   :Zeepkist GTR] 18:31:59 Sending HTTP request "POST" "https://graphql.zeepki.st/"
[Info   :Zeepkist GTR] 18:31:59 Stopping existing recorder if any
[Info   :Zeepkist GTR] 18:31:59 Creating new recorder
[Info   :Zeepkist GTR] 18:31:59 Start processing HTTP request "POST" "https://graphql.zeepki.st/"
[Info   :Zeepkist GTR] 18:31:59 Sending HTTP request "POST" "https://graphql.zeepki.st/"
[Info   :Zeepkist GTR] 18:31:59 Start processing HTTP request "POST" "https://graphql.zeepki.st/"
[Info   :Zeepkist GTR] 18:31:59 Sending HTTP request "POST" "https://graphql.zeepki.st/"
[Info   :Zeepkist GTR] 18:31:59 Received HTTP response headers after 175.9977ms - 200
[Info   :Zeepkist GTR] 18:31:59 End processing HTTP request after 176.3485ms - 200
[Info   :Zeepkist GTR] 18:31:59 Received HTTP response headers after 193.5507ms - 200
[Info   :Zeepkist GTR] 18:31:59 End processing HTTP request after 193.8035ms - 200
[Info   :Zeepkist GTR] 18:31:59 Ghost version: 5
[Info   :Zeepkist GTR] 18:31:59 Received HTTP response headers after 353.6463ms - 200
[Info   :Zeepkist GTR] 18:31:59 End processing HTTP request after 353.8822ms - 200
[Info   :Zeepkist GTR] 18:31:59 Start processing HTTP request "POST" "https://graphql.zeepki.st/"
[Info   :Zeepkist GTR] 18:31:59 Sending HTTP request "POST" "https://graphql.zeepki.st/"
[Info   :Zeepkist GTR] 18:31:59 Received HTTP response headers after 169.1595ms - 200
[Info   :Zeepkist GTR] 18:31:59 End processing HTTP request after 169.3947ms - 200
[Info   :Zeepkist GTR] 18:32:01 Starting recorder
[Info   :Zeepkist GTR] 18:32:33 Stopping recorder
[Info   :Zeepkist GTR] 18:32:33 Collecting extra information
[Info   :Zeepkist GTR] 18:32:33 Processing ghost data
[Info   :Zeepkist GTR] 18:32:33 Creating stream
[Info   :Zeepkist GTR] 18:32:33 Writing to stream
[Info   :Zeepkist GTR] 18:32:33 Closing stream
[Info   :Zeepkist GTR] 18:32:33 Getting buffer
[Info   :Zeepkist GTR] 18:32:33 Converting to base64
[Info   :Zeepkist GTR] 18:32:33 Creating resource
[Info   :Zeepkist GTR] 18:32:33 Start processing HTTP request "POST" "https://backend.zeepki.st/auth/refresh"
[Info   :Zeepkist GTR] 18:32:33 Sending HTTP request "POST" "https://backend.zeepki.st/auth/refresh"
[Info   :Zeepkist GTR] 18:32:33 Received HTTP response headers after 345.8413ms - 200
[Info   :Zeepkist GTR] 18:32:33 End processing HTTP request after 346.0412ms - 200
[Info   :Zeepkist GTR] 18:32:33 Start processing HTTP request "POST" "https://backend.zeepki.st/record/submit"
[Info   :Zeepkist GTR] 18:32:33 Sending HTTP request "POST" "https://backend.zeepki.st/record/submit"
[Info   :Zeepkist GTR] 18:32:34 Received HTTP response headers after 422.3106ms - 200
[Info   :Zeepkist GTR] 18:32:34 End processing HTTP request after 422.5313ms - 200
[Info   :Zeepkist Bingo] [CHAT] Intercepted message: well no but it dosent matter
[Info   :Zeepkist Bingo] [CHAT] Not relaying - no bingo session
[Info   :Zeepkist Bingo] [BINGO] === PLAYER SPAWNED ===
[Info   :Zeepkist Bingo] [BINGO] IsInActiveSession: False
[Info   :Zeepkist Bingo] [BINGO] Not in active session, skipping timer reset
[Info   :Zeepkist GTR] 18:32:49 Loading personal best...
[Info   :Zeepkist GTR] 18:32:49 Start processing HTTP request "POST" "https://graphql.zeepki.st/"
[Info   :Zeepkist GTR] 18:32:49 Sending HTTP request "POST" "https://graphql.zeepki.st/"
[Info   :Zeepkist GTR] 18:32:49 Stopping existing recorder if any
[Info   :Zeepkist GTR] 18:32:49 Creating new recorder
[Info   :Zeepkist GTR] 18:32:49 Start processing HTTP request "POST" "https://graphql.zeepki.st/"
[Info   :Zeepkist GTR] 18:32:49 Sending HTTP request "POST" "https://graphql.zeepki.st/"
[Info   :Zeepkist GTR] 18:32:49 Start processing HTTP request "POST" "https://graphql.zeepki.st/"
[Info   :Zeepkist GTR] 18:32:49 Sending HTTP request "POST" "https://graphql.zeepki.st/"
[Info   :Zeepkist GTR] 18:32:49 Received HTTP response headers after 192.8322ms - 200
[Info   :Zeepkist GTR] 18:32:49 End processing HTTP request after 193.0529ms - 200
[Info   :Zeepkist GTR] 18:32:49 Received HTTP response headers after 210.0826ms - 200
[Info   :Zeepkist GTR] 18:32:49 End processing HTTP request after 210.3763ms - 200
[Info   :Zeepkist GTR] 18:32:49 Start processing HTTP request "GET" "https://cdn.zeepki.st/ghosts/01KSV1A5VQRZG0S7K44QSPBCCG.bin"
[Info   :Zeepkist GTR] 18:32:49 Sending HTTP request "GET" "https://cdn.zeepki.st/ghosts/01KSV1A5VQRZG0S7K44QSPBCCG.bin"
[Info   :Zeepkist GTR] 18:32:49 Received HTTP response headers after 373.3437ms - 200
[Info   :Zeepkist GTR] 18:32:49 End processing HTTP request after 373.5551ms - 200
[Info   :Zeepkist GTR] 18:32:49 Start processing HTTP request "POST" "https://graphql.zeepki.st/"
[Info   :Zeepkist GTR] 18:32:49 Sending HTTP request "POST" "https://graphql.zeepki.st/"
[Info   :Zeepkist GTR] 18:32:49 Received HTTP response headers after 188.3534ms - 200
[Info   :Zeepkist GTR] 18:32:49 End processing HTTP request after 188.6213ms - 200
[Info   :Zeepkist GTR] 18:32:50 Received HTTP response headers after 1418.2452ms - 200
[Info   :Zeepkist GTR] 18:32:50 End processing HTTP request after 1418.4952ms - 200
[Info   :Zeepkist GTR] 18:32:51 Ghost version: 5
[Info   :Zeepkist GTR] 18:32:51 Starting recorder
[Info   :Zeepkist GTR] 18:33:23 Stopping recorder
[Info   :Zeepkist GTR] 18:33:23 Collecting extra information
[Info   :Zeepkist GTR] 18:33:23 Processing ghost data
[Info   :Zeepkist GTR] 18:33:23 Creating stream
[Info   :Zeepkist GTR] 18:33:23 Writing to stream
[Info   :Zeepkist GTR] 18:33:23 Closing stream
[Info   :Zeepkist GTR] 18:33:23 Getting buffer
[Info   :Zeepkist GTR] 18:33:23 Converting to base64
[Info   :Zeepkist GTR] 18:33:23 Creating resource
[Info   :Zeepkist GTR] 18:33:23 Start processing HTTP request "POST" "https://backend.zeepki.st/auth/refresh"
[Info   :Zeepkist GTR] 18:33:23 Sending HTTP request "POST" "https://backend.zeepki.st/auth/refresh"
[Info   :Zeepkist GTR] 18:33:23 Received HTTP response headers after 323.5413ms - 200
[Info   :Zeepkist GTR] 18:33:23 End processing HTTP request after 323.7484ms - 200
[Info   :Zeepkist GTR] 18:33:23 Start processing HTTP request "POST" "https://backend.zeepki.st/record/submit"
[Info   :Zeepkist GTR] 18:33:23 Sending HTTP request "POST" "https://backend.zeepki.st/record/submit"
[Info   :Zeepkist GTR] 18:33:24 Received HTTP response headers after 304.2362ms - 200
[Info   :Zeepkist GTR] 18:33:24 End processing HTTP request after 304.4488ms - 200
[Info   :Zeepkist Bingo] [BINGO] === PLAYER SPAWNED ===
[Info   :Zeepkist Bingo] [BINGO] IsInActiveSession: False
[Info   :Zeepkist Bingo] [BINGO] Not in active session, skipping timer reset
[Info   :Zeepkist GTR] 18:33:24 Loading personal best...
[Info   :Zeepkist GTR] 18:33:24 Start processing HTTP request "POST" "https://graphql.zeepki.st/"
[Info   :Zeepkist GTR] 18:33:24 Sending HTTP request "POST" "https://graphql.zeepki.st/"
[Info   :Zeepkist GTR] 18:33:24 Stopping existing recorder if any
[Info   :Zeepkist GTR] 18:33:24 Creating new recorder
[Info   :Zeepkist GTR] 18:33:24 Start processing HTTP request "POST" "https://graphql.zeepki.st/"
[Info   :Zeepkist GTR] 18:33:24 Sending HTTP request "POST" "https://graphql.zeepki.st/"
[Info   :Zeepkist GTR] 18:33:24 Start processing HTTP request "POST" "https://graphql.zeepki.st/"
[Info   :Zeepkist GTR] 18:33:24 Sending HTTP request "POST" "https://graphql.zeepki.st/"
[Info   :Zeepkist GTR] 18:33:25 Received HTTP response headers after 362.8089ms - 200
[Info   :Zeepkist GTR] 18:33:25 End processing HTTP request after 363.2146ms - 200
[Info   :Zeepkist GTR] 18:33:25 Ghost version: 5
[Info   :Zeepkist GTR] 18:33:25 Received HTTP response headers after 537.1431ms - 200
[Info   :Zeepkist GTR] 18:33:25 End processing HTTP request after 537.3578ms - 200
[Info   :Zeepkist GTR] 18:33:25 Received HTTP response headers after 728.2072ms - 200
[Info   :Zeepkist GTR] 18:33:25 End processing HTTP request after 728.4404ms - 200
[Info   :Zeepkist GTR] 18:33:25 Start processing HTTP request "POST" "https://graphql.zeepki.st/"
[Info   :Zeepkist GTR] 18:33:25 Sending HTTP request "POST" "https://graphql.zeepki.st/"
[Info   :Zeepkist GTR] 18:33:25 Received HTTP response headers after 172.6077ms - 200
[Info   :Zeepkist GTR] 18:33:25 End processing HTTP request after 172.8706ms - 200
[Info   :Zeepkist GTR] 18:33:26 Starting recorder
[Info   :Zeepkist Bingo] [BINGO] === PLAYER SPAWNED ===
[Info   :Zeepkist Bingo] [BINGO] IsInActiveSession: False
[Info   :Zeepkist Bingo] [BINGO] Not in active session, skipping timer reset
[Info   :Zeepkist GTR] 18:33:33 Loading personal best...
[Info   :Zeepkist GTR] 18:33:33 Start processing HTTP request "POST" "https://graphql.zeepki.st/"
[Info   :Zeepkist GTR] 18:33:33 Sending HTTP request "POST" "https://graphql.zeepki.st/"
[Info   :Zeepkist GTR] 18:33:33 Stopping existing recorder if any
[Info   :Zeepkist GTR] 18:33:33 Creating new recorder
[Info   :Zeepkist GTR] 18:33:33 Start processing HTTP request "POST" "https://graphql.zeepki.st/"
[Info   :Zeepkist GTR] 18:33:33 Sending HTTP request "POST" "https://graphql.zeepki.st/"
[Info   :Zeepkist GTR] 18:33:33 Start processing HTTP request "POST" "https://graphql.zeepki.st/"
[Info   :Zeepkist GTR] 18:33:33 Sending HTTP request "POST" "https://graphql.zeepki.st/"
[Info   :Zeepkist GTR] 18:33:33 Received HTTP response headers after 179.3766ms - 200
[Info   :Zeepkist GTR] 18:33:33 End processing HTTP request after 179.6156ms - 200
[Info   :Zeepkist GTR] 18:33:33 Ghost version: 5
[Info   :Zeepkist GTR] 18:33:33 Received HTTP response headers after 270.1284ms - 200
[Info   :Zeepkist GTR] 18:33:33 End processing HTTP request after 270.334ms - 200
[Info   :Zeepkist GTR] 18:33:33 Received HTTP response headers after 359.7136ms - 200
[Info   :Zeepkist GTR] 18:33:33 End processing HTTP request after 359.9437ms - 200
[Info   :Zeepkist GTR] 18:33:33 Start processing HTTP request "POST" "https://graphql.zeepki.st/"
[Info   :Zeepkist GTR] 18:33:33 Sending HTTP request "POST" "https://graphql.zeepki.st/"
[Info   :Zeepkist GTR] 18:33:33 Received HTTP response headers after 179.6374ms - 200
[Info   :Zeepkist GTR] 18:33:33 End processing HTTP request after 179.9311ms - 200
[Info   :Zeepkist GTR] 18:33:34 Starting recorder
[Info   :Zeepkist Bingo] [BINGO] === PLAYER SPAWNED ===
[Info   :Zeepkist Bingo] [BINGO] IsInActiveSession: False
[Info   :Zeepkist Bingo] [BINGO] Not in active session, skipping timer reset
[Info   :Zeepkist GTR] 18:33:40 Loading personal best...
[Info   :Zeepkist GTR] 18:33:40 Start processing HTTP request "POST" "https://graphql.zeepki.st/"
[Info   :Zeepkist GTR] 18:33:40 Sending HTTP request "POST" "https://graphql.zeepki.st/"
[Info   :Zeepkist GTR] 18:33:40 Stopping existing recorder if any
[Info   :Zeepkist GTR] 18:33:40 Creating new recorder
[Info   :Zeepkist GTR] 18:33:40 Start processing HTTP request "POST" "https://graphql.zeepki.st/"
[Info   :Zeepkist GTR] 18:33:40 Sending HTTP request "POST" "https://graphql.zeepki.st/"
[Info   :Zeepkist GTR] 18:33:40 Start processing HTTP request "POST" "https://graphql.zeepki.st/"
[Info   :Zeepkist GTR] 18:33:40 Sending HTTP request "POST" "https://graphql.zeepki.st/"
[Info   :Zeepkist GTR] 18:33:40 Received HTTP response headers after 175.5332ms - 200
[Info   :Zeepkist GTR] 18:33:40 End processing HTTP request after 175.8134ms - 200
[Info   :Zeepkist GTR] 18:33:40 Received HTTP response headers after 190.0714ms - 200
[Info   :Zeepkist GTR] 18:33:40 End processing HTTP request after 190.2831ms - 200
[Info   :Zeepkist GTR] 18:33:40 Ghost version: 5
[Info   :Zeepkist GTR] 18:33:41 Received HTTP response headers after 360.5682ms - 200
[Info   :Zeepkist GTR] 18:33:41 End processing HTTP request after 360.7933ms - 200
[Info   :Zeepkist GTR] 18:33:41 Start processing HTTP request "POST" "https://graphql.zeepki.st/"
[Info   :Zeepkist GTR] 18:33:41 Sending HTTP request "POST" "https://graphql.zeepki.st/"
[Info   :Zeepkist GTR] 18:33:41 Received HTTP response headers after 188.6478ms - 200
[Info   :Zeepkist GTR] 18:33:41 End processing HTTP request after 188.9011ms - 200
[Info   :Zeepkist GTR] 18:33:42 Starting recorder
[Info   :Zeepkist Bingo] [BINGO] === PLAYER SPAWNED ===
[Info   :Zeepkist Bingo] [BINGO] IsInActiveSession: False
[Info   :Zeepkist Bingo] [BINGO] Not in active session, skipping timer reset
[Info   :Zeepkist GTR] 18:33:57 Loading personal best...
[Info   :Zeepkist GTR] 18:33:57 Start processing HTTP request "POST" "https://graphql.zeepki.st/"
[Info   :Zeepkist GTR] 18:33:57 Sending HTTP request "POST" "https://graphql.zeepki.st/"
[Info   :Zeepkist GTR] 18:33:57 Stopping existing recorder if any
[Info   :Zeepkist GTR] 18:33:57 Creating new recorder
[Info   :Zeepkist GTR] 18:33:57 Start processing HTTP request "POST" "https://graphql.zeepki.st/"
[Info   :Zeepkist GTR] 18:33:57 Sending HTTP request "POST" "https://graphql.zeepki.st/"
[Info   :Zeepkist GTR] 18:33:57 Start processing HTTP request "POST" "https://graphql.zeepki.st/"
[Info   :Zeepkist GTR] 18:33:57 Sending HTTP request "POST" "https://graphql.zeepki.st/"
[Info   :Zeepkist GTR] 18:33:57 Received HTTP response headers after 186.9348ms - 200
[Info   :Zeepkist GTR] 18:33:57 End processing HTTP request after 187.1581ms - 200
[Info   :Zeepkist GTR] 18:33:57 Received HTTP response headers after 388.8936ms - 200
[Info   :Zeepkist GTR] 18:33:57 End processing HTTP request after 389.1169ms - 200
[Info   :Zeepkist GTR] 18:33:57 Start processing HTTP request "POST" "https://graphql.zeepki.st/"
[Info   :Zeepkist GTR] 18:33:57 Sending HTTP request "POST" "https://graphql.zeepki.st/"
[Info   :Zeepkist GTR] 18:33:57 Received HTTP response headers after 176.497ms - 200
[Info   :Zeepkist GTR] 18:33:57 End processing HTTP request after 176.7536ms - 200
[Info   :Zeepkist GTR] 18:33:58 Received HTTP response headers after 966.5352ms - 200
[Info   :Zeepkist GTR] 18:33:58 End processing HTTP request after 966.8845ms - 200
[Info   :Zeepkist GTR] 18:33:58 Ghost version: 5
[Info   :Zeepkist GTR] 18:33:59 Starting recorder
[Info   :Zeepkist Bingo] [BINGO] === PLAYER SPAWNED ===
[Info   :Zeepkist Bingo] [BINGO] IsInActiveSession: False
[Info   :Zeepkist Bingo] [BINGO] Not in active session, skipping timer reset
[Info   :Zeepkist GTR] 18:34:08 Loading personal best...
[Info   :Zeepkist GTR] 18:34:08 Start processing HTTP request "POST" "https://graphql.zeepki.st/"
[Info   :Zeepkist GTR] 18:34:08 Sending HTTP request "POST" "https://graphql.zeepki.st/"
[Info   :Zeepkist GTR] 18:34:08 Stopping existing recorder if any
[Info   :Zeepkist GTR] 18:34:08 Creating new recorder
[Info   :Zeepkist GTR] 18:34:08 Start processing HTTP request "POST" "https://graphql.zeepki.st/"
[Info   :Zeepkist GTR] 18:34:08 Sending HTTP request "POST" "https://graphql.zeepki.st/"
[Info   :Zeepkist GTR] 18:34:08 Start processing HTTP request "POST" "https://graphql.zeepki.st/"
[Info   :Zeepkist GTR] 18:34:08 Sending HTTP request "POST" "https://graphql.zeepki.st/"
[Info   :Zeepkist GTR] 18:34:08 Received HTTP response headers after 176.5442ms - 200
[Info   :Zeepkist GTR] 18:34:08 End processing HTTP request after 176.7488ms - 200
[Info   :Zeepkist GTR] 18:34:08 Received HTTP response headers after 180.892ms - 200
[Info   :Zeepkist GTR] 18:34:08 End processing HTTP request after 181.1744ms - 200
[Info   :Zeepkist GTR] 18:34:08 Ghost version: 5
[Info   :Zeepkist GTR] 18:34:09 Received HTTP response headers after 394.6814ms - 200
[Info   :Zeepkist GTR] 18:34:09 End processing HTTP request after 395.005ms - 200
[Info   :Zeepkist GTR] 18:34:09 Start processing HTTP request "POST" "https://graphql.zeepki.st/"
[Info   :Zeepkist GTR] 18:34:09 Sending HTTP request "POST" "https://graphql.zeepki.st/"
[Info   :Zeepkist GTR] 18:34:09 Received HTTP response headers after 190.188ms - 200
[Info   :Zeepkist GTR] 18:34:09 End processing HTTP request after 190.4704ms - 200
[Info   :Zeepkist GTR] 18:34:10 Starting recorder
[Info   :Zeepkist GTR] 18:34:42 Stopping recorder
[Info   :Zeepkist GTR] 18:34:42 Collecting extra information
[Info   :Zeepkist GTR] 18:34:42 Processing ghost data
[Info   :Zeepkist GTR] 18:34:42 Creating stream
[Info   :Zeepkist GTR] 18:34:42 Writing to stream
[Info   :Zeepkist GTR] 18:34:42 Closing stream
[Info   :Zeepkist GTR] 18:34:42 Getting buffer
[Info   :Zeepkist GTR] 18:34:42 Converting to base64
[Info   :Zeepkist GTR] 18:34:42 Creating resource
[Info   :Zeepkist GTR] 18:34:42 Start processing HTTP request "POST" "https://backend.zeepki.st/auth/refresh"
[Info   :Zeepkist GTR] 18:34:42 Sending HTTP request "POST" "https://backend.zeepki.st/auth/refresh"
[Info   :Zeepkist GTR] 18:34:43 Received HTTP response headers after 945.0315ms - 200
[Info   :Zeepkist GTR] 18:34:43 End processing HTTP request after 945.2513ms - 200
[Info   :Zeepkist GTR] 18:34:43 Start processing HTTP request "POST" "https://backend.zeepki.st/record/submit"
[Info   :Zeepkist GTR] 18:34:43 Sending HTTP request "POST" "https://backend.zeepki.st/record/submit"
[Info   :Zeepkist GTR] 18:34:44 Received HTTP response headers after 381.8905ms - 200
[Info   :Zeepkist GTR] 18:34:44 End processing HTTP request after 382.1014ms - 200
[Info   :Zeepkist Bingo] [BINGO] === PLAYER SPAWNED ===
[Info   :Zeepkist Bingo] [BINGO] IsInActiveSession: False
[Info   :Zeepkist Bingo] [BINGO] Not in active session, skipping timer reset
[Info   :Zeepkist GTR] 18:34:44 Loading personal best...
[Info   :Zeepkist GTR] 18:34:44 Start processing HTTP request "POST" "https://graphql.zeepki.st/"
[Info   :Zeepkist GTR] 18:34:44 Sending HTTP request "POST" "https://graphql.zeepki.st/"
[Info   :Zeepkist GTR] 18:34:44 Stopping existing recorder if any
[Info   :Zeepkist GTR] 18:34:44 Creating new recorder
[Info   :Zeepkist GTR] 18:34:44 Start processing HTTP request "POST" "https://graphql.zeepki.st/"
[Info   :Zeepkist GTR] 18:34:44 Sending HTTP request "POST" "https://graphql.zeepki.st/"
[Info   :Zeepkist GTR] 18:34:44 Start processing HTTP request "POST" "https://graphql.zeepki.st/"
[Info   :Zeepkist GTR] 18:34:44 Sending HTTP request "POST" "https://graphql.zeepki.st/"
[Info   :Zeepkist GTR] 18:34:44 Received HTTP response headers after 182.4108ms - 200
[Info   :Zeepkist GTR] 18:34:44 End processing HTTP request after 182.6401ms - 200
[Info   :Zeepkist GTR] 18:34:44 Received HTTP response headers after 194.7029ms - 200
[Info   :Zeepkist GTR] 18:34:44 End processing HTTP request after 194.9373ms - 200
[Info   :Zeepkist GTR] 18:34:44 Ghost version: 5
[Info   :Zeepkist GTR] 18:34:44 Received HTTP response headers after 364.5995ms - 200
[Info   :Zeepkist GTR] 18:34:44 End processing HTTP request after 364.8219ms - 200
[Info   :Zeepkist GTR] 18:34:44 Start processing HTTP request "POST" "https://graphql.zeepki.st/"
[Info   :Zeepkist GTR] 18:34:44 Sending HTTP request "POST" "https://graphql.zeepki.st/"
[Info   :Zeepkist GTR] 18:34:45 Received HTTP response headers after 174.9704ms - 200
[Info   :Zeepkist GTR] 18:34:45 End processing HTTP request after 175.2835ms - 200
[Info   :Zeepkist GTR] 18:34:46 Starting recorder
[Info   :Zeepkist Bingo] [BINGO] === PLAYER SPAWNED ===
[Info   :Zeepkist Bingo] [BINGO] IsInActiveSession: False
[Info   :Zeepkist Bingo] [BINGO] Not in active session, skipping timer reset
[Info   :Zeepkist GTR] 18:35:00 Loading personal best...
[Info   :Zeepkist GTR] 18:35:00 Start processing HTTP request "POST" "https://graphql.zeepki.st/"
[Info   :Zeepkist GTR] 18:35:00 Sending HTTP request "POST" "https://graphql.zeepki.st/"
[Info   :Zeepkist GTR] 18:35:00 Stopping existing recorder if any
[Info   :Zeepkist GTR] 18:35:00 Creating new recorder
[Info   :Zeepkist GTR] 18:35:00 Start processing HTTP request "POST" "https://graphql.zeepki.st/"
[Info   :Zeepkist GTR] 18:35:00 Sending HTTP request "POST" "https://graphql.zeepki.st/"
[Info   :Zeepkist GTR] 18:35:00 Start processing HTTP request "POST" "https://graphql.zeepki.st/"
[Info   :Zeepkist GTR] 18:35:00 Sending HTTP request "POST" "https://graphql.zeepki.st/"
[Info   :Zeepkist GTR] 18:35:00 Received HTTP response headers after 198.6846ms - 200
[Info   :Zeepkist GTR] 18:35:00 End processing HTTP request after 198.9445ms - 200
[Info   :Zeepkist GTR] 18:35:00 Received HTTP response headers after 216.0974ms - 200
[Info   :Zeepkist GTR] 18:35:00 End processing HTTP request after 216.8285ms - 200
[Info   :Zeepkist GTR] 18:35:00 Ghost version: 5
[Info   :Zeepkist GTR] 18:35:01 Received HTTP response headers after 368.0137ms - 200
[Info   :Zeepkist GTR] 18:35:01 End processing HTTP request after 368.5029ms - 200
[Info   :Zeepkist GTR] 18:35:01 Start processing HTTP request "POST" "https://graphql.zeepki.st/"
[Info   :Zeepkist GTR] 18:35:01 Sending HTTP request "POST" "https://graphql.zeepki.st/"
[Info   :Zeepkist GTR] 18:35:01 Received HTTP response headers after 256.1738ms - 200
[Info   :Zeepkist GTR] 18:35:01 End processing HTTP request after 256.4374ms - 200
[Info   :Zeepkist GTR] 18:35:02 Starting recorder
[Info   :RoundLeaderboardTab] Drawing leaderboard -> forwarding to Instance.DrawTabLeaderboard()
[Info   :Zeepkist GTR] 18:35:34 Stopping recorder
[Info   :Zeepkist GTR] 18:35:34 Collecting extra information
[Info   :Zeepkist GTR] 18:35:34 Processing ghost data
[Info   :Zeepkist GTR] 18:35:34 Creating stream
[Info   :Zeepkist GTR] 18:35:34 Writing to stream
[Info   :Zeepkist GTR] 18:35:34 Closing stream
[Info   :Zeepkist GTR] 18:35:34 Getting buffer
[Info   :Zeepkist GTR] 18:35:34 Converting to base64
[Info   :Zeepkist GTR] 18:35:34 Creating resource
[Info   :Zeepkist GTR] 18:35:34 Start processing HTTP request "POST" "https://backend.zeepki.st/auth/refresh"
[Info   :Zeepkist GTR] 18:35:34 Sending HTTP request "POST" "https://backend.zeepki.st/auth/refresh"
[Info   :Zeepkist GTR] 18:35:36 Received HTTP response headers after 1986.09ms - 502
[Info   :Zeepkist GTR] 18:35:36 End processing HTTP request after 1986.3342ms - 502
[Warning:Zeepkist GTR] 18:35:36 Request failed, retrying (1)
[Info   :Zeepkist GTR] 18:35:38 Start processing HTTP request "POST" "https://backend.zeepki.st/auth/refresh"
[Info   :Zeepkist GTR] 18:35:38 Sending HTTP request "POST" "https://backend.zeepki.st/auth/refresh"
[Info   :Zeepkist GTR] 18:35:41 Received HTTP response headers after 2847.9611ms - 200
[Info   :Zeepkist GTR] 18:35:41 End processing HTTP request after 2848.2023ms - 200
[Info   :Zeepkist GTR] 18:35:41 Start processing HTTP request "POST" "https://backend.zeepki.st/record/submit"
[Info   :Zeepkist GTR] 18:35:41 Sending HTTP request "POST" "https://backend.zeepki.st/record/submit"
[Info   :Zeepkist Bingo] [BINGO] === PLAYER SPAWNED ===
[Info   :Zeepkist Bingo] [BINGO] IsInActiveSession: False
[Info   :Zeepkist Bingo] [BINGO] Not in active session, skipping timer reset
[Info   :Zeepkist GTR] 18:35:41 Loading personal best...
[Info   :Zeepkist GTR] 18:35:41 Start processing HTTP request "POST" "https://graphql.zeepki.st/"
[Info   :Zeepkist GTR] 18:35:41 Sending HTTP request "POST" "https://graphql.zeepki.st/"
[Info   :Zeepkist GTR] 18:35:41 Stopping existing recorder if any
[Info   :Zeepkist GTR] 18:35:41 Creating new recorder
[Info   :Zeepkist GTR] 18:35:41 Start processing HTTP request "POST" "https://graphql.zeepki.st/"
[Info   :Zeepkist GTR] 18:35:41 Sending HTTP request "POST" "https://graphql.zeepki.st/"
[Info   :Zeepkist GTR] 18:35:41 Start processing HTTP request "POST" "https://graphql.zeepki.st/"
[Info   :Zeepkist GTR] 18:35:41 Sending HTTP request "POST" "https://graphql.zeepki.st/"
[Info   :Zeepkist GTR] 18:35:42 Received HTTP response headers after 1083.8263ms - 200
[Info   :Zeepkist GTR] 18:35:42 End processing HTTP request after 1084.0475ms - 200
[Info   :Zeepkist GTR] 18:35:42 Received HTTP response headers after 1092.5479ms - 200
[Info   :Zeepkist GTR] 18:35:42 End processing HTTP request after 1092.7679ms - 200
[Info   :Zeepkist GTR] 18:35:42 Ghost version: 5
[Info   :Zeepkist GTR] 18:35:43 Received HTTP response headers after 1293.6374ms - 200
[Info   :Zeepkist GTR] 18:35:43 End processing HTTP request after 1293.8749ms - 200
[Info   :Zeepkist GTR] 18:35:43 Start processing HTTP request "POST" "https://graphql.zeepki.st/"
[Info   :Zeepkist GTR] 18:35:43 Sending HTTP request "POST" "https://graphql.zeepki.st/"
[Info   :Zeepkist GTR] 18:35:43 Received HTTP response headers after 221.4369ms - 200
[Info   :Zeepkist GTR] 18:35:43 End processing HTTP request after 221.6824ms - 200
[Info   :Zeepkist GTR] 18:35:43 Starting recorder
[Info   :Zeepkist GTR] 18:35:44 Received HTTP response headers after 3238.9447ms - 502
[Info   :Zeepkist GTR] 18:35:44 End processing HTTP request after 3239.1596ms - 502
[Warning:Zeepkist GTR] 18:35:44 Request failed, retrying (1)
[Info   :Zeepkist GTR] 18:35:46 Start processing HTTP request "POST" "https://backend.zeepki.st/record/submit"
[Info   :Zeepkist GTR] 18:35:46 Sending HTTP request "POST" "https://backend.zeepki.st/record/submit"
[Info   :Zeepkist GTR] 18:35:48 Received HTTP response headers after 1234.1259ms - 502
[Info   :Zeepkist GTR] 18:35:48 End processing HTTP request after 1234.3909ms - 502
[Warning:Zeepkist GTR] 18:35:48 Request failed, retrying (2)
[Info   :Zeepkist GTR] 18:35:52 Start processing HTTP request "POST" "https://backend.zeepki.st/record/submit"
[Info   :Zeepkist GTR] 18:35:52 Sending HTTP request "POST" "https://backend.zeepki.st/record/submit"
[Info   :Zeepkist GTR] 18:35:55 Received HTTP response headers after 3222.6618ms - 502
[Info   :Zeepkist GTR] 18:35:55 End processing HTTP request after 3222.8955ms - 502
[Warning:Zeepkist GTR] 18:35:55 Request failed, retrying (3)
[Info   :Zeepkist GTR] 18:36:03 Start processing HTTP request "POST" "https://backend.zeepki.st/record/submit"
[Info   :Zeepkist GTR] 18:36:03 Sending HTTP request "POST" "https://backend.zeepki.st/record/submit"
[Info   :Zeepkist GTR] 18:36:06 Received HTTP response headers after 3217.6645ms - 502
[Info   :Zeepkist GTR] 18:36:06 End processing HTTP request after 3217.9176ms - 502
[Error  :Zeepkist GTR] 18:36:06 Failed to submit record
[Info   :Zeepkist GTR] 18:36:15 Stopping recorder
[Info   :Zeepkist GTR] 18:36:15 Collecting extra information
[Info   :Zeepkist GTR] 18:36:15 Processing ghost data
[Info   :Zeepkist GTR] 18:36:15 Creating stream
[Info   :Zeepkist GTR] 18:36:15 Writing to stream
[Info   :Zeepkist GTR] 18:36:15 Closing stream
[Info   :Zeepkist GTR] 18:36:15 Getting buffer
[Info   :Zeepkist GTR] 18:36:15 Converting to base64
[Info   :Zeepkist GTR] 18:36:15 Creating resource
[Info   :Zeepkist GTR] 18:36:15 Start processing HTTP request "POST" "https://backend.zeepki.st/auth/refresh"
[Info   :Zeepkist GTR] 18:36:15 Sending HTTP request "POST" "https://backend.zeepki.st/auth/refresh"
[Info   :Zeepkist GTR] 18:36:18 Received HTTP response headers after 2499.5985ms - 200
[Info   :Zeepkist GTR] 18:36:18 End processing HTTP request after 2499.8178ms - 200
[Info   :Zeepkist GTR] 18:36:18 Start processing HTTP request "POST" "https://backend.zeepki.st/record/submit"
[Info   :Zeepkist GTR] 18:36:18 Sending HTTP request "POST" "https://backend.zeepki.st/record/submit"
[Info   :Zeepkist GTR] 18:36:18 Received HTTP response headers after 318.4718ms - 502
[Info   :Zeepkist GTR] 18:36:18 End processing HTTP request after 318.73ms - 502
[Warning:Zeepkist GTR] 18:36:18 Request failed, retrying (1)
[Info   :Zeepkist Bingo] [BINGO] === PLAYER SPAWNED ===
[Info   :Zeepkist Bingo] [BINGO] IsInActiveSession: False
[Info   :Zeepkist Bingo] [BINGO] Not in active session, skipping timer reset
[Info   :Zeepkist GTR] 18:36:18 Loading personal best...
[Info   :Zeepkist GTR] 18:36:18 Start processing HTTP request "POST" "https://graphql.zeepki.st/"
[Info   :Zeepkist GTR] 18:36:18 Sending HTTP request "POST" "https://graphql.zeepki.st/"
[Info   :Zeepkist GTR] 18:36:18 Stopping existing recorder if any
[Info   :Zeepkist GTR] 18:36:18 Creating new recorder
[Info   :Zeepkist GTR] 18:36:18 Start processing HTTP request "POST" "https://graphql.zeepki.st/"
[Info   :Zeepkist GTR] 18:36:18 Sending HTTP request "POST" "https://graphql.zeepki.st/"
[Info   :Zeepkist GTR] 18:36:18 Start processing HTTP request "POST" "https://graphql.zeepki.st/"
[Info   :Zeepkist GTR] 18:36:18 Sending HTTP request "POST" "https://graphql.zeepki.st/"
[Info   :Zeepkist GTR] 18:36:19 Received HTTP response headers after 210.2634ms - 200
[Info   :Zeepkist GTR] 18:36:19 End processing HTTP request after 210.4781ms - 200
[Info   :Zeepkist GTR] 18:36:19 Received HTTP response headers after 228.4252ms - 200
[Info   :Zeepkist GTR] 18:36:19 End processing HTTP request after 228.6715ms - 200
[Info   :Zeepkist GTR] 18:36:19 Ghost version: 5
[Info   :Zeepkist GTR] 18:36:19 Received HTTP response headers after 407.1527ms - 200
[Info   :Zeepkist GTR] 18:36:19 End processing HTTP request after 407.5047ms - 200
[Info   :Zeepkist GTR] 18:36:19 Start processing HTTP request "POST" "https://graphql.zeepki.st/"
[Info   :Zeepkist GTR] 18:36:19 Sending HTTP request "POST" "https://graphql.zeepki.st/"
[Info   :Zeepkist GTR] 18:36:19 Received HTTP response headers after 204.5167ms - 200
[Info   :Zeepkist GTR] 18:36:19 End processing HTTP request after 204.7508ms - 200
[Info   :Zeepkist GTR] 18:36:20 Starting recorder
[Info   :Zeepkist GTR] 18:36:20 Start processing HTTP request "POST" "https://backend.zeepki.st/record/submit"
[Info   :Zeepkist GTR] 18:36:20 Sending HTTP request "POST" "https://backend.zeepki.st/record/submit"
[Info   :Zeepkist GTR] 18:36:22 Received HTTP response headers after 1368.3931ms - 200
[Info   :Zeepkist GTR] 18:36:22 End processing HTTP request after 1368.6441ms - 200
[Info   :Zeepkist GTR] 18:36:52 Stopping recorder
[Info   :Zeepkist GTR] 18:36:52 Collecting extra information
[Info   :Zeepkist GTR] 18:36:52 Processing ghost data
[Info   :Zeepkist GTR] 18:36:52 Creating stream
[Info   :Zeepkist GTR] 18:36:52 Writing to stream
[Info   :Zeepkist GTR] 18:36:52 Closing stream
[Info   :Zeepkist GTR] 18:36:52 Getting buffer
[Info   :Zeepkist GTR] 18:36:52 Converting to base64
[Info   :Zeepkist GTR] 18:36:52 Creating resource
[Info   :Zeepkist GTR] 18:36:52 Start processing HTTP request "POST" "https://backend.zeepki.st/auth/refresh"
[Info   :Zeepkist GTR] 18:36:52 Sending HTTP request "POST" "https://backend.zeepki.st/auth/refresh"
[Info   :Zeepkist Bingo] [BINGO] === PLAYER SPAWNED ===
[Info   :Zeepkist Bingo] [BINGO] IsInActiveSession: False
[Info   :Zeepkist Bingo] [BINGO] Not in active session, skipping timer reset
[Info   :Zeepkist GTR] 18:36:54 Loading personal best...
[Info   :Zeepkist GTR] 18:36:54 Start processing HTTP request "POST" "https://graphql.zeepki.st/"
[Info   :Zeepkist GTR] 18:36:54 Sending HTTP request "POST" "https://graphql.zeepki.st/"
[Info   :Zeepkist GTR] 18:36:54 Stopping existing recorder if any
[Info   :Zeepkist GTR] 18:36:54 Creating new recorder
[Info   :Zeepkist GTR] 18:36:54 Start processing HTTP request "POST" "https://graphql.zeepki.st/"
[Info   :Zeepkist GTR] 18:36:54 Sending HTTP request "POST" "https://graphql.zeepki.st/"
[Info   :Zeepkist GTR] 18:36:54 Start processing HTTP request "POST" "https://graphql.zeepki.st/"
[Info   :Zeepkist GTR] 18:36:54 Sending HTTP request "POST" "https://graphql.zeepki.st/"
[Info   :Zeepkist GTR] 18:36:54 Received HTTP response headers after 1563.0799ms - 200
[Info   :Zeepkist GTR] 18:36:54 End processing HTTP request after 1563.3204ms - 200
[Info   :Zeepkist GTR] 18:36:54 Start processing HTTP request "POST" "https://backend.zeepki.st/record/submit"
[Info   :Zeepkist GTR] 18:36:54 Sending HTTP request "POST" "https://backend.zeepki.st/record/submit"
[Info   :Zeepkist GTR] 18:36:54 Received HTTP response headers after 365.1904ms - 200
[Info   :Zeepkist GTR] 18:36:54 End processing HTTP request after 365.4085ms - 200
[Info   :Zeepkist GTR] 18:36:54 Received HTTP response headers after 377.5635ms - 200
[Info   :Zeepkist GTR] 18:36:54 End processing HTTP request after 377.8268ms - 200
[Info   :Zeepkist GTR] 18:36:54 Start processing HTTP request "GET" "https://cdn.zeepki.st/ghosts/01KSV1H4C8RF7FHMEY6YZDMVD8.bin"
[Info   :Zeepkist GTR] 18:36:54 Sending HTTP request "GET" "https://cdn.zeepki.st/ghosts/01KSV1H4C8RF7FHMEY6YZDMVD8.bin"
[Info   :Zeepkist GTR] 18:36:54 Received HTTP response headers after 574.3721ms - 200
[Info   :Zeepkist GTR] 18:36:54 End processing HTTP request after 574.6555ms - 200
[Info   :Zeepkist GTR] 18:36:54 Start processing HTTP request "POST" "https://graphql.zeepki.st/"
[Info   :Zeepkist GTR] 18:36:54 Sending HTTP request "POST" "https://graphql.zeepki.st/"
[Info   :Zeepkist GTR] 18:36:54 Received HTTP response headers after 447.2454ms - 200
[Info   :Zeepkist GTR] 18:36:54 End processing HTTP request after 447.4903ms - 200
[Info   :Zeepkist GTR] 18:36:55 Received HTTP response headers after 335.9205ms - 200
[Info   :Zeepkist GTR] 18:36:55 End processing HTTP request after 336.1872ms - 200
[Info   :Zeepkist GTR] 18:36:55 Received HTTP response headers after 721.8339ms - 200
[Info   :Zeepkist GTR] 18:36:55 End processing HTTP request after 722.0846ms - 200
[Info   :Zeepkist GTR] 18:36:55 Ghost version: 5
[Info   :Zeepkist GTR] 18:36:56 Starting recorder
[Info   :Zeepkist Bingo] [BINGO] === PLAYER SPAWNED ===
[Info   :Zeepkist Bingo] [BINGO] IsInActiveSession: False
[Info   :Zeepkist Bingo] [BINGO] Not in active session, skipping timer reset
[Info   :Zeepkist GTR] 18:37:02 Loading personal best...
[Info   :Zeepkist GTR] 18:37:02 Start processing HTTP request "POST" "https://graphql.zeepki.st/"
[Info   :Zeepkist GTR] 18:37:02 Sending HTTP request "POST" "https://graphql.zeepki.st/"
[Info   :Zeepkist GTR] 18:37:02 Stopping existing recorder if any
[Info   :Zeepkist GTR] 18:37:02 Creating new recorder
[Info   :Zeepkist GTR] 18:37:02 Start processing HTTP request "POST" "https://graphql.zeepki.st/"
[Info   :Zeepkist GTR] 18:37:02 Sending HTTP request "POST" "https://graphql.zeepki.st/"
[Info   :Zeepkist GTR] 18:37:02 Start processing HTTP request "POST" "https://graphql.zeepki.st/"
[Info   :Zeepkist GTR] 18:37:02 Sending HTTP request "POST" "https://graphql.zeepki.st/"
[Info   :Zeepkist GTR] 18:37:03 Received HTTP response headers after 180.3376ms - 200
[Info   :Zeepkist GTR] 18:37:03 End processing HTTP request after 180.5875ms - 200
[Info   :Zeepkist GTR] 18:37:03 Received HTTP response headers after 190.4744ms - 200
[Info   :Zeepkist GTR] 18:37:03 End processing HTTP request after 190.761ms - 200
[Info   :Zeepkist GTR] 18:37:03 Ghost version: 5
[Info   :Zeepkist GTR] 18:37:03 Received HTTP response headers after 364.3043ms - 200
[Info   :Zeepkist GTR] 18:37:03 End processing HTTP request after 364.6119ms - 200
[Info   :Zeepkist GTR] 18:37:03 Start processing HTTP request "POST" "https://graphql.zeepki.st/"
[Info   :Zeepkist GTR] 18:37:03 Sending HTTP request "POST" "https://graphql.zeepki.st/"
[Info   :Zeepkist GTR] 18:37:03 Received HTTP response headers after 191.0991ms - 200
[Info   :Zeepkist GTR] 18:37:03 End processing HTTP request after 191.3517ms - 200
[Info   :Zeepkist GTR] 18:37:04 Starting recorder
[Info   :Zeepkist Bingo] [BINGO] === PLAYER SPAWNED ===
[Info   :Zeepkist Bingo] [BINGO] IsInActiveSession: False
[Info   :Zeepkist Bingo] [BINGO] Not in active session, skipping timer reset
[Info   :Zeepkist GTR] 18:37:11 Loading personal best...
[Info   :Zeepkist GTR] 18:37:11 Start processing HTTP request "POST" "https://graphql.zeepki.st/"
[Info   :Zeepkist GTR] 18:37:11 Sending HTTP request "POST" "https://graphql.zeepki.st/"
[Info   :Zeepkist GTR] 18:37:11 Stopping existing recorder if any
[Info   :Zeepkist GTR] 18:37:11 Creating new recorder
[Info   :Zeepkist GTR] 18:37:11 Start processing HTTP request "POST" "https://graphql.zeepki.st/"
[Info   :Zeepkist GTR] 18:37:11 Sending HTTP request "POST" "https://graphql.zeepki.st/"
[Info   :Zeepkist GTR] 18:37:11 Start processing HTTP request "POST" "https://graphql.zeepki.st/"
[Info   :Zeepkist GTR] 18:37:11 Sending HTTP request "POST" "https://graphql.zeepki.st/"
[Info   :Zeepkist GTR] 18:37:11 Received HTTP response headers after 690.7297ms - 200
[Info   :Zeepkist GTR] 18:37:11 End processing HTTP request after 690.9585ms - 200
[Info   :Zeepkist GTR] 18:37:11 Received HTTP response headers after 703.5829ms - 200
[Info   :Zeepkist GTR] 18:37:11 End processing HTTP request after 703.8116ms - 200
[Info   :Zeepkist GTR] 18:37:11 Ghost version: 5
[Info   :Zeepkist GTR] 18:37:12 Received HTTP response headers after 1592.8843ms - 200
[Info   :Zeepkist GTR] 18:37:12 End processing HTTP request after 1593.1336ms - 200
[Info   :Zeepkist GTR] 18:37:12 Start processing HTTP request "POST" "https://graphql.zeepki.st/"
[Info   :Zeepkist GTR] 18:37:12 Sending HTTP request "POST" "https://graphql.zeepki.st/"
[Info   :Zeepkist GTR] 18:37:12 Starting recorder
[Info   :Zeepkist GTR] 18:37:12 Received HTTP response headers after 205.7336ms - 200
[Info   :Zeepkist GTR] 18:37:12 End processing HTTP request after 205.9909ms - 200
[Info   :Zeepkist GTR] 18:37:45 Stopping recorder
[Info   :Zeepkist GTR] 18:37:45 Collecting extra information
[Info   :Zeepkist GTR] 18:37:45 Processing ghost data
[Info   :Zeepkist GTR] 18:37:45 Creating stream
[Info   :Zeepkist GTR] 18:37:45 Writing to stream
[Info   :Zeepkist GTR] 18:37:45 Closing stream
[Info   :Zeepkist GTR] 18:37:45 Getting buffer
[Info   :Zeepkist GTR] 18:37:45 Converting to base64
[Info   :Zeepkist GTR] 18:37:45 Creating resource
[Info   :Zeepkist GTR] 18:37:45 Start processing HTTP request "POST" "https://backend.zeepki.st/auth/refresh"
[Info   :Zeepkist GTR] 18:37:45 Sending HTTP request "POST" "https://backend.zeepki.st/auth/refresh"
[Info   :Zeepkist GTR] 18:37:46 Received HTTP response headers after 941.6221ms - 200
[Info   :Zeepkist GTR] 18:37:46 End processing HTTP request after 941.8358ms - 200
[Info   :Zeepkist GTR] 18:37:46 Start processing HTTP request "POST" "https://backend.zeepki.st/record/submit"
[Info   :Zeepkist GTR] 18:37:46 Sending HTTP request "POST" "https://backend.zeepki.st/record/submit"
[Info   :Zeepkist GTR] 18:37:46 Received HTTP response headers after 324.1496ms - 200
[Info   :Zeepkist GTR] 18:37:46 End processing HTTP request after 324.3435ms - 200
[Info   :Zeepkist Bingo] [BINGO] === PLAYER SPAWNED ===
[Info   :Zeepkist Bingo] [BINGO] IsInActiveSession: False
[Info   :Zeepkist Bingo] [BINGO] Not in active session, skipping timer reset
[Info   :Zeepkist GTR] 18:37:50 Loading personal best...
[Info   :Zeepkist GTR] 18:37:50 Start processing HTTP request "POST" "https://graphql.zeepki.st/"
[Info   :Zeepkist GTR] 18:37:50 Sending HTTP request "POST" "https://graphql.zeepki.st/"
[Info   :Zeepkist GTR] 18:37:50 Stopping existing recorder if any
[Info   :Zeepkist GTR] 18:37:50 Creating new recorder
[Info   :Zeepkist GTR] 18:37:50 Start processing HTTP request "POST" "https://graphql.zeepki.st/"
[Info   :Zeepkist GTR] 18:37:50 Sending HTTP request "POST" "https://graphql.zeepki.st/"
[Info   :Zeepkist GTR] 18:37:50 Start processing HTTP request "POST" "https://graphql.zeepki.st/"
[Info   :Zeepkist GTR] 18:37:50 Sending HTTP request "POST" "https://graphql.zeepki.st/"
[Info   :Zeepkist GTR] 18:37:51 Received HTTP response headers after 654.7478ms - 200
[Info   :Zeepkist GTR] 18:37:51 End processing HTTP request after 654.9983ms - 200
[Info   :Zeepkist GTR] 18:37:51 Received HTTP response headers after 749.0831ms - 200
[Info   :Zeepkist GTR] 18:37:51 End processing HTTP request after 749.3173ms - 200
[Info   :Zeepkist GTR] 18:37:51 Start processing HTTP request "GET" "https://cdn.zeepki.st/ghosts/01KSV1KPQWN5EHQE9PHDGTBZV9.bin"
[Info   :Zeepkist GTR] 18:37:51 Sending HTTP request "GET" "https://cdn.zeepki.st/ghosts/01KSV1KPQWN5EHQE9PHDGTBZV9.bin"
[Info   :Zeepkist GTR] 18:37:51 Received HTTP response headers after 831.0854ms - 200
[Info   :Zeepkist GTR] 18:37:51 End processing HTTP request after 831.3484ms - 200
[Info   :Zeepkist GTR] 18:37:51 Start processing HTTP request "POST" "https://graphql.zeepki.st/"
[Info   :Zeepkist GTR] 18:37:51 Sending HTTP request "POST" "https://graphql.zeepki.st/"
[Info   :Zeepkist GTR] 18:37:51 Received HTTP response headers after 190.9793ms - 200
[Info   :Zeepkist GTR] 18:37:51 End processing HTTP request after 191.219ms - 200
[Info   :Zeepkist GTR] 18:37:52 Received HTTP response headers after 541.5997ms - 200
[Info   :Zeepkist GTR] 18:37:52 End processing HTTP request after 541.8798ms - 200
[Info   :Zeepkist GTR] 18:37:52 Ghost version: 5
[Info   :Zeepkist GTR] 18:37:52 Starting recorder
[Info   :Zeepkist Bingo] [BINGO] === PLAYER SPAWNED ===
[Info   :Zeepkist Bingo] [BINGO] IsInActiveSession: False
[Info   :Zeepkist Bingo] [BINGO] Not in active session, skipping timer reset
[Info   :Zeepkist GTR] 18:37:57 Loading personal best...
[Info   :Zeepkist GTR] 18:37:57 Start processing HTTP request "POST" "https://graphql.zeepki.st/"
[Info   :Zeepkist GTR] 18:37:57 Sending HTTP request "POST" "https://graphql.zeepki.st/"
[Info   :Zeepkist GTR] 18:37:57 Stopping existing recorder if any
[Info   :Zeepkist GTR] 18:37:57 Creating new recorder
[Info   :Zeepkist GTR] 18:37:57 Start processing HTTP request "POST" "https://graphql.zeepki.st/"
[Info   :Zeepkist GTR] 18:37:57 Sending HTTP request "POST" "https://graphql.zeepki.st/"
[Info   :Zeepkist GTR] 18:37:57 Start processing HTTP request "POST" "https://graphql.zeepki.st/"
[Info   :Zeepkist GTR] 18:37:57 Sending HTTP request "POST" "https://graphql.zeepki.st/"
[Info   :Zeepkist GTR] 18:37:58 Received HTTP response headers after 236.6361ms - 200
[Info   :Zeepkist GTR] 18:37:58 Received HTTP response headers after 236.1204ms - 200
[Info   :Zeepkist GTR] 18:37:58 End processing HTTP request after 236.8943ms - 200
[Info   :Zeepkist GTR] 18:37:58 End processing HTTP request after 236.3197ms - 200
[Info   :Zeepkist GTR] 18:37:58 Ghost version: 5
[Info   :Zeepkist GTR] 18:37:58 Received HTTP response headers after 419.535ms - 200
[Info   :Zeepkist GTR] 18:37:58 End processing HTTP request after 419.7392ms - 200
[Info   :Zeepkist GTR] 18:37:58 Start processing HTTP request "POST" "https://graphql.zeepki.st/"
[Info   :Zeepkist GTR] 18:37:58 Sending HTTP request "POST" "https://graphql.zeepki.st/"
[Info   :Zeepkist GTR] 18:37:58 Received HTTP response headers after 188.9414ms - 200
[Info   :Zeepkist GTR] 18:37:58 End processing HTTP request after 189.1921ms - 200
[Info   :Zeepkist GTR] 18:37:59 Starting recorder
[Info   :Zeepkist Bingo] [BINGO] === PLAYER SPAWNED ===
[Info   :Zeepkist Bingo] [BINGO] IsInActiveSession: False
[Info   :Zeepkist Bingo] [BINGO] Not in active session, skipping timer reset
[Info   :Zeepkist GTR] 18:38:02 Loading personal best...
[Info   :Zeepkist GTR] 18:38:02 Start processing HTTP request "POST" "https://graphql.zeepki.st/"
[Info   :Zeepkist GTR] 18:38:02 Sending HTTP request "POST" "https://graphql.zeepki.st/"
[Info   :Zeepkist GTR] 18:38:02 Stopping existing recorder if any
[Info   :Zeepkist GTR] 18:38:02 Creating new recorder
[Info   :Zeepkist GTR] 18:38:02 Start processing HTTP request "POST" "https://graphql.zeepki.st/"
[Info   :Zeepkist GTR] 18:38:02 Sending HTTP request "POST" "https://graphql.zeepki.st/"
[Info   :Zeepkist GTR] 18:38:02 Start processing HTTP request "POST" "https://graphql.zeepki.st/"
[Info   :Zeepkist GTR] 18:38:02 Sending HTTP request "POST" "https://graphql.zeepki.st/"
[Info   :Zeepkist GTR] 18:38:02 Received HTTP response headers after 248.7446ms - 200
[Info   :Zeepkist GTR] 18:38:02 Received HTTP response headers after 249.4159ms - 200
[Info   :Zeepkist GTR] 18:38:02 End processing HTTP request after 249.6618ms - 200
[Info   :Zeepkist GTR] 18:38:02 End processing HTTP request after 249.0234ms - 200
[Info   :Zeepkist GTR] 18:38:02 Ghost version: 5
[Info   :Zeepkist GTR] 18:38:02 Received HTTP response headers after 442.1703ms - 200
[Info   :Zeepkist GTR] 18:38:02 End processing HTTP request after 442.4021ms - 200
[Info   :Zeepkist GTR] 18:38:02 Start processing HTTP request "POST" "https://graphql.zeepki.st/"
[Info   :Zeepkist GTR] 18:38:02 Sending HTTP request "POST" "https://graphql.zeepki.st/"
[Info   :Zeepkist GTR] 18:38:03 Received HTTP response headers after 182.7937ms - 200
[Info   :Zeepkist GTR] 18:38:03 End processing HTTP request after 183.0559ms - 200
[Info   :Zeepkist GTR] 18:38:04 Starting recorder
[Info   :Zeepkist GTR] 18:38:36 Stopping recorder
[Info   :Zeepkist GTR] 18:38:36 Collecting extra information
[Info   :Zeepkist GTR] 18:38:36 Processing ghost data
[Info   :Zeepkist GTR] 18:38:36 Creating stream
[Info   :Zeepkist GTR] 18:38:36 Writing to stream
[Info   :Zeepkist GTR] 18:38:36 Closing stream
[Info   :Zeepkist GTR] 18:38:36 Getting buffer
[Info   :Zeepkist GTR] 18:38:36 Converting to base64
[Info   :Zeepkist GTR] 18:38:36 Creating resource
[Info   :Zeepkist GTR] 18:38:36 Start processing HTTP request "POST" "https://backend.zeepki.st/auth/refresh"
[Info   :Zeepkist GTR] 18:38:36 Sending HTTP request "POST" "https://backend.zeepki.st/auth/refresh"
[Info   :Zeepkist GTR] 18:38:37 Received HTTP response headers after 717.4033ms - 200
[Info   :Zeepkist GTR] 18:38:37 End processing HTTP request after 717.6203ms - 200
[Info   :Zeepkist GTR] 18:38:37 Start processing HTTP request "POST" "https://backend.zeepki.st/record/submit"
[Info   :Zeepkist GTR] 18:38:37 Sending HTTP request "POST" "https://backend.zeepki.st/record/submit"
[Info   :Zeepkist GTR] 18:38:37 Received HTTP response headers after 372.0014ms - 200
[Info   :Zeepkist GTR] 18:38:37 End processing HTTP request after 372.2091ms - 200
[Info   :Zeepkist Bingo] [BINGO] === PLAYER SPAWNED ===
[Info   :Zeepkist Bingo] [BINGO] IsInActiveSession: False
[Info   :Zeepkist Bingo] [BINGO] Not in active session, skipping timer reset
[Info   :Zeepkist GTR] 18:38:37 Loading personal best...
[Info   :Zeepkist GTR] 18:38:37 Start processing HTTP request "POST" "https://graphql.zeepki.st/"
[Info   :Zeepkist GTR] 18:38:37 Sending HTTP request "POST" "https://graphql.zeepki.st/"
[Info   :Zeepkist GTR] 18:38:37 Stopping existing recorder if any
[Info   :Zeepkist GTR] 18:38:37 Creating new recorder
[Info   :Zeepkist GTR] 18:38:37 Start processing HTTP request "POST" "https://graphql.zeepki.st/"
[Info   :Zeepkist GTR] 18:38:37 Sending HTTP request "POST" "https://graphql.zeepki.st/"
[Info   :Zeepkist GTR] 18:38:37 Start processing HTTP request "POST" "https://graphql.zeepki.st/"
[Info   :Zeepkist GTR] 18:38:37 Sending HTTP request "POST" "https://graphql.zeepki.st/"
[Info   :Zeepkist GTR] 18:38:38 Received HTTP response headers after 299.895ms - 200
[Info   :Zeepkist GTR] 18:38:38 End processing HTTP request after 300.2977ms - 200
[Info   :Zeepkist GTR] 18:38:38 Received HTTP response headers after 338.4447ms - 200
[Info   :Zeepkist GTR] 18:38:38 End processing HTTP request after 338.7199ms - 200
[Info   :Zeepkist GTR] 18:38:38 Start processing HTTP request "GET" "https://cdn.zeepki.st/ghosts/01KSV1N8N4BAY1Q9EPHPM4FGF1.bin"
[Info   :Zeepkist GTR] 18:38:38 Sending HTTP request "GET" "https://cdn.zeepki.st/ghosts/01KSV1N8N4BAY1Q9EPHPM4FGF1.bin"
[Info   :Zeepkist GTR] 18:38:38 Received HTTP response headers after 523.1412ms - 200
[Info   :Zeepkist GTR] 18:38:38 End processing HTTP request after 523.4104ms - 200
[Info   :Zeepkist GTR] 18:38:38 Start processing HTTP request "POST" "https://graphql.zeepki.st/"
[Info   :Zeepkist GTR] 18:38:38 Sending HTTP request "POST" "https://graphql.zeepki.st/"
[Info   :Zeepkist GTR] 18:38:38 Received HTTP response headers after 207.4259ms - 200
[Info   :Zeepkist GTR] 18:38:38 End processing HTTP request after 207.7009ms - 200
[Info   :Zeepkist GTR] 18:38:38 Received HTTP response headers after 556.656ms - 200
[Info   :Zeepkist GTR] 18:38:38 End processing HTTP request after 556.9097ms - 200
[Info   :Zeepkist GTR] 18:38:38 Ghost version: 5
[Info   :Zeepkist GTR] 18:38:39 Starting recorder
[Info   :Zeepkist Bingo] [BINGO] === PLAYER SPAWNED ===
[Info   :Zeepkist Bingo] [BINGO] IsInActiveSession: False
[Info   :Zeepkist Bingo] [BINGO] Not in active session, skipping timer reset
[Info   :Zeepkist GTR] 18:38:48 Loading personal best...
[Info   :Zeepkist GTR] 18:38:48 Start processing HTTP request "POST" "https://graphql.zeepki.st/"
[Info   :Zeepkist GTR] 18:38:48 Sending HTTP request "POST" "https://graphql.zeepki.st/"
[Info   :Zeepkist GTR] 18:38:48 Stopping existing recorder if any
[Info   :Zeepkist GTR] 18:38:48 Creating new recorder
[Info   :Zeepkist GTR] 18:38:48 Start processing HTTP request "POST" "https://graphql.zeepki.st/"
[Info   :Zeepkist GTR] 18:38:48 Sending HTTP request "POST" "https://graphql.zeepki.st/"
[Info   :Zeepkist GTR] 18:38:48 Start processing HTTP request "POST" "https://graphql.zeepki.st/"
[Info   :Zeepkist GTR] 18:38:48 Sending HTTP request "POST" "https://graphql.zeepki.st/"
[Info   :Zeepkist GTR] 18:38:48 Received HTTP response headers after 215.5366ms - 200
[Info   :Zeepkist GTR] 18:38:48 End processing HTTP request after 215.7479ms - 200
[Info   :Zeepkist GTR] 18:38:48 Received HTTP response headers after 222.7114ms - 200
[Info   :Zeepkist GTR] 18:38:48 End processing HTTP request after 222.9679ms - 200
[Info   :Zeepkist GTR] 18:38:48 Ghost version: 5
[Info   :Zeepkist GTR] 18:38:48 Received HTTP response headers after 408.794ms - 200
[Info   :Zeepkist GTR] 18:38:48 End processing HTTP request after 409.0549ms - 200
[Info   :Zeepkist GTR] 18:38:48 Start processing HTTP request "POST" "https://graphql.zeepki.st/"
[Info   :Zeepkist GTR] 18:38:48 Sending HTTP request "POST" "https://graphql.zeepki.st/"
[Info   :Zeepkist GTR] 18:38:48 Received HTTP response headers after 215.6712ms - 200
[Info   :Zeepkist GTR] 18:38:48 End processing HTTP request after 215.961ms - 200
[Info   :Zeepkist GTR] 18:38:49 Starting recorder
[Info   :Zeepkist Bingo] [BINGO] === PLAYER SPAWNED ===
[Info   :Zeepkist Bingo] [BINGO] IsInActiveSession: False
[Info   :Zeepkist Bingo] [BINGO] Not in active session, skipping timer reset
[Info   :Zeepkist GTR] 18:38:55 Loading personal best...
[Info   :Zeepkist GTR] 18:38:55 Start processing HTTP request "POST" "https://graphql.zeepki.st/"
[Info   :Zeepkist GTR] 18:38:55 Sending HTTP request "POST" "https://graphql.zeepki.st/"
[Info   :Zeepkist GTR] 18:38:55 Stopping existing recorder if any
[Info   :Zeepkist GTR] 18:38:55 Creating new recorder
[Info   :Zeepkist GTR] 18:38:55 Start processing HTTP request "POST" "https://graphql.zeepki.st/"
[Info   :Zeepkist GTR] 18:38:55 Sending HTTP request "POST" "https://graphql.zeepki.st/"
[Info   :Zeepkist GTR] 18:38:55 Start processing HTTP request "POST" "https://graphql.zeepki.st/"
[Info   :Zeepkist GTR] 18:38:55 Sending HTTP request "POST" "https://graphql.zeepki.st/"
[Info   :Zeepkist GTR] 18:38:55 Received HTTP response headers after 333.8013ms - 200
[Info   :Zeepkist GTR] 18:38:55 End processing HTTP request after 334.027ms - 200
[Info   :Zeepkist GTR] 18:38:55 Received HTTP response headers after 333.3852ms - 200
[Info   :Zeepkist GTR] 18:38:55 End processing HTTP request after 333.5966ms - 200
[Info   :Zeepkist GTR] 18:38:55 Ghost version: 5
[Info   :Zeepkist GTR] 18:38:55 Received HTTP response headers after 535.6898ms - 200
[Info   :Zeepkist GTR] 18:38:55 End processing HTTP request after 535.9085ms - 200
[Info   :Zeepkist GTR] 18:38:55 Start processing HTTP request "POST" "https://graphql.zeepki.st/"
[Info   :Zeepkist GTR] 18:38:55 Sending HTTP request "POST" "https://graphql.zeepki.st/"
[Info   :Zeepkist GTR] 18:38:55 Received HTTP response headers after 217.0409ms - 200
[Info   :Zeepkist GTR] 18:38:55 End processing HTTP request after 217.3586ms - 200
[Info   :Zeepkist GTR] 18:38:56 Starting recorder
[Info   :Zeepkist Bingo] [BINGO] === PLAYER SPAWNED ===
[Info   :Zeepkist Bingo] [BINGO] IsInActiveSession: False
[Info   :Zeepkist Bingo] [BINGO] Not in active session, skipping timer reset
[Info   :Zeepkist GTR] 18:39:21 Loading personal best...
[Info   :Zeepkist GTR] 18:39:21 Start processing HTTP request "POST" "https://graphql.zeepki.st/"
[Info   :Zeepkist GTR] 18:39:21 Sending HTTP request "POST" "https://graphql.zeepki.st/"
[Info   :Zeepkist GTR] 18:39:21 Stopping existing recorder if any
[Info   :Zeepkist GTR] 18:39:21 Creating new recorder
[Info   :Zeepkist GTR] 18:39:21 Start processing HTTP request "POST" "https://graphql.zeepki.st/"
[Info   :Zeepkist GTR] 18:39:21 Sending HTTP request "POST" "https://graphql.zeepki.st/"
[Info   :Zeepkist GTR] 18:39:21 Start processing HTTP request "POST" "https://graphql.zeepki.st/"
[Info   :Zeepkist GTR] 18:39:21 Sending HTTP request "POST" "https://graphql.zeepki.st/"
[Info   :Zeepkist GTR] 18:39:21 Received HTTP response headers after 187.7515ms - 200
[Info   :Zeepkist GTR] 18:39:21 End processing HTTP request after 187.9896ms - 200
[Info   :Zeepkist GTR] 18:39:21 Received HTTP response headers after 190.1576ms - 200
[Info   :Zeepkist GTR] 18:39:21 End processing HTTP request after 190.3494ms - 200
[Info   :Zeepkist GTR] 18:39:21 Ghost version: 5
[Info   :Zeepkist GTR] 18:39:21 Received HTTP response headers after 376.3909ms - 200
[Info   :Zeepkist GTR] 18:39:21 End processing HTTP request after 376.6274ms - 200
[Info   :Zeepkist GTR] 18:39:21 Start processing HTTP request "POST" "https://graphql.zeepki.st/"
[Info   :Zeepkist GTR] 18:39:21 Sending HTTP request "POST" "https://graphql.zeepki.st/"
[Info   :Zeepkist GTR] 18:39:22 Received HTTP response headers after 185.9236ms - 200
[Info   :Zeepkist GTR] 18:39:22 End processing HTTP request after 186.1671ms - 200
[Info   :Zeepkist GTR] 18:39:23 Starting recorder
[Info   :Zeepkist Bingo] [BINGO] === PLAYER SPAWNED ===
[Info   :Zeepkist Bingo] [BINGO] IsInActiveSession: False
[Info   :Zeepkist Bingo] [BINGO] Not in active session, skipping timer reset
[Info   :Zeepkist GTR] 18:39:31 Loading personal best...
[Info   :Zeepkist GTR] 18:39:31 Start processing HTTP request "POST" "https://graphql.zeepki.st/"
[Info   :Zeepkist GTR] 18:39:31 Sending HTTP request "POST" "https://graphql.zeepki.st/"
[Info   :Zeepkist GTR] 18:39:31 Stopping existing recorder if any
[Info   :Zeepkist GTR] 18:39:31 Creating new recorder
[Info   :Zeepkist GTR] 18:39:31 Start processing HTTP request "POST" "https://graphql.zeepki.st/"
[Info   :Zeepkist GTR] 18:39:31 Sending HTTP request "POST" "https://graphql.zeepki.st/"
[Info   :Zeepkist GTR] 18:39:31 Start processing HTTP request "POST" "https://graphql.zeepki.st/"
[Info   :Zeepkist GTR] 18:39:31 Sending HTTP request "POST" "https://graphql.zeepki.st/"
[Info   :Zeepkist GTR] 18:39:32 Received HTTP response headers after 194.7803ms - 200
[Info   :Zeepkist GTR] 18:39:32 End processing HTTP request after 195.0061ms - 200
[Info   :Zeepkist GTR] 18:39:32 Received HTTP response headers after 366.7299ms - 200
[Info   :Zeepkist GTR] 18:39:32 End processing HTTP request after 366.9669ms - 200
[Info   :Zeepkist GTR] 18:39:32 Ghost version: 5
[Info   :Zeepkist GTR] 18:39:32 Received HTTP response headers after 397.9099ms - 200
[Info   :Zeepkist GTR] 18:39:32 End processing HTTP request after 398.1566ms - 200
[Info   :Zeepkist GTR] 18:39:32 Start processing HTTP request "POST" "https://graphql.zeepki.st/"
[Info   :Zeepkist GTR] 18:39:32 Sending HTTP request "POST" "https://graphql.zeepki.st/"
[Info   :Zeepkist GTR] 18:39:32 Received HTTP response headers after 192.4164ms - 200
[Info   :Zeepkist GTR] 18:39:32 End processing HTTP request after 192.6818ms - 200
[Info   :Zeepkist GTR] 18:39:33 Starting recorder
[Info   :Zeepkist Bingo] [BINGO] === PLAYER SPAWNED ===
[Info   :Zeepkist Bingo] [BINGO] IsInActiveSession: False
[Info   :Zeepkist Bingo] [BINGO] Not in active session, skipping timer reset
[Info   :Zeepkist GTR] 18:39:43 Loading personal best...
[Info   :Zeepkist GTR] 18:39:43 Start processing HTTP request "POST" "https://graphql.zeepki.st/"
[Info   :Zeepkist GTR] 18:39:43 Sending HTTP request "POST" "https://graphql.zeepki.st/"
[Info   :Zeepkist GTR] 18:39:43 Stopping existing recorder if any
[Info   :Zeepkist GTR] 18:39:43 Creating new recorder
[Info   :Zeepkist GTR] 18:39:43 Start processing HTTP request "POST" "https://graphql.zeepki.st/"
[Info   :Zeepkist GTR] 18:39:43 Sending HTTP request "POST" "https://graphql.zeepki.st/"
[Info   :Zeepkist GTR] 18:39:43 Start processing HTTP request "POST" "https://graphql.zeepki.st/"
[Info   :Zeepkist GTR] 18:39:43 Sending HTTP request "POST" "https://graphql.zeepki.st/"
[Info   :Zeepkist GTR] 18:39:44 Received HTTP response headers after 213.1437ms - 200
[Info   :Zeepkist GTR] 18:39:44 End processing HTTP request after 213.3868ms - 200
[Info   :Zeepkist GTR] 18:39:44 Received HTTP response headers after 214.3807ms - 200
[Info   :Zeepkist GTR] 18:39:44 End processing HTTP request after 214.5841ms - 200
[Info   :Zeepkist GTR] 18:39:44 Ghost version: 5
[Info   :Zeepkist GTR] 18:39:44 Received HTTP response headers after 405.4694ms - 200
[Info   :Zeepkist GTR] 18:39:44 End processing HTTP request after 405.666ms - 200
[Info   :Zeepkist GTR] 18:39:44 Start processing HTTP request "POST" "https://graphql.zeepki.st/"
[Info   :Zeepkist GTR] 18:39:44 Sending HTTP request "POST" "https://graphql.zeepki.st/"
[Info   :Zeepkist GTR] 18:39:44 Received HTTP response headers after 192.0508ms - 200
[Info   :Zeepkist GTR] 18:39:44 End processing HTTP request after 192.326ms - 200
[Info   :Zeepkist GTR] 18:39:45 Starting recorder
[Info   :Zeepkist GTR] 18:40:17 Stopping recorder
[Info   :Zeepkist GTR] 18:40:17 Collecting extra information
[Info   :Zeepkist GTR] 18:40:17 Processing ghost data
[Info   :Zeepkist GTR] 18:40:17 Creating stream
[Info   :Zeepkist GTR] 18:40:17 Writing to stream
[Info   :Zeepkist GTR] 18:40:17 Closing stream
[Info   :Zeepkist GTR] 18:40:17 Getting buffer
[Info   :Zeepkist GTR] 18:40:17 Converting to base64
[Info   :Zeepkist GTR] 18:40:17 Creating resource
[Info   :Zeepkist GTR] 18:40:17 Start processing HTTP request "POST" "https://backend.zeepki.st/auth/refresh"
[Info   :Zeepkist GTR] 18:40:17 Sending HTTP request "POST" "https://backend.zeepki.st/auth/refresh"
[Info   :Zeepkist Bingo] [BINGO] === PLAYER SPAWNED ===
[Info   :Zeepkist Bingo] [BINGO] IsInActiveSession: False
[Info   :Zeepkist Bingo] [BINGO] Not in active session, skipping timer reset
[Info   :Zeepkist GTR] 18:40:19 Loading personal best...
[Info   :Zeepkist GTR] 18:40:19 Start processing HTTP request "POST" "https://graphql.zeepki.st/"
[Info   :Zeepkist GTR] 18:40:19 Sending HTTP request "POST" "https://graphql.zeepki.st/"
[Info   :Zeepkist GTR] 18:40:19 Stopping existing recorder if any
[Info   :Zeepkist GTR] 18:40:19 Creating new recorder
[Info   :Zeepkist GTR] 18:40:19 Start processing HTTP request "POST" "https://graphql.zeepki.st/"
[Info   :Zeepkist GTR] 18:40:19 Sending HTTP request "POST" "https://graphql.zeepki.st/"
[Info   :Zeepkist GTR] 18:40:19 Start processing HTTP request "POST" "https://graphql.zeepki.st/"
[Info   :Zeepkist GTR] 18:40:19 Sending HTTP request "POST" "https://graphql.zeepki.st/"
[Info   :Zeepkist GTR] 18:40:19 Received HTTP response headers after 525.0209ms - 200
[Info   :Zeepkist GTR] 18:40:19 End processing HTTP request after 525.3117ms - 200
[Info   :Zeepkist GTR] 18:40:19 Received HTTP response headers after 674.9279ms - 200
[Info   :Zeepkist GTR] 18:40:19 End processing HTTP request after 675.3067ms - 200
[Info   :Zeepkist GTR] 18:40:19 Start processing HTTP request "POST" "https://graphql.zeepki.st/"
[Info   :Zeepkist GTR] 18:40:19 Sending HTTP request "POST" "https://graphql.zeepki.st/"
[Info   :Zeepkist GTR] 18:40:19 Received HTTP response headers after 797.8847ms - 200
[Info   :Zeepkist GTR] 18:40:19 End processing HTTP request after 798.2009ms - 200
[Info   :Zeepkist GTR] 18:40:19 Ghost version: 5
[Info   :Zeepkist GTR] 18:40:20 Received HTTP response headers after 174.0081ms - 200
[Info   :Zeepkist GTR] 18:40:20 End processing HTTP request after 174.3484ms - 200
[Info   :Zeepkist GTR] 18:40:20 Received HTTP response headers after 2481.1848ms - 200
[Info   :Zeepkist GTR] 18:40:20 End processing HTTP request after 2481.4035ms - 200
[Info   :Zeepkist GTR] 18:40:20 Start processing HTTP request "POST" "https://backend.zeepki.st/record/submit"
[Info   :Zeepkist GTR] 18:40:20 Sending HTTP request "POST" "https://backend.zeepki.st/record/submit"
[Info   :Zeepkist GTR] 18:40:20 Starting recorder
[Info   :Zeepkist GTR] 18:40:20 Received HTTP response headers after 590.9368ms - 200
[Info   :Zeepkist GTR] 18:40:20 End processing HTTP request after 591.2481ms - 200
[Info   :Zeepkist GTR] 18:40:52 Stopping recorder
[Info   :Zeepkist GTR] 18:40:52 Collecting extra information
[Info   :Zeepkist GTR] 18:40:52 Processing ghost data
[Info   :Zeepkist GTR] 18:40:52 Creating stream
[Info   :Zeepkist GTR] 18:40:52 Writing to stream
[Info   :Zeepkist GTR] 18:40:53 Closing stream
[Info   :Zeepkist GTR] 18:40:53 Getting buffer
[Info   :Zeepkist GTR] 18:40:53 Converting to base64
[Info   :Zeepkist GTR] 18:40:53 Creating resource
[Info   :Zeepkist GTR] 18:40:53 Start processing HTTP request "POST" "https://backend.zeepki.st/auth/refresh"
[Info   :Zeepkist GTR] 18:40:53 Sending HTTP request "POST" "https://backend.zeepki.st/auth/refresh"
[Info   :Zeepkist GTR] 18:40:53 Received HTTP response headers after 560.8056ms - 200
[Info   :Zeepkist GTR] 18:40:53 End processing HTTP request after 561.0454ms - 200
[Info   :Zeepkist GTR] 18:40:53 Start processing HTTP request "POST" "https://backend.zeepki.st/record/submit"
[Info   :Zeepkist GTR] 18:40:53 Sending HTTP request "POST" "https://backend.zeepki.st/record/submit"
[Info   :Zeepkist GTR] 18:40:54 Received HTTP response headers after 460.5365ms - 200
[Info   :Zeepkist GTR] 18:40:54 End processing HTTP request after 460.7591ms - 200
[Info   :Zeepkist Bingo] [BINGO] === PLAYER SPAWNED ===
[Info   :Zeepkist Bingo] [BINGO] IsInActiveSession: False
[Info   :Zeepkist Bingo] [BINGO] Not in active session, skipping timer reset
[Info   :Zeepkist GTR] 18:40:54 Loading personal best...
[Info   :Zeepkist GTR] 18:40:54 Start processing HTTP request "POST" "https://graphql.zeepki.st/"
[Info   :Zeepkist GTR] 18:40:54 Sending HTTP request "POST" "https://graphql.zeepki.st/"
[Info   :Zeepkist GTR] 18:40:54 Stopping existing recorder if any
[Info   :Zeepkist GTR] 18:40:54 Creating new recorder
[Info   :Zeepkist GTR] 18:40:54 Start processing HTTP request "POST" "https://graphql.zeepki.st/"
[Info   :Zeepkist GTR] 18:40:54 Sending HTTP request "POST" "https://graphql.zeepki.st/"
[Info   :Zeepkist GTR] 18:40:54 Start processing HTTP request "POST" "https://graphql.zeepki.st/"
[Info   :Zeepkist GTR] 18:40:54 Sending HTTP request "POST" "https://graphql.zeepki.st/"
[Info   :Zeepkist GTR] 18:40:55 Received HTTP response headers after 223.2676ms - 200
[Info   :Zeepkist GTR] 18:40:55 End processing HTTP request after 223.4886ms - 200
[Info   :Zeepkist GTR] 18:40:55 Received HTTP response headers after 234.8262ms - 200
[Info   :Zeepkist GTR] 18:40:55 End processing HTTP request after 235.0681ms - 200
[Info   :Zeepkist GTR] 18:40:55 Ghost version: 5
[Info   :Zeepkist GTR] 18:40:55 Received HTTP response headers after 409.1661ms - 200
[Info   :Zeepkist GTR] 18:40:55 End processing HTTP request after 409.4379ms - 200
[Info   :Zeepkist GTR] 18:40:55 Start processing HTTP request "POST" "https://graphql.zeepki.st/"
[Info   :Zeepkist GTR] 18:40:55 Sending HTTP request "POST" "https://graphql.zeepki.st/"
[Info   :Zeepkist GTR] 18:40:55 Received HTTP response headers after 174.0003ms - 200
[Info   :Zeepkist GTR] 18:40:55 End processing HTTP request after 174.2595ms - 200
[Info   :Zeepkist GTR] 18:40:56 Starting recorder
[Info   :Zeepkist GTR] 18:41:02 Discarding recorder
[Info   :Zeepkist Bingo] [BINGO] Level loaded
[Info   :BetterSplits] getting gtr splits
[Info   :Zeepkist Bingo] [BINGO] === PLAYER SPAWNED ===
[Info   :Zeepkist Bingo] [BINGO] IsInActiveSession: False
[Info   :Zeepkist Bingo] [BINGO] Not in active session, skipping timer reset
[Info   :Zeepkist GTR] 18:41:16 Loading personal best...
[Info   :Zeepkist GTR] 18:41:16 Start processing HTTP request "POST" "https://graphql.zeepki.st/"
[Info   :Zeepkist GTR] 18:41:16 Sending HTTP request "POST" "https://graphql.zeepki.st/"
[Info   :Zeepkist GTR] 18:41:16 Stopping existing recorder if any
[Info   :Zeepkist GTR] 18:41:16 Creating new recorder
[Info   :Zeepkist GTR] 18:41:16 Start processing HTTP request "POST" "https://graphql.zeepki.st/"
[Info   :Zeepkist GTR] 18:41:16 Sending HTTP request "POST" "https://graphql.zeepki.st/"
[Info   :Zeepkist GTR] 18:41:16 Start processing HTTP request "POST" "https://graphql.zeepki.st/"
[Info   :Zeepkist GTR] 18:41:16 Sending HTTP request "POST" "https://graphql.zeepki.st/"
[Info   :Zeepkist Bingo] [CHAT] Intercepted message: !cotd startcup
[Info   :Zeepkist Bingo] [CHAT] Not relaying - no bingo session
[Info   :COTDTracker] Starting cup with exclude list: 
[Error  :BetterSplits] could not get splits
Response: StatusCode: 400, ReasonPhrase: 'Bad Request', Version: 1.1, Content: System.Net.Http.StreamContent, Headers:
{
Date: Fri, 29 May 2026 23:41:18 GMT
Connection: keep-alive
Access-Control-Allow-Headers: Origin, X-Requested-With, Accept, Authorization, X-Apollo-Tracing, Content-Type, Content-Length, X-PostGraphile-Explain
Access-Control-Allow-Methods: HEAD, GET, POST
Access-Control-Allow-Origin: *
Access-Control-Expose-Headers: X-GraphQL-Event-Stream
Alt-Svc: h3=":443"; ma=86400
Vary: Origin
Via: 1.1 Caddy
X-Graphql-Event-Stream: /stream
X-Query-Cost: 115
Cf-Cache-Status: DYNAMIC
x-xss-protection: 1; mode=block
Strict-Transport-Security: max-age=15552000; includeSubDomains; preload
x-content-type-options: nosniff
Server-Timing: cfCacheStatus;desc="DYNAMIC", cfEdge;dur=14,cfOrigin;dur=1296
Report-To: {"group":"cf-nel","max_age":604800,"endpoints":[{"url":"https://a.nel.cloudflare.com/report/v4?s=8rwB56jzouGCbE71v0%2FmHCN4wqG0uR9jiItr7EFxmEGbqajDdjvM1YlQ5p7LDt5HVixxHUez7cmN8aXUHFJvCFznq9yjlDnq9Xl%2BsGARORpKMBqBe4Y62mGDYEvehHk6uCQy4VJfF%2FxXNn1xokFt1w%3D%3D"}]}
Nel: {"report_to":"cf-nel","success_fraction":0.0,"max_age":604800}
expect-ct: max-age=86400, enforce
referrer-policy: same-origin
x-frame-options: SAMEORIGIN
Server: cloudflare
CF-RAY: a0395955cae9eb5a-ORD
Content-Type: application/json; charset=utf-8
Content-Length: 172
} 
Content: {"errors":[{"message":"Cannot query field \"personalBestGlobalsByIdLevel\" on type \"Level\". Did you mean \"personalBestGlobals\"?","locations":[{"line":1,"column":87}]}]}
Url: https://graphql.zeepki.st
Request: {"query":"query BetterSplitsPB($hash: String!, $steamId: BigFloat) { levelByHash(hash: $hash) { personalBestGlobalsByIdLevel(filter: {userByIdUser: {steamId: {equalTo: $steamId}}}) { nodes { recordByIdRecord { speeds splits time }}}}}","variables":{"hash":"AADA2A49C60174CBB779ED7789096C9588C18D59-3","steamId":"76561199218214543"}}
[Info   :Zeepkist GTR] 18:41:18 Received HTTP response headers after 1622.5683ms - 200
[Info   :Zeepkist GTR] 18:41:18 End processing HTTP request after 1622.7973ms - 200
[Info   :Zeepkist GTR] 18:41:18 Received HTTP response headers after 1631.3455ms - 200
[Info   :Zeepkist GTR] 18:41:18 End processing HTTP request after 1631.5863ms - 200
[Info   :Zeepkist GTR] 18:41:18 Ghost version: 5
[Info   :Zeepkist GTR] 18:41:18 Starting recorder
[Info   :Zeepkist GTR] 18:41:18 Received HTTP response headers after 1803.1257ms - 200
[Info   :Zeepkist GTR] 18:41:18 End processing HTTP request after 1803.3406ms - 200
[Info   :Zeepkist GTR] 18:41:18 Start processing HTTP request "POST" "https://graphql.zeepki.st/"
[Info   :Zeepkist GTR] 18:41:18 Sending HTTP request "POST" "https://graphql.zeepki.st/"
[Info   :Zeepkist GTR] 18:41:18 Received HTTP response headers after 168.4918ms - 200
[Info   :Zeepkist GTR] 18:41:18 End processing HTTP request after 168.7228ms - 200
[Info   :Zeepkist GTR] 18:41:19 Discarding recorder
[Info   :COTDTracker] Doing eliminations with leaderboard:
[Info   :COTDTracker] Player [ZET] Wheelie: Time: DNF
[Info   :COTDTracker] Player [ZET]maskeddog: Time: DNF
[Info   :COTDTracker] Player 𝒱V𝑜o𝒾i𝒹d𝒱: Time: DNF
[Info   :COTDTracker] Player [ZET] zeriv: Time: DNF
[Info   :COTDTracker] Player [CLWN]DryDoc: Time: DNF
[Info   :COTDTracker] Player [ZET]vectortrajector: Time: DNF
[Info   :COTDTracker] Player Minkus: Time: DNF
[Info   :COTDTracker] Player PlusMicron: Time: DNF
[Info   :COTDTracker] Player [AUz] bjenk4: Time: DNF
[Info   :COTDTracker] Player Eclipse135: Time: DNF
[Info   :COTDTracker] Player huhconduct: Time: DNF
[Info   :COTDTracker] Player Lexer: Time: DNF
[Info   :COTDTracker] Player Noxitu: Time: DNF
[Info   :COTDTracker] Player [DNFF]lucanakin: Time: DNF
[Info   :COTDTracker] Player Dartho Mas: Time: DNF
[Info   :COTDTracker] Player SuperHeavy: Time: DNF
[Info   :COTDTracker] Player [CTR]agix: Time: DNF
[Info   :COTDTracker] Player M4DSCOTSM4N: Time: DNF
[Info   :COTDTracker] Player [ZET]Sword125: Time: DNF
[Info   :COTDTracker] Player [Quac] microways: Time: DNF
[Info   :COTDTracker] Player B1gManM1ke: Time: DNF
[Info   :COTDTracker] Player wunderBarr: Time: DNF
[Info   :Zeepkist Bingo] [CHAT] Intercepted message: glhnf
[Info   :Zeepkist Bingo] [CHAT] Not relaying - no bingo session
[Info   :COTDTracker] Kicking eliminated players
[Info   :Zeepkist Bingo] [BINGO] Level loaded
[Info   :BetterSplits] getting gtr splits
[Info   :Zeepkist Bingo] [BINGO] === PLAYER SPAWNED ===
[Info   :Zeepkist Bingo] [BINGO] IsInActiveSession: False
[Info   :Zeepkist Bingo] [BINGO] Not in active session, skipping timer reset
[Info   :Zeepkist GTR] 18:41:33 Loading personal best...
[Info   :Zeepkist GTR] 18:41:33 Start processing HTTP request "POST" "https://graphql.zeepki.st/"
[Info   :Zeepkist GTR] 18:41:33 Sending HTTP request "POST" "https://graphql.zeepki.st/"
[Info   :Zeepkist GTR] 18:41:33 Stopping existing recorder if any
[Info   :Zeepkist GTR] 18:41:33 Creating new recorder
[Info   :Zeepkist GTR] 18:41:33 Start processing HTTP request "POST" "https://graphql.zeepki.st/"
[Info   :Zeepkist GTR] 18:41:33 Sending HTTP request "POST" "https://graphql.zeepki.st/"
[Info   :Zeepkist GTR] 18:41:33 Start processing HTTP request "POST" "https://graphql.zeepki.st/"
[Info   :Zeepkist GTR] 18:41:33 Sending HTTP request "POST" "https://graphql.zeepki.st/"
[Info   :Zeepkist GTR] 18:41:33 Received HTTP response headers after 233.5295ms - 200
[Info   :Zeepkist GTR] 18:41:33 End processing HTTP request after 233.7817ms - 200
[Info   :Zeepkist GTR] 18:41:33 Received HTTP response headers after 233.1933ms - 200
[Info   :Zeepkist GTR] 18:41:33 End processing HTTP request after 233.4013ms - 200
[Error  :BetterSplits] could not get splits
Response: StatusCode: 400, ReasonPhrase: 'Bad Request', Version: 1.1, Content: System.Net.Http.StreamContent, Headers:
{
Date: Fri, 29 May 2026 23:41:34 GMT
Connection: keep-alive
Access-Control-Allow-Headers: Origin, X-Requested-With, Accept, Authorization, X-Apollo-Tracing, Content-Type, Content-Length, X-PostGraphile-Explain
Access-Control-Allow-Methods: HEAD, GET, POST
Access-Control-Allow-Origin: *
Access-Control-Expose-Headers: X-GraphQL-Event-Stream
Alt-Svc: h3=":443"; ma=86400
Vary: Origin
Via: 1.1 Caddy
X-Graphql-Event-Stream: /stream
X-Query-Cost: 115
Cf-Cache-Status: DYNAMIC
x-xss-protection: 1; mode=block
Strict-Transport-Security: max-age=15552000; includeSubDomains; preload
x-content-type-options: nosniff
Server-Timing: cfCacheStatus;desc="DYNAMIC", cfEdge;dur=5,cfOrigin;dur=129
Report-To: {"group":"cf-nel","max_age":604800,"endpoints":[{"url":"https://a.nel.cloudflare.com/report/v4?s=rTGjLqvYV5DmMuHzBKWErCMpG1%2BMC%2BfXo14piiOYwOWDiLPmxSGK6i9gVWQl%2BqlfZC63SoY4cHA4uvY4mV71nNJISLGoSzLo6puGB%2BDGZiDGHBe%2BpJWaQhj4OmM4BSpvShthUBnJ7Qs1J6d6%2BOTx0w%3D%3D"}]}
Nel: {"report_to":"cf-nel","success_fraction":0.0,"max_age":604800}
expect-ct: max-age=86400, enforce
referrer-policy: same-origin
x-frame-options: SAMEORIGIN
Server: cloudflare
CF-RAY: a03959beaf3eeb5a-ORD
Content-Type: application/json; charset=utf-8
Content-Length: 172
} 
Content: {"errors":[{"message":"Cannot query field \"personalBestGlobalsByIdLevel\" on type \"Level\". Did you mean \"personalBestGlobals\"?","locations":[{"line":1,"column":87}]}]}
Url: https://graphql.zeepki.st
Request: {"query":"query BetterSplitsPB($hash: String!, $steamId: BigFloat) { levelByHash(hash: $hash) { personalBestGlobalsByIdLevel(filter: {userByIdUser: {steamId: {equalTo: $steamId}}}) { nodes { recordByIdRecord { speeds splits time }}}}}","variables":{"hash":"AADA2A49C60174CBB779ED7789096C9588C18D59-3","steamId":"76561199218214543"}}
[Info   :Zeepkist GTR] 18:41:33 Ghost version: 5
[Info   :Zeepkist GTR] 18:41:34 Received HTTP response headers after 437.3188ms - 200
[Info   :Zeepkist GTR] 18:41:34 End processing HTTP request after 437.5349ms - 200
[Info   :Zeepkist GTR] 18:41:34 Start processing HTTP request "POST" "https://graphql.zeepki.st/"
[Info   :Zeepkist GTR] 18:41:34 Sending HTTP request "POST" "https://graphql.zeepki.st/"
[Info   :Zeepkist GTR] 18:41:34 Received HTTP response headers after 191.4736ms - 200
[Info   :Zeepkist GTR] 18:41:34 End processing HTTP request after 191.715ms - 200
[Info   :Zeepkist GTR] 18:41:35 Starting recorder
[Info   :Zeepkist Bingo] [BINGO] === PLAYER SPAWNED ===
[Info   :Zeepkist Bingo] [BINGO] IsInActiveSession: False
[Info   :Zeepkist Bingo] [BINGO] Not in active session, skipping timer reset
[Info   :Zeepkist GTR] 18:41:59 Loading personal best...
[Info   :Zeepkist GTR] 18:41:59 Start processing HTTP request "POST" "https://graphql.zeepki.st/"
[Info   :Zeepkist GTR] 18:41:59 Sending HTTP request "POST" "https://graphql.zeepki.st/"
[Info   :Zeepkist GTR] 18:41:59 Stopping existing recorder if any
[Info   :Zeepkist GTR] 18:41:59 Creating new recorder
[Info   :Zeepkist GTR] 18:41:59 Start processing HTTP request "POST" "https://graphql.zeepki.st/"
[Info   :Zeepkist GTR] 18:41:59 Sending HTTP request "POST" "https://graphql.zeepki.st/"
[Info   :Zeepkist GTR] 18:41:59 Start processing HTTP request "POST" "https://graphql.zeepki.st/"
[Info   :Zeepkist GTR] 18:41:59 Sending HTTP request "POST" "https://graphql.zeepki.st/"
[Info   :Zeepkist GTR] 18:42:00 Received HTTP response headers after 192.1619ms - 200
[Info   :Zeepkist GTR] 18:42:00 End processing HTTP request after 192.3718ms - 200
[Info   :Zeepkist GTR] 18:42:00 Received HTTP response headers after 199.385ms - 200
[Info   :Zeepkist GTR] 18:42:00 End processing HTTP request after 199.5885ms - 200
[Info   :Zeepkist GTR] 18:42:00 Ghost version: 5
[Info   :Zeepkist GTR] 18:42:00 Received HTTP response headers after 381.5387ms - 200
[Info   :Zeepkist GTR] 18:42:00 End processing HTTP request after 381.7529ms - 200
[Info   :Zeepkist GTR] 18:42:00 Start processing HTTP request "POST" "https://graphql.zeepki.st/"
[Info   :Zeepkist GTR] 18:42:00 Sending HTTP request "POST" "https://graphql.zeepki.st/"
[Info   :Zeepkist GTR] 18:42:00 Received HTTP response headers after 186.5734ms - 200
[Info   :Zeepkist GTR] 18:42:00 End processing HTTP request after 186.8073ms - 200
[Info   :Zeepkist GTR] 18:42:01 Starting recorder
[Info   :Zeepkist GTR] 18:42:33 Stopping recorder
[Info   :Zeepkist GTR] 18:42:33 Collecting extra information
[Info   :Zeepkist GTR] 18:42:33 Processing ghost data
[Info   :Zeepkist GTR] 18:42:33 Creating stream
[Info   :Zeepkist GTR] 18:42:33 Writing to stream
[Info   :Zeepkist GTR] 18:42:33 Closing stream
[Info   :Zeepkist GTR] 18:42:33 Getting buffer
[Info   :Zeepkist GTR] 18:42:33 Converting to base64
[Info   :Zeepkist GTR] 18:42:33 Creating resource
[Info   :Zeepkist GTR] 18:42:33 Start processing HTTP request "POST" "https://backend.zeepki.st/auth/refresh"
[Info   :Zeepkist GTR] 18:42:33 Sending HTTP request "POST" "https://backend.zeepki.st/auth/refresh"
[Info   :Zeepkist GTR] 18:42:34 Received HTTP response headers after 1089.7001ms - 200
[Info   :Zeepkist GTR] 18:42:34 End processing HTTP request after 1089.9063ms - 200
[Info   :Zeepkist GTR] 18:42:34 Start processing HTTP request "POST" "https://backend.zeepki.st/record/submit"
[Info   :Zeepkist GTR] 18:42:34 Sending HTTP request "POST" "https://backend.zeepki.st/record/submit"
[Info   :Zeepkist Bingo] [BINGO] === PLAYER SPAWNED ===
[Info   :Zeepkist Bingo] [BINGO] IsInActiveSession: False
[Info   :Zeepkist Bingo] [BINGO] Not in active session, skipping timer reset
[Info   :Zeepkist GTR] 18:42:35 Loading personal best...
[Info   :Zeepkist GTR] 18:42:35 Start processing HTTP request "POST" "https://graphql.zeepki.st/"
[Info   :Zeepkist GTR] 18:42:35 Sending HTTP request "POST" "https://graphql.zeepki.st/"
[Info   :Zeepkist GTR] 18:42:35 Stopping existing recorder if any
[Info   :Zeepkist GTR] 18:42:35 Creating new recorder
[Info   :Zeepkist GTR] 18:42:35 Start processing HTTP request "POST" "https://graphql.zeepki.st/"
[Info   :Zeepkist GTR] 18:42:35 Sending HTTP request "POST" "https://graphql.zeepki.st/"
[Info   :Zeepkist GTR] 18:42:35 Start processing HTTP request "POST" "https://graphql.zeepki.st/"
[Info   :Zeepkist GTR] 18:42:35 Sending HTTP request "POST" "https://graphql.zeepki.st/"
[Info   :Zeepkist GTR] 18:42:35 Received HTTP response headers after 391.5293ms - 200
[Info   :Zeepkist GTR] 18:42:35 End processing HTTP request after 391.7696ms - 200
[Info   :Zeepkist GTR] 18:42:35 Received HTTP response headers after 396.0476ms - 200
[Info   :Zeepkist GTR] 18:42:35 End processing HTTP request after 396.2644ms - 200
[Info   :Zeepkist GTR] 18:42:35 Received HTTP response headers after 411.7687ms - 200
[Info   :Zeepkist GTR] 18:42:35 End processing HTTP request after 412.0385ms - 200
[Info   :Zeepkist GTR] 18:42:35 Ghost version: 5
[Info   :Zeepkist GTR] 18:42:35 Received HTTP response headers after 592.3631ms - 200
[Info   :Zeepkist GTR] 18:42:35 End processing HTTP request after 592.6321ms - 200
[Info   :Zeepkist GTR] 18:42:35 Start processing HTTP request "POST" "https://graphql.zeepki.st/"
[Info   :Zeepkist GTR] 18:42:35 Sending HTTP request "POST" "https://graphql.zeepki.st/"
[Info   :Zeepkist GTR] 18:42:35 Received HTTP response headers after 186.6807ms - 200
[Info   :Zeepkist GTR] 18:42:35 End processing HTTP request after 186.9597ms - 200
[Info   :Zeepkist GTR] 18:42:36 Starting recorder
[Info   :Zeepkist Bingo] [BINGO] === PLAYER SPAWNED ===
[Info   :Zeepkist Bingo] [BINGO] IsInActiveSession: False
[Info   :Zeepkist Bingo] [BINGO] Not in active session, skipping timer reset
[Info   :Zeepkist GTR] 18:42:47 Loading personal best...
[Info   :Zeepkist GTR] 18:42:47 Start processing HTTP request "POST" "https://graphql.zeepki.st/"
[Info   :Zeepkist GTR] 18:42:47 Sending HTTP request "POST" "https://graphql.zeepki.st/"
[Info   :Zeepkist GTR] 18:42:47 Stopping existing recorder if any
[Info   :Zeepkist GTR] 18:42:47 Creating new recorder
[Info   :Zeepkist GTR] 18:42:47 Start processing HTTP request "POST" "https://graphql.zeepki.st/"
[Info   :Zeepkist GTR] 18:42:47 Sending HTTP request "POST" "https://graphql.zeepki.st/"
[Info   :Zeepkist GTR] 18:42:47 Start processing HTTP request "POST" "https://graphql.zeepki.st/"
[Info   :Zeepkist GTR] 18:42:47 Sending HTTP request "POST" "https://graphql.zeepki.st/"
[Info   :Zeepkist GTR] 18:42:47 Received HTTP response headers after 205.0305ms - 200
[Info   :Zeepkist GTR] 18:42:47 End processing HTTP request after 205.2822ms - 200
[Info   :Zeepkist GTR] 18:42:47 Received HTTP response headers after 222.1743ms - 200
[Info   :Zeepkist GTR] 18:42:47 End processing HTTP request after 222.3985ms - 200
[Info   :Zeepkist GTR] 18:42:47 Ghost version: 5
[Info   :Zeepkist GTR] 18:42:48 Received HTTP response headers after 384.4018ms - 200
[Info   :Zeepkist GTR] 18:42:48 End processing HTTP request after 384.7256ms - 200
[Info   :Zeepkist GTR] 18:42:48 Start processing HTTP request "POST" "https://graphql.zeepki.st/"
[Info   :Zeepkist GTR] 18:42:48 Sending HTTP request "POST" "https://graphql.zeepki.st/"
[Info   :Zeepkist GTR] 18:42:48 Received HTTP response headers after 174.6125ms - 200
[Info   :Zeepkist GTR] 18:42:48 End processing HTTP request after 174.8757ms - 200
[Info   :Zeepkist GTR] 18:42:49 Starting recorder
[Info   :Zeepkist Bingo] [BINGO] === PLAYER SPAWNED ===
[Info   :Zeepkist Bingo] [BINGO] IsInActiveSession: False
[Info   :Zeepkist Bingo] [BINGO] Not in active session, skipping timer reset
[Info   :Zeepkist GTR] 18:42:56 Loading personal best...
[Info   :Zeepkist GTR] 18:42:56 Start processing HTTP request "POST" "https://graphql.zeepki.st/"
[Info   :Zeepkist GTR] 18:42:56 Sending HTTP request "POST" "https://graphql.zeepki.st/"
[Info   :Zeepkist GTR] 18:42:56 Stopping existing recorder if any
[Info   :Zeepkist GTR] 18:42:56 Creating new recorder
[Info   :Zeepkist GTR] 18:42:56 Start processing HTTP request "POST" "https://graphql.zeepki.st/"
[Info   :Zeepkist GTR] 18:42:56 Sending HTTP request "POST" "https://graphql.zeepki.st/"
[Info   :Zeepkist GTR] 18:42:56 Start processing HTTP request "POST" "https://graphql.zeepki.st/"
[Info   :Zeepkist GTR] 18:42:56 Sending HTTP request "POST" "https://graphql.zeepki.st/"
[Info   :Zeepkist GTR] 18:42:56 Received HTTP response headers after 181.3767ms - 200
[Info   :Zeepkist GTR] 18:42:56 End processing HTTP request after 181.6219ms - 200
[Info   :Zeepkist GTR] 18:42:56 Received HTTP response headers after 190.5337ms - 200
[Info   :Zeepkist GTR] 18:42:56 End processing HTTP request after 190.7735ms - 200
[Info   :Zeepkist GTR] 18:42:56 Ghost version: 5
[Info   :Zeepkist GTR] 18:42:56 Received HTTP response headers after 369.6242ms - 200
[Info   :Zeepkist GTR] 18:42:56 End processing HTTP request after 369.8359ms - 200
[Info   :Zeepkist GTR] 18:42:56 Start processing HTTP request "POST" "https://graphql.zeepki.st/"
[Info   :Zeepkist GTR] 18:42:56 Sending HTTP request "POST" "https://graphql.zeepki.st/"
[Info   :Zeepkist GTR] 18:42:56 Received HTTP response headers after 174.0191ms - 200
[Info   :Zeepkist GTR] 18:42:56 End processing HTTP request after 174.3109ms - 200
[Info   :Zeepkist GTR] 18:42:57 Starting recorder
[Info   :Zeepkist GTR] 18:43:29 Stopping recorder
[Info   :Zeepkist GTR] 18:43:29 Collecting extra information
[Info   :Zeepkist GTR] 18:43:29 Processing ghost data
[Info   :Zeepkist GTR] 18:43:29 Creating stream
[Info   :Zeepkist GTR] 18:43:29 Writing to stream
[Info   :Zeepkist GTR] 18:43:29 Closing stream
[Info   :Zeepkist GTR] 18:43:29 Getting buffer
[Info   :Zeepkist GTR] 18:43:29 Converting to base64
[Info   :Zeepkist GTR] 18:43:29 Creating resource
[Info   :Zeepkist GTR] 18:43:29 Start processing HTTP request "POST" "https://backend.zeepki.st/auth/refresh"
[Info   :Zeepkist GTR] 18:43:29 Sending HTTP request "POST" "https://backend.zeepki.st/auth/refresh"
[Info   :Zeepkist GTR] 18:43:30 Received HTTP response headers after 414.7465ms - 200
[Info   :Zeepkist GTR] 18:43:30 End processing HTTP request after 414.9813ms - 200
[Info   :Zeepkist GTR] 18:43:30 Start processing HTTP request "POST" "https://backend.zeepki.st/record/submit"
[Info   :Zeepkist GTR] 18:43:30 Sending HTTP request "POST" "https://backend.zeepki.st/record/submit"
[Info   :Zeepkist GTR] 18:43:30 Received HTTP response headers after 374.053ms - 200
[Info   :Zeepkist GTR] 18:43:30 End processing HTTP request after 374.2614ms - 200
[Info   :Zeepkist Bingo] [BINGO] === PLAYER SPAWNED ===
[Info   :Zeepkist Bingo] [BINGO] IsInActiveSession: False
[Info   :Zeepkist Bingo] [BINGO] Not in active session, skipping timer reset
[Info   :Zeepkist GTR] 18:43:32 Loading personal best...
[Info   :Zeepkist GTR] 18:43:32 Start processing HTTP request "POST" "https://graphql.zeepki.st/"
[Info   :Zeepkist GTR] 18:43:32 Sending HTTP request "POST" "https://graphql.zeepki.st/"
[Info   :Zeepkist GTR] 18:43:32 Stopping existing recorder if any
[Info   :Zeepkist GTR] 18:43:32 Creating new recorder
[Info   :Zeepkist GTR] 18:43:32 Start processing HTTP request "POST" "https://graphql.zeepki.st/"
[Info   :Zeepkist GTR] 18:43:32 Sending HTTP request "POST" "https://graphql.zeepki.st/"
[Info   :Zeepkist GTR] 18:43:32 Start processing HTTP request "POST" "https://graphql.zeepki.st/"
[Info   :Zeepkist GTR] 18:43:32 Sending HTTP request "POST" "https://graphql.zeepki.st/"
[Info   :Zeepkist GTR] 18:43:32 Received HTTP response headers after 183.0061ms - 200
[Info   :Zeepkist GTR] 18:43:32 End processing HTTP request after 183.2287ms - 200
[Info   :Zeepkist GTR] 18:43:32 Received HTTP response headers after 200.3731ms - 200
[Info   :Zeepkist GTR] 18:43:32 End processing HTTP request after 200.6046ms - 200
[Info   :Zeepkist GTR] 18:43:32 Ghost version: 5
[Info   :Zeepkist GTR] 18:43:32 Received HTTP response headers after 365.7963ms - 200
[Info   :Zeepkist GTR] 18:43:32 End processing HTTP request after 365.9912ms - 200
[Info   :Zeepkist GTR] 18:43:32 Start processing HTTP request "POST" "https://graphql.zeepki.st/"
[Info   :Zeepkist GTR] 18:43:32 Sending HTTP request "POST" "https://graphql.zeepki.st/"
[Info   :Zeepkist GTR] 18:43:33 Received HTTP response headers after 180.2608ms - 200
[Info   :Zeepkist GTR] 18:43:33 End processing HTTP request after 180.6027ms - 200
[Info   :Zeepkist GTR] 18:43:34 Discarding recorder
[Info   :Zeepkist GTR] 18:43:34 Starting recorder
[Error  :RecordingService] Unhandled exception in OnRoundStarted: System.Reflection.TargetInvocationException: Exception has been thrown by the target of an invocation. ---> System.NullReferenceException: Object reference not set to an instance of an object
  at TNRD.Zeepkist.GTR.Ghosting.Recording.RecordingService.OnRoundStarted () [0x00026] in C:\a\Zeepkist.GTR.Mod\Zeepkist.GTR.Mod\Ghosting\Recording\RecordingService.cs:72 
  at (wrapper managed-to-native) System.Reflection.RuntimeMethodInfo.InternalInvoke(System.Reflection.RuntimeMethodInfo,object,object[],System.Exception&)
  at System.Reflection.RuntimeMethodInfo.Invoke (System.Object obj, System.Reflection.BindingFlags invokeAttr, System.Reflection.Binder binder, System.Object[] parameters, System.Globalization.CultureInfo culture) [0x0006a] in <9aad1b3a47484d63ba2b3985692d80e9>:0 
   --- End of inner exception stack trace ---
  at System.Reflection.RuntimeMethodInfo.Invoke (System.Object obj, System.Reflection.BindingFlags invokeAttr, System.Reflection.Binder binder, System.Object[] parameters, System.Globalization.CultureInfo culture) [0x00083] in <9aad1b3a47484d63ba2b3985692d80e9>:0 
  at System.Reflection.MethodBase.Invoke (System.Object obj, System.Object[] parameters) [0x00000] in <9aad1b3a47484d63ba2b3985692d80e9>:0 
  at System.Delegate.DynamicInvokeImpl (System.Object[] args) [0x000e7] in <9aad1b3a47484d63ba2b3985692d80e9>:0 
  at System.MulticastDelegate.DynamicInvokeImpl (System.Object[] args) [0x00008] in <9aad1b3a47484d63ba2b3985692d80e9>:0 
  at System.Delegate.DynamicInvoke (System.Object[] args) [0x00000] in <9aad1b3a47484d63ba2b3985692d80e9>:0 
  at ZeepSDK.Extensions.DelegateExtensions.InvokeSafe (System.Delegate d, System.Object[] args) [0x00031] in D:\a\ZeepSDK\ZeepSDK\ZeepSDK\Extensions\DelegateExtensions.cs:22 
[Info   :COTDTracker] Doing eliminations with leaderboard:
[Info   :COTDTracker] Player [Quac] microways: Time: 31.78254
[Info   :COTDTracker] Player [CTR]agix: Time: 31.78406
[Info   :COTDTracker] Player Noxitu: Time: 31.79585
[Info   :COTDTracker] Player Lexer: Time: 31.89616
[Info   :COTDTracker] Player wunderBarr: Time: 31.898
[Info   :COTDTracker] Player Minkus: Time: 31.90016
[Info   :COTDTracker] Player Eclipse135: Time: 31.93711
[Info   :COTDTracker] Player 𝒱V𝑜o𝒾i𝒹d𝒱: Time: 31.97897
[Info   :COTDTracker] Player Dartho Mas: Time: 32.03251
[Info   :COTDTracker] Player [ZET]Sword125: Time: 32.04746
[Info   :COTDTracker] Player [DNFF]lucanakin: Time: 32.09169
[Info   :COTDTracker] Player PlusMicron: Time: 32.10931
[Info   :COTDTracker] Player [ZET] Wheelie: Time: 32.19527
[Info   :COTDTracker] Player SuperHeavy: Time: 32.23383
[Info   :COTDTracker] Player huhconduct: Time: 32.24149
[Info   :COTDTracker] Player M4DSCOTSM4N: Time: 32.35844
[Info   :COTDTracker] Player [ZET]maskeddog: Time: 32.43968
[Info   :COTDTracker] Player [ZET]vectortrajector: Time: 32.69026
[Info   :COTDTracker] Player [CLWN]DryDoc: Time: 33.0386
[Info   :COTDTracker] Player B1gManM1ke: Time: 33.47812
[Info   :COTDTracker] Player [AUz] bjenk4: Time: 34.99801
[Info   :COTDTracker] Player [ZET] zeriv: Time: DNF
[Info   :COTDTracker] Eliminating DNF: [ZET] zeriv
[Info   :COTDTracker] Eliminated 1 DNF players
[Info   :COTDTracker] Eliminating on time: [AUz] bjenk4
[Info   :COTDTracker] Eliminating on time: B1gManM1ke
[Info   :COTDTracker] Eliminating on time: [CLWN]DryDoc
[Info   :COTDTracker] Eliminating 4 players: 
[Info   :COTDTracker] [ZET] zeriv
[Info   :COTDTracker] [AUz] bjenk4
[Info   :COTDTracker] B1gManM1ke
[Info   :COTDTracker] [CLWN]DryDoc
[Info   :COTDTracker] Kicking eliminated players
[Info   :Zeepkist Bingo] [BINGO] Level loaded
[Info   :BetterSplits] getting gtr splits
[Info   :Zeepkist Bingo] [BINGO] === PLAYER SPAWNED ===
[Info   :Zeepkist Bingo] [BINGO] IsInActiveSession: False
[Info   :Zeepkist Bingo] [BINGO] Not in active session, skipping timer reset
[Info   :Zeepkist GTR] 18:43:48 Loading personal best...
[Info   :Zeepkist GTR] 18:43:48 Start processing HTTP request "POST" "https://graphql.zeepki.st/"
[Info   :Zeepkist GTR] 18:43:48 Sending HTTP request "POST" "https://graphql.zeepki.st/"
[Info   :Zeepkist GTR] 18:43:48 Stopping existing recorder if any
[Info   :Zeepkist GTR] 18:43:48 Creating new recorder
[Info   :Zeepkist GTR] 18:43:48 Start processing HTTP request "POST" "https://graphql.zeepki.st/"
[Info   :Zeepkist GTR] 18:43:48 Sending HTTP request "POST" "https://graphql.zeepki.st/"
[Info   :Zeepkist GTR] 18:43:48 Start processing HTTP request "POST" "https://graphql.zeepki.st/"
[Info   :Zeepkist GTR] 18:43:48 Sending HTTP request "POST" "https://graphql.zeepki.st/"
[Info   :Zeepkist GTR] 18:43:48 Received HTTP response headers after 210.9623ms - 200
[Info   :Zeepkist GTR] 18:43:48 End processing HTTP request after 211.1665ms - 200
[Info   :Zeepkist GTR] 18:43:48 Received HTTP response headers after 221.1955ms - 200
[Info   :Zeepkist GTR] 18:43:48 End processing HTTP request after 221.44ms - 200
[Info   :Zeepkist GTR] 18:43:48 Ghost version: 5
[Error  :BetterSplits] could not get splits
Response: StatusCode: 400, ReasonPhrase: 'Bad Request', Version: 1.1, Content: System.Net.Http.StreamContent, Headers:
{
Date: Fri, 29 May 2026 23:43:48 GMT
Connection: keep-alive
Access-Control-Allow-Headers: Origin, X-Requested-With, Accept, Authorization, X-Apollo-Tracing, Content-Type, Content-Length, X-PostGraphile-Explain
Access-Control-Allow-Methods: HEAD, GET, POST
Access-Control-Allow-Origin: *
Access-Control-Expose-Headers: X-GraphQL-Event-Stream
Alt-Svc: h3=":443"; ma=86400
Vary: Origin
Via: 1.1 Caddy
X-Graphql-Event-Stream: /stream
X-Query-Cost: 115
Cf-Cache-Status: DYNAMIC
x-xss-protection: 1; mode=block
Strict-Transport-Security: max-age=15552000; includeSubDomains; preload
x-content-type-options: nosniff
Server-Timing: cfCacheStatus;desc="DYNAMIC", cfEdge;dur=12,cfOrigin;dur=199
Report-To: {"group":"cf-nel","max_age":604800,"endpoints":[{"url":"https://a.nel.cloudflare.com/report/v4?s=jS%2FGOQGJIcUrNHYqLsV7j0hyNiqfHdwp5ZUCdbmmEjf1sntYt6rxB0pwQzTQ5WazpF%2BK34ITr4ZZc8R%2B8Z98GMUKUXpKmCSCSTBa26%2BmtP4KwpG2VOlM07c%2FEIaIUTUwuQcTt2gRwecfV8PSQNO6kQ%3D%3D"}]}
Nel: {"report_to":"cf-nel","success_fraction":0.0,"max_age":604800}
expect-ct: max-age=86400, enforce
referrer-policy: same-origin
x-frame-options: SAMEORIGIN
Server: cloudflare
CF-RAY: a0395d08bf171124-ORD
Content-Type: application/json; charset=utf-8
Content-Length: 172
} 
Content: {"errors":[{"message":"Cannot query field \"personalBestGlobalsByIdLevel\" on type \"Level\". Did you mean \"personalBestGlobals\"?","locations":[{"line":1,"column":87}]}]}
Url: https://graphql.zeepki.st
Request: {"query":"query BetterSplitsPB($hash: String!, $steamId: BigFloat) { levelByHash(hash: $hash) { personalBestGlobalsByIdLevel(filter: {userByIdUser: {steamId: {equalTo: $steamId}}}) { nodes { recordByIdRecord { speeds splits time }}}}}","variables":{"hash":"AADA2A49C60174CBB779ED7789096C9588C18D59-3","steamId":"76561199218214543"}}
[Info   :Zeepkist GTR] 18:43:48 Received HTTP response headers after 589.6112ms - 200
[Info   :Zeepkist GTR] 18:43:48 End processing HTTP request after 589.8218ms - 200
[Info   :Zeepkist GTR] 18:43:48 Start processing HTTP request "POST" "https://graphql.zeepki.st/"
[Info   :Zeepkist GTR] 18:43:48 Sending HTTP request "POST" "https://graphql.zeepki.st/"
[Info   :Zeepkist GTR] 18:43:49 Received HTTP response headers after 201.7099ms - 200
[Info   :Zeepkist GTR] 18:43:49 End processing HTTP request after 201.9338ms - 200
[Info   :Zeepkist Bingo] [CHAT] Intercepted message: 4 players eliminated: [ZET] zeriv, [AUz] bjenk4, B1gManM1ke, [CLWN]DryDoc
[Info   :Zeepkist Bingo] [CHAT] Not relaying - no bingo session
[Info   :Zeepkist GTR] 18:43:49 Starting recorder
[Info   :Zeepkist Bingo] [BINGO] === PLAYER SPAWNED ===
[Info   :Zeepkist Bingo] [BINGO] IsInActiveSession: False
[Info   :Zeepkist Bingo] [BINGO] Not in active session, skipping timer reset
[Info   :Zeepkist GTR] 18:43:53 Loading personal best...
[Info   :Zeepkist GTR] 18:43:53 Start processing HTTP request "POST" "https://graphql.zeepki.st/"
[Info   :Zeepkist GTR] 18:43:53 Sending HTTP request "POST" "https://graphql.zeepki.st/"
[Info   :Zeepkist GTR] 18:43:53 Stopping existing recorder if any
[Info   :Zeepkist GTR] 18:43:53 Creating new recorder
[Info   :Zeepkist GTR] 18:43:53 Start processing HTTP request "POST" "https://graphql.zeepki.st/"
[Info   :Zeepkist GTR] 18:43:53 Sending HTTP request "POST" "https://graphql.zeepki.st/"
[Info   :Zeepkist GTR] 18:43:53 Start processing HTTP request "POST" "https://graphql.zeepki.st/"
[Info   :Zeepkist GTR] 18:43:53 Sending HTTP request "POST" "https://graphql.zeepki.st/"
[Info   :Zeepkist GTR] 18:43:53 Received HTTP response headers after 186.4617ms - 200
[Info   :Zeepkist GTR] 18:43:53 End processing HTTP request after 186.6878ms - 200
[Info   :Zeepkist GTR] 18:43:53 Received HTTP response headers after 196.8789ms - 200
[Info   :Zeepkist GTR] 18:43:53 End processing HTTP request after 197.0932ms - 200
[Info   :Zeepkist GTR] 18:43:53 Ghost version: 5
[Info   :Zeepkist GTR] 18:43:53 Received HTTP response headers after 376.5006ms - 200
[Info   :Zeepkist GTR] 18:43:53 End processing HTTP request after 376.7197ms - 200
[Info   :Zeepkist GTR] 18:43:53 Start processing HTTP request "POST" "https://graphql.zeepki.st/"
[Info   :Zeepkist GTR] 18:43:53 Sending HTTP request "POST" "https://graphql.zeepki.st/"
[Info   :Zeepkist GTR] 18:43:54 Received HTTP response headers after 196.2556ms - 200
[Info   :Zeepkist GTR] 18:43:54 End processing HTTP request after 196.5369ms - 200
[Info   :Zeepkist GTR] 18:43:55 Starting recorder
[Info   :Zeepkist GTR] 18:44:27 Stopping recorder
[Info   :Zeepkist GTR] 18:44:27 Collecting extra information
[Info   :Zeepkist GTR] 18:44:27 Processing ghost data
[Info   :Zeepkist GTR] 18:44:27 Creating stream
[Info   :Zeepkist GTR] 18:44:27 Writing to stream
[Info   :Zeepkist GTR] 18:44:27 Closing stream
[Info   :Zeepkist GTR] 18:44:27 Getting buffer
[Info   :Zeepkist GTR] 18:44:27 Converting to base64
[Info   :Zeepkist GTR] 18:44:27 Creating resource
[Info   :Zeepkist GTR] 18:44:27 Start processing HTTP request "POST" "https://backend.zeepki.st/auth/refresh"
[Info   :Zeepkist GTR] 18:44:27 Sending HTTP request "POST" "https://backend.zeepki.st/auth/refresh"
[Info   :Zeepkist GTR] 18:44:27 Received HTTP response headers after 321.4263ms - 200
[Info   :Zeepkist GTR] 18:44:27 End processing HTTP request after 321.6209ms - 200
[Info   :Zeepkist GTR] 18:44:27 Start processing HTTP request "POST" "https://backend.zeepki.st/record/submit"
[Info   :Zeepkist GTR] 18:44:27 Sending HTTP request "POST" "https://backend.zeepki.st/record/submit"
[Info   :Zeepkist GTR] 18:44:28 Received HTTP response headers after 357.3526ms - 200
[Info   :Zeepkist GTR] 18:44:28 End processing HTTP request after 357.6023ms - 200
[Info   :Zeepkist Bingo] [BINGO] === PLAYER SPAWNED ===
[Info   :Zeepkist Bingo] [BINGO] IsInActiveSession: False
[Info   :Zeepkist Bingo] [BINGO] Not in active session, skipping timer reset
[Info   :Zeepkist GTR] 18:44:28 Loading personal best...
[Info   :Zeepkist GTR] 18:44:28 Start processing HTTP request "POST" "https://graphql.zeepki.st/"
[Info   :Zeepkist GTR] 18:44:28 Sending HTTP request "POST" "https://graphql.zeepki.st/"
[Info   :Zeepkist GTR] 18:44:28 Stopping existing recorder if any
[Info   :Zeepkist GTR] 18:44:28 Creating new recorder
[Info   :Zeepkist GTR] 18:44:28 Start processing HTTP request "POST" "https://graphql.zeepki.st/"
[Info   :Zeepkist GTR] 18:44:28 Sending HTTP request "POST" "https://graphql.zeepki.st/"
[Info   :Zeepkist GTR] 18:44:28 Start processing HTTP request "POST" "https://graphql.zeepki.st/"
[Info   :Zeepkist GTR] 18:44:28 Sending HTTP request "POST" "https://graphql.zeepki.st/"
[Info   :Zeepkist GTR] 18:44:28 Received HTTP response headers after 190.573ms - 200
[Info   :Zeepkist GTR] 18:44:28 End processing HTTP request after 190.8778ms - 200
[Info   :Zeepkist GTR] 18:44:28 Received HTTP response headers after 204.3807ms - 200
[Info   :Zeepkist GTR] 18:44:28 End processing HTTP request after 204.5876ms - 200
[Info   :Zeepkist GTR] 18:44:28 Start processing HTTP request "GET" "https://cdn.zeepki.st/ghosts/01KSV1ZYYN12F0TKNGJFW49H60.bin"
[Info   :Zeepkist GTR] 18:44:28 Sending HTTP request "GET" "https://cdn.zeepki.st/ghosts/01KSV1ZYYN12F0TKNGJFW49H60.bin"
[Info   :Zeepkist GTR] 18:44:28 Received HTTP response headers after 376.4648ms - 200
[Info   :Zeepkist GTR] 18:44:28 End processing HTTP request after 376.6867ms - 200
[Info   :Zeepkist GTR] 18:44:28 Start processing HTTP request "POST" "https://graphql.zeepki.st/"
[Info   :Zeepkist GTR] 18:44:28 Sending HTTP request "POST" "https://graphql.zeepki.st/"
[Info   :Zeepkist GTR] 18:44:29 Received HTTP response headers after 176.1343ms - 200
[Info   :Zeepkist GTR] 18:44:29 End processing HTTP request after 176.3888ms - 200
[Info   :Zeepkist GTR] 18:44:29 Received HTTP response headers after 858.106ms - 200
[Info   :Zeepkist GTR] 18:44:29 End processing HTTP request after 858.3476ms - 200
[Info   :Zeepkist GTR] 18:44:29 Ghost version: 5
[Info   :Zeepkist GTR] 18:44:30 Starting recorder
[Info   :Zeepkist Bingo] [BINGO] === PLAYER SPAWNED ===
[Info   :Zeepkist Bingo] [BINGO] IsInActiveSession: False
[Info   :Zeepkist Bingo] [BINGO] Not in active session, skipping timer reset
[Info   :Zeepkist GTR] 18:44:37 Loading personal best...
[Info   :Zeepkist GTR] 18:44:37 Start processing HTTP request "POST" "https://graphql.zeepki.st/"
[Info   :Zeepkist GTR] 18:44:37 Sending HTTP request "POST" "https://graphql.zeepki.st/"
[Info   :Zeepkist GTR] 18:44:37 Stopping existing recorder if any
[Info   :Zeepkist GTR] 18:44:37 Creating new recorder
[Info   :Zeepkist GTR] 18:44:37 Start processing HTTP request "POST" "https://graphql.zeepki.st/"
[Info   :Zeepkist GTR] 18:44:37 Sending HTTP request "POST" "https://graphql.zeepki.st/"
[Info   :Zeepkist GTR] 18:44:37 Start processing HTTP request "POST" "https://graphql.zeepki.st/"
[Info   :Zeepkist GTR] 18:44:37 Sending HTTP request "POST" "https://graphql.zeepki.st/"
[Info   :Zeepkist GTR] 18:44:37 Received HTTP response headers after 454.7726ms - 200
[Info   :Zeepkist GTR] 18:44:37 End processing HTTP request after 454.9721ms - 200
[Info   :Zeepkist GTR] 18:44:37 Received HTTP response headers after 536.5276ms - 200
[Info   :Zeepkist GTR] 18:44:37 End processing HTTP request after 536.781ms - 200
[Info   :Zeepkist GTR] 18:44:37 Ghost version: 5
[Info   :Zeepkist GTR] 18:44:37 Received HTTP response headers after 690.9293ms - 200
[Info   :Zeepkist GTR] 18:44:37 End processing HTTP request after 691.1774ms - 200
[Info   :Zeepkist GTR] 18:44:37 Start processing HTTP request "POST" "https://graphql.zeepki.st/"
[Info   :Zeepkist GTR] 18:44:37 Sending HTTP request "POST" "https://graphql.zeepki.st/"
[Info   :Zeepkist GTR] 18:44:38 Received HTTP response headers after 210.9617ms - 200
[Info   :Zeepkist GTR] 18:44:38 End processing HTTP request after 211.1857ms - 200
[Info   :Zeepkist GTR] 18:44:38 Starting recorder
[Info   :Zeepkist GTR] 18:45:10 Stopping recorder
[Info   :Zeepkist GTR] 18:45:10 Collecting extra information
[Info   :Zeepkist GTR] 18:45:10 Processing ghost data
[Info   :Zeepkist GTR] 18:45:10 Creating stream
[Info   :Zeepkist GTR] 18:45:10 Writing to stream
[Info   :Zeepkist GTR] 18:45:10 Closing stream
[Info   :Zeepkist GTR] 18:45:10 Getting buffer
[Info   :Zeepkist GTR] 18:45:10 Converting to base64
[Info   :Zeepkist GTR] 18:45:10 Creating resource
[Info   :Zeepkist GTR] 18:45:10 Start processing HTTP request "POST" "https://backend.zeepki.st/auth/refresh"
[Info   :Zeepkist GTR] 18:45:10 Sending HTTP request "POST" "https://backend.zeepki.st/auth/refresh"
[Info   :Zeepkist Bingo] [BINGO] === PLAYER SPAWNED ===
[Info   :Zeepkist Bingo] [BINGO] IsInActiveSession: False
[Info   :Zeepkist Bingo] [BINGO] Not in active session, skipping timer reset
[Info   :Zeepkist GTR] 18:45:13 Loading personal best...
[Info   :Zeepkist GTR] 18:45:13 Start processing HTTP request "POST" "https://graphql.zeepki.st/"
[Info   :Zeepkist GTR] 18:45:13 Sending HTTP request "POST" "https://graphql.zeepki.st/"
[Info   :Zeepkist GTR] 18:45:13 Stopping existing recorder if any
[Info   :Zeepkist GTR] 18:45:13 Creating new recorder
[Info   :Zeepkist GTR] 18:45:13 Start processing HTTP request "POST" "https://graphql.zeepki.st/"
[Info   :Zeepkist GTR] 18:45:13 Sending HTTP request "POST" "https://graphql.zeepki.st/"
[Info   :Zeepkist GTR] 18:45:13 Start processing HTTP request "POST" "https://graphql.zeepki.st/"
[Info   :Zeepkist GTR] 18:45:13 Sending HTTP request "POST" "https://graphql.zeepki.st/"
[Info   :Zeepkist GTR] 18:45:13 Received HTTP response headers after 472.6189ms - 200
[Info   :Zeepkist GTR] 18:45:13 End processing HTTP request after 472.8401ms - 200
[Info   :Zeepkist GTR] 18:45:13 Received HTTP response headers after 483.3542ms - 200
[Info   :Zeepkist GTR] 18:45:13 End processing HTTP request after 483.6481ms - 200
[Info   :Zeepkist GTR] 18:45:13 Ghost version: 5
[Info   :Zeepkist GTR] 18:45:14 Received HTTP response headers after 822.3621ms - 200
[Info   :Zeepkist GTR] 18:45:14 End processing HTTP request after 822.5919ms - 200
[Info   :Zeepkist GTR] 18:45:14 Start processing HTTP request "POST" "https://graphql.zeepki.st/"
[Info   :Zeepkist GTR] 18:45:14 Sending HTTP request "POST" "https://graphql.zeepki.st/"
[Info   :Zeepkist GTR] 18:45:14 Received HTTP response headers after 284.954ms - 200
[Info   :Zeepkist GTR] 18:45:14 End processing HTTP request after 285.208ms - 200
[Info   :Zeepkist GTR] 18:45:15 Starting recorder
[Info   :Zeepkist GTR] 18:45:15 Received HTTP response headers after 4617.8014ms - 200
[Info   :Zeepkist GTR] 18:45:15 End processing HTTP request after 4618.0809ms - 200
[Info   :Zeepkist GTR] 18:45:15 Start processing HTTP request "POST" "https://backend.zeepki.st/record/submit"
[Info   :Zeepkist GTR] 18:45:15 Sending HTTP request "POST" "https://backend.zeepki.st/record/submit"
[Info   :Zeepkist GTR] 18:45:16 Received HTTP response headers after 558.0334ms - 200
[Info   :Zeepkist GTR] 18:45:16 End processing HTTP request after 558.2579ms - 200
[Info   :Zeepkist GTR] 18:45:47 Discarding recorder
[Info   :COTDTracker] Doing eliminations with leaderboard:
[Info   :COTDTracker] Player [CTR]agix: Time: 31.69712
[Info   :COTDTracker] Player Lexer: Time: 31.74824
[Info   :COTDTracker] Player [Quac] microways: Time: 31.82244
[Info   :COTDTracker] Player Eclipse135: Time: 31.82904
[Info   :COTDTracker] Player Noxitu: Time: 31.83874
[Info   :COTDTracker] Player 𝒱V𝑜o𝒾i𝒹d𝒱: Time: 31.86992
[Info   :COTDTracker] Player [ZET]Sword125: Time: 31.98771
[Info   :COTDTracker] Player Minkus: Time: 31.98777
[Info   :COTDTracker] Player wunderBarr: Time: 31.99078
[Info   :COTDTracker] Player [DNFF]lucanakin: Time: 31.99927
[Info   :COTDTracker] Player [ZET] Wheelie: Time: 32.0541
[Info   :COTDTracker] Player [ZET]maskeddog: Time: 32.07528
[Info   :COTDTracker] Player PlusMicron: Time: 32.11266
[Info   :COTDTracker] Player SuperHeavy: Time: 32.1852
[Info   :COTDTracker] Player M4DSCOTSM4N: Time: 32.21588
[Info   :COTDTracker] Player huhconduct: Time: 32.27899
[Info   :COTDTracker] Player Dartho Mas: Time: 32.29118
[Info   :COTDTracker] Player [ZET]vectortrajector: Time: 32.47847
[Info   :COTDTracker] Eliminated 0 DNF players
[Info   :COTDTracker] Eliminating on time: [ZET]vectortrajector
[Info   :COTDTracker] Eliminating on time: Dartho Mas
[Info   :COTDTracker] Eliminating on time: huhconduct
[Info   :COTDTracker] Eliminating on time: M4DSCOTSM4N
[Info   :COTDTracker] Eliminating 4 players: 
[Info   :COTDTracker] [ZET]vectortrajector
[Info   :COTDTracker] Dartho Mas
[Info   :COTDTracker] huhconduct
[Info   :COTDTracker] M4DSCOTSM4N
[Info   :COTDTracker] Kicking eliminated players
[Info   :Zeepkist Bingo] [BINGO] Level loaded
[Info   :BetterSplits] getting gtr splits
[Info   :Zeepkist Bingo] [BINGO] === PLAYER SPAWNED ===
[Info   :Zeepkist Bingo] [BINGO] IsInActiveSession: False
[Info   :Zeepkist Bingo] [BINGO] Not in active session, skipping timer reset
[Info   :Zeepkist GTR] 18:46:01 Loading personal best...
[Info   :Zeepkist GTR] 18:46:01 Start processing HTTP request "POST" "https://graphql.zeepki.st/"
[Info   :Zeepkist GTR] 18:46:01 Sending HTTP request "POST" "https://graphql.zeepki.st/"
[Info   :Zeepkist GTR] 18:46:01 Stopping existing recorder if any
[Info   :Zeepkist GTR] 18:46:01 Creating new recorder
[Info   :Zeepkist GTR] 18:46:01 Start processing HTTP request "POST" "https://graphql.zeepki.st/"
[Info   :Zeepkist GTR] 18:46:01 Sending HTTP request "POST" "https://graphql.zeepki.st/"
[Info   :Zeepkist GTR] 18:46:01 Start processing HTTP request "POST" "https://graphql.zeepki.st/"
[Info   :Zeepkist GTR] 18:46:01 Sending HTTP request "POST" "https://graphql.zeepki.st/"
[Info   :Zeepkist GTR] 18:46:01 Received HTTP response headers after 218.1675ms - 200
[Info   :Zeepkist GTR] 18:46:01 Received HTTP response headers after 217.6302ms - 200
[Info   :Zeepkist GTR] 18:46:01 End processing HTTP request after 218.4464ms - 200
[Info   :Zeepkist GTR] 18:46:01 End processing HTTP request after 217.861ms - 200
[Info   :Zeepkist GTR] 18:46:01 Ghost version: 5
[Error  :BetterSplits] could not get splits
Response: StatusCode: 400, ReasonPhrase: 'Bad Request', Version: 1.1, Content: System.Net.Http.StreamContent, Headers:
{
Date: Fri, 29 May 2026 23:46:01 GMT
Connection: keep-alive
Access-Control-Allow-Headers: Origin, X-Requested-With, Accept, Authorization, X-Apollo-Tracing, Content-Type, Content-Length, X-PostGraphile-Explain
Access-Control-Allow-Methods: HEAD, GET, POST
Access-Control-Allow-Origin: *
Access-Control-Expose-Headers: X-GraphQL-Event-Stream
Alt-Svc: h3=":443"; ma=86400
Vary: Origin
Via: 1.1 Caddy
X-Graphql-Event-Stream: /stream
X-Query-Cost: 115
Cf-Cache-Status: DYNAMIC
x-xss-protection: 1; mode=block
Strict-Transport-Security: max-age=15552000; includeSubDomains; preload
x-content-type-options: nosniff
Server-Timing: cfCacheStatus;desc="DYNAMIC", cfEdge;dur=9,cfOrigin;dur=181
Report-To: {"group":"cf-nel","max_age":604800,"endpoints":[{"url":"https://a.nel.cloudflare.com/report/v4?s=hIp%2B9gzuaA3Ettm%2FF3Grxhvdqotpa4csLbpEPZ0kwuMEt8aAwvVlK%2BCKbDq3Cb6Ae%2BZ0ddZEr9R5P3qaFKSUZB6FNzqUx%2BrCnABTWp%2FS3LT3P%2BeejKRE3SOobwh1aGx8LzFIWRGI3ZMKBA3R5wg7UA%3D%3D"}]}
Nel: {"report_to":"cf-nel","success_fraction":0.0,"max_age":604800}
expect-ct: max-age=86400, enforce
referrer-policy: same-origin
x-frame-options: SAMEORIGIN
Server: cloudflare
CF-RAY: a0396047cc3e7d78-ORD
Content-Type: application/json; charset=utf-8
Content-Length: 172
} 
Content: {"errors":[{"message":"Cannot query field \"personalBestGlobalsByIdLevel\" on type \"Level\". Did you mean \"personalBestGlobals\"?","locations":[{"line":1,"column":87}]}]}
Url: https://graphql.zeepki.st
Request: {"query":"query BetterSplitsPB($hash: String!, $steamId: BigFloat) { levelByHash(hash: $hash) { personalBestGlobalsByIdLevel(filter: {userByIdUser: {steamId: {equalTo: $steamId}}}) { nodes { recordByIdRecord { speeds splits time }}}}}","variables":{"hash":"AADA2A49C60174CBB779ED7789096C9588C18D59-3","steamId":"76561199218214543"}}
[Info   :Zeepkist GTR] 18:46:01 Received HTTP response headers after 476.5985ms - 200
[Info   :Zeepkist GTR] 18:46:01 End processing HTTP request after 476.8102ms - 200
[Info   :Zeepkist GTR] 18:46:01 Start processing HTTP request "POST" "https://graphql.zeepki.st/"
[Info   :Zeepkist GTR] 18:46:01 Sending HTTP request "POST" "https://graphql.zeepki.st/"
[Info   :Zeepkist GTR] 18:46:01 Received HTTP response headers after 268.9009ms - 200
[Info   :Zeepkist GTR] 18:46:01 End processing HTTP request after 269.1405ms - 200
[Info   :Zeepkist Bingo] [CHAT] Intercepted message: 4 players eliminated: [ZET]vectortrajector, Dartho Mas, huhconduct, M4DSCOTSM4N
[Info   :Zeepkist Bingo] [CHAT] Not relaying - no bingo session
[Info   :Zeepkist GTR] 18:46:02 Starting recorder
[Info   :Zeepkist Bingo] [BINGO] === PLAYER SPAWNED ===
[Info   :Zeepkist Bingo] [BINGO] IsInActiveSession: False
[Info   :Zeepkist Bingo] [BINGO] Not in active session, skipping timer reset
[Info   :Zeepkist GTR] 18:46:14 Loading personal best...
[Info   :Zeepkist GTR] 18:46:14 Start processing HTTP request "POST" "https://graphql.zeepki.st/"
[Info   :Zeepkist GTR] 18:46:14 Sending HTTP request "POST" "https://graphql.zeepki.st/"
[Info   :Zeepkist GTR] 18:46:14 Stopping existing recorder if any
[Info   :Zeepkist GTR] 18:46:14 Creating new recorder
[Info   :Zeepkist GTR] 18:46:14 Start processing HTTP request "POST" "https://graphql.zeepki.st/"
[Info   :Zeepkist GTR] 18:46:14 Sending HTTP request "POST" "https://graphql.zeepki.st/"
[Info   :Zeepkist GTR] 18:46:14 Start processing HTTP request "POST" "https://graphql.zeepki.st/"
[Info   :Zeepkist GTR] 18:46:14 Sending HTTP request "POST" "https://graphql.zeepki.st/"
[Info   :Zeepkist GTR] 18:46:14 Received HTTP response headers after 417.3802ms - 200
[Info   :Zeepkist GTR] 18:46:14 Received HTTP response headers after 417.9603ms - 200
[Info   :Zeepkist GTR] 18:46:14 End processing HTTP request after 417.5957ms - 200
[Info   :Zeepkist GTR] 18:46:14 End processing HTTP request after 418.1522ms - 200
[Info   :Zeepkist GTR] 18:46:14 Ghost version: 5
[Info   :Zeepkist GTR] 18:46:14 Received HTTP response headers after 649.9169ms - 200
[Info   :Zeepkist GTR] 18:46:14 End processing HTTP request after 650.1116ms - 200
[Info   :Zeepkist GTR] 18:46:14 Start processing HTTP request "POST" "https://graphql.zeepki.st/"
[Info   :Zeepkist GTR] 18:46:14 Sending HTTP request "POST" "https://graphql.zeepki.st/"
[Info   :Zeepkist GTR] 18:46:15 Received HTTP response headers after 480.5849ms - 200
[Info   :Zeepkist GTR] 18:46:15 End processing HTTP request after 480.8207ms - 200
[Info   :Zeepkist GTR] 18:46:15 Starting recorder
[Info   :Zeepkist GTR] 18:46:47 Stopping recorder
[Info   :Zeepkist GTR] 18:46:47 Collecting extra information
[Info   :Zeepkist GTR] 18:46:47 Processing ghost data
[Info   :Zeepkist GTR] 18:46:47 Creating stream
[Info   :Zeepkist GTR] 18:46:47 Writing to stream
[Info   :Zeepkist GTR] 18:46:48 Closing stream
[Info   :Zeepkist GTR] 18:46:48 Getting buffer
[Info   :Zeepkist GTR] 18:46:48 Converting to base64
[Info   :Zeepkist GTR] 18:46:48 Creating resource
[Info   :Zeepkist GTR] 18:46:48 Start processing HTTP request "POST" "https://backend.zeepki.st/auth/refresh"
[Info   :Zeepkist GTR] 18:46:48 Sending HTTP request "POST" "https://backend.zeepki.st/auth/refresh"
[Info   :Zeepkist Bingo] [BINGO] === PLAYER SPAWNED ===
[Info   :Zeepkist Bingo] [BINGO] IsInActiveSession: False
[Info   :Zeepkist Bingo] [BINGO] Not in active session, skipping timer reset
[Info   :Zeepkist GTR] 18:46:49 Loading personal best...
[Info   :Zeepkist GTR] 18:46:49 Start processing HTTP request "POST" "https://graphql.zeepki.st/"
[Info   :Zeepkist GTR] 18:46:49 Sending HTTP request "POST" "https://graphql.zeepki.st/"
[Info   :Zeepkist GTR] 18:46:49 Stopping existing recorder if any
[Info   :Zeepkist GTR] 18:46:49 Creating new recorder
[Info   :Zeepkist GTR] 18:46:49 Start processing HTTP request "POST" "https://graphql.zeepki.st/"
[Info   :Zeepkist GTR] 18:46:49 Sending HTTP request "POST" "https://graphql.zeepki.st/"
[Info   :Zeepkist GTR] 18:46:49 Start processing HTTP request "POST" "https://graphql.zeepki.st/"
[Info   :Zeepkist GTR] 18:46:49 Sending HTTP request "POST" "https://graphql.zeepki.st/"
[Info   :Zeepkist GTR] 18:46:51 Starting recorder
[Info   :Zeepkist GTR] 18:46:51 Received HTTP response headers after 3330.4547ms - 502
[Info   :Zeepkist GTR] 18:46:51 End processing HTTP request after 3330.7153ms - 502
[Warning:Zeepkist GTR] 18:46:51 Request failed, retrying (1)
[Info   :Zeepkist GTR] 18:46:51 Received HTTP response headers after 2616.8669ms - 200
[Info   :Zeepkist GTR] 18:46:51 End processing HTTP request after 2617.0907ms - 200
[Info   :Zeepkist GTR] 18:46:52 Received HTTP response headers after 3166.5162ms - 200
[Info   :Zeepkist GTR] 18:46:52 End processing HTTP request after 3166.8548ms - 200
[Info   :Zeepkist GTR] 18:46:52 Start processing HTTP request "POST" "https://graphql.zeepki.st/"
[Info   :Zeepkist GTR] 18:46:52 Sending HTTP request "POST" "https://graphql.zeepki.st/"
[Info   :Zeepkist GTR] 18:46:52 Received HTTP response headers after 273.8113ms - 200
[Info   :Zeepkist GTR] 18:46:52 End processing HTTP request after 274.0512ms - 200
[Info   :Zeepkist GTR] 18:46:53 Start processing HTTP request "POST" "https://backend.zeepki.st/auth/refresh"
[Info   :Zeepkist GTR] 18:46:53 Sending HTTP request "POST" "https://backend.zeepki.st/auth/refresh"
[Info   :Zeepkist Bingo] [BINGO] === PLAYER SPAWNED ===
[Info   :Zeepkist Bingo] [BINGO] IsInActiveSession: False
[Info   :Zeepkist Bingo] [BINGO] Not in active session, skipping timer reset
[Info   :Zeepkist GTR] 18:46:56 Loading personal best...
[Info   :Zeepkist GTR] 18:46:56 Start processing HTTP request "POST" "https://graphql.zeepki.st/"
[Info   :Zeepkist GTR] 18:46:56 Sending HTTP request "POST" "https://graphql.zeepki.st/"
[Info   :Zeepkist GTR] 18:46:56 Stopping existing recorder if any
[Info   :Zeepkist GTR] 18:46:56 Creating new recorder
[Info   :Zeepkist GTR] 18:46:56 Start processing HTTP request "POST" "https://graphql.zeepki.st/"
[Info   :Zeepkist GTR] 18:46:56 Sending HTTP request "POST" "https://graphql.zeepki.st/"
[Info   :Zeepkist GTR] 18:46:56 Start processing HTTP request "POST" "https://graphql.zeepki.st/"
[Info   :Zeepkist GTR] 18:46:56 Sending HTTP request "POST" "https://graphql.zeepki.st/"
[Info   :Zeepkist GTR] 18:46:57 Received HTTP response headers after 200.8291ms - 200
[Info   :Zeepkist GTR] 18:46:57 End processing HTTP request after 201.0702ms - 200
[Info   :Zeepkist GTR] 18:46:57 Ghost version: 5
[Info   :Zeepkist GTR] 18:46:57 Received HTTP response headers after 397.2261ms - 200
[Info   :Zeepkist GTR] 18:46:57 End processing HTTP request after 397.4751ms - 200
[Info   :Zeepkist GTR] 18:46:57 Received HTTP response headers after 591.3379ms - 200
[Info   :Zeepkist GTR] 18:46:57 End processing HTTP request after 591.5464ms - 200
[Info   :Zeepkist GTR] 18:46:57 Start processing HTTP request "POST" "https://graphql.zeepki.st/"
[Info   :Zeepkist GTR] 18:46:57 Sending HTTP request "POST" "https://graphql.zeepki.st/"
[Info   :Zeepkist GTR] 18:46:57 Received HTTP response headers after 207.251ms - 200
[Info   :Zeepkist GTR] 18:46:57 End processing HTTP request after 207.4935ms - 200
[Info   :Zeepkist GTR] 18:46:57 Received HTTP response headers after 4532.5677ms - 200
[Info   :Zeepkist GTR] 18:46:57 End processing HTTP request after 4532.8544ms - 200
[Info   :Zeepkist GTR] 18:46:57 Start processing HTTP request "POST" "https://backend.zeepki.st/record/submit"
[Info   :Zeepkist GTR] 18:46:57 Sending HTTP request "POST" "https://backend.zeepki.st/record/submit"
[Info   :Zeepkist GTR] 18:46:58 Received HTTP response headers after 488.4868ms - 200
[Info   :Zeepkist GTR] 18:46:58 End processing HTTP request after 488.722ms - 200
[Info   :Zeepkist GTR] 18:46:58 Starting recorder
[Info   :Zeepkist GTR] 18:47:02 Received HTTP response headers after 12715.0546ms - 500
[Info   :Zeepkist GTR] 18:47:02 End processing HTTP request after 12715.3418ms - 500
[Info   :Zeepkist GTR] 18:47:30 Stopping recorder
[Info   :Zeepkist GTR] 18:47:30 Collecting extra information
[Info   :Zeepkist GTR] 18:47:30 Processing ghost data
[Info   :Zeepkist GTR] 18:47:30 Creating stream
[Info   :Zeepkist GTR] 18:47:30 Writing to stream
[Info   :Zeepkist GTR] 18:47:30 Closing stream
[Info   :Zeepkist GTR] 18:47:30 Getting buffer
[Info   :Zeepkist GTR] 18:47:30 Converting to base64
[Info   :Zeepkist GTR] 18:47:30 Creating resource
[Info   :Zeepkist GTR] 18:47:30 Start processing HTTP request "POST" "https://backend.zeepki.st/auth/refresh"
[Info   :Zeepkist GTR] 18:47:30 Sending HTTP request "POST" "https://backend.zeepki.st/auth/refresh"
[Info   :Zeepkist GTR] 18:47:31 Received HTTP response headers after 1056.2802ms - 200
[Info   :Zeepkist GTR] 18:47:31 End processing HTTP request after 1056.4853ms - 200
[Info   :Zeepkist GTR] 18:47:31 Start processing HTTP request "POST" "https://backend.zeepki.st/record/submit"
[Info   :Zeepkist GTR] 18:47:31 Sending HTTP request "POST" "https://backend.zeepki.st/record/submit"
[Info   :Zeepkist GTR] 18:47:32 Received HTTP response headers after 416.5591ms - 200
[Info   :Zeepkist GTR] 18:47:32 End processing HTTP request after 416.7723ms - 200
[Info   :Zeepkist Bingo] [CHAT] Intercepted message: YES A 31
[Info   :Zeepkist Bingo] [CHAT] Not relaying - no bingo session
[Info   :Zeepkist Bingo] [BINGO] === PLAYER SPAWNED ===
[Info   :Zeepkist Bingo] [BINGO] IsInActiveSession: False
[Info   :Zeepkist Bingo] [BINGO] Not in active session, skipping timer reset
[Info   :Zeepkist GTR] 18:47:39 Loading personal best...
[Info   :Zeepkist GTR] 18:47:39 Start processing HTTP request "POST" "https://graphql.zeepki.st/"
[Info   :Zeepkist GTR] 18:47:39 Sending HTTP request "POST" "https://graphql.zeepki.st/"
[Info   :Zeepkist GTR] 18:47:39 Stopping existing recorder if any
[Info   :Zeepkist GTR] 18:47:39 Creating new recorder
[Info   :Zeepkist GTR] 18:47:39 Start processing HTTP request "POST" "https://graphql.zeepki.st/"
[Info   :Zeepkist GTR] 18:47:39 Sending HTTP request "POST" "https://graphql.zeepki.st/"
[Info   :Zeepkist GTR] 18:47:39 Start processing HTTP request "POST" "https://graphql.zeepki.st/"
[Info   :Zeepkist GTR] 18:47:39 Sending HTTP request "POST" "https://graphql.zeepki.st/"
[Info   :Zeepkist GTR] 18:47:39 Received HTTP response headers after 238.6792ms - 200
[Info   :Zeepkist GTR] 18:47:39 End processing HTTP request after 238.9125ms - 200
[Info   :Zeepkist GTR] 18:47:39 Start processing HTTP request "GET" "https://cdn.zeepki.st/ghosts/01KSV25JS8Z4ZZ7JKWMS1J8GEQ.bin"
[Info   :Zeepkist GTR] 18:47:39 Sending HTTP request "GET" "https://cdn.zeepki.st/ghosts/01KSV25JS8Z4ZZ7JKWMS1J8GEQ.bin"
[Info   :Zeepkist GTR] 18:47:39 Received HTTP response headers after 427.7652ms - 200
[Info   :Zeepkist GTR] 18:47:39 End processing HTTP request after 427.9423ms - 200
[Info   :Zeepkist GTR] 18:47:39 Received HTTP response headers after 650.0843ms - 200
[Info   :Zeepkist GTR] 18:47:39 End processing HTTP request after 650.276ms - 200
[Info   :Zeepkist GTR] 18:47:39 Start processing HTTP request "POST" "https://graphql.zeepki.st/"
[Info   :Zeepkist GTR] 18:47:39 Sending HTTP request "POST" "https://graphql.zeepki.st/"
[Info   :Zeepkist GTR] 18:47:39 Received HTTP response headers after 200.3151ms - 200
[Info   :Zeepkist GTR] 18:47:39 End processing HTTP request after 200.5543ms - 200
[Info   :Zeepkist GTR] 18:47:40 Received HTTP response headers after 774.4567ms - 200
[Info   :Zeepkist GTR] 18:47:40 End processing HTTP request after 774.6726ms - 200
[Info   :Zeepkist GTR] 18:47:40 Ghost version: 5
[Info   :Zeepkist GTR] 18:47:40 Starting recorder
[Info   :Zeepkist GTR] 18:48:00 Discarding recorder
[Info   :COTDTracker] Doing eliminations with leaderboard:
[Info   :COTDTracker] Player [CTR]agix: Time: 31.69153
[Info   :COTDTracker] Player Lexer: Time: 31.69507
[Info   :COTDTracker] Player wunderBarr: Time: 31.77246
[Info   :COTDTracker] Player Noxitu: Time: 31.79549
[Info   :COTDTracker] Player [Quac] microways: Time: 31.8639
[Info   :COTDTracker] Player 𝒱V𝑜o𝒾i𝒹d𝒱: Time: 31.87175
[Info   :COTDTracker] Player Minkus: Time: 31.87653
[Info   :COTDTracker] Player Eclipse135: Time: 31.94082
[Info   :COTDTracker] Player [ZET] Wheelie: Time: 31.99735
[Info   :COTDTracker] Player PlusMicron: Time: 32.10631
[Info   :COTDTracker] Player [DNFF]lucanakin: Time: 32.14702
[Info   :COTDTracker] Player [ZET]Sword125: Time: 32.19624
[Info   :COTDTracker] Player SuperHeavy: Time: 32.20801
[Info   :COTDTracker] Player [ZET]maskeddog: Time: 32.21931
[Info   :COTDTracker] Eliminated 0 DNF players
[Info   :COTDTracker] Eliminating on time: [ZET]maskeddog
[Info   :COTDTracker] Eliminating on time: SuperHeavy
[Info   :COTDTracker] Eliminating 2 players: 
[Info   :COTDTracker] [ZET]maskeddog
[Info   :COTDTracker] SuperHeavy
[Info   :COTDTracker] Kicking eliminated players
[Info   :Zeepkist Bingo] [BINGO] Level loaded
[Info   :BetterSplits] getting gtr splits
[Info   :Zeepkist Bingo] [BINGO] === PLAYER SPAWNED ===
[Info   :Zeepkist Bingo] [BINGO] IsInActiveSession: False
[Info   :Zeepkist Bingo] [BINGO] Not in active session, skipping timer reset
[Info   :Zeepkist GTR] 18:48:14 Loading personal best...
[Info   :Zeepkist GTR] 18:48:14 Start processing HTTP request "POST" "https://graphql.zeepki.st/"
[Info   :Zeepkist GTR] 18:48:14 Sending HTTP request "POST" "https://graphql.zeepki.st/"
[Info   :Zeepkist GTR] 18:48:14 Stopping existing recorder if any
[Info   :Zeepkist GTR] 18:48:14 Creating new recorder
[Info   :Zeepkist GTR] 18:48:14 Start processing HTTP request "POST" "https://graphql.zeepki.st/"
[Info   :Zeepkist GTR] 18:48:14 Sending HTTP request "POST" "https://graphql.zeepki.st/"
[Info   :Zeepkist GTR] 18:48:14 Start processing HTTP request "POST" "https://graphql.zeepki.st/"
[Info   :Zeepkist GTR] 18:48:14 Sending HTTP request "POST" "https://graphql.zeepki.st/"
[Info   :Zeepkist GTR] 18:48:14 Received HTTP response headers after 289.7593ms - 200
[Info   :Zeepkist GTR] 18:48:14 End processing HTTP request after 290.0201ms - 200
[Info   :Zeepkist GTR] 18:48:14 Ghost version: 5
[Info   :Zeepkist GTR] 18:48:14 Received HTTP response headers after 505.5101ms - 200
[Info   :Zeepkist GTR] 18:48:14 End processing HTTP request after 505.7231ms - 200
[Info   :Zeepkist Bingo] [CHAT] Intercepted message: 2 players eliminated: [ZET]maskeddog, SuperHeavy
[Info   :Zeepkist Bingo] [CHAT] Not relaying - no bingo session
[Info   :Zeepkist GTR] 18:48:15 Received HTTP response headers after 1029.8539ms - 200
[Info   :Zeepkist GTR] 18:48:15 End processing HTTP request after 1030.0481ms - 200
[Info   :Zeepkist GTR] 18:48:15 Start processing HTTP request "POST" "https://graphql.zeepki.st/"
[Info   :Zeepkist GTR] 18:48:15 Sending HTTP request "POST" "https://graphql.zeepki.st/"
[Error  :BetterSplits] could not get splits
Response: StatusCode: 400, ReasonPhrase: 'Bad Request', Version: 1.1, Content: System.Net.Http.StreamContent, Headers:
{
Date: Fri, 29 May 2026 23:48:15 GMT
Connection: keep-alive
access-control-allow-headers: Origin, X-Requested-With, Accept, Authorization, X-Apollo-Tracing, Content-Type, Content-Length, X-PostGraphile-Explain
access-control-allow-methods: HEAD, GET, POST
access-control-allow-origin: *
access-control-expose-headers: X-GraphQL-Event-Stream
alt-svc: h3=":443"; ma=86400
vary: Origin
via: 1.1 Caddy
x-graphql-event-stream: /stream
x-query-cost: 115
cf-cache-status: DYNAMIC
x-xss-protection: 1; mode=block
Strict-Transport-Security: max-age=15552000; includeSubDomains; preload
x-content-type-options: nosniff
Server-Timing: cfCacheStatus;desc="DYNAMIC", cfEdge;dur=15,cfOrigin;dur=511
Report-To: {"group":"cf-nel","max_age":604800,"endpoints":[{"url":"https://a.nel.cloudflare.com/report/v4?s=7nJ12kxryQ%2FDA7XYQZVYElXugzw9a3mGtnTDEGRuAYVPY3nGWJSCirzWA3dStkuZaTmcaYTTFHRf3ErSo%2F5CykuKHxWuhgElsTDvYJhb%2BcJk3OwPRFbE5rz56HKZra9hD8KrHINAEGZOBS57pvNaTA%3D%3D"}]}
Nel: {"report_to":"cf-nel","success_fraction":0.0,"max_age":604800}
expect-ct: max-age=86400, enforce
referrer-policy: same-origin
x-frame-options: SAMEORIGIN
Server: cloudflare
CF-RAY: a039638a3a5061b8-ORD
Content-Type: application/json; charset=utf-8
Content-Length: 172
} 
Content: {"errors":[{"message":"Cannot query field \"personalBestGlobalsByIdLevel\" on type \"Level\". Did you mean \"personalBestGlobals\"?","locations":[{"line":1,"column":87}]}]}
Url: https://graphql.zeepki.st
Request: {"query":"query BetterSplitsPB($hash: String!, $steamId: BigFloat) { levelByHash(hash: $hash) { personalBestGlobalsByIdLevel(filter: {userByIdUser: {steamId: {equalTo: $steamId}}}) { nodes { recordByIdRecord { speeds splits time }}}}}","variables":{"hash":"AADA2A49C60174CBB779ED7789096C9588C18D59-3","steamId":"76561199218214543"}}
[Info   :Zeepkist GTR] 18:48:15 Received HTTP response headers after 218.4491ms - 200
[Info   :Zeepkist GTR] 18:48:15 End processing HTTP request after 218.6689ms - 200
[Info   :Zeepkist GTR] 18:48:16 Starting recorder
[Info   :Zeepkist GTR] 18:48:48 Stopping recorder
[Info   :Zeepkist GTR] 18:48:48 Collecting extra information
[Info   :Zeepkist GTR] 18:48:48 Processing ghost data
[Info   :Zeepkist GTR] 18:48:48 Creating stream
[Info   :Zeepkist GTR] 18:48:48 Writing to stream
[Info   :Zeepkist GTR] 18:48:48 Closing stream
[Info   :Zeepkist GTR] 18:48:48 Getting buffer
[Info   :Zeepkist GTR] 18:48:48 Converting to base64
[Info   :Zeepkist GTR] 18:48:48 Creating resource
[Info   :Zeepkist GTR] 18:48:48 Start processing HTTP request "POST" "https://backend.zeepki.st/auth/refresh"
[Info   :Zeepkist GTR] 18:48:48 Sending HTTP request "POST" "https://backend.zeepki.st/auth/refresh"
[Info   :Zeepkist GTR] 18:48:48 Received HTTP response headers after 387.6515ms - 200
[Info   :Zeepkist GTR] 18:48:48 End processing HTTP request after 387.8745ms - 200
[Info   :Zeepkist GTR] 18:48:48 Start processing HTTP request "POST" "https://backend.zeepki.st/record/submit"
[Info   :Zeepkist GTR] 18:48:48 Sending HTTP request "POST" "https://backend.zeepki.st/record/submit"
[Info   :Zeepkist GTR] 18:48:49 Received HTTP response headers after 341.0711ms - 200
[Info   :Zeepkist GTR] 18:48:49 End processing HTTP request after 341.2739ms - 200
[Info   :Zeepkist Bingo] [BINGO] === PLAYER SPAWNED ===
[Info   :Zeepkist Bingo] [BINGO] IsInActiveSession: False
[Info   :Zeepkist Bingo] [BINGO] Not in active session, skipping timer reset
[Info   :Zeepkist GTR] 18:48:49 Loading personal best...
[Info   :Zeepkist GTR] 18:48:49 Start processing HTTP request "POST" "https://graphql.zeepki.st/"
[Info   :Zeepkist GTR] 18:48:49 Sending HTTP request "POST" "https://graphql.zeepki.st/"
[Info   :Zeepkist GTR] 18:48:49 Stopping existing recorder if any
[Info   :Zeepkist GTR] 18:48:49 Creating new recorder
[Info   :Zeepkist GTR] 18:48:49 Start processing HTTP request "POST" "https://graphql.zeepki.st/"
[Info   :Zeepkist GTR] 18:48:49 Sending HTTP request "POST" "https://graphql.zeepki.st/"
[Info   :Zeepkist GTR] 18:48:49 Start processing HTTP request "POST" "https://graphql.zeepki.st/"
[Info   :Zeepkist GTR] 18:48:49 Sending HTTP request "POST" "https://graphql.zeepki.st/"
[Info   :Zeepkist GTR] 18:48:50 Received HTTP response headers after 492.3173ms - 200
[Info   :Zeepkist GTR] 18:48:50 End processing HTTP request after 492.5256ms - 200
[Info   :Zeepkist GTR] 18:48:50 Ghost version: 5
[Info   :Zeepkist GTR] 18:48:50 Received HTTP response headers after 625.7731ms - 200
[Info   :Zeepkist GTR] 18:48:50 End processing HTTP request after 626.0579ms - 200
[Info   :Zeepkist GTR] 18:48:50 Received HTTP response headers after 849.5933ms - 200
[Info   :Zeepkist GTR] 18:48:50 End processing HTTP request after 849.7683ms - 200
[Info   :Zeepkist GTR] 18:48:50 Start processing HTTP request "POST" "https://graphql.zeepki.st/"
[Info   :Zeepkist GTR] 18:48:50 Sending HTTP request "POST" "https://graphql.zeepki.st/"
[Info   :Zeepkist GTR] 18:48:50 Received HTTP response headers after 180.2532ms - 200
[Info   :Zeepkist GTR] 18:48:50 End processing HTTP request after 180.4683ms - 200
[Info   :Zeepkist GTR] 18:48:51 Starting recorder
[Info   :Zeepkist GTR] 18:49:23 Stopping recorder
[Info   :Zeepkist GTR] 18:49:23 Collecting extra information
[Info   :Zeepkist GTR] 18:49:23 Processing ghost data
[Info   :Zeepkist GTR] 18:49:23 Creating stream
[Info   :Zeepkist GTR] 18:49:23 Writing to stream
[Info   :Zeepkist GTR] 18:49:23 Closing stream
[Info   :Zeepkist GTR] 18:49:23 Getting buffer
[Info   :Zeepkist GTR] 18:49:23 Converting to base64
[Info   :Zeepkist GTR] 18:49:23 Creating resource
[Info   :Zeepkist GTR] 18:49:23 Start processing HTTP request "POST" "https://backend.zeepki.st/auth/refresh"
[Info   :Zeepkist GTR] 18:49:23 Sending HTTP request "POST" "https://backend.zeepki.st/auth/refresh"
[Info   :Zeepkist GTR] 18:49:23 Received HTTP response headers after 402.8147ms - 200
[Info   :Zeepkist GTR] 18:49:23 End processing HTTP request after 403.018ms - 200
[Info   :Zeepkist GTR] 18:49:23 Start processing HTTP request "POST" "https://backend.zeepki.st/record/submit"
[Info   :Zeepkist GTR] 18:49:23 Sending HTTP request "POST" "https://backend.zeepki.st/record/submit"
[Info   :Zeepkist GTR] 18:49:24 Received HTTP response headers after 340.458ms - 200
[Info   :Zeepkist GTR] 18:49:24 End processing HTTP request after 340.6571ms - 200
[Info   :Zeepkist Bingo] [BINGO] === PLAYER SPAWNED ===
[Info   :Zeepkist Bingo] [BINGO] IsInActiveSession: False
[Info   :Zeepkist Bingo] [BINGO] Not in active session, skipping timer reset
[Info   :Zeepkist GTR] 18:49:26 Loading personal best...
[Info   :Zeepkist GTR] 18:49:26 Start processing HTTP request "POST" "https://graphql.zeepki.st/"
[Info   :Zeepkist GTR] 18:49:26 Sending HTTP request "POST" "https://graphql.zeepki.st/"
[Info   :Zeepkist GTR] 18:49:26 Stopping existing recorder if any
[Info   :Zeepkist GTR] 18:49:26 Creating new recorder
[Info   :Zeepkist GTR] 18:49:26 Start processing HTTP request "POST" "https://graphql.zeepki.st/"
[Info   :Zeepkist GTR] 18:49:26 Sending HTTP request "POST" "https://graphql.zeepki.st/"
[Info   :Zeepkist GTR] 18:49:26 Start processing HTTP request "POST" "https://graphql.zeepki.st/"
[Info   :Zeepkist GTR] 18:49:26 Sending HTTP request "POST" "https://graphql.zeepki.st/"
[Info   :Zeepkist GTR] 18:49:26 Received HTTP response headers after 202.8229ms - 200
[Info   :Zeepkist GTR] 18:49:26 Received HTTP response headers after 202.3375ms - 200
[Info   :Zeepkist GTR] 18:49:26 End processing HTTP request after 203.0393ms - 200
[Info   :Zeepkist GTR] 18:49:26 End processing HTTP request after 202.5946ms - 200
[Info   :Zeepkist GTR] 18:49:26 Ghost version: 5
[Info   :Zeepkist GTR] 18:49:26 Received HTTP response headers after 402.5993ms - 200
[Info   :Zeepkist GTR] 18:49:26 End processing HTTP request after 402.822ms - 200
[Info   :Zeepkist GTR] 18:49:26 Start processing HTTP request "POST" "https://graphql.zeepki.st/"
[Info   :Zeepkist GTR] 18:49:26 Sending HTTP request "POST" "https://graphql.zeepki.st/"
[Info   :Zeepkist GTR] 18:49:26 Received HTTP response headers after 204.8768ms - 200
[Info   :Zeepkist GTR] 18:49:26 End processing HTTP request after 205.1227ms - 200
[Info   :Zeepkist GTR] 18:49:28 Starting recorder
[Info   :Zeepkist Bingo] [BINGO] === PLAYER SPAWNED ===
[Info   :Zeepkist Bingo] [BINGO] IsInActiveSession: False
[Info   :Zeepkist Bingo] [BINGO] Not in active session, skipping timer reset
[Info   :Zeepkist GTR] 18:49:31 Loading personal best...
[Info   :Zeepkist GTR] 18:49:31 Start processing HTTP request "POST" "https://graphql.zeepki.st/"
[Info   :Zeepkist GTR] 18:49:31 Sending HTTP request "POST" "https://graphql.zeepki.st/"
[Info   :Zeepkist GTR] 18:49:31 Stopping existing recorder if any
[Info   :Zeepkist GTR] 18:49:31 Creating new recorder
[Info   :Zeepkist GTR] 18:49:31 Start processing HTTP request "POST" "https://graphql.zeepki.st/"
[Info   :Zeepkist GTR] 18:49:31 Sending HTTP request "POST" "https://graphql.zeepki.st/"
[Info   :Zeepkist GTR] 18:49:31 Start processing HTTP request "POST" "https://graphql.zeepki.st/"
[Info   :Zeepkist GTR] 18:49:31 Sending HTTP request "POST" "https://graphql.zeepki.st/"
[Info   :Zeepkist GTR] 18:49:31 Received HTTP response headers after 186.1567ms - 200
[Info   :Zeepkist GTR] 18:49:31 End processing HTTP request after 186.4113ms - 200
[Info   :Zeepkist GTR] 18:49:31 Received HTTP response headers after 197.243ms - 200
[Info   :Zeepkist GTR] 18:49:31 End processing HTTP request after 197.5971ms - 200
[Info   :Zeepkist GTR] 18:49:31 Ghost version: 5
[Info   :Zeepkist GTR] 18:49:31 Received HTTP response headers after 392.7249ms - 200
[Info   :Zeepkist GTR] 18:49:31 End processing HTTP request after 393.1276ms - 200
[Info   :Zeepkist GTR] 18:49:31 Start processing HTTP request "POST" "https://graphql.zeepki.st/"
[Info   :Zeepkist GTR] 18:49:31 Sending HTTP request "POST" "https://graphql.zeepki.st/"
[Info   :Zeepkist GTR] 18:49:31 Received HTTP response headers after 178.7996ms - 200
[Info   :Zeepkist GTR] 18:49:31 End processing HTTP request after 179.0945ms - 200
[Info   :Zeepkist GTR] 18:49:33 Starting recorder
[Info   :Zeepkist Bingo] [BINGO] === PLAYER SPAWNED ===
[Info   :Zeepkist Bingo] [BINGO] IsInActiveSession: False
[Info   :Zeepkist Bingo] [BINGO] Not in active session, skipping timer reset
[Info   :Zeepkist GTR] 18:49:39 Loading personal best...
[Info   :Zeepkist GTR] 18:49:39 Start processing HTTP request "POST" "https://graphql.zeepki.st/"
[Info   :Zeepkist GTR] 18:49:39 Sending HTTP request "POST" "https://graphql.zeepki.st/"
[Info   :Zeepkist GTR] 18:49:39 Stopping existing recorder if any
[Info   :Zeepkist GTR] 18:49:39 Creating new recorder
[Info   :Zeepkist GTR] 18:49:39 Start processing HTTP request "POST" "https://graphql.zeepki.st/"
[Info   :Zeepkist GTR] 18:49:39 Sending HTTP request "POST" "https://graphql.zeepki.st/"
[Info   :Zeepkist GTR] 18:49:39 Start processing HTTP request "POST" "https://graphql.zeepki.st/"
[Info   :Zeepkist GTR] 18:49:39 Sending HTTP request "POST" "https://graphql.zeepki.st/"
[Info   :Zeepkist GTR] 18:49:39 Received HTTP response headers after 193.5828ms - 200
[Info   :Zeepkist GTR] 18:49:39 End processing HTTP request after 193.8547ms - 200
[Info   :Zeepkist GTR] 18:49:39 Received HTTP response headers after 195.421ms - 200
[Info   :Zeepkist GTR] 18:49:39 End processing HTTP request after 195.6945ms - 200
[Info   :Zeepkist GTR] 18:49:39 Ghost version: 5
[Info   :Zeepkist GTR] 18:49:39 Received HTTP response headers after 409.402ms - 200
[Info   :Zeepkist GTR] 18:49:39 End processing HTTP request after 409.6731ms - 200
[Info   :Zeepkist GTR] 18:49:39 Start processing HTTP request "POST" "https://graphql.zeepki.st/"
[Info   :Zeepkist GTR] 18:49:39 Sending HTTP request "POST" "https://graphql.zeepki.st/"
[Info   :Zeepkist GTR] 18:49:39 Received HTTP response headers after 182.8629ms - 200
[Info   :Zeepkist GTR] 18:49:39 End processing HTTP request after 183.0949ms - 200
[Info   :Zeepkist GTR] 18:49:40 Starting recorder
[Info   :Zeepkist Bingo] [BINGO] === PLAYER SPAWNED ===
[Info   :Zeepkist Bingo] [BINGO] IsInActiveSession: False
[Info   :Zeepkist Bingo] [BINGO] Not in active session, skipping timer reset
[Info   :Zeepkist GTR] 18:49:47 Loading personal best...
[Info   :Zeepkist GTR] 18:49:47 Start processing HTTP request "POST" "https://graphql.zeepki.st/"
[Info   :Zeepkist GTR] 18:49:47 Sending HTTP request "POST" "https://graphql.zeepki.st/"
[Info   :Zeepkist GTR] 18:49:47 Stopping existing recorder if any
[Info   :Zeepkist GTR] 18:49:47 Creating new recorder
[Info   :Zeepkist GTR] 18:49:47 Start processing HTTP request "POST" "https://graphql.zeepki.st/"
[Info   :Zeepkist GTR] 18:49:47 Sending HTTP request "POST" "https://graphql.zeepki.st/"
[Info   :Zeepkist GTR] 18:49:47 Start processing HTTP request "POST" "https://graphql.zeepki.st/"
[Info   :Zeepkist GTR] 18:49:47 Sending HTTP request "POST" "https://graphql.zeepki.st/"
[Info   :Zeepkist GTR] 18:49:47 Received HTTP response headers after 199.4684ms - 200
[Info   :Zeepkist GTR] 18:49:47 Received HTTP response headers after 199.0389ms - 200
[Info   :Zeepkist GTR] 18:49:47 End processing HTTP request after 199.7105ms - 200
[Info   :Zeepkist GTR] 18:49:47 End processing HTTP request after 199.2301ms - 200
[Info   :Zeepkist GTR] 18:49:47 Ghost version: 5
[Info   :Zeepkist GTR] 18:49:47 Received HTTP response headers after 392.6605ms - 200
[Info   :Zeepkist GTR] 18:49:47 End processing HTTP request after 392.8848ms - 200
[Info   :Zeepkist GTR] 18:49:47 Start processing HTTP request "POST" "https://graphql.zeepki.st/"
[Info   :Zeepkist GTR] 18:49:47 Sending HTTP request "POST" "https://graphql.zeepki.st/"
[Info   :Zeepkist GTR] 18:49:47 Received HTTP response headers after 190.9795ms - 200
[Info   :Zeepkist GTR] 18:49:47 End processing HTTP request after 191.2207ms - 200
[Info   :Zeepkist GTR] 18:49:48 Starting recorder
[Info   :Zeepkist GTR] 18:50:13 Discarding recorder
[Info   :COTDTracker] Doing eliminations with leaderboard:
[Info   :COTDTracker] Player Lexer: Time: 31.76269
[Info   :COTDTracker] Player 𝒱V𝑜o𝒾i𝒹d𝒱: Time: 31.79347
[Info   :COTDTracker] Player [Quac] microways: Time: 31.80318
[Info   :COTDTracker] Player [CTR]agix: Time: 31.82505
[Info   :COTDTracker] Player Minkus: Time: 31.83683
[Info   :COTDTracker] Player wunderBarr: Time: 31.84945
[Info   :COTDTracker] Player PlusMicron: Time: 31.93187
[Info   :COTDTracker] Player Noxitu: Time: 32.00228
[Info   :COTDTracker] Player [ZET] Wheelie: Time: 32.07245
[Info   :COTDTracker] Player Eclipse135: Time: 32.08713
[Info   :COTDTracker] Player [DNFF]lucanakin: Time: 32.11924
[Info   :COTDTracker] Player [ZET]Sword125: Time: 32.14261
[Info   :COTDTracker] Eliminated 0 DNF players
[Info   :COTDTracker] Eliminating on time: [ZET]Sword125
[Info   :COTDTracker] Eliminating on time: [DNFF]lucanakin
[Info   :COTDTracker] Eliminating 2 players: 
[Info   :COTDTracker] [ZET]Sword125
[Info   :COTDTracker] [DNFF]lucanakin
[Info   :COTDTracker] Running update tab leaderboard function
[Info   :COTDTracker] Kicking eliminated players
[Info   :Zeepkist Bingo] [BINGO] Level loaded
[Info   :BetterSplits] getting gtr splits
[Info   :Zeepkist Bingo] [BINGO] === PLAYER SPAWNED ===
[Info   :Zeepkist Bingo] [BINGO] IsInActiveSession: False
[Info   :Zeepkist Bingo] [BINGO] Not in active session, skipping timer reset
[Info   :Zeepkist GTR] 18:50:27 Loading personal best...
[Info   :Zeepkist GTR] 18:50:27 Start processing HTTP request "POST" "https://graphql.zeepki.st/"
[Info   :Zeepkist GTR] 18:50:27 Sending HTTP request "POST" "https://graphql.zeepki.st/"
[Info   :Zeepkist GTR] 18:50:27 Stopping existing recorder if any
[Info   :Zeepkist GTR] 18:50:27 Creating new recorder
[Info   :Zeepkist GTR] 18:50:27 Start processing HTTP request "POST" "https://graphql.zeepki.st/"
[Info   :Zeepkist GTR] 18:50:27 Sending HTTP request "POST" "https://graphql.zeepki.st/"
[Info   :Zeepkist GTR] 18:50:27 Start processing HTTP request "POST" "https://graphql.zeepki.st/"
[Info   :Zeepkist GTR] 18:50:27 Sending HTTP request "POST" "https://graphql.zeepki.st/"
[Info   :Zeepkist GTR] 18:50:27 Received HTTP response headers after 180.9775ms - 200
[Info   :Zeepkist GTR] 18:50:27 End processing HTTP request after 181.1543ms - 200
[Info   :Zeepkist GTR] 18:50:27 Received HTTP response headers after 189.0048ms - 200
[Info   :Zeepkist GTR] 18:50:27 End processing HTTP request after 189.2067ms - 200
[Info   :Zeepkist GTR] 18:50:27 Ghost version: 5
[Error  :BetterSplits] could not get splits
Response: StatusCode: 400, ReasonPhrase: 'Bad Request', Version: 1.1, Content: System.Net.Http.StreamContent, Headers:
{
Date: Fri, 29 May 2026 23:50:27 GMT
Connection: keep-alive
access-control-allow-headers: Origin, X-Requested-With, Accept, Authorization, X-Apollo-Tracing, Content-Type, Content-Length, X-PostGraphile-Explain
access-control-allow-methods: HEAD, GET, POST
access-control-allow-origin: *
access-control-expose-headers: X-GraphQL-Event-Stream
alt-svc: h3=":443"; ma=86400
vary: Origin
via: 1.1 Caddy
x-graphql-event-stream: /stream
x-query-cost: 115
cf-cache-status: DYNAMIC
x-xss-protection: 1; mode=block
Strict-Transport-Security: max-age=15552000; includeSubDomains; preload
x-content-type-options: nosniff
Server-Timing: cfCacheStatus;desc="DYNAMIC", cfEdge;dur=9,cfOrigin;dur=123
Report-To: {"group":"cf-nel","max_age":604800,"endpoints":[{"url":"https://a.nel.cloudflare.com/report/v4?s=kg91%2BXcibFUw924WyPMX3PggCp8XQLf7cUFpjnadNQa2%2FOKLiLnq%2FW%2FJHGBg7B2u%2BLWA08N9DzsrCtuJDBCY1cDIok20Q0%2BezJmAM8m13FGbGz502PBIw86aoknCfrmVYMd9kdR4Ek1CwLlhK8EyzQ%3D%3D"}]}
Nel: {"report_to":"cf-nel","success_fraction":0.0,"max_age":604800}
expect-ct: max-age=86400, enforce
referrer-policy: same-origin
x-frame-options: SAMEORIGIN
Server: cloudflare
CF-RAY: a03966c68ba5ca09-ORD
Content-Type: application/json; charset=utf-8
Content-Length: 172
} 
Content: {"errors":[{"message":"Cannot query field \"personalBestGlobalsByIdLevel\" on type \"Level\". Did you mean \"personalBestGlobals\"?","locations":[{"line":1,"column":87}]}]}
Url: https://graphql.zeepki.st
Request: {"query":"query BetterSplitsPB($hash: String!, $steamId: BigFloat) { levelByHash(hash: $hash) { personalBestGlobalsByIdLevel(filter: {userByIdUser: {steamId: {equalTo: $steamId}}}) { nodes { recordByIdRecord { speeds splits time }}}}}","variables":{"hash":"AADA2A49C60174CBB779ED7789096C9588C18D59-3","steamId":"76561199218214543"}}
[Info   :Zeepkist GTR] 18:50:27 Received HTTP response headers after 381.9329ms - 200
[Info   :Zeepkist GTR] 18:50:27 End processing HTTP request after 382.1174ms - 200
[Info   :Zeepkist GTR] 18:50:27 Start processing HTTP request "POST" "https://graphql.zeepki.st/"
[Info   :Zeepkist GTR] 18:50:27 Sending HTTP request "POST" "https://graphql.zeepki.st/"
[Info   :Zeepkist GTR] 18:50:27 Received HTTP response headers after 180.6347ms - 200
[Info   :Zeepkist GTR] 18:50:27 End processing HTTP request after 180.8508ms - 200
[Info   :Zeepkist Bingo] [CHAT] Intercepted message: 2 players eliminated: [ZET]Sword125, [DNFF]lucanakin
[Info   :Zeepkist Bingo] [CHAT] Not relaying - no bingo session
[Info   :Zeepkist GTR] 18:50:28 Starting recorder
[Info   :Zeepkist Bingo] [BINGO] === PLAYER SPAWNED ===
[Info   :Zeepkist Bingo] [BINGO] IsInActiveSession: False
[Info   :Zeepkist Bingo] [BINGO] Not in active session, skipping timer reset
[Info   :Zeepkist GTR] 18:50:31 Loading personal best...
[Info   :Zeepkist GTR] 18:50:31 Start processing HTTP request "POST" "https://graphql.zeepki.st/"
[Info   :Zeepkist GTR] 18:50:31 Sending HTTP request "POST" "https://graphql.zeepki.st/"
[Info   :Zeepkist GTR] 18:50:31 Stopping existing recorder if any
[Info   :Zeepkist GTR] 18:50:31 Creating new recorder
[Info   :Zeepkist GTR] 18:50:31 Start processing HTTP request "POST" "https://graphql.zeepki.st/"
[Info   :Zeepkist GTR] 18:50:31 Sending HTTP request "POST" "https://graphql.zeepki.st/"
[Info   :Zeepkist GTR] 18:50:31 Start processing HTTP request "POST" "https://graphql.zeepki.st/"
[Info   :Zeepkist GTR] 18:50:31 Sending HTTP request "POST" "https://graphql.zeepki.st/"
[Info   :Zeepkist GTR] 18:50:31 Received HTTP response headers after 202.0005ms - 200
[Info   :Zeepkist GTR] 18:50:31 Received HTTP response headers after 201.4751ms - 200
[Info   :Zeepkist GTR] 18:50:31 End processing HTTP request after 202.2972ms - 200
[Info   :Zeepkist GTR] 18:50:31 End processing HTTP request after 201.6858ms - 200
[Info   :Zeepkist GTR] 18:50:31 Ghost version: 5
[Info   :Zeepkist GTR] 18:50:31 Received HTTP response headers after 389.7827ms - 200
[Info   :Zeepkist GTR] 18:50:31 End processing HTTP request after 389.9942ms - 200
[Info   :Zeepkist GTR] 18:50:31 Start processing HTTP request "POST" "https://graphql.zeepki.st/"
[Info   :Zeepkist GTR] 18:50:31 Sending HTTP request "POST" "https://graphql.zeepki.st/"
[Info   :Zeepkist GTR] 18:50:31 Received HTTP response headers after 185.7431ms - 200
[Info   :Zeepkist GTR] 18:50:31 End processing HTTP request after 185.9982ms - 200
[Info   :Zeepkist GTR] 18:50:33 Starting recorder
[Info   :Zeepkist GTR] 18:51:05 Stopping recorder
[Info   :Zeepkist GTR] 18:51:05 Collecting extra information
[Info   :Zeepkist GTR] 18:51:05 Processing ghost data
[Info   :Zeepkist GTR] 18:51:05 Creating stream
[Info   :Zeepkist GTR] 18:51:05 Writing to stream
[Info   :Zeepkist GTR] 18:51:05 Closing stream
[Info   :Zeepkist GTR] 18:51:05 Getting buffer
[Info   :Zeepkist GTR] 18:51:05 Converting to base64
[Info   :Zeepkist GTR] 18:51:05 Creating resource
[Info   :Zeepkist GTR] 18:51:05 Start processing HTTP request "POST" "https://backend.zeepki.st/auth/refresh"
[Info   :Zeepkist GTR] 18:51:05 Sending HTTP request "POST" "https://backend.zeepki.st/auth/refresh"
[Info   :Zeepkist GTR] 18:51:06 Received HTTP response headers after 568.6205ms - 200
[Info   :Zeepkist GTR] 18:51:06 End processing HTTP request after 568.8538ms - 200
[Info   :Zeepkist GTR] 18:51:06 Start processing HTTP request "POST" "https://backend.zeepki.st/record/submit"
[Info   :Zeepkist GTR] 18:51:06 Sending HTTP request "POST" "https://backend.zeepki.st/record/submit"
[Info   :Zeepkist GTR] 18:51:06 Received HTTP response headers after 419.7164ms - 200
[Info   :Zeepkist GTR] 18:51:06 End processing HTTP request after 419.9202ms - 200
[Info   :Zeepkist Bingo] [BINGO] === PLAYER SPAWNED ===
[Info   :Zeepkist Bingo] [BINGO] IsInActiveSession: False
[Info   :Zeepkist Bingo] [BINGO] Not in active session, skipping timer reset
[Info   :Zeepkist GTR] 18:51:07 Loading personal best...
[Info   :Zeepkist GTR] 18:51:07 Start processing HTTP request "POST" "https://graphql.zeepki.st/"
[Info   :Zeepkist GTR] 18:51:07 Sending HTTP request "POST" "https://graphql.zeepki.st/"
[Info   :Zeepkist GTR] 18:51:07 Stopping existing recorder if any
[Info   :Zeepkist GTR] 18:51:07 Creating new recorder
[Info   :Zeepkist GTR] 18:51:07 Start processing HTTP request "POST" "https://graphql.zeepki.st/"
[Info   :Zeepkist GTR] 18:51:07 Sending HTTP request "POST" "https://graphql.zeepki.st/"
[Info   :Zeepkist GTR] 18:51:07 Start processing HTTP request "POST" "https://graphql.zeepki.st/"
[Info   :Zeepkist GTR] 18:51:07 Sending HTTP request "POST" "https://graphql.zeepki.st/"
[Info   :Zeepkist GTR] 18:51:07 Received HTTP response headers after 358.7422ms - 200
[Info   :Zeepkist GTR] 18:51:07 End processing HTTP request after 358.9763ms - 200
[Info   :Zeepkist GTR] 18:51:07 Ghost version: 5
[Info   :Zeepkist GTR] 18:51:07 Received HTTP response headers after 404.3609ms - 200
[Info   :Zeepkist GTR] 18:51:07 End processing HTTP request after 404.5902ms - 200
[Info   :Zeepkist GTR] 18:51:07 Received HTTP response headers after 563.2003ms - 200
[Info   :Zeepkist GTR] 18:51:07 End processing HTTP request after 563.42ms - 200
[Info   :Zeepkist GTR] 18:51:08 Start processing HTTP request "POST" "https://graphql.zeepki.st/"
[Info   :Zeepkist GTR] 18:51:08 Sending HTTP request "POST" "https://graphql.zeepki.st/"
[Info   :Zeepkist GTR] 18:51:08 Received HTTP response headers after 188.3213ms - 200
[Info   :Zeepkist GTR] 18:51:08 End processing HTTP request after 188.5506ms - 200
[Info   :Zeepkist GTR] 18:51:09 Starting recorder
[Info   :Zeepkist Bingo] [BINGO] === PLAYER SPAWNED ===
[Info   :Zeepkist Bingo] [BINGO] IsInActiveSession: False
[Info   :Zeepkist Bingo] [BINGO] Not in active session, skipping timer reset
[Info   :Zeepkist GTR] 18:51:13 Loading personal best...
[Info   :Zeepkist GTR] 18:51:13 Start processing HTTP request "POST" "https://graphql.zeepki.st/"
[Info   :Zeepkist GTR] 18:51:13 Sending HTTP request "POST" "https://graphql.zeepki.st/"
[Info   :Zeepkist GTR] 18:51:13 Stopping existing recorder if any
[Info   :Zeepkist GTR] 18:51:13 Creating new recorder
[Info   :Zeepkist GTR] 18:51:13 Start processing HTTP request "POST" "https://graphql.zeepki.st/"
[Info   :Zeepkist GTR] 18:51:13 Sending HTTP request "POST" "https://graphql.zeepki.st/"
[Info   :Zeepkist GTR] 18:51:13 Start processing HTTP request "POST" "https://graphql.zeepki.st/"
[Info   :Zeepkist GTR] 18:51:13 Sending HTTP request "POST" "https://graphql.zeepki.st/"
[Info   :Zeepkist GTR] 18:51:13 Received HTTP response headers after 187.4969ms - 200
[Info   :Zeepkist GTR] 18:51:13 End processing HTTP request after 187.7116ms - 200
[Info   :Zeepkist GTR] 18:51:13 Received HTTP response headers after 192.3992ms - 200
[Info   :Zeepkist GTR] 18:51:13 End processing HTTP request after 192.6281ms - 200
[Info   :Zeepkist GTR] 18:51:13 Ghost version: 5
[Info   :Zeepkist GTR] 18:51:14 Received HTTP response headers after 379.05ms - 200
[Info   :Zeepkist GTR] 18:51:14 End processing HTTP request after 379.275ms - 200
[Info   :Zeepkist GTR] 18:51:14 Start processing HTTP request "POST" "https://graphql.zeepki.st/"
[Info   :Zeepkist GTR] 18:51:14 Sending HTTP request "POST" "https://graphql.zeepki.st/"
[Info   :Zeepkist GTR] 18:51:14 Received HTTP response headers after 193.7536ms - 200
[Info   :Zeepkist GTR] 18:51:14 End processing HTTP request after 193.9715ms - 200
[Info   :Zeepkist GTR] 18:51:15 Starting recorder
[Info   :Zeepkist GTR] 18:51:47 Stopping recorder
[Info   :Zeepkist GTR] 18:51:47 Collecting extra information
[Info   :Zeepkist GTR] 18:51:47 Processing ghost data
[Info   :Zeepkist GTR] 18:51:47 Creating stream
[Info   :Zeepkist GTR] 18:51:47 Writing to stream
[Info   :Zeepkist GTR] 18:51:47 Closing stream
[Info   :Zeepkist GTR] 18:51:47 Getting buffer
[Info   :Zeepkist GTR] 18:51:47 Converting to base64
[Info   :Zeepkist GTR] 18:51:47 Creating resource
[Info   :Zeepkist GTR] 18:51:47 Start processing HTTP request "POST" "https://backend.zeepki.st/auth/refresh"
[Info   :Zeepkist GTR] 18:51:47 Sending HTTP request "POST" "https://backend.zeepki.st/auth/refresh"
[Info   :Zeepkist GTR] 18:51:47 Received HTTP response headers after 333.5768ms - 200
[Info   :Zeepkist GTR] 18:51:47 End processing HTTP request after 333.8015ms - 200
[Info   :Zeepkist GTR] 18:51:47 Start processing HTTP request "POST" "https://backend.zeepki.st/record/submit"
[Info   :Zeepkist GTR] 18:51:47 Sending HTTP request "POST" "https://backend.zeepki.st/record/submit"
[Info   :Zeepkist GTR] 18:51:48 Received HTTP response headers after 318.4831ms - 200
[Info   :Zeepkist GTR] 18:51:48 End processing HTTP request after 318.6909ms - 200
[Info   :Zeepkist Bingo] [BINGO] === PLAYER SPAWNED ===
[Info   :Zeepkist Bingo] [BINGO] IsInActiveSession: False
[Info   :Zeepkist Bingo] [BINGO] Not in active session, skipping timer reset
[Info   :Zeepkist GTR] 18:51:48 Loading personal best...
[Info   :Zeepkist GTR] 18:51:48 Start processing HTTP request "POST" "https://graphql.zeepki.st/"
[Info   :Zeepkist GTR] 18:51:48 Sending HTTP request "POST" "https://graphql.zeepki.st/"
[Info   :Zeepkist GTR] 18:51:48 Stopping existing recorder if any
[Info   :Zeepkist GTR] 18:51:48 Creating new recorder
[Info   :Zeepkist GTR] 18:51:48 Start processing HTTP request "POST" "https://graphql.zeepki.st/"
[Info   :Zeepkist GTR] 18:51:48 Sending HTTP request "POST" "https://graphql.zeepki.st/"
[Info   :Zeepkist GTR] 18:51:48 Start processing HTTP request "POST" "https://graphql.zeepki.st/"
[Info   :Zeepkist GTR] 18:51:48 Sending HTTP request "POST" "https://graphql.zeepki.st/"
[Info   :Zeepkist GTR] 18:51:49 Received HTTP response headers after 190.328ms - 200
[Info   :Zeepkist GTR] 18:51:49 End processing HTTP request after 190.5665ms - 200
[Info   :Zeepkist GTR] 18:51:49 Received HTTP response headers after 193.8905ms - 200
[Info   :Zeepkist GTR] 18:51:49 End processing HTTP request after 194.0936ms - 200
[Info   :Zeepkist GTR] 18:51:49 Start processing HTTP request "GET" "https://cdn.zeepki.st/ghosts/01KSV2DCKWH9TJ8YTZEZTJXNN0.bin"
[Info   :Zeepkist GTR] 18:51:49 Sending HTTP request "GET" "https://cdn.zeepki.st/ghosts/01KSV2DCKWH9TJ8YTZEZTJXNN0.bin"
[Info   :Zeepkist GTR] 18:51:49 Received HTTP response headers after 376.7128ms - 200
[Info   :Zeepkist GTR] 18:51:49 End processing HTTP request after 376.9267ms - 200
[Info   :Zeepkist GTR] 18:51:49 Start processing HTTP request "POST" "https://graphql.zeepki.st/"
[Info   :Zeepkist GTR] 18:51:49 Sending HTTP request "POST" "https://graphql.zeepki.st/"
[Info   :Zeepkist GTR] 18:51:49 Received HTTP response headers after 179.6233ms - 200
[Info   :Zeepkist GTR] 18:51:49 End processing HTTP request after 179.8539ms - 200
[Info   :Zeepkist GTR] 18:51:49 Received HTTP response headers after 784.3281ms - 200
[Info   :Zeepkist GTR] 18:51:49 End processing HTTP request after 784.5489ms - 200
[Info   :Zeepkist GTR] 18:51:49 Ghost version: 5
[Info   :Zeepkist GTR] 18:51:50 Starting recorder
[Info   :Zeepkist Bingo] [BINGO] === PLAYER SPAWNED ===
[Info   :Zeepkist Bingo] [BINGO] IsInActiveSession: False
[Info   :Zeepkist Bingo] [BINGO] Not in active session, skipping timer reset
[Info   :Zeepkist GTR] 18:51:53 Loading personal best...
[Info   :Zeepkist GTR] 18:51:53 Start processing HTTP request "POST" "https://graphql.zeepki.st/"
[Info   :Zeepkist GTR] 18:51:53 Sending HTTP request "POST" "https://graphql.zeepki.st/"
[Info   :Zeepkist GTR] 18:51:53 Stopping existing recorder if any
[Info   :Zeepkist GTR] 18:51:53 Creating new recorder
[Info   :Zeepkist GTR] 18:51:53 Start processing HTTP request "POST" "https://graphql.zeepki.st/"
[Info   :Zeepkist GTR] 18:51:53 Sending HTTP request "POST" "https://graphql.zeepki.st/"
[Info   :Zeepkist GTR] 18:51:53 Start processing HTTP request "POST" "https://graphql.zeepki.st/"
[Info   :Zeepkist GTR] 18:51:53 Sending HTTP request "POST" "https://graphql.zeepki.st/"
[Info   :Zeepkist GTR] 18:51:53 Received HTTP response headers after 199.3721ms - 200
[Info   :Zeepkist GTR] 18:51:53 End processing HTTP request after 199.593ms - 200
[Info   :Zeepkist GTR] 18:51:53 Received HTTP response headers after 202.4301ms - 200
[Info   :Zeepkist GTR] 18:51:53 End processing HTTP request after 202.7123ms - 200
[Info   :Zeepkist GTR] 18:51:53 Ghost version: 5
[Info   :Zeepkist GTR] 18:51:53 Received HTTP response headers after 391.3482ms - 200
[Info   :Zeepkist GTR] 18:51:53 End processing HTTP request after 391.5661ms - 200
[Info   :Zeepkist GTR] 18:51:53 Start processing HTTP request "POST" "https://graphql.zeepki.st/"
[Info   :Zeepkist GTR] 18:51:53 Sending HTTP request "POST" "https://graphql.zeepki.st/"
[Info   :Zeepkist GTR] 18:51:53 Received HTTP response headers after 190.114ms - 200
[Info   :Zeepkist GTR] 18:51:53 End processing HTTP request after 190.3438ms - 200
[Info   :Zeepkist GTR] 18:51:54 Starting recorder
[Info   :Zeepkist GTR] 18:52:26 Discarding recorder
[Info   :COTDTracker] Doing eliminations with leaderboard:
[Info   :COTDTracker] Player [Quac] microways: Time: 31.71544
[Info   :COTDTracker] Player Noxitu: Time: 31.71724
[Info   :COTDTracker] Player Lexer: Time: 31.73291
[Info   :COTDTracker] Player PlusMicron: Time: 31.76576
[Info   :COTDTracker] Player Minkus: Time: 31.76648
[Info   :COTDTracker] Player wunderBarr: Time: 31.77424
[Info   :COTDTracker] Player [CTR]agix: Time: 31.78204
[Info   :COTDTracker] Player Eclipse135: Time: 31.83935
[Info   :COTDTracker] Player [ZET] Wheelie: Time: 31.87061
[Info   :COTDTracker] Player 𝒱V𝑜o𝒾i𝒹d𝒱: Time: DNF
[Info   :COTDTracker] Eliminating DNF: 𝒱V𝑜o𝒾i𝒹d𝒱
[Info   :COTDTracker] Eliminated 1 DNF players
[Info   :COTDTracker] Eliminating on time: [ZET] Wheelie
[Info   :COTDTracker] Eliminating 2 players: 
[Info   :COTDTracker] 𝒱V𝑜o𝒾i𝒹d𝒱
[Info   :COTDTracker] [ZET] Wheelie
[Info   :COTDTracker] Running update tab leaderboard function
[Info   :COTDTracker] Running update tab leaderboard function
[Info   :COTDTracker] Kicking eliminated players
[Info   :Zeepkist Bingo] [BINGO] Level loaded
[Info   :BetterSplits] getting gtr splits
[Info   :Zeepkist Bingo] [BINGO] === PLAYER SPAWNED ===
[Info   :Zeepkist Bingo] [BINGO] IsInActiveSession: False
[Info   :Zeepkist Bingo] [BINGO] Not in active session, skipping timer reset
[Info   :Zeepkist GTR] 18:52:40 Loading personal best...
[Info   :Zeepkist GTR] 18:52:40 Start processing HTTP request "POST" "https://graphql.zeepki.st/"
[Info   :Zeepkist GTR] 18:52:40 Sending HTTP request "POST" "https://graphql.zeepki.st/"
[Info   :Zeepkist GTR] 18:52:40 Stopping existing recorder if any
[Info   :Zeepkist GTR] 18:52:40 Creating new recorder
[Info   :Zeepkist GTR] 18:52:40 Start processing HTTP request "POST" "https://graphql.zeepki.st/"
[Info   :Zeepkist GTR] 18:52:40 Sending HTTP request "POST" "https://graphql.zeepki.st/"
[Info   :Zeepkist GTR] 18:52:40 Start processing HTTP request "POST" "https://graphql.zeepki.st/"
[Info   :Zeepkist GTR] 18:52:40 Sending HTTP request "POST" "https://graphql.zeepki.st/"
[Info   :Zeepkist GTR] 18:52:40 Received HTTP response headers after 208.3019ms - 200
[Info   :Zeepkist GTR] 18:52:40 End processing HTTP request after 208.4862ms - 200
[Info   :Zeepkist GTR] 18:52:40 Received HTTP response headers after 208.8357ms - 200
[Info   :Zeepkist GTR] 18:52:40 End processing HTTP request after 209.0286ms - 200
[Info   :Zeepkist GTR] 18:52:40 Ghost version: 5
[Info   :Zeepkist GTR] 18:52:40 Received HTTP response headers after 412.4243ms - 200
[Info   :Zeepkist GTR] 18:52:40 End processing HTTP request after 412.6158ms - 200
[Info   :Zeepkist GTR] 18:52:40 Start processing HTTP request "POST" "https://graphql.zeepki.st/"
[Info   :Zeepkist GTR] 18:52:40 Sending HTTP request "POST" "https://graphql.zeepki.st/"
[Error  :BetterSplits] could not get splits
Response: StatusCode: 400, ReasonPhrase: 'Bad Request', Version: 1.1, Content: System.Net.Http.StreamContent, Headers:
{
Date: Fri, 29 May 2026 23:52:40 GMT
Connection: keep-alive
Access-Control-Allow-Headers: Origin, X-Requested-With, Accept, Authorization, X-Apollo-Tracing, Content-Type, Content-Length, X-PostGraphile-Explain
Access-Control-Allow-Methods: HEAD, GET, POST
Access-Control-Allow-Origin: *
Access-Control-Expose-Headers: X-GraphQL-Event-Stream
Alt-Svc: h3=":443"; ma=86400
Vary: Origin
Via: 1.1 Caddy
X-Graphql-Event-Stream: /stream
X-Query-Cost: 115
Cf-Cache-Status: DYNAMIC
x-xss-protection: 1; mode=block
Strict-Transport-Security: max-age=15552000; includeSubDomains; preload
x-content-type-options: nosniff
Server-Timing: cfCacheStatus;desc="DYNAMIC", cfEdge;dur=137,cfOrigin;dur=123
Report-To: {"group":"cf-nel","max_age":604800,"endpoints":[{"url":"https://a.nel.cloudflare.com/report/v4?s=BTUBlKzeyB03R8PKpUZ66AN3XLJwdSrvRmujtAYZ9iDc0AeeA6y6M%2BDilF0bsIZpqIiqYjWG3I9NFPygbceeDAc1bJe2fegcXFBWaqSECR5lyMpUZbRPIQWF%2BZavJ%2BGr2CdLM%2FZ%2B1ZQoY43LCfrEIw%3D%3D"}]}
Nel: {"report_to":"cf-nel","success_fraction":0.0,"max_age":604800}
expect-ct: max-age=86400, enforce
referrer-policy: same-origin
x-frame-options: SAMEORIGIN
Server: cloudflare
CF-RAY: a0396a05c9d48f4e-ORD
Content-Type: application/json; charset=utf-8
Content-Length: 172
} 
Content: {"errors":[{"message":"Cannot query field \"personalBestGlobalsByIdLevel\" on type \"Level\". Did you mean \"personalBestGlobals\"?","locations":[{"line":1,"column":87}]}]}
Url: https://graphql.zeepki.st
Request: {"query":"query BetterSplitsPB($hash: String!, $steamId: BigFloat) { levelByHash(hash: $hash) { personalBestGlobalsByIdLevel(filter: {userByIdUser: {steamId: {equalTo: $steamId}}}) { nodes { recordByIdRecord { speeds splits time }}}}}","variables":{"hash":"AADA2A49C60174CBB779ED7789096C9588C18D59-3","steamId":"76561199218214543"}}
[Info   :Zeepkist GTR] 18:52:40 Received HTTP response headers after 199.1504ms - 200
[Info   :Zeepkist GTR] 18:52:40 End processing HTTP request after 199.3663ms - 200
[Info   :Zeepkist Bingo] [CHAT] Intercepted message: 2 players eliminated: 𝒱V𝑜o𝒾i𝒹d𝒱, [ZET] Wheelie
[Info   :Zeepkist Bingo] [CHAT] Not relaying - no bingo session
[Info   :Zeepkist GTR] 18:52:41 Starting recorder
[Info   :Zeepkist GTR] 18:54:39 Discarding recorder
[Info   :COTDTracker] Doing eliminations with leaderboard:
[Info   :COTDTracker] Player [Quac] microways: Time: 31.67461
[Info   :COTDTracker] Player Lexer: Time: 31.68507
[Info   :COTDTracker] Player [CTR]agix: Time: 31.72011
[Info   :COTDTracker] Player PlusMicron: Time: 31.75467
[Info   :COTDTracker] Player Eclipse135: Time: 31.82982
[Info   :COTDTracker] Player Minkus: Time: 31.83204
[Info   :COTDTracker] Player Noxitu: Time: 31.83418
[Info   :COTDTracker] Player wunderBarr: Time: 32.02272
[Info   :COTDTracker] Eliminated 0 DNF players
[Info   :COTDTracker] Eliminating on time: wunderBarr
[Info   :COTDTracker] Eliminating on time: Noxitu
[Info   :COTDTracker] Eliminating 2 players: 
[Info   :COTDTracker] wunderBarr
[Info   :COTDTracker] Noxitu
[Info   :COTDTracker] Kicking eliminated players
[Info   :Zeepkist Bingo] [BINGO] Level loaded
[Info   :BetterSplits] getting gtr splits
[Info   :Zeepkist Bingo] [BINGO] === PLAYER SPAWNED ===
[Info   :Zeepkist Bingo] [BINGO] IsInActiveSession: False
[Info   :Zeepkist Bingo] [BINGO] Not in active session, skipping timer reset
[Info   :Zeepkist GTR] 18:54:53 Loading personal best...
[Info   :Zeepkist GTR] 18:54:53 Start processing HTTP request "POST" "https://graphql.zeepki.st/"
[Info   :Zeepkist GTR] 18:54:53 Sending HTTP request "POST" "https://graphql.zeepki.st/"
[Info   :Zeepkist GTR] 18:54:53 Stopping existing recorder if any
[Info   :Zeepkist GTR] 18:54:53 Creating new recorder
[Info   :Zeepkist GTR] 18:54:53 Start processing HTTP request "POST" "https://graphql.zeepki.st/"
[Info   :Zeepkist GTR] 18:54:53 Sending HTTP request "POST" "https://graphql.zeepki.st/"
[Info   :Zeepkist GTR] 18:54:53 Start processing HTTP request "POST" "https://graphql.zeepki.st/"
[Info   :Zeepkist GTR] 18:54:53 Sending HTTP request "POST" "https://graphql.zeepki.st/"
[Info   :Zeepkist GTR] 18:54:53 Received HTTP response headers after 391.3817ms - 200
[Info   :Zeepkist GTR] 18:54:53 End processing HTTP request after 391.6804ms - 200
[Info   :Zeepkist GTR] 18:54:53 Ghost version: 5
[Info   :Zeepkist GTR] 18:54:53 Received HTTP response headers after 597.041ms - 200
[Info   :Zeepkist GTR] 18:54:53 End processing HTTP request after 597.2537ms - 200
[Error  :BetterSplits] could not get splits
Response: StatusCode: 400, ReasonPhrase: 'Bad Request', Version: 1.1, Content: System.Net.Http.StreamContent, Headers:
{
Date: Fri, 29 May 2026 23:54:54 GMT
Connection: keep-alive
access-control-allow-headers: Origin, X-Requested-With, Accept, Authorization, X-Apollo-Tracing, Content-Type, Content-Length, X-PostGraphile-Explain
access-control-allow-methods: HEAD, GET, POST
access-control-allow-origin: *
access-control-expose-headers: X-GraphQL-Event-Stream
alt-svc: h3=":443"; ma=86400
vary: Origin
via: 1.1 Caddy
x-graphql-event-stream: /stream
x-query-cost: 115
cf-cache-status: DYNAMIC
x-xss-protection: 1; mode=block
Strict-Transport-Security: max-age=15552000; includeSubDomains; preload
x-content-type-options: nosniff
Server-Timing: cfCacheStatus;desc="DYNAMIC", cfEdge;dur=9,cfOrigin;dur=481
Report-To: {"group":"cf-nel","max_age":604800,"endpoints":[{"url":"https://a.nel.cloudflare.com/report/v4?s=WLuYX%2BcSLnoAJcikM85QRMtv4b5wjQNJdiKZHXSkeblG5ekVec5x5V05I1%2BwASjpsw6A2ZtOibXc5AuUmbpkjvw3DWFU%2ByTOKl%2FRqhk0ZxwQzZMP%2BZiG3qP7qSPfT54%2B6yUujUrWzLmuag94HuD7TA%3D%3D"}]}
Nel: {"report_to":"cf-nel","success_fraction":0.0,"max_age":604800}
expect-ct: max-age=86400, enforce
referrer-policy: same-origin
x-frame-options: SAMEORIGIN
Server: cloudflare
CF-RAY: a0396d455ac8eabc-ORD
Content-Type: application/json; charset=utf-8
Content-Length: 172
} 
Content: {"errors":[{"message":"Cannot query field \"personalBestGlobalsByIdLevel\" on type \"Level\". Did you mean \"personalBestGlobals\"?","locations":[{"line":1,"column":87}]}]}
Url: https://graphql.zeepki.st
Request: {"query":"query BetterSplitsPB($hash: String!, $steamId: BigFloat) { levelByHash(hash: $hash) { personalBestGlobalsByIdLevel(filter: {userByIdUser: {steamId: {equalTo: $steamId}}}) { nodes { recordByIdRecord { speeds splits time }}}}}","variables":{"hash":"AADA2A49C60174CBB779ED7789096C9588C18D59-3","steamId":"76561199218214543"}}
[Info   :Zeepkist GTR] 18:54:54 Received HTTP response headers after 721.8369ms - 200
[Info   :Zeepkist GTR] 18:54:54 End processing HTTP request after 722.0399ms - 200
[Info   :Zeepkist GTR] 18:54:54 Start processing HTTP request "POST" "https://graphql.zeepki.st/"
[Info   :Zeepkist GTR] 18:54:54 Sending HTTP request "POST" "https://graphql.zeepki.st/"
[Info   :Zeepkist Bingo] [CHAT] Intercepted message: 2 players eliminated: wunderBarr, Noxitu
[Info   :Zeepkist Bingo] [CHAT] Not relaying - no bingo session
[Info   :Zeepkist GTR] 18:54:54 Received HTTP response headers after 182.8951ms - 200
[Info   :Zeepkist GTR] 18:54:54 End processing HTTP request after 183.1619ms - 200
[Info   :Zeepkist GTR] 18:54:55 Starting recorder
[Info   :Zeepkist GTR] 18:56:52 Discarding recorder
[Info   :COTDTracker] Doing eliminations with leaderboard:
[Info   :COTDTracker] Player Lexer: Time: 31.63466
[Info   :COTDTracker] Player [Quac] microways: Time: 31.72486
[Info   :COTDTracker] Player [CTR]agix: Time: 31.72982
[Info   :COTDTracker] Player PlusMicron: Time: 31.80538
[Info   :COTDTracker] Player Eclipse135: Time: 31.89347
[Info   :COTDTracker] Player Minkus: Time: 31.95115
[Info   :COTDTracker] Eliminated 0 DNF players
[Info   :COTDTracker] Eliminating on time: Minkus
[Info   :COTDTracker] Eliminating 1 players: 
[Info   :COTDTracker] Minkus
[Info   :COTDTracker] Kicking eliminated players
[Info   :Zeepkist Bingo] [BINGO] Level loaded
[Info   :BetterSplits] getting gtr splits
[Info   :Zeepkist Bingo] [BINGO] === PLAYER SPAWNED ===
[Info   :Zeepkist Bingo] [BINGO] IsInActiveSession: False
[Info   :Zeepkist Bingo] [BINGO] Not in active session, skipping timer reset
[Info   :Zeepkist GTR] 18:57:06 Loading personal best...
[Info   :Zeepkist GTR] 18:57:06 Start processing HTTP request "POST" "https://graphql.zeepki.st/"
[Info   :Zeepkist GTR] 18:57:06 Sending HTTP request "POST" "https://graphql.zeepki.st/"
[Info   :Zeepkist GTR] 18:57:06 Stopping existing recorder if any
[Info   :Zeepkist GTR] 18:57:06 Creating new recorder
[Info   :Zeepkist GTR] 18:57:06 Start processing HTTP request "POST" "https://graphql.zeepki.st/"
[Info   :Zeepkist GTR] 18:57:06 Sending HTTP request "POST" "https://graphql.zeepki.st/"
[Info   :Zeepkist GTR] 18:57:06 Start processing HTTP request "POST" "https://graphql.zeepki.st/"
[Info   :Zeepkist GTR] 18:57:06 Sending HTTP request "POST" "https://graphql.zeepki.st/"
[Info   :Zeepkist Bingo] [CHAT] Intercepted message: 1 player eliminated: Minkus
[Info   :Zeepkist Bingo] [CHAT] Not relaying - no bingo session
[Info   :Zeepkist GTR] 18:57:08 Starting recorder
[Info   :Zeepkist GTR] 18:59:05 Discarding recorder
[Info   :COTDTracker] Doing eliminations with leaderboard:
[Info   :COTDTracker] Player Lexer: Time: 31.55524
[Info   :COTDTracker] Player [CTR]agix: Time: 31.63036
[Info   :COTDTracker] Player [Quac] microways: Time: 31.73311
[Info   :COTDTracker] Player Eclipse135: Time: 31.75128
[Info   :COTDTracker] Player PlusMicron: Time: 31.86162
[Info   :COTDTracker] Eliminated 0 DNF players
[Info   :COTDTracker] Eliminating on time: PlusMicron
[Info   :COTDTracker] Eliminating 1 players: 
[Info   :COTDTracker] PlusMicron
[Info   :COTDTracker] Kicking eliminated players
[Info   :Zeepkist Bingo] [BINGO] Level loaded
[Info   :BetterSplits] getting gtr splits
[Info   :Zeepkist Bingo] [BINGO] === PLAYER SPAWNED ===
[Info   :Zeepkist Bingo] [BINGO] IsInActiveSession: False
[Info   :Zeepkist Bingo] [BINGO] Not in active session, skipping timer reset
[Info   :Zeepkist GTR] 18:59:19 Loading personal best...
[Info   :Zeepkist GTR] 18:59:19 Start processing HTTP request "POST" "https://graphql.zeepki.st/"
[Info   :Zeepkist GTR] 18:59:19 Sending HTTP request "POST" "https://graphql.zeepki.st/"
[Info   :Zeepkist GTR] 18:59:19 Stopping existing recorder if any
[Info   :Zeepkist GTR] 18:59:19 Creating new recorder
[Info   :Zeepkist GTR] 18:59:19 Start processing HTTP request "POST" "https://graphql.zeepki.st/"
[Info   :Zeepkist GTR] 18:59:19 Sending HTTP request "POST" "https://graphql.zeepki.st/"
[Info   :Zeepkist GTR] 18:59:19 Start processing HTTP request "POST" "https://graphql.zeepki.st/"
[Info   :Zeepkist GTR] 18:59:19 Sending HTTP request "POST" "https://graphql.zeepki.st/"
[Error  :BetterSplits] could not get splits
Response: StatusCode: 400, ReasonPhrase: 'Bad Request', Version: 1.1, Content: System.Net.Http.StreamContent, Headers:
{
Date: Fri, 29 May 2026 23:59:19 GMT
Connection: keep-alive
Access-Control-Allow-Headers: Origin, X-Requested-With, Accept, Authorization, X-Apollo-Tracing, Content-Type, Content-Length, X-PostGraphile-Explain
Access-Control-Allow-Methods: HEAD, GET, POST
Access-Control-Allow-Origin: *
Access-Control-Expose-Headers: X-GraphQL-Event-Stream
Alt-Svc: h3=":443"; ma=86400
Vary: Origin
Via: 1.1 Caddy
X-Graphql-Event-Stream: /stream
X-Query-Cost: 115
Cf-Cache-Status: DYNAMIC
x-xss-protection: 1; mode=block
Strict-Transport-Security: max-age=15552000; includeSubDomains; preload
x-content-type-options: nosniff
Server-Timing: cfCacheStatus;desc="DYNAMIC", cfEdge;dur=11,cfOrigin;dur=123
Report-To: {"group":"cf-nel","max_age":604800,"endpoints":[{"url":"https://a.nel.cloudflare.com/report/v4?s=1DFbU9QBv7hW7sk4dJ330xxqAr3s09HJ9LR61d6SlexxIqY1Rp1owTBqD3LxOab169Bo%2FMCxuL0h1DV1GgqEeYNAWxNzFx1b1MnkyuQWcE07YbK6knC%2FwIgZgvyuT%2BAFihsG6zBcgCEZ0NzVDAOs9g%3D%3D"}]}
Nel: {"report_to":"cf-nel","success_fraction":0.0,"max_age":604800}
expect-ct: max-age=86400, enforce
referrer-policy: same-origin
x-frame-options: SAMEORIGIN
Server: cloudflare
CF-RAY: a03973c45da851b7-ORD
Content-Type: application/json; charset=utf-8
Content-Length: 172
} 
Content: {"errors":[{"message":"Cannot query field \"personalBestGlobalsByIdLevel\" on type \"Level\". Did you mean \"personalBestGlobals\"?","locations":[{"line":1,"column":87}]}]}
Url: https://graphql.zeepki.st
Request: {"query":"query BetterSplitsPB($hash: String!, $steamId: BigFloat) { levelByHash(hash: $hash) { personalBestGlobalsByIdLevel(filter: {userByIdUser: {steamId: {equalTo: $steamId}}}) { nodes { recordByIdRecord { speeds splits time }}}}}","variables":{"hash":"AADA2A49C60174CBB779ED7789096C9588C18D59-3","steamId":"76561199218214543"}}
[Info   :Zeepkist GTR] 18:59:19 Received HTTP response headers after 494.1332ms - 200
[Info   :Zeepkist GTR] 18:59:19 End processing HTTP request after 494.3632ms - 200
[Info   :Zeepkist GTR] 18:59:19 Ghost version: 5
[Info   :Zeepkist GTR] 18:59:19 Received HTTP response headers after 676.8051ms - 200
[Info   :Zeepkist GTR] 18:59:19 End processing HTTP request after 677.0823ms - 200
[Info   :Zeepkist GTR] 18:59:20 Received HTTP response headers after 792.6516ms - 200
[Info   :Zeepkist GTR] 18:59:20 End processing HTTP request after 792.8537ms - 200
[Info   :Zeepkist GTR] 18:59:20 Start processing HTTP request "POST" "https://graphql.zeepki.st/"
[Info   :Zeepkist GTR] 18:59:20 Sending HTTP request "POST" "https://graphql.zeepki.st/"
[Info   :Zeepkist Bingo] [CHAT] Intercepted message: 1 player eliminated: PlusMicron
[Info   :Zeepkist Bingo] [CHAT] Not relaying - no bingo session
[Info   :Zeepkist GTR] 18:59:20 Received HTTP response headers after 214.063ms - 200
[Info   :Zeepkist GTR] 18:59:20 End processing HTTP request after 214.3057ms - 200
[Info   :Zeepkist GTR] 18:59:20 Starting recorder
[Info   :Zeepkist GTR] 19:01:18 Discarding recorder
[Info   :COTDTracker] Doing eliminations with leaderboard:
[Info   :COTDTracker] Player [Quac] microways: Time: 31.57699
[Info   :COTDTracker] Player Lexer: Time: 31.67836
[Info   :COTDTracker] Player Eclipse135: Time: 31.74497
[Info   :COTDTracker] Player [CTR]agix: Time: 31.81304
[Info   :COTDTracker] Eliminated 0 DNF players
[Info   :COTDTracker] Eliminating on time: [CTR]agix
[Info   :COTDTracker] Eliminating 1 players: 
[Info   :COTDTracker] [CTR]agix
[Info   :COTDTracker] Kicking eliminated players
[Info   :Zeepkist Bingo] [BINGO] Level loaded
[Info   :BetterSplits] getting gtr splits
[Info   :Zeepkist Bingo] [BINGO] === PLAYER SPAWNED ===
[Info   :Zeepkist Bingo] [BINGO] IsInActiveSession: False
[Info   :Zeepkist Bingo] [BINGO] Not in active session, skipping timer reset
[Info   :Zeepkist GTR] 19:01:32 Loading personal best...
[Info   :Zeepkist GTR] 19:01:32 Start processing HTTP request "POST" "https://graphql.zeepki.st/"
[Info   :Zeepkist GTR] 19:01:32 Sending HTTP request "POST" "https://graphql.zeepki.st/"
[Info   :Zeepkist GTR] 19:01:32 Stopping existing recorder if any
[Info   :Zeepkist GTR] 19:01:32 Creating new recorder
[Info   :Zeepkist GTR] 19:01:32 Start processing HTTP request "POST" "https://graphql.zeepki.st/"
[Info   :Zeepkist GTR] 19:01:32 Sending HTTP request "POST" "https://graphql.zeepki.st/"
[Info   :Zeepkist GTR] 19:01:32 Start processing HTTP request "POST" "https://graphql.zeepki.st/"
[Info   :Zeepkist GTR] 19:01:32 Sending HTTP request "POST" "https://graphql.zeepki.st/"
[Error  :BetterSplits] could not get splits
Response: StatusCode: 400, ReasonPhrase: 'Bad Request', Version: 1.1, Content: System.Net.Http.StreamContent, Headers:
{
Date: Sat, 30 May 2026 00:01:32 GMT
Connection: keep-alive
access-control-allow-headers: Origin, X-Requested-With, Accept, Authorization, X-Apollo-Tracing, Content-Type, Content-Length, X-PostGraphile-Explain
access-control-allow-methods: HEAD, GET, POST
access-control-allow-origin: *
access-control-expose-headers: X-GraphQL-Event-Stream
alt-svc: h3=":443"; ma=86400
vary: Origin
via: 1.1 Caddy
x-graphql-event-stream: /stream
x-query-cost: 115
cf-cache-status: DYNAMIC
x-xss-protection: 1; mode=block
Strict-Transport-Security: max-age=15552000; includeSubDomains; preload
x-content-type-options: nosniff
Server-Timing: cfCacheStatus;desc="DYNAMIC", cfEdge;dur=11,cfOrigin;dur=122
Report-To: {"group":"cf-nel","max_age":604800,"endpoints":[{"url":"https://a.nel.cloudflare.com/report/v4?s=c5ALku2EZlRcj4fmQAoU%2B3cqpubzYFkrXH5M7OP58RUo8DbQ5vMtsbrpsEQtEI7BrfnJRZ%2FNG7rJYSi%2B4OpOzG7lVn3%2FMPfScG%2B7EHXJVZtrDRhRK5J3EY62L3mkzWjaXUfGYRaDeYI9uCebrUYoNA%3D%3D"}]}
Nel: {"report_to":"cf-nel","success_fraction":0.0,"max_age":604800}
expect-ct: max-age=86400, enforce
referrer-policy: same-origin
x-frame-options: SAMEORIGIN
Server: cloudflare
CF-RAY: a03977038c60f32d-ORD
Content-Type: application/json; charset=utf-8
Content-Length: 172
} 
Content: {"errors":[{"message":"Cannot query field \"personalBestGlobalsByIdLevel\" on type \"Level\". Did you mean \"personalBestGlobals\"?","locations":[{"line":1,"column":87}]}]}
Url: https://graphql.zeepki.st
Request: {"query":"query BetterSplitsPB($hash: String!, $steamId: BigFloat) { levelByHash(hash: $hash) { personalBestGlobalsByIdLevel(filter: {userByIdUser: {steamId: {equalTo: $steamId}}}) { nodes { recordByIdRecord { speeds splits time }}}}}","variables":{"hash":"AADA2A49C60174CBB779ED7789096C9588C18D59-3","steamId":"76561199218214543"}}
[Info   :Zeepkist GTR] 19:01:32 Received HTTP response headers after 445.6905ms - 200
[Info   :Zeepkist GTR] 19:01:32 End processing HTTP request after 445.9199ms - 200
[Info   :Zeepkist GTR] 19:01:32 Ghost version: 5
[Info   :Zeepkist GTR] 19:01:32 Received HTTP response headers after 673.2507ms - 200
[Info   :Zeepkist GTR] 19:01:32 End processing HTTP request after 673.4649ms - 200
[Info   :Zeepkist Bingo] [CHAT] Intercepted message: 1 player eliminated: [CTR]agix
[Info   :Zeepkist Bingo] [CHAT] Not relaying - no bingo session
[Info   :Zeepkist GTR] 19:01:33 Received HTTP response headers after 841.3306ms - 200
[Info   :Zeepkist GTR] 19:01:33 End processing HTTP request after 841.5391ms - 200
[Info   :Zeepkist GTR] 19:01:33 Start processing HTTP request "POST" "https://graphql.zeepki.st/"
[Info   :Zeepkist GTR] 19:01:33 Sending HTTP request "POST" "https://graphql.zeepki.st/"
[Info   :Zeepkist GTR] 19:01:33 Received HTTP response headers after 230.8777ms - 200
[Info   :Zeepkist GTR] 19:01:33 End processing HTTP request after 231.1214ms - 200
[Info   :Zeepkist GTR] 19:01:34 Starting recorder
[Info   :Zeepkist GTR] 19:03:31 Discarding recorder
[Info   :COTDTracker] Doing eliminations with leaderboard:
[Info   :COTDTracker] Player Lexer: Time: 31.6411
[Info   :COTDTracker] Player [Quac] microways: Time: 31.78757
[Info   :COTDTracker] Player Eclipse135: Time: 31.86732
[Info   :COTDTracker] Eliminated 0 DNF players
[Info   :COTDTracker] Eliminating on time: Eclipse135
[Info   :COTDTracker] Eliminating 1 players: 
[Info   :COTDTracker] Eclipse135
[Info   :COTDTracker] Kicking eliminated players
[Info   :Zeepkist Bingo] [BINGO] Level loaded
[Info   :BetterSplits] getting gtr splits
[Info   :Zeepkist Bingo] [BINGO] === PLAYER SPAWNED ===
[Info   :Zeepkist Bingo] [BINGO] IsInActiveSession: False
[Info   :Zeepkist Bingo] [BINGO] Not in active session, skipping timer reset
[Info   :Zeepkist GTR] 19:03:45 Loading personal best...
[Info   :Zeepkist GTR] 19:03:45 Start processing HTTP request "POST" "https://graphql.zeepki.st/"
[Info   :Zeepkist GTR] 19:03:45 Sending HTTP request "POST" "https://graphql.zeepki.st/"
[Info   :Zeepkist GTR] 19:03:45 Stopping existing recorder if any
[Info   :Zeepkist GTR] 19:03:45 Creating new recorder
[Info   :Zeepkist GTR] 19:03:45 Start processing HTTP request "POST" "https://graphql.zeepki.st/"
[Info   :Zeepkist GTR] 19:03:45 Sending HTTP request "POST" "https://graphql.zeepki.st/"
[Info   :Zeepkist GTR] 19:03:45 Start processing HTTP request "POST" "https://graphql.zeepki.st/"
[Info   :Zeepkist GTR] 19:03:45 Sending HTTP request "POST" "https://graphql.zeepki.st/"
[Error  :BetterSplits] could not get splits
Response: StatusCode: 400, ReasonPhrase: 'Bad Request', Version: 1.1, Content: System.Net.Http.StreamContent, Headers:
{
Date: Sat, 30 May 2026 00:03:45 GMT
Connection: keep-alive
access-control-allow-headers: Origin, X-Requested-With, Accept, Authorization, X-Apollo-Tracing, Content-Type, Content-Length, X-PostGraphile-Explain
access-control-allow-methods: HEAD, GET, POST
access-control-allow-origin: *
access-control-expose-headers: X-GraphQL-Event-Stream
alt-svc: h3=":443"; ma=86400
vary: Origin
via: 1.1 Caddy
x-graphql-event-stream: /stream
x-query-cost: 115
cf-cache-status: DYNAMIC
x-xss-protection: 1; mode=block
Strict-Transport-Security: max-age=15552000; includeSubDomains; preload
x-content-type-options: nosniff
Server-Timing: cfCacheStatus;desc="DYNAMIC", cfEdge;dur=13,cfOrigin;dur=121
Report-To: {"group":"cf-nel","max_age":604800,"endpoints":[{"url":"https://a.nel.cloudflare.com/report/v4?s=s3Y%2Fo%2B7mYBt2zMvJqKCUfnCLQDs6nw6stxBWLOYA1FXIclcZSMGBSBEJJ8mC0LLAH6UdSDk%2FrMVPauvawVD5tMPM54MXAbGIRUiDuGDaxdl%2FtYGWL5b9mQHI80FXOkxiO43L%2F0MNbSUo8xgc%2FB5CAg%3D%3D"}]}
Nel: {"report_to":"cf-nel","success_fraction":0.0,"max_age":604800}
expect-ct: max-age=86400, enforce
referrer-policy: same-origin
x-frame-options: SAMEORIGIN
Server: cloudflare
CF-RAY: a0397a42ff55c5fe-ORD
Content-Type: application/json; charset=utf-8
Content-Length: 172
} 
Content: {"errors":[{"message":"Cannot query field \"personalBestGlobalsByIdLevel\" on type \"Level\". Did you mean \"personalBestGlobals\"?","locations":[{"line":1,"column":87}]}]}
Url: https://graphql.zeepki.st
Request: {"query":"query BetterSplitsPB($hash: String!, $steamId: BigFloat) { levelByHash(hash: $hash) { personalBestGlobalsByIdLevel(filter: {userByIdUser: {steamId: {equalTo: $steamId}}}) { nodes { recordByIdRecord { speeds splits time }}}}}","variables":{"hash":"AADA2A49C60174CBB779ED7789096C9588C18D59-3","steamId":"76561199218214543"}}
[Info   :Zeepkist GTR] 19:03:45 Received HTTP response headers after 400.7051ms - 200
[Info   :Zeepkist GTR] 19:03:45 End processing HTTP request after 400.9357ms - 200
[Info   :Zeepkist GTR] 19:03:45 Received HTTP response headers after 429.371ms - 200
[Info   :Zeepkist GTR] 19:03:45 End processing HTTP request after 429.5673ms - 200
[Info   :Zeepkist GTR] 19:03:45 Ghost version: 5
[Info   :Zeepkist GTR] 19:03:45 Received HTTP response headers after 593.5727ms - 200
[Info   :Zeepkist GTR] 19:03:45 End processing HTTP request after 593.7933ms - 200
[Info   :Zeepkist GTR] 19:03:45 Start processing HTTP request "POST" "https://graphql.zeepki.st/"
[Info   :Zeepkist GTR] 19:03:45 Sending HTTP request "POST" "https://graphql.zeepki.st/"
[Info   :Zeepkist Bingo] [CHAT] Intercepted message: 1 player eliminated: Eclipse135
[Info   :Zeepkist Bingo] [CHAT] Not relaying - no bingo session
[Info   :Zeepkist GTR] 19:03:46 Received HTTP response headers after 191.3636ms - 200
[Info   :Zeepkist GTR] 19:03:46 End processing HTTP request after 191.597ms - 200
[Info   :Zeepkist GTR] 19:03:47 Starting recorder
[Info   :Zeepkist GTR] 19:05:44 Discarding recorder
[Info   :COTDTracker] Doing eliminations with leaderboard:
[Info   :COTDTracker] Player Lexer: Time: 31.61428
[Info   :COTDTracker] Player [Quac] microways: Time: 31.64427
[Info   :COTDTracker] Eliminated 0 DNF players
[Info   :COTDTracker] Eliminating on time: [Quac] microways
[Info   :COTDTracker] Eliminating 1 players: 
[Info   :COTDTracker] [Quac] microways
[Info   :COTDTracker] Kicking eliminated players
[Info   :Zeepkist Bingo] [BINGO] Level loaded
[Info   :BetterSplits] getting gtr splits
[Info   :Zeepkist Bingo] [BINGO] === PLAYER SPAWNED ===
[Info   :Zeepkist Bingo] [BINGO] IsInActiveSession: False
[Info   :Zeepkist Bingo] [BINGO] Not in active session, skipping timer reset
[Info   :Zeepkist GTR] 19:05:58 Loading personal best...
[Info   :Zeepkist GTR] 19:05:58 Start processing HTTP request "POST" "https://graphql.zeepki.st/"
[Info   :Zeepkist GTR] 19:05:58 Sending HTTP request "POST" "https://graphql.zeepki.st/"
[Info   :Zeepkist GTR] 19:05:58 Stopping existing recorder if any
[Info   :Zeepkist GTR] 19:05:58 Creating new recorder
[Info   :Zeepkist GTR] 19:05:58 Start processing HTTP request "POST" "https://graphql.zeepki.st/"
[Info   :Zeepkist GTR] 19:05:58 Sending HTTP request "POST" "https://graphql.zeepki.st/"
[Info   :Zeepkist GTR] 19:05:58 Start processing HTTP request "POST" "https://graphql.zeepki.st/"
[Info   :Zeepkist GTR] 19:05:58 Sending HTTP request "POST" "https://graphql.zeepki.st/"
[Info   :Zeepkist Bingo] [CHAT] Intercepted message: 1 player eliminated: [Quac] microways
[Info   :Zeepkist Bingo] [CHAT] Not relaying - no bingo session
[Error  :BetterSplits] could not get splits
Response: StatusCode: 400, ReasonPhrase: 'Bad Request', Version: 1.1, Content: System.Net.Http.StreamContent, Headers:
{
Date: Sat, 30 May 2026 00:05:59 GMT
Connection: keep-alive
Access-Control-Allow-Headers: Origin, X-Requested-With, Accept, Authorization, X-Apollo-Tracing, Content-Type, Content-Length, X-PostGraphile-Explain
Access-Control-Allow-Methods: HEAD, GET, POST
Access-Control-Allow-Origin: *
Access-Control-Expose-Headers: X-GraphQL-Event-Stream
Alt-Svc: h3=":443"; ma=86400
Vary: Origin
Via: 1.1 Caddy
X-Graphql-Event-Stream: /stream
X-Query-Cost: 115
Cf-Cache-Status: DYNAMIC
x-xss-protection: 1; mode=block
Strict-Transport-Security: max-age=15552000; includeSubDomains; preload
x-content-type-options: nosniff
Server-Timing: cfCacheStatus;desc="DYNAMIC", cfEdge;dur=14,cfOrigin;dur=126
Report-To: {"group":"cf-nel","max_age":604800,"endpoints":[{"url":"https://a.nel.cloudflare.com/report/v4?s=UQHJQgkswwmWspd5yMhO7MxN435w7jKRs%2F7CxKijGqH5d3oGwuxUYUuZo7B1L79TFbE%2BIduLN9u%2F8cgMGHFANJA%2FIhlIfFcPtLRG0%2BVzn9aigSNkc%2F7lZ9TOz7BCF8AsGcSOWCktgeuQBfuMCdla7A%3D%3D"}]}
Nel: {"report_to":"cf-nel","success_fraction":0.0,"max_age":604800}
expect-ct: max-age=86400, enforce
referrer-policy: same-origin
x-frame-options: SAMEORIGIN
Server: cloudflare
CF-RAY: a0397d84bb3a22ed-ORD
Content-Type: application/json; charset=utf-8
Content-Length: 172
} 
Content: {"errors":[{"message":"Cannot query field \"personalBestGlobalsByIdLevel\" on type \"Level\". Did you mean \"personalBestGlobals\"?","locations":[{"line":1,"column":87}]}]}
Url: https://graphql.zeepki.st
Request: {"query":"query BetterSplitsPB($hash: String!, $steamId: BigFloat) { levelByHash(hash: $hash) { personalBestGlobalsByIdLevel(filter: {userByIdUser: {steamId: {equalTo: $steamId}}}) { nodes { recordByIdRecord { speeds splits time }}}}}","variables":{"hash":"AADA2A49C60174CBB779ED7789096C9588C18D59-3","steamId":"76561199218214543"}}
[Info   :Zeepkist GTR] 19:05:59 Received HTTP response headers after 497.3726ms - 200
[Info   :Zeepkist GTR] 19:05:59 End processing HTTP request after 497.5849ms - 200
[Info   :Zeepkist GTR] 19:05:59 Received HTTP response headers after 464.0818ms - 200
[Info   :Zeepkist GTR] 19:05:59 End processing HTTP request after 464.4911ms - 200
[Info   :Zeepkist GTR] 19:05:59 Ghost version: 5
[Info   :Zeepkist GTR] 19:05:59 Received HTTP response headers after 659.095ms - 200
[Info   :Zeepkist GTR] 19:05:59 End processing HTTP request after 659.3446ms - 200
[Info   :Zeepkist GTR] 19:05:59 Start processing HTTP request "POST" "https://graphql.zeepki.st/"
[Info   :Zeepkist GTR] 19:05:59 Sending HTTP request "POST" "https://graphql.zeepki.st/"
[Info   :Zeepkist GTR] 19:05:59 Received HTTP response headers after 184.0433ms - 200
[Info   :Zeepkist GTR] 19:05:59 End processing HTTP request after 184.294ms - 200
[Info   :Zeepkist GTR] 19:06:00 Starting recorder
[Info   :Zeepkist GTR] 19:07:57 Discarding recorder
[Info   :COTDTracker] Doing eliminations with leaderboard:
[Info   :COTDTracker] Player Lexer: Time: 31.63195
[Info   :COTDTracker] Eliminated 0 DNF players
[Info   :COTDTracker] Eliminating on time: Lexer
[Info   :COTDTracker] Eliminating 1 players: 
[Info   :COTDTracker] Lexer
[Info   :COTDTracker] Kicking eliminated players
[Info   :Zeepkist Bingo] [BINGO] Level loaded
[Info   :BetterSplits] getting gtr splits
[Info   :Zeepkist Bingo] [BINGO] === PLAYER SPAWNED ===
[Info   :Zeepkist Bingo] [BINGO] IsInActiveSession: False
[Info   :Zeepkist Bingo] [BINGO] Not in active session, skipping timer reset
[Info   :Zeepkist GTR] 19:08:11 Loading personal best...
[Info   :Zeepkist GTR] 19:08:11 Start processing HTTP request "POST" "https://graphql.zeepki.st/"
[Info   :Zeepkist GTR] 19:08:11 Sending HTTP request "POST" "https://graphql.zeepki.st/"
[Info   :Zeepkist GTR] 19:08:11 Stopping existing recorder if any
[Info   :Zeepkist GTR] 19:08:11 Creating new recorder
[Info   :Zeepkist GTR] 19:08:11 Start processing HTTP request "POST" "https://graphql.zeepki.st/"
[Info   :Zeepkist GTR] 19:08:11 Sending HTTP request "POST" "https://graphql.zeepki.st/"
[Info   :Zeepkist GTR] 19:08:11 Start processing HTTP request "POST" "https://graphql.zeepki.st/"
[Info   :Zeepkist GTR] 19:08:11 Sending HTTP request "POST" "https://graphql.zeepki.st/"
[Info   :Zeepkist GTR] 19:08:11 Received HTTP response headers after 438.6989ms - 200
[Info   :Zeepkist GTR] 19:08:11 End processing HTTP request after 438.9636ms - 200
[Info   :Zeepkist GTR] 19:08:11 Received HTTP response headers after 473.5785ms - 200
[Info   :Zeepkist GTR] 19:08:11 End processing HTTP request after 473.8099ms - 200
[Error  :BetterSplits] could not get splits
Response: StatusCode: 400, ReasonPhrase: 'Bad Request', Version: 1.1, Content: System.Net.Http.StreamContent, Headers:
{
Date: Sat, 30 May 2026 00:08:12 GMT
Connection: keep-alive
access-control-allow-headers: Origin, X-Requested-With, Accept, Authorization, X-Apollo-Tracing, Content-Type, Content-Length, X-PostGraphile-Explain
access-control-allow-methods: HEAD, GET, POST
access-control-allow-origin: *
access-control-expose-headers: X-GraphQL-Event-Stream
alt-svc: h3=":443"; ma=86400
vary: Origin
via: 1.1 Caddy
x-graphql-event-stream: /stream
x-query-cost: 115
cf-cache-status: DYNAMIC
x-xss-protection: 1; mode=block
Strict-Transport-Security: max-age=15552000; includeSubDomains; preload
x-content-type-options: nosniff
Server-Timing: cfCacheStatus;desc="DYNAMIC", cfEdge;dur=14,cfOrigin;dur=126
Report-To: {"group":"cf-nel","max_age":604800,"endpoints":[{"url":"https://a.nel.cloudflare.com/report/v4?s=yxX6S5iw%2F3xa4xhpPDdLYhKcmBXGFQptZ70siKcRVjDxO7T9UGEqrmb4iAwzRCogGfXj1HXlf82iFZt06x1a%2FLBqbcAFQ2mVZuh85DYC3ZMrYF9GUgwq6OXSwFwtD2%2B4BFPCiaeV2aCKo3%2B27MStAA%3D%3D"}]}
Nel: {"report_to":"cf-nel","success_fraction":0.0,"max_age":604800}
expect-ct: max-age=86400, enforce
referrer-policy: same-origin
x-frame-options: SAMEORIGIN
Server: cloudflare
CF-RAY: a03980c22ac90004-ORD
Content-Type: application/json; charset=utf-8
Content-Length: 172
} 
Content: {"errors":[{"message":"Cannot query field \"personalBestGlobalsByIdLevel\" on type \"Level\". Did you mean \"personalBestGlobals\"?","locations":[{"line":1,"column":87}]}]}
Url: https://graphql.zeepki.st
Request: {"query":"query BetterSplitsPB($hash: String!, $steamId: BigFloat) { levelByHash(hash: $hash) { personalBestGlobalsByIdLevel(filter: {userByIdUser: {steamId: {equalTo: $steamId}}}) { nodes { recordByIdRecord { speeds splits time }}}}}","variables":{"hash":"AADA2A49C60174CBB779ED7789096C9588C18D59-3","steamId":"76561199218214543"}}
[Info   :Zeepkist GTR] 19:08:11 Ghost version: 5
[Info   :Zeepkist GTR] 19:08:12 Received HTTP response headers after 638.7828ms - 200
[Info   :Zeepkist GTR] 19:08:12 End processing HTTP request after 639.0108ms - 200
[Info   :Zeepkist GTR] 19:08:12 Start processing HTTP request "POST" "https://graphql.zeepki.st/"
[Info   :Zeepkist GTR] 19:08:12 Sending HTTP request "POST" "https://graphql.zeepki.st/"
[Info   :Zeepkist GTR] 19:08:12 Received HTTP response headers after 487.2697ms - 200
[Info   :Zeepkist GTR] 19:08:12 End processing HTTP request after 487.5356ms - 200
[Info   :Zeepkist GTR] 19:08:13 Starting recorder
[Info   :Zeepkist Bingo] [CHAT] Intercepted message: !cotd end cup
[Info   :Zeepkist Bingo] [CHAT] Not relaying - no bingo session
[Info   :Zeepkist Bingo] [CHAT] Intercepted message: !cotd endcup
[Info   :Zeepkist Bingo] [CHAT] Not relaying - no bingo session
[Info   :Zeepkist GTR] 19:10:10 Discarding recorder
[Info   :Zeepkist Bingo] [BINGO] Level loaded
[Info   :BetterSplits] getting gtr splits
[Info   :Zeepkist Bingo] [BINGO] === PLAYER SPAWNED ===
[Info   :Zeepkist Bingo] [BINGO] IsInActiveSession: False
[Info   :Zeepkist Bingo] [BINGO] Not in active session, skipping timer reset
[Info   :Zeepkist GTR] 19:10:24 Loading personal best...
[Info   :Zeepkist GTR] 19:10:24 Start processing HTTP request "POST" "https://graphql.zeepki.st/"
[Info   :Zeepkist GTR] 19:10:24 Sending HTTP request "POST" "https://graphql.zeepki.st/"
[Info   :Zeepkist GTR] 19:10:24 Stopping existing recorder if any
[Info   :Zeepkist GTR] 19:10:24 Creating new recorder
[Info   :Zeepkist GTR] 19:10:24 Start processing HTTP request "POST" "https://graphql.zeepki.st/"
[Info   :Zeepkist GTR] 19:10:24 Sending HTTP request "POST" "https://graphql.zeepki.st/"
[Info   :Zeepkist GTR] 19:10:24 Start processing HTTP request "POST" "https://graphql.zeepki.st/"
[Info   :Zeepkist GTR] 19:10:24 Sending HTTP request "POST" "https://graphql.zeepki.st/"
[Info   :Zeepkist GTR] 19:10:25 Received HTTP response headers after 813.5949ms - 200
[Info   :Zeepkist GTR] 19:10:25 End processing HTTP request after 813.7999ms - 200
[Info   :Zeepkist GTR] 19:10:25 Received HTTP response headers after 798.137ms - 200
[Info   :Zeepkist GTR] 19:10:25 End processing HTTP request after 798.3042ms - 200
[Error  :BetterSplits] could not get splits
Response: StatusCode: 400, ReasonPhrase: 'Bad Request', Version: 1.1, Content: System.Net.Http.StreamContent, Headers:
{
Date: Sat, 30 May 2026 00:10:25 GMT
Connection: keep-alive
access-control-allow-headers: Origin, X-Requested-With, Accept, Authorization, X-Apollo-Tracing, Content-Type, Content-Length, X-PostGraphile-Explain
access-control-allow-methods: HEAD, GET, POST
access-control-allow-origin: *
access-control-expose-headers: X-GraphQL-Event-Stream
alt-svc: h3=":443"; ma=86400
vary: Origin
via: 1.1 Caddy
x-graphql-event-stream: /stream
x-query-cost: 115
cf-cache-status: DYNAMIC
x-xss-protection: 1; mode=block
Strict-Transport-Security: max-age=15552000; includeSubDomains; preload
x-content-type-options: nosniff
Server-Timing: cfCacheStatus;desc="DYNAMIC", cfEdge;dur=8,cfOrigin;dur=123
Report-To: {"group":"cf-nel","max_age":604800,"endpoints":[{"url":"https://a.nel.cloudflare.com/report/v4?s=BPc4XvQG9%2B%2Fx6uuPeNFn9AroQR1geCD2iF61bXJVPq10tgzNQWqh3GK%2FL8I3Hqs66oFeOc4mLdvyATgXTtdpy1f6Ow75afhpjo2jequ%2BAdD%2BMW28CSRtCmgCynW4qLpeLBACRIY0cdXXWIpyhrPIiw%3D%3D"}]}
Nel: {"report_to":"cf-nel","success_fraction":0.0,"max_age":604800}
expect-ct: max-age=86400, enforce
referrer-policy: same-origin
x-frame-options: SAMEORIGIN
Server: cloudflare
CF-RAY: a03984029f0deac4-ORD
Content-Type: application/json; charset=utf-8
Content-Length: 172
} 
Content: {"errors":[{"message":"Cannot query field \"personalBestGlobalsByIdLevel\" on type \"Level\". Did you mean \"personalBestGlobals\"?","locations":[{"line":1,"column":87}]}]}
Url: https://graphql.zeepki.st
Request: {"query":"query BetterSplitsPB($hash: String!, $steamId: BigFloat) { levelByHash(hash: $hash) { personalBestGlobalsByIdLevel(filter: {userByIdUser: {steamId: {equalTo: $steamId}}}) { nodes { recordByIdRecord { speeds splits time }}}}}","variables":{"hash":"AADA2A49C60174CBB779ED7789096C9588C18D59-3","steamId":"76561199218214543"}}
[Info   :Zeepkist GTR] 19:10:25 Ghost version: 5
[Info   :Zeepkist GTR] 19:10:25 Received HTTP response headers after 1009.8475ms - 200
[Info   :Zeepkist GTR] 19:10:25 End processing HTTP request after 1010.0573ms - 200
[Info   :Zeepkist GTR] 19:10:25 Start processing HTTP request "POST" "https://graphql.zeepki.st/"
[Info   :Zeepkist GTR] 19:10:25 Sending HTTP request "POST" "https://graphql.zeepki.st/"
[Info   :Zeepkist GTR] 19:10:25 Received HTTP response headers after 292.1622ms - 200
[Info   :Zeepkist GTR] 19:10:25 End processing HTTP request after 292.3883ms - 200
[Info   :Zeepkist GTR] 19:10:25 Starting recorder
[Info   :RoundLeaderboardTab] Drawing leaderboard -> forwarding to Instance.DrawTabLeaderboard()
[Info   :Zeepkist Bingo] [BINGO] Application quitting - force disposing WebSocket
[Info   :Zeepkist Bingo] [WEBSOCKET] Force disposed
[Info   :Zeepkist Bingo] [WEBSOCKET] Force disposed
[Info   :Zeepkist GTR] 19:11:02 Application is shutting down...
[Info   :Zeepkist GTR] 19:11:02 Unpatching
