[Message:   BepInEx] BepInEx 5.4.22.0 - Zeepkist (1/15/2026 5:06:32 PM)
[Info   :   BepInEx] Running under Unity v2021.3.10.1867021
[Info   :   BepInEx] CLR runtime version: 4.0.30319.42000
[Info   :   BepInEx] Supports SRE: True
[Info   :   BepInEx] System platform: Bits64, Windows
[Message:   BepInEx] Preloader started
[Info   :   BepInEx] Loaded 1 patcher method from [BepInEx.Preloader 5.4.22.0]
[Info   :   BepInEx] 1 patcher plugin loaded
[Info   :   BepInEx] Patching [UnityEngine.CoreModule] with [BepInEx.Chainloader]
[Message:   BepInEx] Preloader finished
[Message:   BepInEx] Chainloader ready
[Message:   BepInEx] Chainloader started
[Info   :   BepInEx] 7 plugins to load
[Info   :   BepInEx] Loading [TeamX 2.1.1]
[Info   :   BepInEx] Loading [Zeep SDK 2.6.3]
[Info   :  Zeep SDK] Plugin ZeepSDK is loaded!
[Info   :   BepInEx] Loading [Zeepkist Bingo 1.1.5]
[Info   :Zeepkist Bingo] Zeepkist Bingo v1.1.5 is loading...
[Info   :Zeepkist Bingo] [BingoTTS] Initialized. Cache: C:/Users/Sword/AppData/Local/Temp/Steelpan Interactive/Zeepkist\ZeepkistBingo_TTS
[Info   :Zeepkist Bingo] [BingoTTS] Available voices: Microsoft David Desktop, Microsoft Zira Desktop
[Info   :Zeepkist Bingo] [BINGO UI] Menu initialized
[Info   :Zeepkist Bingo] [BINGO UI] Mini board initialized
[Info   :Zeepkist Bingo] [BINGO UI] Team status initialized
[Info   :Zeepkist Bingo] [BINGO] V2 UI components initialized
[Info   :Zeepkist Bingo] [InstantLoader] Initialized
[Info   :Zeepkist Bingo] Bingo commands registered
[Info   :Zeepkist Bingo] [BINGO TEST] Test commands registered (/bt0 - /bt50)
[Info   :Zeepkist Bingo] Event hooks registered
[Info   :Zeepkist Bingo] [WEBSOCKET] Base URL set to: wss://zeepkist-bingo.chrisleiter.workers.dev
[Info   :Zeepkist Bingo] Zeepkist Bingo loaded successfully!
[Info   :   BepInEx] Loading [COTDTracker 0.11.1]
[Info   :COTDTracker] Plugin COTDTracker is loaded!
[Info   :   BepInEx] Loading [Level Editor Trails 4.0.3]
[Info   :Level Editor Trails] Plugin LevelEditorTrails is loaded!
[Info   :   BepInEx] Loading [Zeepkist GTR 1.5.3]
[Info   :   BepInEx] Loading [Medal Times 5.3.1]
[Info   :Medal Times] Plugin net.tnrd.zeepkist.medaltimes is loaded!
[Message:   BepInEx] Chainloader startup complete
[Info   :Zeepkist Bingo] [BINGO AUDIO] Generating custom sounds...
[Info   :Zeepkist Bingo] [BINGO AUDIO] All custom sounds generated!
[Info   :Zeepkist Bingo] [BINGO AUDIO] Custom FMOD audio system initialized!
[Warning:ModSettingsTabsBuilder] Mod settings tab configuration for 'net.tnrd.zeepkist.gtr' references unknown section '2.3 - Ghosts - Offline Ghosts'. Section was skipped.
[Fatal  :Zeepkist GTR] 17:54:43 Unable to load UI assembly
[Info   :Zeepkist GTR] 17:54:43 Loaded 4 shaders from gtr-shaders asset bundle
[Info   :Zeepkist GTR] 17:54:43 Patching
[Info   :Zeepkist GTR] 17:54:44 Found 32 eager services
[Info   :Zeepkist GTR] Plugin net.tnrd.zeepkist.gtr is loaded!
[Info   :     TeamX]  [TEAMX] Initializing TeamX...
[Info   :Zeepkist GTR] 17:55:32 Start processing HTTP request "POST" https://backend.zeepki.st/auth/login
[Info   :Zeepkist GTR] 17:55:32 Sending HTTP request "POST" https://backend.zeepki.st/auth/login
[Info   :Zeepkist GTR] 17:55:34 Received HTTP response headers after 1483.4428ms - 200
[Info   :Zeepkist GTR] 17:55:34 End processing HTTP request after 1498.7339ms - 200
[Info   :Zeepkist Bingo] [BINGO] Level loaded
[Info   :Zeepkist GTR] 17:57:59 Skipping level request because workshop ID or hash is missing
[Info   :Zeepkist Bingo] [BINGO] === PLAYER SPAWNED ===
[Info   :Zeepkist Bingo] [BINGO] IsInActiveSession: False
[Info   :Zeepkist Bingo] [BINGO] Not in active session, skipping timer reset
[Info   :Zeepkist GTR] 17:58:00 Loading personal best...
[Info   :Zeepkist GTR] 17:58:00 Start processing HTTP request "POST" https://graphql.zeepki.st/
[Info   :Zeepkist GTR] 17:58:00 Sending HTTP request "POST" https://graphql.zeepki.st/
[Info   :Zeepkist GTR] 17:58:00 Stopping existing recorder if any
[Info   :Zeepkist GTR] 17:58:00 Creating new recorder
[Info   :Zeepkist GTR] 17:58:00 Start processing HTTP request "POST" https://graphql.zeepki.st/
[Info   :Zeepkist GTR] 17:58:00 Sending HTTP request "POST" https://graphql.zeepki.st/
[Info   :Zeepkist GTR] 17:58:00 Start processing HTTP request "POST" https://graphql.zeepki.st/
[Info   :Zeepkist GTR] 17:58:00 Sending HTTP request "POST" https://graphql.zeepki.st/
[Info   :Zeepkist GTR] 17:58:01 Received HTTP response headers after 747.7571ms - 200
[Info   :Zeepkist GTR] 17:58:01 End processing HTTP request after 748.1703ms - 200
[Info   :Zeepkist GTR] 17:58:01 Received HTTP response headers after 770.0732ms - 200
[Info   :Zeepkist GTR] 17:58:01 End processing HTTP request after 770.4251ms - 200
[Info   :Zeepkist GTR] 17:58:01 Received HTTP response headers after 800.0656ms - 200
[Info   :Zeepkist GTR] 17:58:01 End processing HTTP request after 831.1307ms - 200
[Info   :Zeepkist GTR] 17:58:01 Start processing HTTP request "POST" https://graphql.zeepki.st/
[Info   :Zeepkist GTR] 17:58:01 Sending HTTP request "POST" https://graphql.zeepki.st/
[Info   :Zeepkist GTR] 17:58:01 Received HTTP response headers after 628.3553ms - 200
[Info   :Zeepkist GTR] 17:58:01 End processing HTTP request after 628.7203ms - 200
[Info   :Zeepkist GTR] 17:58:02 Starting recorder
[Info   :Zeepkist Bingo] [BINGO] === PLAYER SPAWNED ===
[Info   :Zeepkist Bingo] [BINGO] IsInActiveSession: False
[Info   :Zeepkist Bingo] [BINGO] Not in active session, skipping timer reset
[Info   :Zeepkist GTR] 17:58:20 Loading personal best...
[Info   :Zeepkist GTR] 17:58:20 Start processing HTTP request "POST" https://graphql.zeepki.st/
[Info   :Zeepkist GTR] 17:58:20 Sending HTTP request "POST" https://graphql.zeepki.st/
[Info   :Zeepkist GTR] 17:58:20 Stopping existing recorder if any
[Info   :Zeepkist GTR] 17:58:20 Creating new recorder
[Info   :Zeepkist GTR] 17:58:20 Start processing HTTP request "POST" https://graphql.zeepki.st/
[Info   :Zeepkist GTR] 17:58:20 Sending HTTP request "POST" https://graphql.zeepki.st/
[Info   :Zeepkist GTR] 17:58:20 Start processing HTTP request "POST" https://graphql.zeepki.st/
[Info   :Zeepkist GTR] 17:58:20 Sending HTTP request "POST" https://graphql.zeepki.st/
[Info   :Zeepkist GTR] 17:58:20 Received HTTP response headers after 265.7934ms - 200
[Info   :Zeepkist GTR] 17:58:20 End processing HTTP request after 266.0535ms - 200
[Info   :Zeepkist GTR] 17:58:20 Received HTTP response headers after 268.2994ms - 200
[Info   :Zeepkist GTR] 17:58:20 End processing HTTP request after 268.4937ms - 200
[Info   :Zeepkist GTR] 17:58:20 Received HTTP response headers after 456.0978ms - 200
[Info   :Zeepkist GTR] 17:58:20 End processing HTTP request after 456.4017ms - 200
[Info   :Zeepkist GTR] 17:58:20 Start processing HTTP request "POST" https://graphql.zeepki.st/
[Info   :Zeepkist GTR] 17:58:20 Sending HTTP request "POST" https://graphql.zeepki.st/
[Info   :Zeepkist GTR] 17:58:21 Received HTTP response headers after 366.139ms - 200
[Info   :Zeepkist GTR] 17:58:21 End processing HTTP request after 366.4237ms - 200
[Info   :Zeepkist GTR] 17:58:22 Starting recorder
[Info   :Zeepkist GTR] 18:00:59 Discarding recorder
[Info   :Zeepkist Bingo] [CHAT] Intercepted message: o/
[Info   :Zeepkist Bingo] [CHAT] Not relaying - no bingo session
[Info   :Zeepkist Bingo] [BINGO] Level loaded
[Info   :Zeepkist GTR] 18:01:14 Start processing HTTP request "POST" https://backend.zeepki.st/level/request
[Info   :Zeepkist GTR] 18:01:14 Sending HTTP request "POST" https://backend.zeepki.st/level/request
[Info   :Zeepkist Bingo] [BINGO] === PLAYER SPAWNED ===
[Info   :Zeepkist Bingo] [BINGO] IsInActiveSession: False
[Info   :Zeepkist Bingo] [BINGO] Not in active session, skipping timer reset
[Info   :Zeepkist GTR] 18:01:14 Loading personal best...
[Info   :Zeepkist GTR] 18:01:14 Start processing HTTP request "POST" https://graphql.zeepki.st/
[Info   :Zeepkist GTR] 18:01:14 Sending HTTP request "POST" https://graphql.zeepki.st/
[Info   :Zeepkist GTR] 18:01:14 Stopping existing recorder if any
[Info   :Zeepkist GTR] 18:01:14 Creating new recorder
[Info   :Zeepkist GTR] 18:01:14 Start processing HTTP request "POST" https://graphql.zeepki.st/
[Info   :Zeepkist GTR] 18:01:14 Sending HTTP request "POST" https://graphql.zeepki.st/
[Info   :Zeepkist GTR] 18:01:14 Start processing HTTP request "POST" https://graphql.zeepki.st/
[Info   :Zeepkist GTR] 18:01:14 Sending HTTP request "POST" https://graphql.zeepki.st/
[Info   :Zeepkist GTR] 18:01:14 Received HTTP response headers after 332.0457ms - 200
[Info   :Zeepkist GTR] 18:01:14 End processing HTTP request after 332.2638ms - 200
[Info   :Zeepkist GTR] 18:01:14 Received HTTP response headers after 507.5816ms - 200
[Info   :Zeepkist GTR] 18:01:14 End processing HTTP request after 507.7792ms - 200
[Info   :Zeepkist GTR] 18:01:14 Start processing HTTP request "POST" https://graphql.zeepki.st/
[Info   :Zeepkist GTR] 18:01:14 Sending HTTP request "POST" https://graphql.zeepki.st/
[Info   :Zeepkist GTR] 18:01:15 Received HTTP response headers after 568.2183ms - 200
[Info   :Zeepkist GTR] 18:01:15 End processing HTTP request after 568.4861ms - 200
[Info   :Zeepkist GTR] 18:01:15 Received HTTP response headers after 730.3389ms - 200
[Info   :Zeepkist GTR] 18:01:15 End processing HTTP request after 730.6469ms - 200
[Info   :Zeepkist GTR] 18:01:15 Received HTTP response headers after 167.284ms - 200
[Info   :Zeepkist GTR] 18:01:15 End processing HTTP request after 167.562ms - 200
[Info   :Zeepkist GTR] 18:01:16 Starting recorder
[Info   :Zeepkist Bingo] [BINGO] === PLAYER SPAWNED ===
[Info   :Zeepkist Bingo] [BINGO] IsInActiveSession: False
[Info   :Zeepkist Bingo] [BINGO] Not in active session, skipping timer reset
[Info   :Zeepkist GTR] 18:01:51 Loading personal best...
[Info   :Zeepkist GTR] 18:01:51 Start processing HTTP request "POST" https://graphql.zeepki.st/
[Info   :Zeepkist GTR] 18:01:51 Sending HTTP request "POST" https://graphql.zeepki.st/
[Info   :Zeepkist GTR] 18:01:51 Stopping existing recorder if any
[Info   :Zeepkist GTR] 18:01:51 Creating new recorder
[Info   :Zeepkist GTR] 18:01:51 Start processing HTTP request "POST" https://graphql.zeepki.st/
[Info   :Zeepkist GTR] 18:01:51 Sending HTTP request "POST" https://graphql.zeepki.st/
[Info   :Zeepkist GTR] 18:01:51 Start processing HTTP request "POST" https://graphql.zeepki.st/
[Info   :Zeepkist GTR] 18:01:51 Sending HTTP request "POST" https://graphql.zeepki.st/
[Info   :Zeepkist GTR] 18:01:51 Received HTTP response headers after 181.7814ms - 200
[Info   :Zeepkist GTR] 18:01:51 End processing HTTP request after 182.126ms - 200
[Info   :Zeepkist GTR] 18:01:51 Received HTTP response headers after 236.0463ms - 200
[Info   :Zeepkist GTR] 18:01:51 End processing HTTP request after 236.4925ms - 200
[Info   :Zeepkist GTR] 18:01:51 Received HTTP response headers after 352.78ms - 200
[Info   :Zeepkist GTR] 18:01:51 End processing HTTP request after 353.1219ms - 200
[Info   :Zeepkist GTR] 18:01:51 Start processing HTTP request "POST" https://graphql.zeepki.st/
[Info   :Zeepkist GTR] 18:01:51 Sending HTTP request "POST" https://graphql.zeepki.st/
[Info   :Zeepkist GTR] 18:01:52 Received HTTP response headers after 175.4466ms - 200
[Info   :Zeepkist GTR] 18:01:52 End processing HTTP request after 175.7811ms - 200
[Info   :Zeepkist GTR] 18:01:53 Starting recorder
[Info   :Zeepkist GTR] 18:06:12 Discarding recorder
[Info   :   Console] Download started for AppId: 1440670, FileId: 3787509845, Result: OK
[Info   :Zeepkist Bingo] [BINGO] Level loaded
[Info   :Zeepkist GTR] 18:06:27 Start processing HTTP request "POST" https://backend.zeepki.st/level/request
[Info   :Zeepkist GTR] 18:06:27 Sending HTTP request "POST" https://backend.zeepki.st/level/request
[Info   :Zeepkist Bingo] [BINGO] === PLAYER SPAWNED ===
[Info   :Zeepkist Bingo] [BINGO] IsInActiveSession: False
[Info   :Zeepkist Bingo] [BINGO] Not in active session, skipping timer reset
[Info   :Zeepkist GTR] 18:06:27 Loading personal best...
[Info   :Zeepkist GTR] 18:06:27 Start processing HTTP request "POST" https://graphql.zeepki.st/
[Info   :Zeepkist GTR] 18:06:27 Sending HTTP request "POST" https://graphql.zeepki.st/
[Info   :Zeepkist GTR] 18:06:27 Stopping existing recorder if any
[Info   :Zeepkist GTR] 18:06:27 Creating new recorder
[Info   :Zeepkist GTR] 18:06:27 Start processing HTTP request "POST" https://graphql.zeepki.st/
[Info   :Zeepkist GTR] 18:06:27 Sending HTTP request "POST" https://graphql.zeepki.st/
[Info   :Zeepkist GTR] 18:06:27 Start processing HTTP request "POST" https://graphql.zeepki.st/
[Info   :Zeepkist GTR] 18:06:27 Sending HTTP request "POST" https://graphql.zeepki.st/
[Info   :Zeepkist GTR] 18:06:28 Received HTTP response headers after 624.8958ms - 200
[Info   :Zeepkist GTR] 18:06:28 End processing HTTP request after 625.1732ms - 200
[Info   :Zeepkist GTR] 18:06:28 Received HTTP response headers after 583.4118ms - 200
[Info   :Zeepkist GTR] 18:06:28 End processing HTTP request after 583.597ms - 200
[Info   :Zeepkist GTR] 18:06:28 Received HTTP response headers after 662.89ms - 200
[Info   :Zeepkist GTR] 18:06:28 End processing HTTP request after 663.1382ms - 200
[Info   :Zeepkist GTR] 18:06:28 Received HTTP response headers after 752.7697ms - 200
[Info   :Zeepkist GTR] 18:06:28 End processing HTTP request after 753.1223ms - 200
[Info   :Zeepkist GTR] 18:06:28 Start processing HTTP request "POST" https://graphql.zeepki.st/
[Info   :Zeepkist GTR] 18:06:28 Sending HTTP request "POST" https://graphql.zeepki.st/
[Info   :Zeepkist GTR] 18:06:28 Received HTTP response headers after 227.8879ms - 200
[Info   :Zeepkist GTR] 18:06:28 End processing HTTP request after 228.2245ms - 200
[Info   :Zeepkist GTR] 18:06:29 Starting recorder
[Info   :Zeepkist Bingo] [BINGO] === PLAYER SPAWNED ===
[Info   :Zeepkist Bingo] [BINGO] IsInActiveSession: False
[Info   :Zeepkist Bingo] [BINGO] Not in active session, skipping timer reset
[Info   :Zeepkist GTR] 18:07:16 Loading personal best...
[Info   :Zeepkist GTR] 18:07:16 Start processing HTTP request "POST" https://graphql.zeepki.st/
[Info   :Zeepkist GTR] 18:07:16 Sending HTTP request "POST" https://graphql.zeepki.st/
[Info   :Zeepkist GTR] 18:07:16 Stopping existing recorder if any
[Info   :Zeepkist GTR] 18:07:16 Creating new recorder
[Info   :Zeepkist GTR] 18:07:16 Start processing HTTP request "POST" https://graphql.zeepki.st/
[Info   :Zeepkist GTR] 18:07:16 Sending HTTP request "POST" https://graphql.zeepki.st/
[Info   :Zeepkist GTR] 18:07:16 Start processing HTTP request "POST" https://graphql.zeepki.st/
[Info   :Zeepkist GTR] 18:07:16 Sending HTTP request "POST" https://graphql.zeepki.st/
[Info   :Zeepkist GTR] 18:07:17 Received HTTP response headers after 260.4882ms - 200
[Info   :Zeepkist GTR] 18:07:17 End processing HTTP request after 260.7203ms - 200
[Info   :Zeepkist GTR] 18:07:17 Received HTTP response headers after 307.6318ms - 200
[Info   :Zeepkist GTR] 18:07:17 End processing HTTP request after 307.8592ms - 200
[Info   :Zeepkist GTR] 18:07:17 Received HTTP response headers after 436.0972ms - 200
[Info   :Zeepkist GTR] 18:07:17 End processing HTTP request after 436.3078ms - 200
[Info   :Zeepkist GTR] 18:07:17 Start processing HTTP request "POST" https://graphql.zeepki.st/
[Info   :Zeepkist GTR] 18:07:17 Sending HTTP request "POST" https://graphql.zeepki.st/
[Info   :Zeepkist GTR] 18:07:17 Received HTTP response headers after 176.467ms - 200
[Info   :Zeepkist GTR] 18:07:17 End processing HTTP request after 176.863ms - 200
[Info   :Zeepkist GTR] 18:07:18 Starting recorder
[Info   :Zeepkist Bingo] [BINGO] === PLAYER SPAWNED ===
[Info   :Zeepkist Bingo] [BINGO] IsInActiveSession: False
[Info   :Zeepkist Bingo] [BINGO] Not in active session, skipping timer reset
[Info   :Zeepkist GTR] 18:07:27 Loading personal best...
[Info   :Zeepkist GTR] 18:07:27 Start processing HTTP request "POST" https://graphql.zeepki.st/
[Info   :Zeepkist GTR] 18:07:27 Sending HTTP request "POST" https://graphql.zeepki.st/
[Info   :Zeepkist GTR] 18:07:27 Stopping existing recorder if any
[Info   :Zeepkist GTR] 18:07:27 Creating new recorder
[Info   :Zeepkist GTR] 18:07:27 Start processing HTTP request "POST" https://graphql.zeepki.st/
[Info   :Zeepkist GTR] 18:07:27 Sending HTTP request "POST" https://graphql.zeepki.st/
[Info   :Zeepkist GTR] 18:07:27 Start processing HTTP request "POST" https://graphql.zeepki.st/
[Info   :Zeepkist GTR] 18:07:27 Sending HTTP request "POST" https://graphql.zeepki.st/
[Info   :Zeepkist GTR] 18:07:27 Received HTTP response headers after 184.3837ms - 200
[Info   :Zeepkist GTR] 18:07:27 End processing HTTP request after 184.8488ms - 200
[Info   :Zeepkist GTR] 18:07:28 Received HTTP response headers after 238.4942ms - 200
[Info   :Zeepkist GTR] 18:07:28 End processing HTTP request after 238.7134ms - 200
[Info   :Zeepkist GTR] 18:07:28 Received HTTP response headers after 362.0144ms - 200
[Info   :Zeepkist GTR] 18:07:28 End processing HTTP request after 362.4382ms - 200
[Info   :Zeepkist GTR] 18:07:28 Start processing HTTP request "POST" https://graphql.zeepki.st/
[Info   :Zeepkist GTR] 18:07:28 Sending HTTP request "POST" https://graphql.zeepki.st/
[Info   :Zeepkist GTR] 18:07:28 Received HTTP response headers after 177.2435ms - 200
[Info   :Zeepkist GTR] 18:07:28 End processing HTTP request after 177.5391ms - 200
[Info   :Zeepkist GTR] 18:07:29 Starting recorder
[Info   :Zeepkist Bingo] [BINGO] === PLAYER SPAWNED ===
[Info   :Zeepkist Bingo] [BINGO] IsInActiveSession: False
[Info   :Zeepkist Bingo] [BINGO] Not in active session, skipping timer reset
[Info   :Zeepkist GTR] 18:07:52 Loading personal best...
[Info   :Zeepkist GTR] 18:07:52 Start processing HTTP request "POST" https://graphql.zeepki.st/
[Info   :Zeepkist GTR] 18:07:52 Sending HTTP request "POST" https://graphql.zeepki.st/
[Info   :Zeepkist GTR] 18:07:52 Stopping existing recorder if any
[Info   :Zeepkist GTR] 18:07:52 Creating new recorder
[Info   :Zeepkist GTR] 18:07:52 Start processing HTTP request "POST" https://graphql.zeepki.st/
[Info   :Zeepkist GTR] 18:07:52 Sending HTTP request "POST" https://graphql.zeepki.st/
[Info   :Zeepkist GTR] 18:07:52 Start processing HTTP request "POST" https://graphql.zeepki.st/
[Info   :Zeepkist GTR] 18:07:52 Sending HTTP request "POST" https://graphql.zeepki.st/
[Info   :Zeepkist GTR] 18:07:52 Received HTTP response headers after 206.9101ms - 200
[Info   :Zeepkist GTR] 18:07:52 End processing HTTP request after 207.13ms - 200
[Info   :Zeepkist GTR] 18:07:53 Received HTTP response headers after 270.5602ms - 200
[Info   :Zeepkist GTR] 18:07:53 End processing HTTP request after 270.7606ms - 200
[Info   :Zeepkist GTR] 18:07:53 Received HTTP response headers after 385.2013ms - 200
[Info   :Zeepkist GTR] 18:07:53 End processing HTTP request after 385.4716ms - 200
[Info   :Zeepkist GTR] 18:07:53 Start processing HTTP request "POST" https://graphql.zeepki.st/
[Info   :Zeepkist GTR] 18:07:53 Sending HTTP request "POST" https://graphql.zeepki.st/
[Info   :Zeepkist GTR] 18:07:53 Received HTTP response headers after 197.0105ms - 200
[Info   :Zeepkist GTR] 18:07:53 End processing HTTP request after 197.3156ms - 200
[Info   :Zeepkist GTR] 18:07:54 Starting recorder
[Info   :Zeepkist Bingo] [BINGO] === PLAYER SPAWNED ===
[Info   :Zeepkist Bingo] [BINGO] IsInActiveSession: False
[Info   :Zeepkist Bingo] [BINGO] Not in active session, skipping timer reset
[Info   :Zeepkist GTR] 18:07:57 Loading personal best...
[Info   :Zeepkist GTR] 18:07:57 Start processing HTTP request "POST" https://graphql.zeepki.st/
[Info   :Zeepkist GTR] 18:07:57 Sending HTTP request "POST" https://graphql.zeepki.st/
[Info   :Zeepkist GTR] 18:07:57 Stopping existing recorder if any
[Info   :Zeepkist GTR] 18:07:57 Creating new recorder
[Info   :Zeepkist GTR] 18:07:57 Start processing HTTP request "POST" https://graphql.zeepki.st/
[Info   :Zeepkist GTR] 18:07:57 Sending HTTP request "POST" https://graphql.zeepki.st/
[Info   :Zeepkist GTR] 18:07:57 Start processing HTTP request "POST" https://graphql.zeepki.st/
[Info   :Zeepkist GTR] 18:07:57 Sending HTTP request "POST" https://graphql.zeepki.st/
[Info   :Zeepkist GTR] 18:07:57 Received HTTP response headers after 235.6278ms - 200
[Info   :Zeepkist GTR] 18:07:57 End processing HTTP request after 235.9346ms - 200
[Info   :Zeepkist GTR] 18:07:57 Received HTTP response headers after 261.6737ms - 200
[Info   :Zeepkist GTR] 18:07:57 End processing HTTP request after 261.9646ms - 200
[Info   :Zeepkist GTR] 18:07:58 Received HTTP response headers after 512.0125ms - 200
[Info   :Zeepkist GTR] 18:07:58 End processing HTTP request after 512.3124ms - 200
[Info   :Zeepkist GTR] 18:07:58 Start processing HTTP request "POST" https://graphql.zeepki.st/
[Info   :Zeepkist GTR] 18:07:58 Sending HTTP request "POST" https://graphql.zeepki.st/
[Info   :Zeepkist GTR] 18:07:58 Received HTTP response headers after 535.6117ms - 200
[Info   :Zeepkist GTR] 18:07:58 End processing HTTP request after 535.8752ms - 200
[Info   :Zeepkist GTR] 18:07:59 Starting recorder
[Info   :Zeepkist Bingo] [BINGO] === PLAYER SPAWNED ===
[Info   :Zeepkist Bingo] [BINGO] IsInActiveSession: False
[Info   :Zeepkist Bingo] [BINGO] Not in active session, skipping timer reset
[Info   :Zeepkist GTR] 18:08:01 Loading personal best...
[Info   :Zeepkist GTR] 18:08:01 Start processing HTTP request "POST" https://graphql.zeepki.st/
[Info   :Zeepkist GTR] 18:08:01 Sending HTTP request "POST" https://graphql.zeepki.st/
[Info   :Zeepkist GTR] 18:08:01 Stopping existing recorder if any
[Info   :Zeepkist GTR] 18:08:01 Creating new recorder
[Info   :Zeepkist GTR] 18:08:01 Start processing HTTP request "POST" https://graphql.zeepki.st/
[Info   :Zeepkist GTR] 18:08:01 Sending HTTP request "POST" https://graphql.zeepki.st/
[Info   :Zeepkist GTR] 18:08:01 Start processing HTTP request "POST" https://graphql.zeepki.st/
[Info   :Zeepkist GTR] 18:08:01 Sending HTTP request "POST" https://graphql.zeepki.st/
[Info   :Zeepkist GTR] 18:08:01 Received HTTP response headers after 199.4264ms - 200
[Info   :Zeepkist GTR] 18:08:01 End processing HTTP request after 199.6713ms - 200
[Info   :Zeepkist GTR] 18:08:02 Received HTTP response headers after 251.4929ms - 200
[Info   :Zeepkist GTR] 18:08:02 End processing HTTP request after 251.8275ms - 200
[Info   :Zeepkist GTR] 18:08:02 Received HTTP response headers after 389.4459ms - 200
[Info   :Zeepkist GTR] 18:08:02 End processing HTTP request after 389.7018ms - 200
[Info   :Zeepkist GTR] 18:08:02 Start processing HTTP request "POST" https://graphql.zeepki.st/
[Info   :Zeepkist GTR] 18:08:02 Sending HTTP request "POST" https://graphql.zeepki.st/
[Info   :Zeepkist GTR] 18:08:02 Received HTTP response headers after 193.995ms - 200
[Info   :Zeepkist GTR] 18:08:02 End processing HTTP request after 194.3029ms - 200
[Info   :Zeepkist GTR] 18:08:03 Starting recorder
[Info   :Zeepkist Bingo] [BINGO] === PLAYER SPAWNED ===
[Info   :Zeepkist Bingo] [BINGO] IsInActiveSession: False
[Info   :Zeepkist Bingo] [BINGO] Not in active session, skipping timer reset
[Info   :Zeepkist GTR] 18:08:14 Loading personal best...
[Info   :Zeepkist GTR] 18:08:14 Start processing HTTP request "POST" https://graphql.zeepki.st/
[Info   :Zeepkist GTR] 18:08:14 Sending HTTP request "POST" https://graphql.zeepki.st/
[Info   :Zeepkist GTR] 18:08:14 Stopping existing recorder if any
[Info   :Zeepkist GTR] 18:08:14 Creating new recorder
[Info   :Zeepkist GTR] 18:08:14 Start processing HTTP request "POST" https://graphql.zeepki.st/
[Info   :Zeepkist GTR] 18:08:14 Sending HTTP request "POST" https://graphql.zeepki.st/
[Info   :Zeepkist GTR] 18:08:14 Start processing HTTP request "POST" https://graphql.zeepki.st/
[Info   :Zeepkist GTR] 18:08:14 Sending HTTP request "POST" https://graphql.zeepki.st/
[Info   :Zeepkist GTR] 18:08:15 Received HTTP response headers after 213.4192ms - 200
[Info   :Zeepkist GTR] 18:08:15 End processing HTTP request after 213.6614ms - 200
[Info   :Zeepkist GTR] 18:08:15 Received HTTP response headers after 255.9222ms - 200
[Info   :Zeepkist GTR] 18:08:15 End processing HTTP request after 256.1959ms - 200
[Info   :Zeepkist GTR] 18:08:15 Received HTTP response headers after 415.317ms - 200
[Info   :Zeepkist GTR] 18:08:15 End processing HTTP request after 415.5785ms - 200
[Info   :Zeepkist GTR] 18:08:15 Start processing HTTP request "POST" https://graphql.zeepki.st/
[Info   :Zeepkist GTR] 18:08:15 Sending HTTP request "POST" https://graphql.zeepki.st/
[Info   :Zeepkist GTR] 18:08:15 Received HTTP response headers after 182.2944ms - 200
[Info   :Zeepkist GTR] 18:08:15 End processing HTTP request after 182.611ms - 200
[Info   :Zeepkist GTR] 18:08:16 Starting recorder
[Info   :Zeepkist Bingo] [BINGO] === PLAYER SPAWNED ===
[Info   :Zeepkist Bingo] [BINGO] IsInActiveSession: False
[Info   :Zeepkist Bingo] [BINGO] Not in active session, skipping timer reset
[Info   :Zeepkist GTR] 18:08:26 Loading personal best...
[Info   :Zeepkist GTR] 18:08:26 Start processing HTTP request "POST" https://graphql.zeepki.st/
[Info   :Zeepkist GTR] 18:08:26 Sending HTTP request "POST" https://graphql.zeepki.st/
[Info   :Zeepkist GTR] 18:08:26 Stopping existing recorder if any
[Info   :Zeepkist GTR] 18:08:26 Creating new recorder
[Info   :Zeepkist GTR] 18:08:26 Start processing HTTP request "POST" https://graphql.zeepki.st/
[Info   :Zeepkist GTR] 18:08:26 Sending HTTP request "POST" https://graphql.zeepki.st/
[Info   :Zeepkist GTR] 18:08:26 Start processing HTTP request "POST" https://graphql.zeepki.st/
[Info   :Zeepkist GTR] 18:08:26 Sending HTTP request "POST" https://graphql.zeepki.st/
[Info   :Zeepkist GTR] 18:08:26 Received HTTP response headers after 195.9703ms - 200
[Info   :Zeepkist GTR] 18:08:26 End processing HTTP request after 196.272ms - 200
[Info   :Zeepkist GTR] 18:08:26 Received HTTP response headers after 236.0159ms - 200
[Info   :Zeepkist GTR] 18:08:26 End processing HTTP request after 236.2927ms - 200
[Info   :Zeepkist GTR] 18:08:26 Received HTTP response headers after 389.2561ms - 200
[Info   :Zeepkist GTR] 18:08:26 End processing HTTP request after 389.4958ms - 200
[Info   :Zeepkist GTR] 18:08:26 Start processing HTTP request "POST" https://graphql.zeepki.st/
[Info   :Zeepkist GTR] 18:08:26 Sending HTTP request "POST" https://graphql.zeepki.st/
[Info   :Zeepkist GTR] 18:08:26 Received HTTP response headers after 177.5226ms - 200
[Info   :Zeepkist GTR] 18:08:26 End processing HTTP request after 177.81ms - 200
[Info   :Zeepkist GTR] 18:08:27 Starting recorder
[Info   :Zeepkist Bingo] [BINGO] === PLAYER SPAWNED ===
[Info   :Zeepkist Bingo] [BINGO] IsInActiveSession: False
[Info   :Zeepkist Bingo] [BINGO] Not in active session, skipping timer reset
[Info   :Zeepkist GTR] 18:08:39 Loading personal best...
[Info   :Zeepkist GTR] 18:08:39 Start processing HTTP request "POST" https://graphql.zeepki.st/
[Info   :Zeepkist GTR] 18:08:39 Sending HTTP request "POST" https://graphql.zeepki.st/
[Info   :Zeepkist GTR] 18:08:39 Stopping existing recorder if any
[Info   :Zeepkist GTR] 18:08:39 Creating new recorder
[Info   :Zeepkist GTR] 18:08:39 Start processing HTTP request "POST" https://graphql.zeepki.st/
[Info   :Zeepkist GTR] 18:08:39 Sending HTTP request "POST" https://graphql.zeepki.st/
[Info   :Zeepkist GTR] 18:08:39 Start processing HTTP request "POST" https://graphql.zeepki.st/
[Info   :Zeepkist GTR] 18:08:39 Sending HTTP request "POST" https://graphql.zeepki.st/
[Info   :Zeepkist GTR] 18:08:39 Received HTTP response headers after 323.7979ms - 200
[Info   :Zeepkist GTR] 18:08:39 End processing HTTP request after 324.0802ms - 200
[Info   :Zeepkist GTR] 18:08:39 Received HTTP response headers after 502.2093ms - 200
[Info   :Zeepkist GTR] 18:08:39 End processing HTTP request after 502.5559ms - 200
[Info   :Zeepkist GTR] 18:08:39 Start processing HTTP request "POST" https://graphql.zeepki.st/
[Info   :Zeepkist GTR] 18:08:39 Sending HTTP request "POST" https://graphql.zeepki.st/
[Info   :Zeepkist GTR] 18:08:39 Received HTTP response headers after 543.9282ms - 200
[Info   :Zeepkist GTR] 18:08:39 End processing HTTP request after 544.2595ms - 200
[Info   :Zeepkist GTR] 18:08:39 Received HTTP response headers after 177.3343ms - 200
[Info   :Zeepkist GTR] 18:08:39 End processing HTTP request after 177.6141ms - 200
[Info   :Zeepkist GTR] 18:08:40 Starting recorder
[Info   :Zeepkist Bingo] [BINGO] === PLAYER SPAWNED ===
[Info   :Zeepkist Bingo] [BINGO] IsInActiveSession: False
[Info   :Zeepkist Bingo] [BINGO] Not in active session, skipping timer reset
[Info   :Zeepkist GTR] 18:09:12 Loading personal best...
[Info   :Zeepkist GTR] 18:09:12 Start processing HTTP request "POST" https://graphql.zeepki.st/
[Info   :Zeepkist GTR] 18:09:12 Sending HTTP request "POST" https://graphql.zeepki.st/
[Info   :Zeepkist GTR] 18:09:12 Stopping existing recorder if any
[Info   :Zeepkist GTR] 18:09:12 Creating new recorder
[Info   :Zeepkist GTR] 18:09:12 Start processing HTTP request "POST" https://graphql.zeepki.st/
[Info   :Zeepkist GTR] 18:09:12 Sending HTTP request "POST" https://graphql.zeepki.st/
[Info   :Zeepkist GTR] 18:09:12 Start processing HTTP request "POST" https://graphql.zeepki.st/
[Info   :Zeepkist GTR] 18:09:12 Sending HTTP request "POST" https://graphql.zeepki.st/
[Info   :Zeepkist GTR] 18:09:12 Received HTTP response headers after 193.1861ms - 200
[Info   :Zeepkist GTR] 18:09:12 End processing HTTP request after 193.4455ms - 200
[Info   :Zeepkist GTR] 18:09:12 Received HTTP response headers after 201.8226ms - 200
[Info   :Zeepkist GTR] 18:09:12 End processing HTTP request after 202.0644ms - 200
[Info   :Zeepkist GTR] 18:09:12 Received HTTP response headers after 383.3848ms - 200
[Info   :Zeepkist GTR] 18:09:12 End processing HTTP request after 383.6443ms - 200
[Info   :Zeepkist GTR] 18:09:12 Start processing HTTP request "POST" https://graphql.zeepki.st/
[Info   :Zeepkist GTR] 18:09:12 Sending HTTP request "POST" https://graphql.zeepki.st/
[Info   :Zeepkist GTR] 18:09:12 Received HTTP response headers after 201.0223ms - 200
[Info   :Zeepkist GTR] 18:09:12 End processing HTTP request after 201.2854ms - 200
[Info   :Zeepkist GTR] 18:09:14 Starting recorder
[Info   :Zeepkist Bingo] [BINGO] === PLAYER SPAWNED ===
[Info   :Zeepkist Bingo] [BINGO] IsInActiveSession: False
[Info   :Zeepkist Bingo] [BINGO] Not in active session, skipping timer reset
[Info   :Zeepkist GTR] 18:09:15 Loading personal best...
[Info   :Zeepkist GTR] 18:09:15 Start processing HTTP request "POST" https://graphql.zeepki.st/
[Info   :Zeepkist GTR] 18:09:15 Sending HTTP request "POST" https://graphql.zeepki.st/
[Info   :Zeepkist GTR] 18:09:15 Stopping existing recorder if any
[Info   :Zeepkist GTR] 18:09:15 Creating new recorder
[Info   :Zeepkist GTR] 18:09:15 Start processing HTTP request "POST" https://graphql.zeepki.st/
[Info   :Zeepkist GTR] 18:09:15 Sending HTTP request "POST" https://graphql.zeepki.st/
[Info   :Zeepkist GTR] 18:09:15 Start processing HTTP request "POST" https://graphql.zeepki.st/
[Info   :Zeepkist GTR] 18:09:15 Sending HTTP request "POST" https://graphql.zeepki.st/
[Info   :Zeepkist GTR] 18:09:15 Received HTTP response headers after 204.5466ms - 200
[Info   :Zeepkist GTR] 18:09:15 Received HTTP response headers after 204.9697ms - 200
[Info   :Zeepkist GTR] 18:09:15 End processing HTTP request after 205.2149ms - 200
[Info   :Zeepkist GTR] 18:09:15 End processing HTTP request after 204.8248ms - 200
[Info   :Zeepkist GTR] 18:09:15 Received HTTP response headers after 395.6711ms - 200
[Info   :Zeepkist GTR] 18:09:15 End processing HTTP request after 395.8965ms - 200
[Info   :Zeepkist GTR] 18:09:15 Start processing HTTP request "POST" https://graphql.zeepki.st/
[Info   :Zeepkist GTR] 18:09:15 Sending HTTP request "POST" https://graphql.zeepki.st/
[Info   :Zeepkist GTR] 18:09:16 Received HTTP response headers after 184.5431ms - 200
[Info   :Zeepkist GTR] 18:09:16 End processing HTTP request after 184.8489ms - 200
[Info   :Zeepkist GTR] 18:09:17 Starting recorder
[Info   :Zeepkist Bingo] [BINGO] === PLAYER SPAWNED ===
[Info   :Zeepkist Bingo] [BINGO] IsInActiveSession: False
[Info   :Zeepkist Bingo] [BINGO] Not in active session, skipping timer reset
[Info   :Zeepkist GTR] 18:09:41 Loading personal best...
[Info   :Zeepkist GTR] 18:09:41 Start processing HTTP request "POST" https://graphql.zeepki.st/
[Info   :Zeepkist GTR] 18:09:41 Sending HTTP request "POST" https://graphql.zeepki.st/
[Info   :Zeepkist GTR] 18:09:41 Stopping existing recorder if any
[Info   :Zeepkist GTR] 18:09:41 Creating new recorder
[Info   :Zeepkist GTR] 18:09:41 Start processing HTTP request "POST" https://graphql.zeepki.st/
[Info   :Zeepkist GTR] 18:09:41 Sending HTTP request "POST" https://graphql.zeepki.st/
[Info   :Zeepkist GTR] 18:09:41 Start processing HTTP request "POST" https://graphql.zeepki.st/
[Info   :Zeepkist GTR] 18:09:41 Sending HTTP request "POST" https://graphql.zeepki.st/
[Info   :Zeepkist GTR] 18:09:42 Received HTTP response headers after 190.7414ms - 200
[Info   :Zeepkist GTR] 18:09:42 End processing HTTP request after 190.9693ms - 200
[Info   :Zeepkist GTR] 18:09:42 Received HTTP response headers after 206.3408ms - 200
[Info   :Zeepkist GTR] 18:09:42 End processing HTTP request after 206.5859ms - 200
[Info   :Zeepkist GTR] 18:09:42 Received HTTP response headers after 412.2809ms - 200
[Info   :Zeepkist GTR] 18:09:42 End processing HTTP request after 412.4973ms - 200
[Info   :Zeepkist GTR] 18:09:42 Start processing HTTP request "POST" https://graphql.zeepki.st/
[Info   :Zeepkist GTR] 18:09:42 Sending HTTP request "POST" https://graphql.zeepki.st/
[Info   :Zeepkist GTR] 18:09:42 Received HTTP response headers after 228.8311ms - 200
[Info   :Zeepkist GTR] 18:09:42 End processing HTTP request after 229.1275ms - 200
[Info   :Zeepkist GTR] 18:09:43 Starting recorder
[Info   :Zeepkist Bingo] [BINGO] === PLAYER SPAWNED ===
[Info   :Zeepkist Bingo] [BINGO] IsInActiveSession: False
[Info   :Zeepkist Bingo] [BINGO] Not in active session, skipping timer reset
[Info   :Zeepkist GTR] 18:10:30 Loading personal best...
[Info   :Zeepkist GTR] 18:10:30 Start processing HTTP request "POST" https://graphql.zeepki.st/
[Info   :Zeepkist GTR] 18:10:30 Sending HTTP request "POST" https://graphql.zeepki.st/
[Info   :Zeepkist GTR] 18:10:30 Stopping existing recorder if any
[Info   :Zeepkist GTR] 18:10:30 Creating new recorder
[Info   :Zeepkist GTR] 18:10:30 Start processing HTTP request "POST" https://graphql.zeepki.st/
[Info   :Zeepkist GTR] 18:10:30 Sending HTTP request "POST" https://graphql.zeepki.st/
[Info   :Zeepkist GTR] 18:10:30 Start processing HTTP request "POST" https://graphql.zeepki.st/
[Info   :Zeepkist GTR] 18:10:30 Sending HTTP request "POST" https://graphql.zeepki.st/
[Info   :Zeepkist GTR] 18:10:30 Received HTTP response headers after 195.6853ms - 200
[Info   :Zeepkist GTR] 18:10:30 Received HTTP response headers after 196.0874ms - 200
[Info   :Zeepkist GTR] 18:10:30 End processing HTTP request after 196.285ms - 200
[Info   :Zeepkist GTR] 18:10:30 End processing HTTP request after 195.9386ms - 200
[Info   :Zeepkist GTR] 18:10:30 Received HTTP response headers after 381.6404ms - 200
[Info   :Zeepkist GTR] 18:10:30 End processing HTTP request after 381.8694ms - 200
[Info   :Zeepkist GTR] 18:10:30 Start processing HTTP request "POST" https://graphql.zeepki.st/
[Info   :Zeepkist GTR] 18:10:30 Sending HTTP request "POST" https://graphql.zeepki.st/
[Info   :Zeepkist GTR] 18:10:30 Received HTTP response headers after 185.3917ms - 200
[Info   :Zeepkist GTR] 18:10:30 End processing HTTP request after 185.6478ms - 200
[Info   :Zeepkist GTR] 18:10:32 Starting recorder
[Info   :Zeepkist Bingo] [BINGO] === PLAYER SPAWNED ===
[Info   :Zeepkist Bingo] [BINGO] IsInActiveSession: False
[Info   :Zeepkist Bingo] [BINGO] Not in active session, skipping timer reset
[Info   :Zeepkist GTR] 18:11:02 Loading personal best...
[Info   :Zeepkist GTR] 18:11:02 Start processing HTTP request "POST" https://graphql.zeepki.st/
[Info   :Zeepkist GTR] 18:11:02 Sending HTTP request "POST" https://graphql.zeepki.st/
[Info   :Zeepkist GTR] 18:11:02 Stopping existing recorder if any
[Info   :Zeepkist GTR] 18:11:02 Creating new recorder
[Info   :Zeepkist GTR] 18:11:02 Start processing HTTP request "POST" https://graphql.zeepki.st/
[Info   :Zeepkist GTR] 18:11:02 Sending HTTP request "POST" https://graphql.zeepki.st/
[Info   :Zeepkist GTR] 18:11:02 Start processing HTTP request "POST" https://graphql.zeepki.st/
[Info   :Zeepkist GTR] 18:11:02 Sending HTTP request "POST" https://graphql.zeepki.st/
[Info   :Zeepkist GTR] 18:11:03 Received HTTP response headers after 367.2429ms - 200
[Info   :Zeepkist GTR] 18:11:03 End processing HTTP request after 367.4264ms - 200
[Info   :Zeepkist GTR] 18:11:03 Received HTTP response headers after 392.9585ms - 200
[Info   :Zeepkist GTR] 18:11:03 End processing HTTP request after 393.1928ms - 200
[Info   :Zeepkist GTR] 18:11:03 Received HTTP response headers after 572.872ms - 200
[Info   :Zeepkist GTR] 18:11:03 End processing HTTP request after 573.1136ms - 200
[Info   :Zeepkist GTR] 18:11:03 Start processing HTTP request "POST" https://graphql.zeepki.st/
[Info   :Zeepkist GTR] 18:11:03 Sending HTTP request "POST" https://graphql.zeepki.st/
[Info   :Zeepkist GTR] 18:11:03 Received HTTP response headers after 174.3647ms - 200
[Info   :Zeepkist GTR] 18:11:03 End processing HTTP request after 174.692ms - 200
[Info   :Zeepkist GTR] 18:11:04 Starting recorder
[Info   :Zeepkist Bingo] [BINGO] === PLAYER SPAWNED ===
[Info   :Zeepkist Bingo] [BINGO] IsInActiveSession: False
[Info   :Zeepkist Bingo] [BINGO] Not in active session, skipping timer reset
[Info   :Zeepkist GTR] 18:11:13 Loading personal best...
[Info   :Zeepkist GTR] 18:11:13 Start processing HTTP request "POST" https://graphql.zeepki.st/
[Info   :Zeepkist GTR] 18:11:13 Sending HTTP request "POST" https://graphql.zeepki.st/
[Info   :Zeepkist GTR] 18:11:13 Stopping existing recorder if any
[Info   :Zeepkist GTR] 18:11:13 Creating new recorder
[Info   :Zeepkist GTR] 18:11:13 Start processing HTTP request "POST" https://graphql.zeepki.st/
[Info   :Zeepkist GTR] 18:11:13 Sending HTTP request "POST" https://graphql.zeepki.st/
[Info   :Zeepkist GTR] 18:11:13 Start processing HTTP request "POST" https://graphql.zeepki.st/
[Info   :Zeepkist GTR] 18:11:13 Sending HTTP request "POST" https://graphql.zeepki.st/
[Info   :Zeepkist GTR] 18:11:13 Received HTTP response headers after 178.4987ms - 200
[Info   :Zeepkist GTR] 18:11:13 End processing HTTP request after 178.6997ms - 200
[Info   :Zeepkist GTR] 18:11:13 Received HTTP response headers after 186.7876ms - 200
[Info   :Zeepkist GTR] 18:11:13 End processing HTTP request after 187.0216ms - 200
[Info   :Zeepkist GTR] 18:11:13 Received HTTP response headers after 443.4031ms - 200
[Info   :Zeepkist GTR] 18:11:13 End processing HTTP request after 443.7032ms - 200
[Info   :Zeepkist GTR] 18:11:13 Start processing HTTP request "POST" https://graphql.zeepki.st/
[Info   :Zeepkist GTR] 18:11:13 Sending HTTP request "POST" https://graphql.zeepki.st/
[Info   :Zeepkist GTR] 18:11:13 Received HTTP response headers after 189.2911ms - 200
[Info   :Zeepkist GTR] 18:11:13 End processing HTTP request after 189.6099ms - 200
[Info   :Zeepkist GTR] 18:11:14 Starting recorder
[Info   :Zeepkist Bingo] [BINGO] === PLAYER SPAWNED ===
[Info   :Zeepkist Bingo] [BINGO] IsInActiveSession: False
[Info   :Zeepkist Bingo] [BINGO] Not in active session, skipping timer reset
[Info   :Zeepkist GTR] 18:11:17 Loading personal best...
[Info   :Zeepkist GTR] 18:11:17 Start processing HTTP request "POST" https://graphql.zeepki.st/
[Info   :Zeepkist GTR] 18:11:17 Sending HTTP request "POST" https://graphql.zeepki.st/
[Info   :Zeepkist GTR] 18:11:17 Stopping existing recorder if any
[Info   :Zeepkist GTR] 18:11:17 Creating new recorder
[Info   :Zeepkist GTR] 18:11:17 Start processing HTTP request "POST" https://graphql.zeepki.st/
[Info   :Zeepkist GTR] 18:11:17 Sending HTTP request "POST" https://graphql.zeepki.st/
[Info   :Zeepkist GTR] 18:11:17 Start processing HTTP request "POST" https://graphql.zeepki.st/
[Info   :Zeepkist GTR] 18:11:17 Sending HTTP request "POST" https://graphql.zeepki.st/
[Info   :Zeepkist GTR] 18:11:17 Received HTTP response headers after 181.1373ms - 200
[Info   :Zeepkist GTR] 18:11:17 Received HTTP response headers after 181.6855ms - 200
[Info   :Zeepkist GTR] 18:11:17 End processing HTTP request after 181.3761ms - 200
[Info   :Zeepkist GTR] 18:11:17 End processing HTTP request after 181.942ms - 200
[Info   :Zeepkist GTR] 18:11:18 Received HTTP response headers after 355.0975ms - 200
[Info   :Zeepkist GTR] 18:11:18 End processing HTTP request after 355.3499ms - 200
[Info   :Zeepkist GTR] 18:11:18 Start processing HTTP request "POST" https://graphql.zeepki.st/
[Info   :Zeepkist GTR] 18:11:18 Sending HTTP request "POST" https://graphql.zeepki.st/
[Info   :Zeepkist GTR] 18:11:18 Received HTTP response headers after 170.5944ms - 200
[Info   :Zeepkist GTR] 18:11:18 End processing HTTP request after 170.8593ms - 200
[Info   :Zeepkist GTR] 18:11:19 Starting recorder
[Info   :Zeepkist Bingo] [BINGO] === PLAYER SPAWNED ===
[Info   :Zeepkist Bingo] [BINGO] IsInActiveSession: False
[Info   :Zeepkist Bingo] [BINGO] Not in active session, skipping timer reset
[Info   :Zeepkist GTR] 18:11:23 Loading personal best...
[Info   :Zeepkist GTR] 18:11:23 Start processing HTTP request "POST" https://graphql.zeepki.st/
[Info   :Zeepkist GTR] 18:11:23 Sending HTTP request "POST" https://graphql.zeepki.st/
[Info   :Zeepkist GTR] 18:11:23 Stopping existing recorder if any
[Info   :Zeepkist GTR] 18:11:23 Creating new recorder
[Info   :Zeepkist GTR] 18:11:23 Start processing HTTP request "POST" https://graphql.zeepki.st/
[Info   :Zeepkist GTR] 18:11:23 Sending HTTP request "POST" https://graphql.zeepki.st/
[Info   :Zeepkist GTR] 18:11:23 Start processing HTTP request "POST" https://graphql.zeepki.st/
[Info   :Zeepkist GTR] 18:11:23 Sending HTTP request "POST" https://graphql.zeepki.st/
[Info   :Zeepkist GTR] 18:11:24 Received HTTP response headers after 170.6109ms - 200
[Info   :Zeepkist GTR] 18:11:24 End processing HTTP request after 170.871ms - 200
[Info   :Zeepkist GTR] 18:11:24 Received HTTP response headers after 173.6685ms - 200
[Info   :Zeepkist GTR] 18:11:24 End processing HTTP request after 173.8741ms - 200
[Info   :Zeepkist GTR] 18:11:24 Received HTTP response headers after 365.6637ms - 200
[Info   :Zeepkist GTR] 18:11:24 End processing HTTP request after 365.9268ms - 200
[Info   :Zeepkist GTR] 18:11:24 Start processing HTTP request "POST" https://graphql.zeepki.st/
[Info   :Zeepkist GTR] 18:11:24 Sending HTTP request "POST" https://graphql.zeepki.st/
[Info   :Zeepkist GTR] 18:11:24 Received HTTP response headers after 176.1625ms - 200
[Info   :Zeepkist GTR] 18:11:24 End processing HTTP request after 176.4806ms - 200
[Info   :Zeepkist GTR] 18:11:25 Starting recorder
[Info   :Zeepkist GTR] 18:11:25 Discarding recorder
[Info   :Zeepkist Bingo] [CHAT] Intercepted message: gg
[Info   :Zeepkist Bingo] [CHAT] Not relaying - no bingo session
[Info   :Zeepkist Bingo] [BINGO] Level loaded
[Info   :Zeepkist GTR] 18:11:40 Start processing HTTP request "POST" https://backend.zeepki.st/auth/refresh
[Info   :Zeepkist GTR] 18:11:40 Sending HTTP request "POST" https://backend.zeepki.st/auth/refresh
[Info   :Zeepkist Bingo] [BINGO] === PLAYER SPAWNED ===
[Info   :Zeepkist Bingo] [BINGO] IsInActiveSession: False
[Info   :Zeepkist Bingo] [BINGO] Not in active session, skipping timer reset
[Info   :Zeepkist GTR] 18:11:40 Loading personal best...
[Info   :Zeepkist GTR] 18:11:40 Start processing HTTP request "POST" https://graphql.zeepki.st/
[Info   :Zeepkist GTR] 18:11:40 Sending HTTP request "POST" https://graphql.zeepki.st/
[Info   :Zeepkist GTR] 18:11:40 Stopping existing recorder if any
[Info   :Zeepkist GTR] 18:11:40 Creating new recorder
[Info   :Zeepkist GTR] 18:11:40 Start processing HTTP request "POST" https://graphql.zeepki.st/
[Info   :Zeepkist GTR] 18:11:40 Sending HTTP request "POST" https://graphql.zeepki.st/
[Info   :Zeepkist GTR] 18:11:40 Start processing HTTP request "POST" https://graphql.zeepki.st/
[Info   :Zeepkist GTR] 18:11:40 Sending HTTP request "POST" https://graphql.zeepki.st/
[Info   :Zeepkist GTR] 18:11:40 Received HTTP response headers after 170.2645ms - 200
[Info   :Zeepkist GTR] 18:11:40 End processing HTTP request after 170.5328ms - 200
[Info   :Zeepkist GTR] 18:11:40 Received HTTP response headers after 171.8637ms - 200
[Info   :Zeepkist GTR] 18:11:40 End processing HTTP request after 172.115ms - 200
[Info   :Zeepkist GTR] 18:11:40 Received HTTP response headers after 347.6874ms - 200
[Info   :Zeepkist GTR] 18:11:40 End processing HTTP request after 347.9822ms - 200
[Info   :Zeepkist GTR] 18:11:40 Start processing HTTP request "POST" https://graphql.zeepki.st/
[Info   :Zeepkist GTR] 18:11:40 Sending HTTP request "POST" https://graphql.zeepki.st/
[Info   :Zeepkist GTR] 18:11:40 Received HTTP response headers after 172.5455ms - 200
[Info   :Zeepkist GTR] 18:11:40 End processing HTTP request after 172.8631ms - 200
[Info   :Zeepkist GTR] 18:11:41 Received HTTP response headers after 642.281ms - 200
[Info   :Zeepkist GTR] 18:11:41 End processing HTTP request after 642.5444ms - 200
[Info   :Zeepkist GTR] 18:11:41 Start processing HTTP request "POST" https://backend.zeepki.st/level/request
[Info   :Zeepkist GTR] 18:11:41 Sending HTTP request "POST" https://backend.zeepki.st/level/request
[Info   :Zeepkist GTR] 18:11:41 Received HTTP response headers after 178.2417ms - 200
[Info   :Zeepkist GTR] 18:11:41 End processing HTTP request after 178.5403ms - 200
[Info   :Zeepkist GTR] 18:11:42 Starting recorder
[Info   :Zeepkist Bingo] [BINGO] === PLAYER SPAWNED ===
[Info   :Zeepkist Bingo] [BINGO] IsInActiveSession: False
[Info   :Zeepkist Bingo] [BINGO] Not in active session, skipping timer reset
[Info   :Zeepkist GTR] 18:12:27 Loading personal best...
[Info   :Zeepkist GTR] 18:12:27 Start processing HTTP request "POST" https://graphql.zeepki.st/
[Info   :Zeepkist GTR] 18:12:27 Sending HTTP request "POST" https://graphql.zeepki.st/
[Info   :Zeepkist GTR] 18:12:27 Stopping existing recorder if any
[Info   :Zeepkist GTR] 18:12:27 Creating new recorder
[Info   :Zeepkist GTR] 18:12:27 Start processing HTTP request "POST" https://graphql.zeepki.st/
[Info   :Zeepkist GTR] 18:12:27 Sending HTTP request "POST" https://graphql.zeepki.st/
[Info   :Zeepkist GTR] 18:12:27 Start processing HTTP request "POST" https://graphql.zeepki.st/
[Info   :Zeepkist GTR] 18:12:27 Sending HTTP request "POST" https://graphql.zeepki.st/
[Info   :Zeepkist GTR] 18:12:27 Received HTTP response headers after 184.6945ms - 200
[Info   :Zeepkist GTR] 18:12:27 End processing HTTP request after 184.9475ms - 200
[Info   :Zeepkist GTR] 18:12:27 Received HTTP response headers after 195.9067ms - 200
[Info   :Zeepkist GTR] 18:12:27 End processing HTTP request after 196.1495ms - 200
[Info   :Zeepkist GTR] 18:12:27 Received HTTP response headers after 365.4911ms - 200
[Info   :Zeepkist GTR] 18:12:27 End processing HTTP request after 365.7195ms - 200
[Info   :Zeepkist GTR] 18:12:27 Start processing HTTP request "POST" https://graphql.zeepki.st/
[Info   :Zeepkist GTR] 18:12:27 Sending HTTP request "POST" https://graphql.zeepki.st/
[Info   :Zeepkist GTR] 18:12:27 Received HTTP response headers after 184.0712ms - 200
[Info   :Zeepkist GTR] 18:12:27 End processing HTTP request after 184.3334ms - 200
[Info   :Zeepkist GTR] 18:12:29 Starting recorder
[Info   :Zeepkist Bingo] [BINGO] === PLAYER SPAWNED ===
[Info   :Zeepkist Bingo] [BINGO] IsInActiveSession: False
[Info   :Zeepkist Bingo] [BINGO] Not in active session, skipping timer reset
[Info   :Zeepkist GTR] 18:12:44 Loading personal best...
[Info   :Zeepkist GTR] 18:12:44 Start processing HTTP request "POST" https://graphql.zeepki.st/
[Info   :Zeepkist GTR] 18:12:44 Sending HTTP request "POST" https://graphql.zeepki.st/
[Info   :Zeepkist GTR] 18:12:44 Stopping existing recorder if any
[Info   :Zeepkist GTR] 18:12:44 Creating new recorder
[Info   :Zeepkist GTR] 18:12:44 Start processing HTTP request "POST" https://graphql.zeepki.st/
[Info   :Zeepkist GTR] 18:12:44 Sending HTTP request "POST" https://graphql.zeepki.st/
[Info   :Zeepkist GTR] 18:12:44 Start processing HTTP request "POST" https://graphql.zeepki.st/
[Info   :Zeepkist GTR] 18:12:44 Sending HTTP request "POST" https://graphql.zeepki.st/
[Info   :Zeepkist GTR] 18:12:45 Received HTTP response headers after 178.1897ms - 200
[Info   :Zeepkist GTR] 18:12:45 End processing HTTP request after 178.4697ms - 200
[Info   :Zeepkist GTR] 18:12:45 Received HTTP response headers after 181.8143ms - 200
[Info   :Zeepkist GTR] 18:12:45 End processing HTTP request after 182.0311ms - 200
[Info   :Zeepkist GTR] 18:12:45 Received HTTP response headers after 453.8918ms - 200
[Info   :Zeepkist GTR] 18:12:45 End processing HTTP request after 454.4135ms - 200
[Info   :Zeepkist GTR] 18:12:45 Start processing HTTP request "POST" https://graphql.zeepki.st/
[Info   :Zeepkist GTR] 18:12:45 Sending HTTP request "POST" https://graphql.zeepki.st/
[Info   :Zeepkist GTR] 18:12:45 Received HTTP response headers after 212.5322ms - 200
[Info   :Zeepkist GTR] 18:12:45 End processing HTTP request after 212.8055ms - 200
[Info   :Zeepkist GTR] 18:12:46 Starting recorder
[Info   :Zeepkist Bingo] [BINGO] === PLAYER SPAWNED ===
[Info   :Zeepkist Bingo] [BINGO] IsInActiveSession: False
[Info   :Zeepkist Bingo] [BINGO] Not in active session, skipping timer reset
[Info   :Zeepkist GTR] 18:13:04 Loading personal best...
[Info   :Zeepkist GTR] 18:13:04 Start processing HTTP request "POST" https://graphql.zeepki.st/
[Info   :Zeepkist GTR] 18:13:04 Sending HTTP request "POST" https://graphql.zeepki.st/
[Info   :Zeepkist GTR] 18:13:04 Stopping existing recorder if any
[Info   :Zeepkist GTR] 18:13:04 Creating new recorder
[Info   :Zeepkist GTR] 18:13:04 Start processing HTTP request "POST" https://graphql.zeepki.st/
[Info   :Zeepkist GTR] 18:13:04 Sending HTTP request "POST" https://graphql.zeepki.st/
[Info   :Zeepkist GTR] 18:13:04 Start processing HTTP request "POST" https://graphql.zeepki.st/
[Info   :Zeepkist GTR] 18:13:04 Sending HTTP request "POST" https://graphql.zeepki.st/
[Info   :Zeepkist GTR] 18:13:04 Received HTTP response headers after 429.3403ms - 200
[Info   :Zeepkist GTR] 18:13:04 End processing HTTP request after 429.5784ms - 200
[Info   :Zeepkist GTR] 18:13:04 Received HTTP response headers after 601.1731ms - 200
[Info   :Zeepkist GTR] 18:13:04 End processing HTTP request after 601.6831ms - 200
[Info   :Zeepkist GTR] 18:13:04 Received HTTP response headers after 584.3541ms - 200
[Info   :Zeepkist GTR] 18:13:04 End processing HTTP request after 584.6204ms - 200
[Info   :Zeepkist GTR] 18:13:04 Start processing HTTP request "POST" https://graphql.zeepki.st/
[Info   :Zeepkist GTR] 18:13:04 Sending HTTP request "POST" https://graphql.zeepki.st/
[Info   :Zeepkist GTR] 18:13:04 Received HTTP response headers after 252.9985ms - 200
[Info   :Zeepkist GTR] 18:13:04 End processing HTTP request after 253.2648ms - 200
[Info   :Zeepkist GTR] 18:13:05 Starting recorder
[Info   :Zeepkist Bingo] [BINGO] === PLAYER SPAWNED ===
[Info   :Zeepkist Bingo] [BINGO] IsInActiveSession: False
[Info   :Zeepkist Bingo] [BINGO] Not in active session, skipping timer reset
[Info   :Zeepkist GTR] 18:13:22 Loading personal best...
[Info   :Zeepkist GTR] 18:13:22 Start processing HTTP request "POST" https://graphql.zeepki.st/
[Info   :Zeepkist GTR] 18:13:22 Sending HTTP request "POST" https://graphql.zeepki.st/
[Info   :Zeepkist GTR] 18:13:22 Stopping existing recorder if any
[Info   :Zeepkist GTR] 18:13:22 Creating new recorder
[Info   :Zeepkist GTR] 18:13:22 Start processing HTTP request "POST" https://graphql.zeepki.st/
[Info   :Zeepkist GTR] 18:13:22 Sending HTTP request "POST" https://graphql.zeepki.st/
[Info   :Zeepkist GTR] 18:13:22 Start processing HTTP request "POST" https://graphql.zeepki.st/
[Info   :Zeepkist GTR] 18:13:22 Sending HTTP request "POST" https://graphql.zeepki.st/
[Info   :Zeepkist GTR] 18:13:22 Received HTTP response headers after 173.8835ms - 200
[Info   :Zeepkist GTR] 18:13:22 End processing HTTP request after 174.2008ms - 200
[Info   :Zeepkist GTR] 18:13:22 Received HTTP response headers after 241.9997ms - 200
[Info   :Zeepkist GTR] 18:13:22 End processing HTTP request after 242.2577ms - 200
[Info   :Zeepkist GTR] 18:13:22 Received HTTP response headers after 370.2143ms - 200
[Info   :Zeepkist GTR] 18:13:22 End processing HTTP request after 370.4951ms - 200
[Info   :Zeepkist GTR] 18:13:22 Start processing HTTP request "POST" https://graphql.zeepki.st/
[Info   :Zeepkist GTR] 18:13:22 Sending HTTP request "POST" https://graphql.zeepki.st/
[Info   :Zeepkist GTR] 18:13:23 Received HTTP response headers after 175.3103ms - 200
[Info   :Zeepkist GTR] 18:13:23 End processing HTTP request after 175.6146ms - 200
[Info   :Zeepkist GTR] 18:13:24 Starting recorder
[Info   :Zeepkist GTR] 18:14:17 Stopping recorder
[Info   :Zeepkist GTR] 18:14:17 Collecting extra information
[Info   :Zeepkist GTR] 18:14:17 Resolved workshop ID "3466346056" from lobby 3466346056 and level 0
[Info   :Zeepkist GTR] 18:14:17 Processing ghost data
[Info   :Zeepkist GTR] 18:14:17 Creating stream
[Info   :Zeepkist GTR] 18:14:17 Writing to stream
[Info   :Zeepkist GTR] 18:14:17 Converting to base64
[Info   :Zeepkist GTR] 18:14:17 Creating resource
[Info   :Zeepkist GTR] 18:14:17 Start processing HTTP request "POST" https://backend.zeepki.st/record/submit
[Info   :Zeepkist GTR] 18:14:17 Sending HTTP request "POST" https://backend.zeepki.st/record/submit
[Info   :Zeepkist Bingo] [BINGO] === PLAYER SPAWNED ===
[Info   :Zeepkist Bingo] [BINGO] IsInActiveSession: False
[Info   :Zeepkist Bingo] [BINGO] Not in active session, skipping timer reset
[Info   :Zeepkist GTR] 18:14:18 Loading personal best...
[Info   :Zeepkist GTR] 18:14:18 Start processing HTTP request "POST" https://graphql.zeepki.st/
[Info   :Zeepkist GTR] 18:14:18 Sending HTTP request "POST" https://graphql.zeepki.st/
[Info   :Zeepkist GTR] 18:14:18 Stopping existing recorder if any
[Info   :Zeepkist GTR] 18:14:18 Creating new recorder
[Info   :Zeepkist GTR] 18:14:18 Start processing HTTP request "POST" https://graphql.zeepki.st/
[Info   :Zeepkist GTR] 18:14:18 Sending HTTP request "POST" https://graphql.zeepki.st/
[Info   :Zeepkist GTR] 18:14:18 Start processing HTTP request "POST" https://graphql.zeepki.st/
[Info   :Zeepkist GTR] 18:14:18 Sending HTTP request "POST" https://graphql.zeepki.st/
[Info   :Zeepkist GTR] 18:14:18 Received HTTP response headers after 1179.0011ms - 200
[Info   :Zeepkist GTR] 18:14:18 End processing HTTP request after 1179.3433ms - 200
[Info   :Zeepkist GTR] 18:14:18 Received HTTP response headers after 170.2189ms - 200
[Info   :Zeepkist GTR] 18:14:18 End processing HTTP request after 170.5946ms - 200
[Info   :Zeepkist GTR] 18:14:19 Received HTTP response headers after 247.3902ms - 200
[Info   :Zeepkist GTR] 18:14:19 End processing HTTP request after 247.8011ms - 200
[Info   :Zeepkist GTR] 18:14:19 Received HTTP response headers after 339.6728ms - 200
[Info   :Zeepkist GTR] 18:14:19 End processing HTTP request after 339.9936ms - 200
[Info   :Zeepkist GTR] 18:14:19 Start processing HTTP request "POST" https://graphql.zeepki.st/
[Info   :Zeepkist GTR] 18:14:19 Sending HTTP request "POST" https://graphql.zeepki.st/
[Info   :Zeepkist GTR] 18:14:19 Received HTTP response headers after 168.366ms - 200
[Info   :Zeepkist GTR] 18:14:19 End processing HTTP request after 170.6309ms - 200
[Info   :Zeepkist GTR] 18:14:20 Starting recorder
[Info   :Zeepkist GTR] 18:15:12 Stopping recorder
[Info   :Zeepkist GTR] 18:15:12 Collecting extra information
[Info   :Zeepkist GTR] 18:15:12 Resolved workshop ID "3466346056" from lobby 3466346056 and level 0
[Info   :Zeepkist GTR] 18:15:12 Processing ghost data
[Info   :Zeepkist GTR] 18:15:12 Creating stream
[Info   :Zeepkist GTR] 18:15:12 Writing to stream
[Info   :Zeepkist GTR] 18:15:13 Converting to base64
[Info   :Zeepkist GTR] 18:15:13 Creating resource
[Info   :Zeepkist GTR] 18:15:13 Start processing HTTP request "POST" https://backend.zeepki.st/record/submit
[Info   :Zeepkist GTR] 18:15:13 Sending HTTP request "POST" https://backend.zeepki.st/record/submit
[Info   :Zeepkist GTR] 18:15:13 Received HTTP response headers after 595.4931ms - 200
[Info   :Zeepkist GTR] 18:15:13 End processing HTTP request after 595.7006ms - 200
[Info   :Zeepkist Bingo] [BINGO] === PLAYER SPAWNED ===
[Info   :Zeepkist Bingo] [BINGO] IsInActiveSession: False
[Info   :Zeepkist Bingo] [BINGO] Not in active session, skipping timer reset
[Info   :Zeepkist GTR] 18:16:05 Loading personal best...
[Info   :Zeepkist GTR] 18:16:05 Start processing HTTP request "POST" https://graphql.zeepki.st/
[Info   :Zeepkist GTR] 18:16:05 Sending HTTP request "POST" https://graphql.zeepki.st/
[Info   :Zeepkist GTR] 18:16:05 Stopping existing recorder if any
[Info   :Zeepkist GTR] 18:16:05 Creating new recorder
[Info   :Zeepkist GTR] 18:16:05 Start processing HTTP request "POST" https://graphql.zeepki.st/
[Info   :Zeepkist GTR] 18:16:05 Sending HTTP request "POST" https://graphql.zeepki.st/
[Info   :Zeepkist GTR] 18:16:05 Start processing HTTP request "POST" https://graphql.zeepki.st/
[Info   :Zeepkist GTR] 18:16:05 Sending HTTP request "POST" https://graphql.zeepki.st/
[Info   :Zeepkist GTR] 18:16:05 Received HTTP response headers after 323.6355ms - 200
[Info   :Zeepkist GTR] 18:16:05 End processing HTTP request after 323.8473ms - 200
[Info   :Zeepkist GTR] 18:16:05 Received HTTP response headers after 389.8259ms - 200
[Info   :Zeepkist GTR] 18:16:05 End processing HTTP request after 390.0546ms - 200
[Info   :Zeepkist GTR] 18:16:05 Start processing HTTP request "GET" https://cdn.zeepki.st/ghosts/01M0K9PSJKDAMA0AJQ0Q281951.bin
[Info   :Zeepkist GTR] 18:16:05 Sending HTTP request "GET" https://cdn.zeepki.st/ghosts/01M0K9PSJKDAMA0AJQ0Q281951.bin
[Info   :Zeepkist GTR] 18:16:05 Received HTTP response headers after 511.0264ms - 200
[Info   :Zeepkist GTR] 18:16:05 End processing HTTP request after 511.3847ms - 200
[Info   :Zeepkist GTR] 18:16:05 Start processing HTTP request "POST" https://graphql.zeepki.st/
[Info   :Zeepkist GTR] 18:16:05 Sending HTTP request "POST" https://graphql.zeepki.st/
[Info   :Zeepkist GTR] 18:16:06 Received HTTP response headers after 177.9682ms - 200
[Info   :Zeepkist GTR] 18:16:06 End processing HTTP request after 178.2512ms - 200
[Info   :Zeepkist GTR] 18:16:06 Received HTTP response headers after 866.6721ms - 200
[Info   :Zeepkist GTR] 18:16:06 End processing HTTP request after 867.0382ms - 200
[Info   :Zeepkist GTR] 18:16:07 Starting recorder
[Info   :Zeepkist GTR] 18:16:38 Discarding recorder
[Info   :Zeepkist Bingo] [BINGO] Level loaded
[Info   :Zeepkist GTR] 18:16:53 Start processing HTTP request "POST" https://backend.zeepki.st/level/request
[Info   :Zeepkist GTR] 18:16:53 Sending HTTP request "POST" https://backend.zeepki.st/level/request
[Info   :Zeepkist Bingo] [BINGO] === PLAYER SPAWNED ===
[Info   :Zeepkist Bingo] [BINGO] IsInActiveSession: False
[Info   :Zeepkist Bingo] [BINGO] Not in active session, skipping timer reset
[Info   :Zeepkist GTR] 18:16:53 Loading personal best...
[Info   :Zeepkist GTR] 18:16:53 Start processing HTTP request "POST" https://graphql.zeepki.st/
[Info   :Zeepkist GTR] 18:16:53 Sending HTTP request "POST" https://graphql.zeepki.st/
[Info   :Zeepkist GTR] 18:16:53 Stopping existing recorder if any
[Info   :Zeepkist GTR] 18:16:53 Creating new recorder
[Info   :Zeepkist GTR] 18:16:53 Start processing HTTP request "POST" https://graphql.zeepki.st/
[Info   :Zeepkist GTR] 18:16:53 Sending HTTP request "POST" https://graphql.zeepki.st/
[Info   :Zeepkist GTR] 18:16:53 Start processing HTTP request "POST" https://graphql.zeepki.st/
[Info   :Zeepkist GTR] 18:16:53 Sending HTTP request "POST" https://graphql.zeepki.st/
[Info   :Zeepkist GTR] 18:16:53 Received HTTP response headers after 177.937ms - 200
[Info   :Zeepkist GTR] 18:16:53 End processing HTTP request after 178.2154ms - 200
[Info   :Zeepkist GTR] 18:16:53 Received HTTP response headers after 242.0328ms - 200
[Info   :Zeepkist GTR] 18:16:53 End processing HTTP request after 242.397ms - 200
[Info   :Zeepkist GTR] 18:16:53 Received HTTP response headers after 358.9322ms - 200
[Info   :Zeepkist GTR] 18:16:53 End processing HTTP request after 359.2549ms - 200
[Info   :Zeepkist GTR] 18:16:54 Received HTTP response headers after 847.9211ms - 200
[Info   :Zeepkist GTR] 18:16:54 End processing HTTP request after 848.2669ms - 200
[Info   :Zeepkist GTR] 18:16:55 Starting recorder
[Info   :Zeepkist Bingo] [BINGO] === PLAYER SPAWNED ===
[Info   :Zeepkist Bingo] [BINGO] IsInActiveSession: False
[Info   :Zeepkist Bingo] [BINGO] Not in active session, skipping timer reset
[Info   :Zeepkist GTR] 18:17:05 Loading personal best...
[Info   :Zeepkist GTR] 18:17:05 Start processing HTTP request "POST" https://graphql.zeepki.st/
[Info   :Zeepkist GTR] 18:17:05 Sending HTTP request "POST" https://graphql.zeepki.st/
[Info   :Zeepkist GTR] 18:17:05 Stopping existing recorder if any
[Info   :Zeepkist GTR] 18:17:05 Creating new recorder
[Info   :Zeepkist GTR] 18:17:05 Start processing HTTP request "POST" https://graphql.zeepki.st/
[Info   :Zeepkist GTR] 18:17:05 Sending HTTP request "POST" https://graphql.zeepki.st/
[Info   :Zeepkist GTR] 18:17:05 Start processing HTTP request "POST" https://graphql.zeepki.st/
[Info   :Zeepkist GTR] 18:17:05 Sending HTTP request "POST" https://graphql.zeepki.st/
[Info   :Zeepkist GTR] 18:17:06 Received HTTP response headers after 170.4888ms - 200
[Info   :Zeepkist GTR] 18:17:06 End processing HTTP request after 170.7121ms - 200
[Info   :Zeepkist GTR] 18:17:06 Received HTTP response headers after 249.5968ms - 200
[Info   :Zeepkist GTR] 18:17:06 End processing HTTP request after 249.881ms - 200
[Info   :Zeepkist GTR] 18:17:06 Received HTTP response headers after 342.5819ms - 200
[Info   :Zeepkist GTR] 18:17:06 End processing HTTP request after 342.8648ms - 200
[Info   :Zeepkist GTR] 18:17:07 Starting recorder
[Info   :Zeepkist Bingo] [BINGO] === PLAYER SPAWNED ===
[Info   :Zeepkist Bingo] [BINGO] IsInActiveSession: False
[Info   :Zeepkist Bingo] [BINGO] Not in active session, skipping timer reset
[Info   :Zeepkist GTR] 18:18:40 Loading personal best...
[Info   :Zeepkist GTR] 18:18:40 Start processing HTTP request "POST" https://graphql.zeepki.st/
[Info   :Zeepkist GTR] 18:18:40 Sending HTTP request "POST" https://graphql.zeepki.st/
[Info   :Zeepkist GTR] 18:18:40 Stopping existing recorder if any
[Info   :Zeepkist GTR] 18:18:40 Creating new recorder
[Info   :Zeepkist GTR] 18:18:40 Start processing HTTP request "POST" https://graphql.zeepki.st/
[Info   :Zeepkist GTR] 18:18:40 Sending HTTP request "POST" https://graphql.zeepki.st/
[Info   :Zeepkist GTR] 18:18:40 Start processing HTTP request "POST" https://graphql.zeepki.st/
[Info   :Zeepkist GTR] 18:18:40 Sending HTTP request "POST" https://graphql.zeepki.st/
[Info   :Zeepkist GTR] 18:18:40 Received HTTP response headers after 396.106ms - 200
[Info   :Zeepkist GTR] 18:18:40 End processing HTTP request after 396.3439ms - 200
[Info   :Zeepkist GTR] 18:18:40 Received HTTP response headers after 539.862ms - 200
[Info   :Zeepkist GTR] 18:18:40 End processing HTTP request after 540.1172ms - 200
[Info   :Zeepkist GTR] 18:18:40 Received HTTP response headers after 658.0219ms - 200
[Info   :Zeepkist GTR] 18:18:40 End processing HTTP request after 658.215ms - 200
[Info   :Zeepkist GTR] 18:18:41 Starting recorder
[Info   :Zeepkist Bingo] [BINGO] === PLAYER SPAWNED ===
[Info   :Zeepkist Bingo] [BINGO] IsInActiveSession: False
[Info   :Zeepkist Bingo] [BINGO] Not in active session, skipping timer reset
[Info   :Zeepkist GTR] 18:19:02 Loading personal best...
[Info   :Zeepkist GTR] 18:19:02 Start processing HTTP request "POST" https://graphql.zeepki.st/
[Info   :Zeepkist GTR] 18:19:02 Sending HTTP request "POST" https://graphql.zeepki.st/
[Info   :Zeepkist GTR] 18:19:02 Stopping existing recorder if any
[Info   :Zeepkist GTR] 18:19:02 Creating new recorder
[Info   :Zeepkist GTR] 18:19:02 Start processing HTTP request "POST" https://graphql.zeepki.st/
[Info   :Zeepkist GTR] 18:19:02 Sending HTTP request "POST" https://graphql.zeepki.st/
[Info   :Zeepkist GTR] 18:19:02 Start processing HTTP request "POST" https://graphql.zeepki.st/
[Info   :Zeepkist GTR] 18:19:02 Sending HTTP request "POST" https://graphql.zeepki.st/
[Info   :Zeepkist GTR] 18:19:02 Received HTTP response headers after 174.8144ms - 200
[Info   :Zeepkist GTR] 18:19:02 End processing HTTP request after 175.349ms - 200
[Info   :Zeepkist GTR] 18:19:02 Received HTTP response headers after 179.8521ms - 200
[Info   :Zeepkist GTR] 18:19:02 End processing HTTP request after 180.148ms - 200
[Info   :Zeepkist GTR] 18:19:02 Received HTTP response headers after 358.3582ms - 200
[Info   :Zeepkist GTR] 18:19:02 End processing HTTP request after 358.7786ms - 200
[Info   :Zeepkist GTR] 18:19:03 Starting recorder
[Info   :Zeepkist Bingo] [BINGO] === PLAYER SPAWNED ===
[Info   :Zeepkist Bingo] [BINGO] IsInActiveSession: False
[Info   :Zeepkist Bingo] [BINGO] Not in active session, skipping timer reset
[Info   :Zeepkist GTR] 18:19:30 Loading personal best...
[Info   :Zeepkist GTR] 18:19:30 Start processing HTTP request "POST" https://graphql.zeepki.st/
[Info   :Zeepkist GTR] 18:19:30 Sending HTTP request "POST" https://graphql.zeepki.st/
[Info   :Zeepkist GTR] 18:19:30 Stopping existing recorder if any
[Info   :Zeepkist GTR] 18:19:30 Creating new recorder
[Info   :Zeepkist GTR] 18:19:30 Start processing HTTP request "POST" https://graphql.zeepki.st/
[Info   :Zeepkist GTR] 18:19:30 Sending HTTP request "POST" https://graphql.zeepki.st/
[Info   :Zeepkist GTR] 18:19:30 Start processing HTTP request "POST" https://graphql.zeepki.st/
[Info   :Zeepkist GTR] 18:19:30 Sending HTTP request "POST" https://graphql.zeepki.st/
[Info   :Zeepkist GTR] 18:19:30 Received HTTP response headers after 186.8947ms - 200
[Info   :Zeepkist GTR] 18:19:30 End processing HTTP request after 187.1204ms - 200
[Info   :Zeepkist GTR] 18:19:30 Received HTTP response headers after 192.6828ms - 200
[Info   :Zeepkist GTR] 18:19:30 End processing HTTP request after 192.9217ms - 200
[Info   :Zeepkist GTR] 18:19:30 Received HTTP response headers after 368.3599ms - 200
[Info   :Zeepkist GTR] 18:19:30 End processing HTTP request after 368.5763ms - 200
[Info   :Zeepkist GTR] 18:19:31 Starting recorder
[Info   :Zeepkist Bingo] [BINGO] === PLAYER SPAWNED ===
[Info   :Zeepkist Bingo] [BINGO] IsInActiveSession: False
[Info   :Zeepkist Bingo] [BINGO] Not in active session, skipping timer reset
[Info   :Zeepkist GTR] 18:19:45 Loading personal best...
[Info   :Zeepkist GTR] 18:19:45 Start processing HTTP request "POST" https://graphql.zeepki.st/
[Info   :Zeepkist GTR] 18:19:45 Sending HTTP request "POST" https://graphql.zeepki.st/
[Info   :Zeepkist GTR] 18:19:45 Stopping existing recorder if any
[Info   :Zeepkist GTR] 18:19:45 Creating new recorder
[Info   :Zeepkist GTR] 18:19:45 Start processing HTTP request "POST" https://graphql.zeepki.st/
[Info   :Zeepkist GTR] 18:19:45 Sending HTTP request "POST" https://graphql.zeepki.st/
[Info   :Zeepkist GTR] 18:19:45 Start processing HTTP request "POST" https://graphql.zeepki.st/
[Info   :Zeepkist GTR] 18:19:45 Sending HTTP request "POST" https://graphql.zeepki.st/
[Info   :Zeepkist GTR] 18:19:45 Received HTTP response headers after 182.3773ms - 200
[Info   :Zeepkist GTR] 18:19:45 End processing HTTP request after 182.6413ms - 200
[Info   :Zeepkist GTR] 18:19:45 Received HTTP response headers after 189.5569ms - 200
[Info   :Zeepkist GTR] 18:19:45 End processing HTTP request after 189.7594ms - 200
[Info   :Zeepkist GTR] 18:19:46 Received HTTP response headers after 365.3621ms - 200
[Info   :Zeepkist GTR] 18:19:46 End processing HTTP request after 365.5619ms - 200
[Info   :Zeepkist GTR] 18:19:47 Starting recorder
[Info   :Zeepkist Bingo] [BINGO] === PLAYER SPAWNED ===
[Info   :Zeepkist Bingo] [BINGO] IsInActiveSession: False
[Info   :Zeepkist Bingo] [BINGO] Not in active session, skipping timer reset
[Info   :Zeepkist GTR] 18:19:57 Loading personal best...
[Info   :Zeepkist GTR] 18:19:57 Start processing HTTP request "POST" https://graphql.zeepki.st/
[Info   :Zeepkist GTR] 18:19:57 Sending HTTP request "POST" https://graphql.zeepki.st/
[Info   :Zeepkist GTR] 18:19:57 Stopping existing recorder if any
[Info   :Zeepkist GTR] 18:19:57 Creating new recorder
[Info   :Zeepkist GTR] 18:19:57 Start processing HTTP request "POST" https://graphql.zeepki.st/
[Info   :Zeepkist GTR] 18:19:57 Sending HTTP request "POST" https://graphql.zeepki.st/
[Info   :Zeepkist GTR] 18:19:57 Start processing HTTP request "POST" https://graphql.zeepki.st/
[Info   :Zeepkist GTR] 18:19:57 Sending HTTP request "POST" https://graphql.zeepki.st/
[Info   :Zeepkist GTR] 18:19:57 Received HTTP response headers after 189.5206ms - 200
[Info   :Zeepkist GTR] 18:19:57 End processing HTTP request after 189.7204ms - 200
[Info   :Zeepkist GTR] 18:19:57 Received HTTP response headers after 195.4517ms - 200
[Info   :Zeepkist GTR] 18:19:57 End processing HTTP request after 195.691ms - 200
[Info   :Zeepkist GTR] 18:19:58 Received HTTP response headers after 392.8776ms - 200
[Info   :Zeepkist GTR] 18:19:58 End processing HTTP request after 393.1253ms - 200
[Info   :Zeepkist GTR] 18:19:59 Starting recorder
[Info   :Zeepkist Bingo] [BINGO] === PLAYER SPAWNED ===
[Info   :Zeepkist Bingo] [BINGO] IsInActiveSession: False
[Info   :Zeepkist Bingo] [BINGO] Not in active session, skipping timer reset
[Info   :Zeepkist GTR] 18:20:35 Loading personal best...
[Info   :Zeepkist GTR] 18:20:35 Start processing HTTP request "POST" https://graphql.zeepki.st/
[Info   :Zeepkist GTR] 18:20:35 Sending HTTP request "POST" https://graphql.zeepki.st/
[Info   :Zeepkist GTR] 18:20:35 Stopping existing recorder if any
[Info   :Zeepkist GTR] 18:20:35 Creating new recorder
[Info   :Zeepkist GTR] 18:20:35 Start processing HTTP request "POST" https://graphql.zeepki.st/
[Info   :Zeepkist GTR] 18:20:35 Sending HTTP request "POST" https://graphql.zeepki.st/
[Info   :Zeepkist GTR] 18:20:35 Start processing HTTP request "POST" https://graphql.zeepki.st/
[Info   :Zeepkist GTR] 18:20:35 Sending HTTP request "POST" https://graphql.zeepki.st/
[Info   :Zeepkist GTR] 18:20:35 Received HTTP response headers after 194.4576ms - 200
[Info   :Zeepkist GTR] 18:20:35 Received HTTP response headers after 194.8717ms - 200
[Info   :Zeepkist GTR] 18:20:35 End processing HTTP request after 194.6712ms - 200
[Info   :Zeepkist GTR] 18:20:35 End processing HTTP request after 195.1311ms - 200
[Info   :Zeepkist GTR] 18:20:35 Received HTTP response headers after 393.7484ms - 200
[Info   :Zeepkist GTR] 18:20:35 End processing HTTP request after 393.9815ms - 200
[Info   :Zeepkist GTR] 18:20:37 Starting recorder
[Info   :Zeepkist GTR] 18:21:28 Stopping recorder
[Info   :Zeepkist GTR] 18:21:28 Collecting extra information
[Info   :Zeepkist GTR] 18:21:28 Resolved workshop ID "3670222139" from lobby 3670222139 and level 0
[Info   :Zeepkist GTR] 18:21:28 Processing ghost data
[Info   :Zeepkist GTR] 18:21:28 Creating stream
[Info   :Zeepkist GTR] 18:21:28 Writing to stream
[Info   :Zeepkist GTR] 18:21:28 Converting to base64
[Info   :Zeepkist GTR] 18:21:28 Creating resource
[Info   :Zeepkist GTR] 18:21:28 Start processing HTTP request "POST" https://backend.zeepki.st/record/submit
[Info   :Zeepkist GTR] 18:21:28 Sending HTTP request "POST" https://backend.zeepki.st/record/submit
[Info   :Zeepkist GTR] 18:21:29 Received HTTP response headers after 1202.7899ms - 200
[Info   :Zeepkist GTR] 18:21:29 End processing HTTP request after 1203.0507ms - 200
[Info   :Zeepkist GTR] 18:21:51 Discarding recorder
[Info   :Zeepkist Bingo] [BINGO] Level loaded
[Info   :Zeepkist GTR] 18:22:06 Start processing HTTP request "POST" https://backend.zeepki.st/level/request
[Info   :Zeepkist GTR] 18:22:06 Sending HTTP request "POST" https://backend.zeepki.st/level/request
[Info   :Zeepkist Bingo] [BINGO] === PLAYER SPAWNED ===
[Info   :Zeepkist Bingo] [BINGO] IsInActiveSession: False
[Info   :Zeepkist Bingo] [BINGO] Not in active session, skipping timer reset
[Info   :Zeepkist GTR] 18:22:06 Loading personal best...
[Info   :Zeepkist GTR] 18:22:06 Start processing HTTP request "POST" https://graphql.zeepki.st/
[Info   :Zeepkist GTR] 18:22:06 Sending HTTP request "POST" https://graphql.zeepki.st/
[Info   :Zeepkist GTR] 18:22:06 Stopping existing recorder if any
[Info   :Zeepkist GTR] 18:22:06 Creating new recorder
[Info   :Zeepkist GTR] 18:22:06 Start processing HTTP request "POST" https://graphql.zeepki.st/
[Info   :Zeepkist GTR] 18:22:06 Sending HTTP request "POST" https://graphql.zeepki.st/
[Info   :Zeepkist GTR] 18:22:06 Start processing HTTP request "POST" https://graphql.zeepki.st/
[Info   :Zeepkist GTR] 18:22:06 Sending HTTP request "POST" https://graphql.zeepki.st/
[Info   :Zeepkist GTR] 18:22:06 Received HTTP response headers after 185.2813ms - 200
[Info   :Zeepkist GTR] 18:22:06 End processing HTTP request after 185.5625ms - 200
[Info   :Zeepkist GTR] 18:22:06 Received HTTP response headers after 345.6421ms - 200
[Info   :Zeepkist GTR] 18:22:06 End processing HTTP request after 345.9616ms - 200
[Info   :Zeepkist GTR] 18:22:07 Received HTTP response headers after 547.028ms - 200
[Info   :Zeepkist GTR] 18:22:07 End processing HTTP request after 547.3212ms - 200
[Info   :Zeepkist GTR] 18:22:07 Received HTTP response headers after 596.7229ms - 200
[Info   :Zeepkist GTR] 18:22:07 End processing HTTP request after 596.9263ms - 200
[Info   :Zeepkist GTR] 18:22:08 Starting recorder
[Info   :Zeepkist Bingo] [BINGO] === PLAYER SPAWNED ===
[Info   :Zeepkist Bingo] [BINGO] IsInActiveSession: False
[Info   :Zeepkist Bingo] [BINGO] Not in active session, skipping timer reset
[Info   :Zeepkist GTR] 18:22:19 Loading personal best...
[Info   :Zeepkist GTR] 18:22:19 Start processing HTTP request "POST" https://graphql.zeepki.st/
[Info   :Zeepkist GTR] 18:22:19 Sending HTTP request "POST" https://graphql.zeepki.st/
[Info   :Zeepkist GTR] 18:22:19 Stopping existing recorder if any
[Info   :Zeepkist GTR] 18:22:19 Creating new recorder
[Info   :Zeepkist GTR] 18:22:19 Start processing HTTP request "POST" https://graphql.zeepki.st/
[Info   :Zeepkist GTR] 18:22:19 Sending HTTP request "POST" https://graphql.zeepki.st/
[Info   :Zeepkist GTR] 18:22:19 Start processing HTTP request "POST" https://graphql.zeepki.st/
[Info   :Zeepkist GTR] 18:22:19 Sending HTTP request "POST" https://graphql.zeepki.st/
[Info   :Zeepkist GTR] 18:22:19 Received HTTP response headers after 174.6942ms - 200
[Info   :Zeepkist GTR] 18:22:19 End processing HTTP request after 174.9473ms - 200
[Info   :Zeepkist GTR] 18:22:19 Received HTTP response headers after 178.4305ms - 200
[Info   :Zeepkist GTR] 18:22:19 End processing HTTP request after 178.6347ms - 200
[Info   :Zeepkist GTR] 18:22:19 Received HTTP response headers after 354.2997ms - 200
[Info   :Zeepkist GTR] 18:22:19 End processing HTTP request after 354.5838ms - 200
[Info   :Zeepkist GTR] 18:22:20 Starting recorder
[Info   :Zeepkist GTR] 18:23:00 Stopping recorder
[Info   :Zeepkist GTR] 18:23:00 Collecting extra information
[Info   :Zeepkist GTR] 18:23:00 Resolved workshop ID "3369832997" from lobby 3369832997 and level 0
[Info   :Zeepkist GTR] 18:23:00 Processing ghost data
[Info   :Zeepkist GTR] 18:23:00 Creating stream
[Info   :Zeepkist GTR] 18:23:00 Writing to stream
[Info   :Zeepkist GTR] 18:23:00 Converting to base64
[Info   :Zeepkist GTR] 18:23:00 Creating resource
[Info   :Zeepkist GTR] 18:23:00 Start processing HTTP request "POST" https://backend.zeepki.st/record/submit
[Info   :Zeepkist GTR] 18:23:00 Sending HTTP request "POST" https://backend.zeepki.st/record/submit
[Info   :Zeepkist GTR] 18:23:01 Received HTTP response headers after 804.5283ms - 200
[Info   :Zeepkist GTR] 18:23:01 End processing HTTP request after 804.8096ms - 200
[Info   :Zeepkist Bingo] [BINGO] === PLAYER SPAWNED ===
[Info   :Zeepkist Bingo] [BINGO] IsInActiveSession: False
[Info   :Zeepkist Bingo] [BINGO] Not in active session, skipping timer reset
[Info   :Zeepkist GTR] 18:23:02 Loading personal best...
[Info   :Zeepkist GTR] 18:23:02 Start processing HTTP request "POST" https://graphql.zeepki.st/
[Info   :Zeepkist GTR] 18:23:02 Sending HTTP request "POST" https://graphql.zeepki.st/
[Info   :Zeepkist GTR] 18:23:02 Stopping existing recorder if any
[Info   :Zeepkist GTR] 18:23:02 Creating new recorder
[Info   :Zeepkist GTR] 18:23:02 Start processing HTTP request "POST" https://graphql.zeepki.st/
[Info   :Zeepkist GTR] 18:23:02 Sending HTTP request "POST" https://graphql.zeepki.st/
[Info   :Zeepkist GTR] 18:23:02 Start processing HTTP request "POST" https://graphql.zeepki.st/
[Info   :Zeepkist GTR] 18:23:02 Sending HTTP request "POST" https://graphql.zeepki.st/
[Info   :Zeepkist GTR] 18:23:02 Received HTTP response headers after 191.7339ms - 200
[Info   :Zeepkist GTR] 18:23:02 End processing HTTP request after 191.9741ms - 200
[Info   :Zeepkist GTR] 18:23:02 Received HTTP response headers after 207.4175ms - 200
[Info   :Zeepkist GTR] 18:23:02 End processing HTTP request after 207.6573ms - 200
[Info   :Zeepkist GTR] 18:23:02 Start processing HTTP request "GET" https://cdn.zeepki.st/ghosts/01M0KA52AWJNBD4ANJ82T0GG5F.bin
[Info   :Zeepkist GTR] 18:23:02 Sending HTTP request "GET" https://cdn.zeepki.st/ghosts/01M0KA52AWJNBD4ANJ82T0GG5F.bin
[Info   :Zeepkist GTR] 18:23:02 Received HTTP response headers after 394.4817ms - 200
[Info   :Zeepkist GTR] 18:23:02 End processing HTTP request after 394.7675ms - 200
[Info   :Zeepkist GTR] 18:23:02 Start processing HTTP request "POST" https://graphql.zeepki.st/
[Info   :Zeepkist GTR] 18:23:02 Sending HTTP request "POST" https://graphql.zeepki.st/
[Info   :Zeepkist GTR] 18:23:03 Received HTTP response headers after 214.0266ms - 200
[Info   :Zeepkist GTR] 18:23:03 End processing HTTP request after 214.3045ms - 200
[Info   :Zeepkist GTR] 18:23:03 Received HTTP response headers after 832.9789ms - 200
[Info   :Zeepkist GTR] 18:23:03 End processing HTTP request after 833.3374ms - 200
[Info   :Zeepkist GTR] 18:23:04 Starting recorder
[Info   :Zeepkist Bingo] [BINGO] === PLAYER SPAWNED ===
[Info   :Zeepkist Bingo] [BINGO] IsInActiveSession: False
[Info   :Zeepkist Bingo] [BINGO] Not in active session, skipping timer reset
[Info   :Zeepkist GTR] 18:23:07 Loading personal best...
[Info   :Zeepkist GTR] 18:23:07 Start processing HTTP request "POST" https://graphql.zeepki.st/
[Info   :Zeepkist GTR] 18:23:07 Sending HTTP request "POST" https://graphql.zeepki.st/
[Info   :Zeepkist GTR] 18:23:07 Stopping existing recorder if any
[Info   :Zeepkist GTR] 18:23:07 Creating new recorder
[Info   :Zeepkist GTR] 18:23:07 Start processing HTTP request "POST" https://graphql.zeepki.st/
[Info   :Zeepkist GTR] 18:23:07 Sending HTTP request "POST" https://graphql.zeepki.st/
[Info   :Zeepkist GTR] 18:23:07 Start processing HTTP request "POST" https://graphql.zeepki.st/
[Info   :Zeepkist GTR] 18:23:07 Sending HTTP request "POST" https://graphql.zeepki.st/
[Info   :Zeepkist GTR] 18:23:07 Received HTTP response headers after 208.8836ms - 200
[Info   :Zeepkist GTR] 18:23:07 End processing HTTP request after 209.0943ms - 200
[Info   :Zeepkist GTR] 18:23:07 Received HTTP response headers after 219.4948ms - 200
[Info   :Zeepkist GTR] 18:23:07 End processing HTTP request after 219.7665ms - 200
[Info   :Zeepkist GTR] 18:23:08 Received HTTP response headers after 448.5623ms - 200
[Info   :Zeepkist GTR] 18:23:08 End processing HTTP request after 448.7698ms - 200
[Info   :Zeepkist GTR] 18:23:08 Start processing HTTP request "POST" https://graphql.zeepki.st/
[Info   :Zeepkist GTR] 18:23:08 Sending HTTP request "POST" https://graphql.zeepki.st/
[Info   :Zeepkist GTR] 18:23:08 Received HTTP response headers after 200.6699ms - 200
[Info   :Zeepkist GTR] 18:23:08 End processing HTTP request after 201.0097ms - 200
[Info   :Zeepkist GTR] 18:23:09 Starting recorder
[Info   :Zeepkist GTR] 18:23:47 Stopping recorder
[Info   :Zeepkist GTR] 18:23:47 Collecting extra information
[Info   :Zeepkist GTR] 18:23:47 Resolved workshop ID "3369832997" from lobby 3369832997 and level 0
[Info   :Zeepkist GTR] 18:23:47 Processing ghost data
[Info   :Zeepkist GTR] 18:23:47 Creating stream
[Info   :Zeepkist GTR] 18:23:47 Writing to stream
[Info   :Zeepkist GTR] 18:23:47 Converting to base64
[Info   :Zeepkist GTR] 18:23:47 Creating resource
[Info   :Zeepkist GTR] 18:23:47 Start processing HTTP request "POST" https://backend.zeepki.st/record/submit
[Info   :Zeepkist GTR] 18:23:47 Sending HTTP request "POST" https://backend.zeepki.st/record/submit
[Info   :Zeepkist Bingo] [BINGO] === PLAYER SPAWNED ===
[Info   :Zeepkist Bingo] [BINGO] IsInActiveSession: False
[Info   :Zeepkist Bingo] [BINGO] Not in active session, skipping timer reset
[Info   :Zeepkist GTR] 18:23:49 Loading personal best...
[Info   :Zeepkist GTR] 18:23:49 Start processing HTTP request "POST" https://graphql.zeepki.st/
[Info   :Zeepkist GTR] 18:23:49 Sending HTTP request "POST" https://graphql.zeepki.st/
[Info   :Zeepkist GTR] 18:23:49 Stopping existing recorder if any
[Info   :Zeepkist GTR] 18:23:49 Creating new recorder
[Info   :Zeepkist GTR] 18:23:49 Start processing HTTP request "POST" https://graphql.zeepki.st/
[Info   :Zeepkist GTR] 18:23:49 Sending HTTP request "POST" https://graphql.zeepki.st/
[Info   :Zeepkist GTR] 18:23:49 Start processing HTTP request "POST" https://graphql.zeepki.st/
[Info   :Zeepkist GTR] 18:23:49 Sending HTTP request "POST" https://graphql.zeepki.st/
[Info   :Zeepkist GTR] 18:23:49 Received HTTP response headers after 1209.7914ms - 200
[Info   :Zeepkist GTR] 18:23:49 End processing HTTP request after 1210.0462ms - 200
[Info   :Zeepkist GTR] 18:23:49 Received HTTP response headers after 199.0832ms - 200
[Info   :Zeepkist GTR] 18:23:49 Received HTTP response headers after 198.3205ms - 200
[Info   :Zeepkist GTR] 18:23:49 End processing HTTP request after 199.3451ms - 200
[Info   :Zeepkist GTR] 18:23:49 End processing HTTP request after 198.649ms - 200
[Info   :Zeepkist GTR] 18:23:49 Start processing HTTP request "GET" https://cdn.zeepki.st/ghosts/01M0KA6H1D9N0236SMSFBKNWPQ.bin
[Info   :Zeepkist GTR] 18:23:49 Sending HTTP request "GET" https://cdn.zeepki.st/ghosts/01M0KA6H1D9N0236SMSFBKNWPQ.bin
[Info   :Zeepkist GTR] 18:23:49 Received HTTP response headers after 398.161ms - 200
[Info   :Zeepkist GTR] 18:23:49 End processing HTTP request after 398.3853ms - 200
[Info   :Zeepkist GTR] 18:23:49 Start processing HTTP request "POST" https://graphql.zeepki.st/
[Info   :Zeepkist GTR] 18:23:49 Sending HTTP request "POST" https://graphql.zeepki.st/
[Info   :Zeepkist GTR] 18:23:49 Received HTTP response headers after 193.3224ms - 200
[Info   :Zeepkist GTR] 18:23:49 End processing HTTP request after 193.6654ms - 200
[Info   :Zeepkist GTR] 18:23:50 Received HTTP response headers after 666.7024ms - 200
[Info   :Zeepkist GTR] 18:23:50 End processing HTTP request after 667.0153ms - 200
[Info   :Zeepkist GTR] 18:23:50 Starting recorder
[Info   :Zeepkist Bingo] [BINGO] === PLAYER SPAWNED ===
[Info   :Zeepkist Bingo] [BINGO] IsInActiveSession: False
[Info   :Zeepkist Bingo] [BINGO] Not in active session, skipping timer reset
[Info   :Zeepkist GTR] 18:23:54 Loading personal best...
[Info   :Zeepkist GTR] 18:23:54 Start processing HTTP request "POST" https://graphql.zeepki.st/
[Info   :Zeepkist GTR] 18:23:54 Sending HTTP request "POST" https://graphql.zeepki.st/
[Info   :Zeepkist GTR] 18:23:54 Stopping existing recorder if any
[Info   :Zeepkist GTR] 18:23:54 Creating new recorder
[Info   :Zeepkist GTR] 18:23:54 Start processing HTTP request "POST" https://graphql.zeepki.st/
[Info   :Zeepkist GTR] 18:23:54 Sending HTTP request "POST" https://graphql.zeepki.st/
[Info   :Zeepkist GTR] 18:23:54 Start processing HTTP request "POST" https://graphql.zeepki.st/
[Info   :Zeepkist GTR] 18:23:54 Sending HTTP request "POST" https://graphql.zeepki.st/
[Info   :Zeepkist GTR] 18:23:55 Received HTTP response headers after 344.4843ms - 200
[Info   :Zeepkist GTR] 18:23:55 End processing HTTP request after 344.7071ms - 200
[Info   :Zeepkist GTR] 18:23:55 Received HTTP response headers after 351.6802ms - 200
[Info   :Zeepkist GTR] 18:23:55 End processing HTTP request after 351.8782ms - 200
[Info   :Zeepkist GTR] 18:23:55 Received HTTP response headers after 537.253ms - 200
[Info   :Zeepkist GTR] 18:23:55 End processing HTTP request after 537.4506ms - 200
[Info   :Zeepkist GTR] 18:23:55 Start processing HTTP request "POST" https://graphql.zeepki.st/
[Info   :Zeepkist GTR] 18:23:55 Sending HTTP request "POST" https://graphql.zeepki.st/
[Info   :Zeepkist GTR] 18:23:55 Received HTTP response headers after 181.7817ms - 200
[Info   :Zeepkist GTR] 18:23:55 End processing HTTP request after 182.0693ms - 200
[Info   :Zeepkist GTR] 18:23:56 Starting recorder
[Info   :Zeepkist GTR] 18:24:34 Stopping recorder
[Info   :Zeepkist GTR] 18:24:34 Collecting extra information
[Info   :Zeepkist GTR] 18:24:34 Resolved workshop ID "3369832997" from lobby 3369832997 and level 0
[Info   :Zeepkist GTR] 18:24:34 Processing ghost data
[Info   :Zeepkist GTR] 18:24:34 Creating stream
[Info   :Zeepkist GTR] 18:24:34 Writing to stream
[Info   :Zeepkist GTR] 18:24:35 Converting to base64
[Info   :Zeepkist GTR] 18:24:35 Creating resource
[Info   :Zeepkist GTR] 18:24:35 Start processing HTTP request "POST" https://backend.zeepki.st/record/submit
[Info   :Zeepkist GTR] 18:24:35 Sending HTTP request "POST" https://backend.zeepki.st/record/submit
[Info   :Zeepkist GTR] 18:24:35 Received HTTP response headers after 634.3758ms - 200
[Info   :Zeepkist GTR] 18:24:35 End processing HTTP request after 634.6157ms - 200
[Info   :Zeepkist Bingo] [BINGO] === PLAYER SPAWNED ===
[Info   :Zeepkist Bingo] [BINGO] IsInActiveSession: False
[Info   :Zeepkist Bingo] [BINGO] Not in active session, skipping timer reset
[Info   :Zeepkist GTR] 18:24:38 Loading personal best...
[Info   :Zeepkist GTR] 18:24:38 Start processing HTTP request "POST" https://graphql.zeepki.st/
[Info   :Zeepkist GTR] 18:24:38 Sending HTTP request "POST" https://graphql.zeepki.st/
[Info   :Zeepkist GTR] 18:24:38 Stopping existing recorder if any
[Info   :Zeepkist GTR] 18:24:38 Creating new recorder
[Info   :Zeepkist GTR] 18:24:38 Start processing HTTP request "POST" https://graphql.zeepki.st/
[Info   :Zeepkist GTR] 18:24:38 Sending HTTP request "POST" https://graphql.zeepki.st/
[Info   :Zeepkist GTR] 18:24:38 Start processing HTTP request "POST" https://graphql.zeepki.st/
[Info   :Zeepkist GTR] 18:24:38 Sending HTTP request "POST" https://graphql.zeepki.st/
[Info   :Zeepkist GTR] 18:24:38 Received HTTP response headers after 336.6412ms - 200
[Info   :Zeepkist GTR] 18:24:38 End processing HTTP request after 336.8967ms - 200
[Info   :Zeepkist GTR] 18:24:38 Received HTTP response headers after 358.4373ms - 200
[Info   :Zeepkist GTR] 18:24:38 End processing HTTP request after 358.713ms - 200
[Info   :Zeepkist GTR] 18:24:38 Received HTTP response headers after 470.683ms - 200
[Info   :Zeepkist GTR] 18:24:38 End processing HTTP request after 470.9693ms - 200
[Info   :Zeepkist GTR] 18:24:38 Start processing HTTP request "POST" https://graphql.zeepki.st/
[Info   :Zeepkist GTR] 18:24:38 Sending HTTP request "POST" https://graphql.zeepki.st/
[Info   :Zeepkist GTR] 18:24:39 Received HTTP response headers after 186.742ms - 200
[Info   :Zeepkist GTR] 18:24:39 End processing HTTP request after 187.0516ms - 200
[Info   :Zeepkist GTR] 18:24:40 Starting recorder
[Info   :Zeepkist Bingo] [BINGO] === PLAYER SPAWNED ===
[Info   :Zeepkist Bingo] [BINGO] IsInActiveSession: False
[Info   :Zeepkist Bingo] [BINGO] Not in active session, skipping timer reset
[Info   :Zeepkist GTR] 18:25:15 Loading personal best...
[Info   :Zeepkist GTR] 18:25:15 Start processing HTTP request "POST" https://graphql.zeepki.st/
[Info   :Zeepkist GTR] 18:25:15 Sending HTTP request "POST" https://graphql.zeepki.st/
[Info   :Zeepkist GTR] 18:25:15 Stopping existing recorder if any
[Info   :Zeepkist GTR] 18:25:15 Creating new recorder
[Info   :Zeepkist GTR] 18:25:15 Start processing HTTP request "POST" https://graphql.zeepki.st/
[Info   :Zeepkist GTR] 18:25:15 Sending HTTP request "POST" https://graphql.zeepki.st/
[Info   :Zeepkist GTR] 18:25:15 Start processing HTTP request "POST" https://graphql.zeepki.st/
[Info   :Zeepkist GTR] 18:25:15 Sending HTTP request "POST" https://graphql.zeepki.st/
[Info   :Zeepkist GTR] 18:25:15 Received HTTP response headers after 185.2929ms - 200
[Info   :Zeepkist GTR] 18:25:15 End processing HTTP request after 185.5554ms - 200
[Info   :Zeepkist GTR] 18:25:16 Received HTTP response headers after 209.4438ms - 200
[Info   :Zeepkist GTR] 18:25:16 End processing HTTP request after 209.7111ms - 200
[Info   :Zeepkist GTR] 18:25:16 Received HTTP response headers after 400.9599ms - 200
[Info   :Zeepkist GTR] 18:25:16 End processing HTTP request after 401.1685ms - 200
[Info   :Zeepkist GTR] 18:25:16 Start processing HTTP request "POST" https://graphql.zeepki.st/
[Info   :Zeepkist GTR] 18:25:16 Sending HTTP request "POST" https://graphql.zeepki.st/
[Info   :Zeepkist GTR] 18:25:16 Received HTTP response headers after 177.4447ms - 200
[Info   :Zeepkist GTR] 18:25:16 End processing HTTP request after 177.7103ms - 200
[Info   :Zeepkist GTR] 18:25:17 Starting recorder
[Info   :Zeepkist Bingo] [BINGO] === PLAYER SPAWNED ===
[Info   :Zeepkist Bingo] [BINGO] IsInActiveSession: False
[Info   :Zeepkist Bingo] [BINGO] Not in active session, skipping timer reset
[Info   :Zeepkist GTR] 18:25:28 Loading personal best...
[Info   :Zeepkist GTR] 18:25:28 Start processing HTTP request "POST" https://graphql.zeepki.st/
[Info   :Zeepkist GTR] 18:25:28 Sending HTTP request "POST" https://graphql.zeepki.st/
[Info   :Zeepkist GTR] 18:25:28 Stopping existing recorder if any
[Info   :Zeepkist GTR] 18:25:28 Creating new recorder
[Info   :Zeepkist GTR] 18:25:28 Start processing HTTP request "POST" https://graphql.zeepki.st/
[Info   :Zeepkist GTR] 18:25:28 Sending HTTP request "POST" https://graphql.zeepki.st/
[Info   :Zeepkist GTR] 18:25:28 Start processing HTTP request "POST" https://graphql.zeepki.st/
[Info   :Zeepkist GTR] 18:25:28 Sending HTTP request "POST" https://graphql.zeepki.st/
[Info   :Zeepkist GTR] 18:25:28 Received HTTP response headers after 176.8687ms - 200
[Info   :Zeepkist GTR] 18:25:28 End processing HTTP request after 177.1082ms - 200
[Info   :Zeepkist GTR] 18:25:28 Received HTTP response headers after 200.1876ms - 200
[Info   :Zeepkist GTR] 18:25:28 End processing HTTP request after 200.4272ms - 200
[Info   :Zeepkist GTR] 18:25:28 Received HTTP response headers after 366.9364ms - 200
[Info   :Zeepkist GTR] 18:25:28 End processing HTTP request after 367.1378ms - 200
[Info   :Zeepkist GTR] 18:25:28 Start processing HTTP request "POST" https://graphql.zeepki.st/
[Info   :Zeepkist GTR] 18:25:28 Sending HTTP request "POST" https://graphql.zeepki.st/
[Info   :Zeepkist GTR] 18:25:28 Received HTTP response headers after 194.6405ms - 200
[Info   :Zeepkist GTR] 18:25:28 End processing HTTP request after 194.907ms - 200
[Info   :Zeepkist GTR] 18:25:29 Starting recorder
[Info   :Zeepkist Bingo] [BINGO] === PLAYER SPAWNED ===
[Info   :Zeepkist Bingo] [BINGO] IsInActiveSession: False
[Info   :Zeepkist Bingo] [BINGO] Not in active session, skipping timer reset
[Info   :Zeepkist GTR] 18:26:02 Loading personal best...
[Info   :Zeepkist GTR] 18:26:02 Start processing HTTP request "POST" https://graphql.zeepki.st/
[Info   :Zeepkist GTR] 18:26:02 Sending HTTP request "POST" https://graphql.zeepki.st/
[Info   :Zeepkist GTR] 18:26:02 Stopping existing recorder if any
[Info   :Zeepkist GTR] 18:26:02 Creating new recorder
[Info   :Zeepkist GTR] 18:26:02 Start processing HTTP request "POST" https://graphql.zeepki.st/
[Info   :Zeepkist GTR] 18:26:02 Sending HTTP request "POST" https://graphql.zeepki.st/
[Info   :Zeepkist GTR] 18:26:02 Start processing HTTP request "POST" https://graphql.zeepki.st/
[Info   :Zeepkist GTR] 18:26:02 Sending HTTP request "POST" https://graphql.zeepki.st/
[Info   :Zeepkist GTR] 18:26:03 Received HTTP response headers after 186.3006ms - 200
[Info   :Zeepkist GTR] 18:26:03 End processing HTTP request after 186.4981ms - 200
[Info   :Zeepkist GTR] 18:26:03 Received HTTP response headers after 192.6948ms - 200
[Info   :Zeepkist GTR] 18:26:03 End processing HTTP request after 192.8899ms - 200
[Info   :Zeepkist GTR] 18:26:03 Received HTTP response headers after 368.4807ms - 200
[Info   :Zeepkist GTR] 18:26:03 End processing HTTP request after 368.6822ms - 200
[Info   :Zeepkist GTR] 18:26:03 Start processing HTTP request "POST" https://graphql.zeepki.st/
[Info   :Zeepkist GTR] 18:26:03 Sending HTTP request "POST" https://graphql.zeepki.st/
[Info   :Zeepkist GTR] 18:26:03 Received HTTP response headers after 193.3439ms - 200
[Info   :Zeepkist GTR] 18:26:03 End processing HTTP request after 193.6622ms - 200
[Info   :Zeepkist GTR] 18:26:04 Starting recorder
[Info   :Zeepkist Bingo] [BINGO] === PLAYER SPAWNED ===
[Info   :Zeepkist Bingo] [BINGO] IsInActiveSession: False
[Info   :Zeepkist Bingo] [BINGO] Not in active session, skipping timer reset
[Info   :Zeepkist GTR] 18:26:11 Loading personal best...
[Info   :Zeepkist GTR] 18:26:11 Start processing HTTP request "POST" https://graphql.zeepki.st/
[Info   :Zeepkist GTR] 18:26:11 Sending HTTP request "POST" https://graphql.zeepki.st/
[Info   :Zeepkist GTR] 18:26:11 Stopping existing recorder if any
[Info   :Zeepkist GTR] 18:26:11 Creating new recorder
[Info   :Zeepkist GTR] 18:26:11 Start processing HTTP request "POST" https://graphql.zeepki.st/
[Info   :Zeepkist GTR] 18:26:11 Sending HTTP request "POST" https://graphql.zeepki.st/
[Info   :Zeepkist GTR] 18:26:11 Start processing HTTP request "POST" https://graphql.zeepki.st/
[Info   :Zeepkist GTR] 18:26:11 Sending HTTP request "POST" https://graphql.zeepki.st/
[Info   :Zeepkist GTR] 18:26:11 Received HTTP response headers after 186.9463ms - 200
[Info   :Zeepkist GTR] 18:26:11 Received HTTP response headers after 187.2955ms - 200
[Info   :Zeepkist GTR] 18:26:11 End processing HTTP request after 187.533ms - 200
[Info   :Zeepkist GTR] 18:26:11 End processing HTTP request after 187.1817ms - 200
[Info   :Zeepkist GTR] 18:26:11 Received HTTP response headers after 374.0219ms - 200
[Info   :Zeepkist GTR] 18:26:11 End processing HTTP request after 374.32ms - 200
[Info   :Zeepkist GTR] 18:26:11 Start processing HTTP request "POST" https://graphql.zeepki.st/
[Info   :Zeepkist GTR] 18:26:11 Sending HTTP request "POST" https://graphql.zeepki.st/
[Info   :Zeepkist GTR] 18:26:11 Received HTTP response headers after 173.1606ms - 200
[Info   :Zeepkist GTR] 18:26:11 End processing HTTP request after 173.4508ms - 200
[Info   :Zeepkist GTR] 18:26:12 Starting recorder
[Info   :Zeepkist Bingo] [BINGO] === PLAYER SPAWNED ===
[Info   :Zeepkist Bingo] [BINGO] IsInActiveSession: False
[Info   :Zeepkist Bingo] [BINGO] Not in active session, skipping timer reset
[Info   :Zeepkist GTR] 18:26:19 Loading personal best...
[Info   :Zeepkist GTR] 18:26:19 Start processing HTTP request "POST" https://graphql.zeepki.st/
[Info   :Zeepkist GTR] 18:26:19 Sending HTTP request "POST" https://graphql.zeepki.st/
[Info   :Zeepkist GTR] 18:26:19 Stopping existing recorder if any
[Info   :Zeepkist GTR] 18:26:19 Creating new recorder
[Info   :Zeepkist GTR] 18:26:19 Start processing HTTP request "POST" https://graphql.zeepki.st/
[Info   :Zeepkist GTR] 18:26:19 Sending HTTP request "POST" https://graphql.zeepki.st/
[Info   :Zeepkist GTR] 18:26:19 Start processing HTTP request "POST" https://graphql.zeepki.st/
[Info   :Zeepkist GTR] 18:26:19 Sending HTTP request "POST" https://graphql.zeepki.st/
[Info   :Zeepkist GTR] 18:26:19 Received HTTP response headers after 187.4669ms - 200
[Info   :Zeepkist GTR] 18:26:19 End processing HTTP request after 187.6753ms - 200
[Info   :Zeepkist GTR] 18:26:19 Received HTTP response headers after 209.1311ms - 200
[Info   :Zeepkist GTR] 18:26:19 End processing HTTP request after 209.3866ms - 200
[Info   :Zeepkist GTR] 18:26:19 Received HTTP response headers after 379.8114ms - 200
[Info   :Zeepkist GTR] 18:26:19 End processing HTTP request after 380.1197ms - 200
[Info   :Zeepkist GTR] 18:26:19 Start processing HTTP request "POST" https://graphql.zeepki.st/
[Info   :Zeepkist GTR] 18:26:19 Sending HTTP request "POST" https://graphql.zeepki.st/
[Info   :Zeepkist GTR] 18:26:20 Received HTTP response headers after 201.7971ms - 200
[Info   :Zeepkist GTR] 18:26:20 End processing HTTP request after 202.0796ms - 200
[Info   :Zeepkist GTR] 18:26:21 Starting recorder
[Info   :Zeepkist Bingo] [BINGO] === PLAYER SPAWNED ===
[Info   :Zeepkist Bingo] [BINGO] IsInActiveSession: False
[Info   :Zeepkist Bingo] [BINGO] Not in active session, skipping timer reset
[Info   :Zeepkist GTR] 18:26:25 Loading personal best...
[Info   :Zeepkist GTR] 18:26:25 Start processing HTTP request "POST" https://graphql.zeepki.st/
[Info   :Zeepkist GTR] 18:26:25 Sending HTTP request "POST" https://graphql.zeepki.st/
[Info   :Zeepkist GTR] 18:26:25 Stopping existing recorder if any
[Info   :Zeepkist GTR] 18:26:25 Creating new recorder
[Info   :Zeepkist GTR] 18:26:25 Start processing HTTP request "POST" https://graphql.zeepki.st/
[Info   :Zeepkist GTR] 18:26:25 Sending HTTP request "POST" https://graphql.zeepki.st/
[Info   :Zeepkist GTR] 18:26:25 Start processing HTTP request "POST" https://graphql.zeepki.st/
[Info   :Zeepkist GTR] 18:26:25 Sending HTTP request "POST" https://graphql.zeepki.st/
[Info   :Zeepkist GTR] 18:26:25 Received HTTP response headers after 168.9902ms - 200
[Info   :Zeepkist GTR] 18:26:25 End processing HTTP request after 169.3412ms - 200
[Info   :Zeepkist GTR] 18:26:25 Received HTTP response headers after 233.3287ms - 200
[Info   :Zeepkist GTR] 18:26:25 End processing HTTP request after 233.6506ms - 200
[Info   :Zeepkist GTR] 18:26:26 Received HTTP response headers after 365.8177ms - 200
[Info   :Zeepkist GTR] 18:26:26 End processing HTTP request after 366.0918ms - 200
[Info   :Zeepkist GTR] 18:26:26 Start processing HTTP request "POST" https://graphql.zeepki.st/
[Info   :Zeepkist GTR] 18:26:26 Sending HTTP request "POST" https://graphql.zeepki.st/
[Info   :Zeepkist GTR] 18:26:26 Received HTTP response headers after 206.0008ms - 200
[Info   :Zeepkist GTR] 18:26:26 End processing HTTP request after 206.2992ms - 200
[Info   :Zeepkist GTR] 18:26:27 Starting recorder
[Info   :Zeepkist GTR] 18:27:04 Discarding recorder
[Info   :Zeepkist Bingo] [CHAT] Intercepted message: gg
[Info   :Zeepkist Bingo] [CHAT] Not relaying - no bingo session
[Info   :Zeepkist Bingo] [CHAT] Intercepted message: last map then start
[Info   :Zeepkist Bingo] [CHAT] Not relaying - no bingo session
[Info   :Zeepkist Bingo] [BINGO] Level loaded
[Info   :Zeepkist GTR] 18:27:19 Start processing HTTP request "POST" https://backend.zeepki.st/auth/refresh
[Info   :Zeepkist GTR] 18:27:19 Sending HTTP request "POST" https://backend.zeepki.st/auth/refresh
[Info   :Zeepkist Bingo] [BINGO] === PLAYER SPAWNED ===
[Info   :Zeepkist Bingo] [BINGO] IsInActiveSession: False
[Info   :Zeepkist Bingo] [BINGO] Not in active session, skipping timer reset
[Info   :Zeepkist GTR] 18:27:19 Loading personal best...
[Info   :Zeepkist GTR] 18:27:19 Start processing HTTP request "POST" https://graphql.zeepki.st/
[Info   :Zeepkist GTR] 18:27:19 Sending HTTP request "POST" https://graphql.zeepki.st/
[Info   :Zeepkist GTR] 18:27:19 Stopping existing recorder if any
[Info   :Zeepkist GTR] 18:27:19 Creating new recorder
[Info   :Zeepkist GTR] 18:27:19 Start processing HTTP request "POST" https://graphql.zeepki.st/
[Info   :Zeepkist GTR] 18:27:19 Sending HTTP request "POST" https://graphql.zeepki.st/
[Info   :Zeepkist GTR] 18:27:19 Start processing HTTP request "POST" https://graphql.zeepki.st/
[Info   :Zeepkist GTR] 18:27:19 Sending HTTP request "POST" https://graphql.zeepki.st/
[Info   :Zeepkist GTR] 18:27:20 Received HTTP response headers after 352.0586ms - 200
[Info   :Zeepkist GTR] 18:27:20 End processing HTTP request after 352.3054ms - 200
[Info   :Zeepkist GTR] 18:27:20 Received HTTP response headers after 653.549ms - 200
[Info   :Zeepkist GTR] 18:27:20 End processing HTTP request after 653.799ms - 200
[Info   :Zeepkist GTR] 18:27:20 Start processing HTTP request "POST" https://backend.zeepki.st/level/request
[Info   :Zeepkist GTR] 18:27:20 Sending HTTP request "POST" https://backend.zeepki.st/level/request
[Info   :Zeepkist GTR] 18:27:20 Received HTTP response headers after 587.8312ms - 200
[Info   :Zeepkist GTR] 18:27:20 End processing HTTP request after 588.1581ms - 200
[Info   :Zeepkist GTR] 18:27:20 Received HTTP response headers after 598.0991ms - 200
[Info   :Zeepkist GTR] 18:27:20 End processing HTTP request after 598.4057ms - 200
[Info   :Zeepkist GTR] 18:27:20 Start processing HTTP request "POST" https://graphql.zeepki.st/
[Info   :Zeepkist GTR] 18:27:20 Sending HTTP request "POST" https://graphql.zeepki.st/
[Info   :Zeepkist GTR] 18:27:20 Received HTTP response headers after 228.3058ms - 200
[Info   :Zeepkist GTR] 18:27:20 End processing HTTP request after 228.5944ms - 200
[Info   :Zeepkist GTR] 18:27:20 Received HTTP response headers after 242.1743ms - 200
[Info   :Zeepkist GTR] 18:27:20 End processing HTTP request after 242.7091ms - 200
[Info   :Zeepkist GTR] 18:27:21 Starting recorder
[Info   :Zeepkist Bingo] [BINGO] === PLAYER SPAWNED ===
[Info   :Zeepkist Bingo] [BINGO] IsInActiveSession: False
[Info   :Zeepkist Bingo] [BINGO] Not in active session, skipping timer reset
[Info   :Zeepkist GTR] 18:28:15 Loading personal best...
[Info   :Zeepkist GTR] 18:28:15 Start processing HTTP request "POST" https://graphql.zeepki.st/
[Info   :Zeepkist GTR] 18:28:15 Sending HTTP request "POST" https://graphql.zeepki.st/
[Info   :Zeepkist GTR] 18:28:15 Stopping existing recorder if any
[Info   :Zeepkist GTR] 18:28:15 Creating new recorder
[Info   :Zeepkist GTR] 18:28:15 Start processing HTTP request "POST" https://graphql.zeepki.st/
[Info   :Zeepkist GTR] 18:28:15 Sending HTTP request "POST" https://graphql.zeepki.st/
[Info   :Zeepkist GTR] 18:28:15 Start processing HTTP request "POST" https://graphql.zeepki.st/
[Info   :Zeepkist GTR] 18:28:15 Sending HTTP request "POST" https://graphql.zeepki.st/
[Info   :Zeepkist GTR] 18:28:15 Received HTTP response headers after 213.2599ms - 200
[Info   :Zeepkist GTR] 18:28:15 End processing HTTP request after 213.4662ms - 200
[Info   :Zeepkist GTR] 18:28:15 Received HTTP response headers after 267.3937ms - 200
[Info   :Zeepkist GTR] 18:28:15 End processing HTTP request after 267.7129ms - 200
[Info   :Zeepkist GTR] 18:28:15 Received HTTP response headers after 408.0604ms - 200
[Info   :Zeepkist GTR] 18:28:15 End processing HTTP request after 408.3284ms - 200
[Info   :Zeepkist GTR] 18:28:15 Start processing HTTP request "POST" https://graphql.zeepki.st/
[Info   :Zeepkist GTR] 18:28:15 Sending HTTP request "POST" https://graphql.zeepki.st/
[Info   :Zeepkist GTR] 18:28:15 Received HTTP response headers after 193.3697ms - 200
[Info   :Zeepkist GTR] 18:28:15 End processing HTTP request after 193.667ms - 200
[Info   :Zeepkist GTR] 18:28:16 Starting recorder
[Info   :Zeepkist Bingo] [BINGO] === PLAYER SPAWNED ===
[Info   :Zeepkist Bingo] [BINGO] IsInActiveSession: False
[Info   :Zeepkist Bingo] [BINGO] Not in active session, skipping timer reset
[Info   :Zeepkist GTR] 18:28:36 Loading personal best...
[Info   :Zeepkist GTR] 18:28:36 Start processing HTTP request "POST" https://graphql.zeepki.st/
[Info   :Zeepkist GTR] 18:28:36 Sending HTTP request "POST" https://graphql.zeepki.st/
[Info   :Zeepkist GTR] 18:28:36 Stopping existing recorder if any
[Info   :Zeepkist GTR] 18:28:36 Creating new recorder
[Info   :Zeepkist GTR] 18:28:36 Start processing HTTP request "POST" https://graphql.zeepki.st/
[Info   :Zeepkist GTR] 18:28:36 Sending HTTP request "POST" https://graphql.zeepki.st/
[Info   :Zeepkist GTR] 18:28:36 Start processing HTTP request "POST" https://graphql.zeepki.st/
[Info   :Zeepkist GTR] 18:28:36 Sending HTTP request "POST" https://graphql.zeepki.st/
[Info   :Zeepkist GTR] 18:28:36 Received HTTP response headers after 195.4381ms - 200
[Info   :Zeepkist GTR] 18:28:36 End processing HTTP request after 195.7384ms - 200
[Info   :Zeepkist GTR] 18:28:36 Received HTTP response headers after 250.3567ms - 200
[Info   :Zeepkist GTR] 18:28:36 End processing HTTP request after 250.5715ms - 200
[Info   :Zeepkist GTR] 18:28:36 Received HTTP response headers after 384.1674ms - 200
[Info   :Zeepkist GTR] 18:28:36 End processing HTTP request after 384.3738ms - 200
[Info   :Zeepkist GTR] 18:28:36 Start processing HTTP request "POST" https://graphql.zeepki.st/
[Info   :Zeepkist GTR] 18:28:36 Sending HTTP request "POST" https://graphql.zeepki.st/
[Info   :Zeepkist GTR] 18:28:36 Received HTTP response headers after 185.1454ms - 200
[Info   :Zeepkist GTR] 18:28:36 End processing HTTP request after 185.438ms - 200
[Info   :Zeepkist GTR] 18:28:37 Starting recorder
[Info   :Zeepkist Bingo] [BINGO] === PLAYER SPAWNED ===
[Info   :Zeepkist Bingo] [BINGO] IsInActiveSession: False
[Info   :Zeepkist Bingo] [BINGO] Not in active session, skipping timer reset
[Info   :Zeepkist GTR] 18:29:00 Loading personal best...
[Info   :Zeepkist GTR] 18:29:00 Start processing HTTP request "POST" https://graphql.zeepki.st/
[Info   :Zeepkist GTR] 18:29:00 Sending HTTP request "POST" https://graphql.zeepki.st/
[Info   :Zeepkist GTR] 18:29:00 Stopping existing recorder if any
[Info   :Zeepkist GTR] 18:29:00 Creating new recorder
[Info   :Zeepkist GTR] 18:29:00 Start processing HTTP request "POST" https://graphql.zeepki.st/
[Info   :Zeepkist GTR] 18:29:00 Sending HTTP request "POST" https://graphql.zeepki.st/
[Info   :Zeepkist GTR] 18:29:00 Start processing HTTP request "POST" https://graphql.zeepki.st/
[Info   :Zeepkist GTR] 18:29:00 Sending HTTP request "POST" https://graphql.zeepki.st/
[Info   :Zeepkist GTR] 18:29:00 Received HTTP response headers after 244.2435ms - 200
[Info   :Zeepkist GTR] 18:29:00 End processing HTTP request after 244.4866ms - 200
[Info   :Zeepkist GTR] 18:29:00 Received HTTP response headers after 287.4848ms - 200
[Info   :Zeepkist GTR] 18:29:00 End processing HTTP request after 287.6634ms - 200
[Info   :Zeepkist GTR] 18:29:00 Received HTTP response headers after 439.4608ms - 200
[Info   :Zeepkist GTR] 18:29:00 End processing HTTP request after 439.6714ms - 200
[Info   :Zeepkist GTR] 18:29:00 Start processing HTTP request "POST" https://graphql.zeepki.st/
[Info   :Zeepkist GTR] 18:29:00 Sending HTTP request "POST" https://graphql.zeepki.st/
[Info   :Zeepkist GTR] 18:29:00 Received HTTP response headers after 261.2866ms - 200
[Info   :Zeepkist GTR] 18:29:00 End processing HTTP request after 261.5745ms - 200
[Info   :Zeepkist GTR] 18:29:01 Starting recorder
[Info   :Zeepkist Bingo] [CHAT] Intercepted message: what's the command to change the time again?
[Info   :Zeepkist Bingo] [CHAT] Not relaying - no bingo session
[Info   :Zeepkist Bingo] [BINGO] === PLAYER SPAWNED ===
[Info   :Zeepkist Bingo] [BINGO] IsInActiveSession: False
[Info   :Zeepkist Bingo] [BINGO] Not in active session, skipping timer reset
[Info   :Zeepkist GTR] 18:29:34 Loading personal best...
[Info   :Zeepkist GTR] 18:29:34 Start processing HTTP request "POST" https://graphql.zeepki.st/
[Info   :Zeepkist GTR] 18:29:34 Sending HTTP request "POST" https://graphql.zeepki.st/
[Info   :Zeepkist GTR] 18:29:34 Stopping existing recorder if any
[Info   :Zeepkist GTR] 18:29:34 Creating new recorder
[Info   :Zeepkist GTR] 18:29:34 Start processing HTTP request "POST" https://graphql.zeepki.st/
[Info   :Zeepkist GTR] 18:29:34 Sending HTTP request "POST" https://graphql.zeepki.st/
[Info   :Zeepkist GTR] 18:29:34 Start processing HTTP request "POST" https://graphql.zeepki.st/
[Info   :Zeepkist GTR] 18:29:34 Sending HTTP request "POST" https://graphql.zeepki.st/
[Info   :Zeepkist GTR] 18:29:35 Received HTTP response headers after 302.4729ms - 200
[Info   :Zeepkist GTR] 18:29:35 End processing HTTP request after 302.6976ms - 200
[Info   :Zeepkist GTR] 18:29:35 Received HTTP response headers after 306.8954ms - 200
[Info   :Zeepkist GTR] 18:29:35 End processing HTTP request after 307.1207ms - 200
[Info   :Zeepkist GTR] 18:29:35 Received HTTP response headers after 494.1569ms - 200
[Info   :Zeepkist GTR] 18:29:35 End processing HTTP request after 494.3476ms - 200
[Info   :Zeepkist GTR] 18:29:35 Start processing HTTP request "POST" https://graphql.zeepki.st/
[Info   :Zeepkist GTR] 18:29:35 Sending HTTP request "POST" https://graphql.zeepki.st/
[Info   :Zeepkist GTR] 18:29:35 Received HTTP response headers after 174.6081ms - 200
[Info   :Zeepkist GTR] 18:29:35 End processing HTTP request after 174.9852ms - 200
[Info   :Zeepkist Bingo] [CHAT] Intercepted message: ty
[Info   :Zeepkist Bingo] [CHAT] Not relaying - no bingo session
[Info   :Zeepkist GTR] 18:29:36 Starting recorder
[Info   :Zeepkist Bingo] [BINGO] === PLAYER SPAWNED ===
[Info   :Zeepkist Bingo] [BINGO] IsInActiveSession: False
[Info   :Zeepkist Bingo] [BINGO] Not in active session, skipping timer reset
[Info   :Zeepkist GTR] 18:29:56 Loading personal best...
[Info   :Zeepkist GTR] 18:29:56 Start processing HTTP request "POST" https://graphql.zeepki.st/
[Info   :Zeepkist GTR] 18:29:56 Sending HTTP request "POST" https://graphql.zeepki.st/
[Info   :Zeepkist GTR] 18:29:56 Stopping existing recorder if any
[Info   :Zeepkist GTR] 18:29:56 Creating new recorder
[Info   :Zeepkist GTR] 18:29:56 Start processing HTTP request "POST" https://graphql.zeepki.st/
[Info   :Zeepkist GTR] 18:29:56 Sending HTTP request "POST" https://graphql.zeepki.st/
[Info   :Zeepkist GTR] 18:29:56 Start processing HTTP request "POST" https://graphql.zeepki.st/
[Info   :Zeepkist GTR] 18:29:56 Sending HTTP request "POST" https://graphql.zeepki.st/
[Info   :Zeepkist GTR] 18:29:56 Received HTTP response headers after 200.181ms - 200
[Info   :Zeepkist GTR] 18:29:56 End processing HTTP request after 200.412ms - 200
[Info   :Zeepkist GTR] 18:29:56 Received HTTP response headers after 199.9377ms - 200
[Info   :Zeepkist GTR] 18:29:56 End processing HTTP request after 200.0882ms - 200
[Info   :Zeepkist GTR] 18:29:56 Received HTTP response headers after 375.3683ms - 200
[Info   :Zeepkist GTR] 18:29:56 End processing HTTP request after 375.6209ms - 200
[Info   :Zeepkist GTR] 18:29:56 Start processing HTTP request "POST" https://graphql.zeepki.st/
[Info   :Zeepkist GTR] 18:29:56 Sending HTTP request "POST" https://graphql.zeepki.st/
[Info   :Zeepkist GTR] 18:29:57 Received HTTP response headers after 860.2475ms - 200
[Info   :Zeepkist GTR] 18:29:57 End processing HTTP request after 860.4974ms - 200
[Info   :Zeepkist GTR] 18:29:57 Starting recorder
[Info   :Zeepkist Bingo] [BINGO] === PLAYER SPAWNED ===
[Info   :Zeepkist Bingo] [BINGO] IsInActiveSession: False
[Info   :Zeepkist Bingo] [BINGO] Not in active session, skipping timer reset
[Info   :Zeepkist GTR] 18:30:17 Loading personal best...
[Info   :Zeepkist GTR] 18:30:17 Start processing HTTP request "POST" https://graphql.zeepki.st/
[Info   :Zeepkist GTR] 18:30:17 Sending HTTP request "POST" https://graphql.zeepki.st/
[Info   :Zeepkist GTR] 18:30:17 Stopping existing recorder if any
[Info   :Zeepkist GTR] 18:30:17 Creating new recorder
[Info   :Zeepkist GTR] 18:30:17 Start processing HTTP request "POST" https://graphql.zeepki.st/
[Info   :Zeepkist GTR] 18:30:17 Sending HTTP request "POST" https://graphql.zeepki.st/
[Info   :Zeepkist GTR] 18:30:17 Start processing HTTP request "POST" https://graphql.zeepki.st/
[Info   :Zeepkist GTR] 18:30:17 Sending HTTP request "POST" https://graphql.zeepki.st/
[Info   :Zeepkist GTR] 18:30:18 Received HTTP response headers after 189.0325ms - 200
[Info   :Zeepkist GTR] 18:30:18 End processing HTTP request after 189.2407ms - 200
[Info   :Zeepkist GTR] 18:30:18 Received HTTP response headers after 224.9271ms - 200
[Info   :Zeepkist GTR] 18:30:18 End processing HTTP request after 225.1525ms - 200
[Info   :Zeepkist GTR] 18:30:18 Received HTTP response headers after 384.7626ms - 200
[Info   :Zeepkist GTR] 18:30:18 End processing HTTP request after 385.0018ms - 200
[Info   :Zeepkist GTR] 18:30:18 Start processing HTTP request "POST" https://graphql.zeepki.st/
[Info   :Zeepkist GTR] 18:30:18 Sending HTTP request "POST" https://graphql.zeepki.st/
[Info   :Zeepkist GTR] 18:30:18 Received HTTP response headers after 186.3385ms - 200
[Info   :Zeepkist GTR] 18:30:18 End processing HTTP request after 186.6899ms - 200
[Info   :Zeepkist GTR] 18:30:19 Starting recorder
[Info   :Zeepkist GTR] 18:30:32 Discarding recorder
[Info   :Zeepkist Bingo] [CHAT] Intercepted message: !cotd startcup
[Info   :Zeepkist Bingo] [CHAT] Not relaying - no bingo session
[Info   :COTDTracker] Starting cup with exclude list: 
[Info   :COTDTracker] Doing eliminations with leaderboard:
[Info   :COTDTracker] Player Minkus: Time: 39.15196
[Info   :COTDTracker] Player [ZET]Stick: Time: 39.16925
[Info   :COTDTracker] Player [EG]Victor: Time: 39.55134
[Info   :COTDTracker] Player Jake: Time: 39.60135
[Info   :COTDTracker] Player [CSC] variableferret: Time: 40.26857
[Info   :COTDTracker] Player [MMM]LKat: Time: 40.51054
[Info   :COTDTracker] Player BrickEdwards: Time: 40.60328
[Info   :COTDTracker] Player FINSTER83: Time: 40.61307
[Info   :COTDTracker] Player [ZET]maskeddog: Time: 40.96602
[Info   :COTDTracker] Player [MMM]Milk Man: Time: 41.32716
[Info   :COTDTracker] Player Phoenix: Time: 41.5793
[Info   :COTDTracker] Player SouthMango: Time: 41.99943
[Info   :COTDTracker] Player [ZET]Sword125: Time: DNF
[Info   :COTDTracker] Player Luigi Vendetta: Time: DNF
[Info   :COTDTracker] Player MinMag_LP: Time: DNF
[Info   :COTDTracker] Player Kilandor: Time: DNF
[Info   :COTDTracker] Kicking eliminated players
[Info   :Zeepkist Bingo] [BINGO] Level loaded
[Info   :Zeepkist GTR] 18:30:46 Start processing HTTP request "POST" https://backend.zeepki.st/level/request
[Info   :Zeepkist GTR] 18:30:46 Sending HTTP request "POST" https://backend.zeepki.st/level/request
[Info   :Zeepkist Bingo] [BINGO] === PLAYER SPAWNED ===
[Info   :Zeepkist Bingo] [BINGO] IsInActiveSession: False
[Info   :Zeepkist Bingo] [BINGO] Not in active session, skipping timer reset
[Info   :Zeepkist GTR] 18:30:46 Loading personal best...
[Info   :Zeepkist GTR] 18:30:46 Start processing HTTP request "POST" https://graphql.zeepki.st/
[Info   :Zeepkist GTR] 18:30:46 Sending HTTP request "POST" https://graphql.zeepki.st/
[Info   :Zeepkist GTR] 18:30:46 Stopping existing recorder if any
[Info   :Zeepkist GTR] 18:30:46 Creating new recorder
[Info   :Zeepkist GTR] 18:30:46 Start processing HTTP request "POST" https://graphql.zeepki.st/
[Info   :Zeepkist GTR] 18:30:46 Sending HTTP request "POST" https://graphql.zeepki.st/
[Info   :Zeepkist GTR] 18:30:46 Start processing HTTP request "POST" https://graphql.zeepki.st/
[Info   :Zeepkist GTR] 18:30:46 Sending HTTP request "POST" https://graphql.zeepki.st/
[Info   :Zeepkist GTR] 18:30:46 Received HTTP response headers after 217.3121ms - 200
[Info   :Zeepkist GTR] 18:30:46 End processing HTTP request after 217.5754ms - 200
[Info   :Zeepkist GTR] 18:30:47 Received HTTP response headers after 245.9302ms - 200
[Info   :Zeepkist GTR] 18:30:47 End processing HTTP request after 246.1841ms - 200
[Info   :Zeepkist GTR] 18:30:47 Received HTTP response headers after 460.4312ms - 200
[Info   :Zeepkist GTR] 18:30:47 End processing HTTP request after 460.6868ms - 200
[Info   :Zeepkist GTR] 18:30:47 Received HTTP response headers after 409.3219ms - 200
[Info   :Zeepkist GTR] 18:30:47 End processing HTTP request after 409.6625ms - 200
[Info   :Zeepkist GTR] 18:30:47 Start processing HTTP request "POST" https://graphql.zeepki.st/
[Info   :Zeepkist GTR] 18:30:47 Sending HTTP request "POST" https://graphql.zeepki.st/
[Info   :Zeepkist GTR] 18:30:47 Received HTTP response headers after 191.5162ms - 200
[Info   :Zeepkist GTR] 18:30:47 End processing HTTP request after 191.8327ms - 200
[Info   :Zeepkist GTR] 18:30:48 Starting recorder
[Info   :Zeepkist Bingo] [CHAT] Intercepted message: whoops
[Info   :Zeepkist Bingo] [CHAT] Not relaying - no bingo session
[Info   :Zeepkist Bingo] [CHAT] Intercepted message: one sec
[Info   :Zeepkist Bingo] [CHAT] Not relaying - no bingo session
[Info   :Zeepkist GTR] 18:31:26 Discarding recorder
[Info   :COTDTracker] Doing eliminations with leaderboard:
[Info   :COTDTracker] Player Minkus: Time: DNF
[Info   :COTDTracker] Player [ZET]Stick: Time: DNF
[Info   :COTDTracker] Player [EG]Victor: Time: DNF
[Info   :COTDTracker] Player Jake: Time: DNF
[Info   :COTDTracker] Player [CSC] variableferret: Time: DNF
[Info   :COTDTracker] Player [MMM]LKat: Time: DNF
[Info   :COTDTracker] Player BrickEdwards: Time: DNF
[Info   :COTDTracker] Player FINSTER83: Time: DNF
[Info   :COTDTracker] Player [ZET]maskeddog: Time: DNF
[Info   :COTDTracker] Player [MMM]Milk Man: Time: DNF
[Info   :COTDTracker] Player Phoenix: Time: DNF
[Info   :COTDTracker] Player SouthMango: Time: DNF
[Info   :COTDTracker] Player [ZET]Sword125: Time: DNF
[Info   :COTDTracker] Player Luigi Vendetta: Time: DNF
[Info   :COTDTracker] Player MinMag_LP: Time: DNF
[Info   :COTDTracker] Player Kilandor: Time: DNF
[Info   :COTDTracker] Eliminating DNF: Kilandor
[Info   :COTDTracker] Eliminating DNF: MinMag_LP
[Info   :COTDTracker] Eliminating DNF: Luigi Vendetta
[Info   :COTDTracker] Eliminating DNF: [ZET]Sword125
[Info   :COTDTracker] Eliminating DNF: SouthMango
[Info   :COTDTracker] Eliminating DNF: Phoenix
[Info   :COTDTracker] Eliminating DNF: [MMM]Milk Man
[Info   :COTDTracker] Eliminating DNF: [ZET]maskeddog
[Info   :COTDTracker] Eliminating DNF: FINSTER83
[Info   :COTDTracker] Eliminating DNF: BrickEdwards
[Info   :COTDTracker] Eliminating DNF: [MMM]LKat
[Info   :COTDTracker] Eliminating DNF: [CSC] variableferret
[Info   :COTDTracker] Eliminating DNF: Jake
[Info   :COTDTracker] Eliminating DNF: [EG]Victor
[Info   :COTDTracker] Eliminating DNF: [ZET]Stick
[Info   :COTDTracker] Eliminating DNF: Minkus
[Info   :COTDTracker] Eliminated 16 DNF players
[Info   :COTDTracker] Eliminating 16 players: 
[Info   :COTDTracker] Kilandor
[Info   :COTDTracker] MinMag_LP
[Info   :COTDTracker] Luigi Vendetta
[Info   :COTDTracker] [ZET]Sword125
[Info   :COTDTracker] SouthMango
[Info   :COTDTracker] Phoenix
[Info   :COTDTracker] [MMM]Milk Man
[Info   :COTDTracker] [ZET]maskeddog
[Info   :COTDTracker] FINSTER83
[Info   :COTDTracker] BrickEdwards
[Info   :COTDTracker] [MMM]LKat
[Info   :COTDTracker] [CSC] variableferret
[Info   :COTDTracker] Jake
[Info   :COTDTracker] [EG]Victor
[Info   :COTDTracker] [ZET]Stick
[Info   :COTDTracker] Minkus
[Info   :COTDTracker] Kicking eliminated players
[Info   :Zeepkist Bingo] [BINGO] Level loaded
[Info   :Zeepkist GTR] 18:31:40 Start processing HTTP request "POST" https://backend.zeepki.st/level/request
[Info   :Zeepkist GTR] 18:31:40 Sending HTTP request "POST" https://backend.zeepki.st/level/request
[Info   :Zeepkist Bingo] [BINGO] === PLAYER SPAWNED ===
[Info   :Zeepkist Bingo] [BINGO] IsInActiveSession: False
[Info   :Zeepkist Bingo] [BINGO] Not in active session, skipping timer reset
[Info   :Zeepkist GTR] 18:31:40 Loading personal best...
[Info   :Zeepkist GTR] 18:31:40 Start processing HTTP request "POST" https://graphql.zeepki.st/
[Info   :Zeepkist GTR] 18:31:40 Sending HTTP request "POST" https://graphql.zeepki.st/
[Info   :Zeepkist GTR] 18:31:40 Stopping existing recorder if any
[Info   :Zeepkist GTR] 18:31:40 Creating new recorder
[Info   :Zeepkist GTR] 18:31:40 Start processing HTTP request "POST" https://graphql.zeepki.st/
[Info   :Zeepkist GTR] 18:31:40 Sending HTTP request "POST" https://graphql.zeepki.st/
[Info   :Zeepkist GTR] 18:31:40 Start processing HTTP request "POST" https://graphql.zeepki.st/
[Info   :Zeepkist GTR] 18:31:40 Sending HTTP request "POST" https://graphql.zeepki.st/
[Info   :Zeepkist GTR] 18:31:40 Received HTTP response headers after 258.6697ms - 200
[Info   :Zeepkist GTR] 18:31:40 End processing HTTP request after 258.8957ms - 200
[Info   :Zeepkist GTR] 18:31:40 Received HTTP response headers after 480.2836ms - 200
[Info   :Zeepkist GTR] 18:31:40 End processing HTTP request after 480.6751ms - 200
[Info   :Zeepkist GTR] 18:31:41 Received HTTP response headers after 539.5645ms - 200
[Info   :Zeepkist GTR] 18:31:41 End processing HTTP request after 539.9877ms - 200
[Info   :Zeepkist GTR] 18:31:41 Received HTTP response headers after 698.846ms - 200
[Info   :Zeepkist GTR] 18:31:41 End processing HTTP request after 699.1211ms - 200
[Info   :Zeepkist GTR] 18:31:42 Starting recorder
[Info   :Zeepkist Bingo] [CHAT] Intercepted message: !cotd startcup
[Info   :Zeepkist Bingo] [CHAT] Not relaying - no bingo session
[Info   :COTDTracker] Starting cup with exclude list: 
[Info   :Zeepkist Bingo] [BINGO] === PLAYER SPAWNED ===
[Info   :Zeepkist Bingo] [BINGO] IsInActiveSession: False
[Info   :Zeepkist Bingo] [BINGO] Not in active session, skipping timer reset
[Info   :Zeepkist GTR] 18:32:54 Loading personal best...
[Info   :Zeepkist GTR] 18:32:54 Start processing HTTP request "POST" https://graphql.zeepki.st/
[Info   :Zeepkist GTR] 18:32:54 Sending HTTP request "POST" https://graphql.zeepki.st/
[Info   :Zeepkist GTR] 18:32:54 Stopping existing recorder if any
[Info   :Zeepkist GTR] 18:32:54 Creating new recorder
[Info   :Zeepkist GTR] 18:32:54 Start processing HTTP request "POST" https://graphql.zeepki.st/
[Info   :Zeepkist GTR] 18:32:54 Sending HTTP request "POST" https://graphql.zeepki.st/
[Info   :Zeepkist GTR] 18:32:54 Start processing HTTP request "POST" https://graphql.zeepki.st/
[Info   :Zeepkist GTR] 18:32:54 Sending HTTP request "POST" https://graphql.zeepki.st/
[Info   :Zeepkist GTR] 18:32:54 Received HTTP response headers after 193.0077ms - 200
[Info   :Zeepkist GTR] 18:32:54 End processing HTTP request after 193.2888ms - 200
[Info   :Zeepkist GTR] 18:32:54 Received HTTP response headers after 195.9422ms - 200
[Info   :Zeepkist GTR] 18:32:54 End processing HTTP request after 196.2337ms - 200
[Info   :Zeepkist GTR] 18:32:54 Received HTTP response headers after 379.391ms - 200
[Info   :Zeepkist GTR] 18:32:54 End processing HTTP request after 379.6463ms - 200
[Info   :Zeepkist GTR] 18:32:56 Starting recorder
[Info   :Zeepkist Bingo] [CHAT] Intercepted message: ok there we go
[Info   :Zeepkist Bingo] [CHAT] Not relaying - no bingo session
[Info   :Zeepkist Bingo] [CHAT] Intercepted message: i forgot that i have to start cup after warmup
[Info   :Zeepkist Bingo] [CHAT] Not relaying - no bingo session
[Info   :Zeepkist Bingo] [BINGO] === PLAYER SPAWNED ===
[Info   :Zeepkist Bingo] [BINGO] IsInActiveSession: False
[Info   :Zeepkist Bingo] [BINGO] Not in active session, skipping timer reset
[Info   :Zeepkist GTR] 18:33:09 Loading personal best...
[Info   :Zeepkist GTR] 18:33:09 Start processing HTTP request "POST" https://graphql.zeepki.st/
[Info   :Zeepkist GTR] 18:33:09 Sending HTTP request "POST" https://graphql.zeepki.st/
[Info   :Zeepkist GTR] 18:33:09 Stopping existing recorder if any
[Info   :Zeepkist GTR] 18:33:09 Creating new recorder
[Info   :Zeepkist GTR] 18:33:09 Start processing HTTP request "POST" https://graphql.zeepki.st/
[Info   :Zeepkist GTR] 18:33:09 Sending HTTP request "POST" https://graphql.zeepki.st/
[Info   :Zeepkist GTR] 18:33:09 Start processing HTTP request "POST" https://graphql.zeepki.st/
[Info   :Zeepkist GTR] 18:33:09 Sending HTTP request "POST" https://graphql.zeepki.st/
[Info   :Zeepkist GTR] 18:33:09 Received HTTP response headers after 184.7554ms - 200
[Info   :Zeepkist GTR] 18:33:09 End processing HTTP request after 184.9702ms - 200
[Info   :Zeepkist GTR] 18:33:09 Received HTTP response headers after 201.0417ms - 200
[Info   :Zeepkist GTR] 18:33:09 End processing HTTP request after 201.3131ms - 200
[Info   :Zeepkist GTR] 18:33:09 Received HTTP response headers after 373.3472ms - 200
[Info   :Zeepkist GTR] 18:33:09 End processing HTTP request after 373.5689ms - 200
[Info   :Zeepkist GTR] 18:33:10 Starting recorder
[Info   :Zeepkist Bingo] [BINGO] === PLAYER SPAWNED ===
[Info   :Zeepkist Bingo] [BINGO] IsInActiveSession: False
[Info   :Zeepkist Bingo] [BINGO] Not in active session, skipping timer reset
[Info   :Zeepkist GTR] 18:33:14 Loading personal best...
[Info   :Zeepkist GTR] 18:33:14 Start processing HTTP request "POST" https://graphql.zeepki.st/
[Info   :Zeepkist GTR] 18:33:14 Sending HTTP request "POST" https://graphql.zeepki.st/
[Info   :Zeepkist GTR] 18:33:14 Stopping existing recorder if any
[Info   :Zeepkist GTR] 18:33:14 Creating new recorder
[Info   :Zeepkist GTR] 18:33:14 Start processing HTTP request "POST" https://graphql.zeepki.st/
[Info   :Zeepkist GTR] 18:33:14 Sending HTTP request "POST" https://graphql.zeepki.st/
[Info   :Zeepkist GTR] 18:33:14 Start processing HTTP request "POST" https://graphql.zeepki.st/
[Info   :Zeepkist GTR] 18:33:14 Sending HTTP request "POST" https://graphql.zeepki.st/
[Info   :Zeepkist GTR] 18:33:14 Received HTTP response headers after 205.6314ms - 200
[Info   :Zeepkist GTR] 18:33:14 End processing HTTP request after 205.8671ms - 200
[Info   :Zeepkist GTR] 18:33:14 Received HTTP response headers after 216.3609ms - 200
[Info   :Zeepkist GTR] 18:33:14 End processing HTTP request after 216.5777ms - 200
[Info   :Zeepkist GTR] 18:33:14 Received HTTP response headers after 406.9966ms - 200
[Info   :Zeepkist GTR] 18:33:14 End processing HTTP request after 407.28ms - 200
[Info   :Zeepkist GTR] 18:33:16 Starting recorder
[Info   :Zeepkist Bingo] [BINGO] === PLAYER SPAWNED ===
[Info   :Zeepkist Bingo] [BINGO] IsInActiveSession: False
[Info   :Zeepkist Bingo] [BINGO] Not in active session, skipping timer reset
[Info   :Zeepkist GTR] 18:33:32 Loading personal best...
[Info   :Zeepkist GTR] 18:33:32 Start processing HTTP request "POST" https://graphql.zeepki.st/
[Info   :Zeepkist GTR] 18:33:32 Sending HTTP request "POST" https://graphql.zeepki.st/
[Info   :Zeepkist GTR] 18:33:32 Stopping existing recorder if any
[Info   :Zeepkist GTR] 18:33:32 Creating new recorder
[Info   :Zeepkist GTR] 18:33:32 Start processing HTTP request "POST" https://graphql.zeepki.st/
[Info   :Zeepkist GTR] 18:33:32 Sending HTTP request "POST" https://graphql.zeepki.st/
[Info   :Zeepkist GTR] 18:33:32 Start processing HTTP request "POST" https://graphql.zeepki.st/
[Info   :Zeepkist GTR] 18:33:32 Sending HTTP request "POST" https://graphql.zeepki.st/
[Info   :Zeepkist GTR] 18:33:32 Received HTTP response headers after 173.9212ms - 200
[Info   :Zeepkist GTR] 18:33:32 End processing HTTP request after 174.1651ms - 200
[Info   :Zeepkist GTR] 18:33:32 Received HTTP response headers after 189.2225ms - 200
[Info   :Zeepkist GTR] 18:33:32 End processing HTTP request after 189.4556ms - 200
[Info   :Zeepkist GTR] 18:33:32 Received HTTP response headers after 354.2082ms - 200
[Info   :Zeepkist GTR] 18:33:32 End processing HTTP request after 354.4614ms - 200
[Info   :Zeepkist GTR] 18:33:34 Starting recorder
[Info   :Zeepkist GTR] 18:34:15 Stopping recorder
[Info   :Zeepkist GTR] 18:34:15 Collecting extra information
[Info   :Zeepkist GTR] 18:34:15 Resolved workshop ID "3787509845" from lobby 3787509845 and level 0
[Info   :Zeepkist GTR] 18:34:15 Processing ghost data
[Info   :Zeepkist GTR] 18:34:15 Creating stream
[Info   :Zeepkist GTR] 18:34:15 Writing to stream
[Info   :Zeepkist GTR] 18:34:15 Converting to base64
[Info   :Zeepkist GTR] 18:34:15 Creating resource
[Info   :Zeepkist GTR] 18:34:15 Start processing HTTP request "POST" https://backend.zeepki.st/record/submit
[Info   :Zeepkist GTR] 18:34:15 Sending HTTP request "POST" https://backend.zeepki.st/record/submit
[Info   :Zeepkist GTR] 18:34:16 Received HTTP response headers after 693.1043ms - 200
[Info   :Zeepkist GTR] 18:34:16 End processing HTTP request after 693.3819ms - 200
[Info   :Zeepkist Bingo] [BINGO] === PLAYER SPAWNED ===
[Info   :Zeepkist Bingo] [BINGO] IsInActiveSession: False
[Info   :Zeepkist Bingo] [BINGO] Not in active session, skipping timer reset
[Info   :Zeepkist GTR] 18:34:16 Loading personal best...
[Info   :Zeepkist GTR] 18:34:16 Start processing HTTP request "POST" https://graphql.zeepki.st/
[Info   :Zeepkist GTR] 18:34:16 Sending HTTP request "POST" https://graphql.zeepki.st/
[Info   :Zeepkist GTR] 18:34:16 Stopping existing recorder if any
[Info   :Zeepkist GTR] 18:34:16 Creating new recorder
[Info   :Zeepkist GTR] 18:34:16 Start processing HTTP request "POST" https://graphql.zeepki.st/
[Info   :Zeepkist GTR] 18:34:16 Sending HTTP request "POST" https://graphql.zeepki.st/
[Info   :Zeepkist GTR] 18:34:16 Start processing HTTP request "POST" https://graphql.zeepki.st/
[Info   :Zeepkist GTR] 18:34:16 Sending HTTP request "POST" https://graphql.zeepki.st/
[Info   :Zeepkist GTR] 18:34:17 Received HTTP response headers after 317.5439ms - 200
[Info   :Zeepkist GTR] 18:34:17 End processing HTTP request after 317.7344ms - 200
[Info   :Zeepkist GTR] 18:34:17 Received HTTP response headers after 325.9491ms - 200
[Info   :Zeepkist GTR] 18:34:17 End processing HTTP request after 326.1949ms - 200
[Info   :Zeepkist GTR] 18:34:17 Start processing HTTP request "GET" https://cdn.zeepki.st/ghosts/01M0KASNAR966MDMPW9Z81SC14.bin
[Info   :Zeepkist GTR] 18:34:17 Sending HTTP request "GET" https://cdn.zeepki.st/ghosts/01M0KASNAR966MDMPW9Z81SC14.bin
[Info   :Zeepkist GTR] 18:34:17 Received HTTP response headers after 500.5529ms - 200
[Info   :Zeepkist GTR] 18:34:17 End processing HTTP request after 500.8119ms - 200
[Info   :Zeepkist GTR] 18:34:17 Start processing HTTP request "POST" https://graphql.zeepki.st/
[Info   :Zeepkist GTR] 18:34:17 Sending HTTP request "POST" https://graphql.zeepki.st/
[Info   :Zeepkist GTR] 18:34:17 Received HTTP response headers after 175.8177ms - 200
[Info   :Zeepkist GTR] 18:34:17 End processing HTTP request after 176.0961ms - 200
[Info   :Zeepkist GTR] 18:34:18 Received HTTP response headers after 852.9705ms - 200
[Info   :Zeepkist GTR] 18:34:18 End processing HTTP request after 853.3281ms - 200
[Info   :Zeepkist GTR] 18:34:18 Starting recorder
[Info   :Zeepkist GTR] 18:34:58 Stopping recorder
[Info   :Zeepkist GTR] 18:34:58 Collecting extra information
[Info   :Zeepkist GTR] 18:34:58 Resolved workshop ID "3787509845" from lobby 3787509845 and level 0
[Info   :Zeepkist GTR] 18:34:58 Processing ghost data
[Info   :Zeepkist GTR] 18:34:58 Creating stream
[Info   :Zeepkist GTR] 18:34:58 Writing to stream
[Info   :Zeepkist GTR] 18:34:58 Converting to base64
[Info   :Zeepkist GTR] 18:34:58 Creating resource
[Info   :Zeepkist GTR] 18:34:58 Start processing HTTP request "POST" https://backend.zeepki.st/record/submit
[Info   :Zeepkist GTR] 18:34:58 Sending HTTP request "POST" https://backend.zeepki.st/record/submit
[Info   :Zeepkist GTR] 18:34:58 Received HTTP response headers after 303.4462ms - 502
[Info   :Zeepkist GTR] 18:34:58 End processing HTTP request after 304.823ms - 502
[Error  :Zeepkist GTR] 18:34:58 Failed to submit record
[Info   :COTDTracker] Checking joined player  with steamID 76561198357858848
[Info   :COTDTracker] Checking joined player MALIYO with steamID 76561198357858848
[Info   :Zeepkist Bingo] [BINGO] === PLAYER SPAWNED ===
[Info   :Zeepkist Bingo] [BINGO] IsInActiveSession: False
[Info   :Zeepkist Bingo] [BINGO] Not in active session, skipping timer reset
[Info   :Zeepkist GTR] 18:35:00 Loading personal best...
[Info   :Zeepkist GTR] 18:35:00 Start processing HTTP request "POST" https://graphql.zeepki.st/
[Info   :Zeepkist GTR] 18:35:00 Sending HTTP request "POST" https://graphql.zeepki.st/
[Info   :Zeepkist GTR] 18:35:00 Stopping existing recorder if any
[Info   :Zeepkist GTR] 18:35:00 Creating new recorder
[Info   :Zeepkist GTR] 18:35:00 Start processing HTTP request "POST" https://graphql.zeepki.st/
[Info   :Zeepkist GTR] 18:35:00 Sending HTTP request "POST" https://graphql.zeepki.st/
[Info   :Zeepkist GTR] 18:35:00 Start processing HTTP request "POST" https://graphql.zeepki.st/
[Info   :Zeepkist GTR] 18:35:00 Sending HTTP request "POST" https://graphql.zeepki.st/
[Info   :Zeepkist GTR] 18:35:00 Received HTTP response headers after 165.4752ms - 503
[Info   :Zeepkist GTR] 18:35:00 End processing HTTP request after 165.7129ms - 503
[Info   :Zeepkist GTR] 18:35:00 Received HTTP response headers after 182.3119ms - 503
[Info   :Zeepkist GTR] 18:35:00 End processing HTTP request after 182.521ms - 503
[Error  :Zeepkist GTR] 18:35:00 Failed to load personal best: "Result: IsSuccess='False', Reasons='ExceptionalError with Message='Response status code does not indicate success: 503 (Service Unavailable).', Exception='StrawberryShake.GraphQLClientException: Response status code does not indicate success: 503 (Service Unavailable).
  at StrawberryShake.OperationResultExtensions.EnsureNoErrors (StrawberryShake.IOperationResult result) [0x00027] in <477cd25efd574ed694e416a1db52b995>:0 
  at TNRD.Zeepkist.GTR.Ghosting.Playback.OnlineGhostGraphqlService.GetPersonalBests (TNRD.Zeepkist.GTR.GraphQL.LevelGraphqlIdentity level, System.Threading.CancellationToken cancellationToken) [0x000c7] in D:\a\Zeepkist.GTR.Mod\Zeepkist.GTR.Mod\Ghosting\Playback\OnlineGhostGraphqlService.cs:43 '', "
[Info   :Zeepkist GTR] 18:35:02 Starting recorder
[Info   :Zeepkist Bingo] [BINGO] === PLAYER SPAWNED ===
[Info   :Zeepkist Bingo] [BINGO] IsInActiveSession: False
[Info   :Zeepkist Bingo] [BINGO] Not in active session, skipping timer reset
[Info   :Zeepkist GTR] 18:35:05 Loading personal best...
[Info   :Zeepkist GTR] 18:35:05 Start processing HTTP request "POST" https://graphql.zeepki.st/
[Info   :Zeepkist GTR] 18:35:05 Sending HTTP request "POST" https://graphql.zeepki.st/
[Info   :Zeepkist GTR] 18:35:05 Stopping existing recorder if any
[Info   :Zeepkist GTR] 18:35:05 Creating new recorder
[Info   :Zeepkist GTR] 18:35:05 Start processing HTTP request "POST" https://graphql.zeepki.st/
[Info   :Zeepkist GTR] 18:35:05 Sending HTTP request "POST" https://graphql.zeepki.st/
[Info   :Zeepkist GTR] 18:35:05 Start processing HTTP request "POST" https://graphql.zeepki.st/
[Info   :Zeepkist GTR] 18:35:05 Sending HTTP request "POST" https://graphql.zeepki.st/
[Info   :Zeepkist GTR] 18:35:07 Starting recorder
[Info   :Zeepkist Bingo] [BINGO] === PLAYER SPAWNED ===
[Info   :Zeepkist Bingo] [BINGO] IsInActiveSession: False
[Info   :Zeepkist Bingo] [BINGO] Not in active session, skipping timer reset
[Info   :Zeepkist GTR] 18:35:14 Loading personal best...
[Info   :Zeepkist GTR] 18:35:14 Start processing HTTP request "POST" https://graphql.zeepki.st/
[Info   :Zeepkist GTR] 18:35:14 Sending HTTP request "POST" https://graphql.zeepki.st/
[Info   :Zeepkist GTR] 18:35:14 Stopping existing recorder if any
[Info   :Zeepkist GTR] 18:35:14 Creating new recorder
[Info   :Zeepkist GTR] 18:35:14 Start processing HTTP request "POST" https://graphql.zeepki.st/
[Info   :Zeepkist GTR] 18:35:14 Sending HTTP request "POST" https://graphql.zeepki.st/
[Info   :Zeepkist GTR] 18:35:14 Start processing HTTP request "POST" https://graphql.zeepki.st/
[Info   :Zeepkist GTR] 18:35:14 Sending HTTP request "POST" https://graphql.zeepki.st/
[Info   :Zeepkist GTR] 18:35:16 Starting recorder
[Info   :Zeepkist Bingo] [BINGO] === PLAYER SPAWNED ===
[Info   :Zeepkist Bingo] [BINGO] IsInActiveSession: False
[Info   :Zeepkist Bingo] [BINGO] Not in active session, skipping timer reset
[Info   :Zeepkist GTR] 18:35:30 Loading personal best...
[Info   :Zeepkist GTR] 18:35:30 Start processing HTTP request "POST" https://graphql.zeepki.st/
[Info   :Zeepkist GTR] 18:35:30 Sending HTTP request "POST" https://graphql.zeepki.st/
[Info   :Zeepkist GTR] 18:35:30 Stopping existing recorder if any
[Info   :Zeepkist GTR] 18:35:30 Creating new recorder
[Info   :Zeepkist GTR] 18:35:30 Start processing HTTP request "POST" https://graphql.zeepki.st/
[Info   :Zeepkist GTR] 18:35:30 Sending HTTP request "POST" https://graphql.zeepki.st/
[Info   :Zeepkist GTR] 18:35:30 Start processing HTTP request "POST" https://graphql.zeepki.st/
[Info   :Zeepkist GTR] 18:35:30 Sending HTTP request "POST" https://graphql.zeepki.st/
[Info   :Zeepkist GTR] 18:35:32 Starting recorder
[Error  :Zeepkist GTR] 18:36:00 Unobserved task exception
[Error  :Zeepkist GTR] 18:36:00 Unobserved task exception
[Info   :Zeepkist GTR] 18:36:12 Stopping recorder
[Info   :Zeepkist GTR] 18:36:12 Collecting extra information
[Info   :Zeepkist GTR] 18:36:12 Resolved workshop ID "3787509845" from lobby 3787509845 and level 0
[Info   :Zeepkist GTR] 18:36:12 Processing ghost data
[Info   :Zeepkist GTR] 18:36:12 Creating stream
[Info   :Zeepkist GTR] 18:36:12 Writing to stream
[Info   :Zeepkist GTR] 18:36:12 Converting to base64
[Info   :Zeepkist GTR] 18:36:12 Creating resource
[Info   :Zeepkist GTR] 18:36:12 Start processing HTTP request "POST" https://backend.zeepki.st/record/submit
[Info   :Zeepkist GTR] 18:36:12 Sending HTTP request "POST" https://backend.zeepki.st/record/submit
[Info   :Zeepkist GTR] 18:36:12 Received HTTP response headers after 463.7878ms - 200
[Info   :Zeepkist GTR] 18:36:12 End processing HTTP request after 464.0143ms - 200
[Info   :Zeepkist Bingo] [BINGO] === PLAYER SPAWNED ===
[Info   :Zeepkist Bingo] [BINGO] IsInActiveSession: False
[Info   :Zeepkist Bingo] [BINGO] Not in active session, skipping timer reset
[Info   :Zeepkist GTR] 18:36:13 Loading personal best...
[Info   :Zeepkist GTR] 18:36:13 Start processing HTTP request "POST" https://graphql.zeepki.st/
[Info   :Zeepkist GTR] 18:36:13 Sending HTTP request "POST" https://graphql.zeepki.st/
[Info   :Zeepkist GTR] 18:36:13 Stopping existing recorder if any
[Info   :Zeepkist GTR] 18:36:13 Creating new recorder
[Info   :Zeepkist GTR] 18:36:13 Start processing HTTP request "POST" https://graphql.zeepki.st/
[Info   :Zeepkist GTR] 18:36:13 Sending HTTP request "POST" https://graphql.zeepki.st/
[Info   :Zeepkist GTR] 18:36:13 Start processing HTTP request "POST" https://graphql.zeepki.st/
[Info   :Zeepkist GTR] 18:36:13 Sending HTTP request "POST" https://graphql.zeepki.st/
[Info   :Zeepkist GTR] 18:36:15 Starting recorder
[Info   :Zeepkist Bingo] [BINGO] === PLAYER SPAWNED ===
[Info   :Zeepkist Bingo] [BINGO] IsInActiveSession: False
[Info   :Zeepkist Bingo] [BINGO] Not in active session, skipping timer reset
[Info   :Zeepkist GTR] 18:36:17 Loading personal best...
[Info   :Zeepkist GTR] 18:36:17 Start processing HTTP request "POST" https://graphql.zeepki.st/
[Info   :Zeepkist GTR] 18:36:17 Sending HTTP request "POST" https://graphql.zeepki.st/
[Info   :Zeepkist GTR] 18:36:17 Stopping existing recorder if any
[Info   :Zeepkist GTR] 18:36:17 Creating new recorder
[Info   :Zeepkist GTR] 18:36:17 Start processing HTTP request "POST" https://graphql.zeepki.st/
[Info   :Zeepkist GTR] 18:36:17 Sending HTTP request "POST" https://graphql.zeepki.st/
[Info   :Zeepkist GTR] 18:36:17 Start processing HTTP request "POST" https://graphql.zeepki.st/
[Info   :Zeepkist GTR] 18:36:17 Sending HTTP request "POST" https://graphql.zeepki.st/
[Info   :Zeepkist GTR] 18:36:18 Received HTTP response headers after 580.4128ms - 200
[Info   :Zeepkist GTR] 18:36:18 End processing HTTP request after 580.5991ms - 200
[Info   :Zeepkist GTR] 18:36:18 Received HTTP response headers after 586.1632ms - 200
[Info   :Zeepkist GTR] 18:36:18 End processing HTTP request after 586.4083ms - 200
[Info   :Zeepkist GTR] 18:36:18 Start processing HTTP request "GET" https://cdn.zeepki.st/ghosts/01M0KAX7CGTAH32MVF4CC7G72Z.bin
[Info   :Zeepkist GTR] 18:36:18 Sending HTTP request "GET" https://cdn.zeepki.st/ghosts/01M0KAX7CGTAH32MVF4CC7G72Z.bin
[Info   :Zeepkist GTR] 18:36:18 Received HTTP response headers after 767.163ms - 200
[Info   :Zeepkist GTR] 18:36:18 End processing HTTP request after 767.4226ms - 200
[Info   :Zeepkist GTR] 18:36:18 Start processing HTTP request "POST" https://graphql.zeepki.st/
[Info   :Zeepkist GTR] 18:36:18 Sending HTTP request "POST" https://graphql.zeepki.st/
[Info   :Zeepkist GTR] 18:36:18 Received HTTP response headers after 161.0056ms - 200
[Info   :Zeepkist GTR] 18:36:18 End processing HTTP request after 161.3406ms - 200
[Info   :Zeepkist GTR] 18:36:19 Received HTTP response headers after 827.7995ms - 200
[Info   :Zeepkist GTR] 18:36:19 End processing HTTP request after 828.156ms - 200
[Info   :Zeepkist GTR] 18:36:19 Starting recorder
[Info   :COTDTracker] Checking joined player  with steamID 76561199093841299
[Info   :COTDTracker] Checking joined player Shinikage221 with steamID 76561199093841299
[Info   :Zeepkist Bingo] [BINGO] === PLAYER SPAWNED ===
[Info   :Zeepkist Bingo] [BINGO] IsInActiveSession: False
[Info   :Zeepkist Bingo] [BINGO] Not in active session, skipping timer reset
[Info   :Zeepkist GTR] 18:36:45 Loading personal best...
[Info   :Zeepkist GTR] 18:36:45 Start processing HTTP request "POST" https://graphql.zeepki.st/
[Info   :Zeepkist GTR] 18:36:45 Sending HTTP request "POST" https://graphql.zeepki.st/
[Info   :Zeepkist GTR] 18:36:45 Stopping existing recorder if any
[Info   :Zeepkist GTR] 18:36:45 Creating new recorder
[Info   :Zeepkist GTR] 18:36:45 Start processing HTTP request "POST" https://graphql.zeepki.st/
[Info   :Zeepkist GTR] 18:36:45 Sending HTTP request "POST" https://graphql.zeepki.st/
[Info   :Zeepkist GTR] 18:36:45 Start processing HTTP request "POST" https://graphql.zeepki.st/
[Info   :Zeepkist GTR] 18:36:45 Sending HTTP request "POST" https://graphql.zeepki.st/
[Info   :Zeepkist GTR] 18:36:45 Received HTTP response headers after 186.7783ms - 200
[Info   :Zeepkist GTR] 18:36:45 End processing HTTP request after 186.9855ms - 200
[Info   :Zeepkist GTR] 18:36:45 Received HTTP response headers after 210.6788ms - 200
[Info   :Zeepkist GTR] 18:36:45 End processing HTTP request after 210.8932ms - 200
[Info   :Zeepkist GTR] 18:36:45 Received HTTP response headers after 369.8645ms - 200
[Info   :Zeepkist GTR] 18:36:45 End processing HTTP request after 370.1208ms - 200
[Info   :Zeepkist GTR] 18:36:45 Start processing HTTP request "POST" https://graphql.zeepki.st/
[Info   :Zeepkist GTR] 18:36:45 Sending HTTP request "POST" https://graphql.zeepki.st/
[Info   :Zeepkist GTR] 18:36:45 Received HTTP response headers after 178.2227ms - 200
[Info   :Zeepkist GTR] 18:36:45 End processing HTTP request after 178.5037ms - 200
[Info   :COTDTracker] Running update tab leaderboard function
[Info   :Zeepkist GTR] 18:36:47 Starting recorder
[Info   :COTDTracker] Running update tab leaderboard function
[Info   :Zeepkist Bingo] [BINGO] === PLAYER SPAWNED ===
[Info   :Zeepkist Bingo] [BINGO] IsInActiveSession: False
[Info   :Zeepkist Bingo] [BINGO] Not in active session, skipping timer reset
[Info   :Zeepkist GTR] 18:36:56 Loading personal best...
[Info   :Zeepkist GTR] 18:36:56 Start processing HTTP request "POST" https://graphql.zeepki.st/
[Info   :Zeepkist GTR] 18:36:56 Sending HTTP request "POST" https://graphql.zeepki.st/
[Info   :Zeepkist GTR] 18:36:56 Stopping existing recorder if any
[Info   :Zeepkist GTR] 18:36:56 Creating new recorder
[Info   :Zeepkist GTR] 18:36:56 Start processing HTTP request "POST" https://graphql.zeepki.st/
[Info   :Zeepkist GTR] 18:36:56 Sending HTTP request "POST" https://graphql.zeepki.st/
[Info   :Zeepkist GTR] 18:36:56 Start processing HTTP request "POST" https://graphql.zeepki.st/
[Info   :Zeepkist GTR] 18:36:56 Sending HTTP request "POST" https://graphql.zeepki.st/
[Info   :Zeepkist GTR] 18:36:56 Received HTTP response headers after 395.7067ms - 200
[Info   :Zeepkist GTR] 18:36:56 Received HTTP response headers after 395.3173ms - 200
[Info   :Zeepkist GTR] 18:36:56 End processing HTTP request after 395.5353ms - 200
[Info   :Zeepkist GTR] 18:36:56 End processing HTTP request after 395.973ms - 200
[Info   :Zeepkist GTR] 18:36:56 Received HTTP response headers after 608.4697ms - 200
[Info   :Zeepkist GTR] 18:36:56 End processing HTTP request after 608.68ms - 200
[Info   :Zeepkist GTR] 18:36:56 Start processing HTTP request "POST" https://graphql.zeepki.st/
[Info   :Zeepkist GTR] 18:36:56 Sending HTTP request "POST" https://graphql.zeepki.st/
[Info   :Zeepkist GTR] 18:36:57 Received HTTP response headers after 256.6568ms - 200
[Info   :Zeepkist GTR] 18:36:57 End processing HTTP request after 256.9326ms - 200
[Info   :Zeepkist GTR] 18:36:58 Starting recorder
[Info   :COTDTracker] Checking joined player  with steamID 76561198988960546
[Info   :COTDTracker] Checking joined player F1Y1NGDUTCHM8N with steamID 76561198988960546
[Info   :Zeepkist GTR] 18:37:37 Stopping recorder
[Info   :Zeepkist GTR] 18:37:37 Collecting extra information
[Info   :Zeepkist GTR] 18:37:37 Resolved workshop ID "3787509845" from lobby 3787509845 and level 0
[Info   :Zeepkist GTR] 18:37:37 Processing ghost data
[Info   :Zeepkist GTR] 18:37:37 Creating stream
[Info   :Zeepkist GTR] 18:37:37 Writing to stream
[Info   :Zeepkist GTR] 18:37:37 Converting to base64
[Info   :Zeepkist GTR] 18:37:37 Creating resource
[Info   :Zeepkist GTR] 18:37:37 Start processing HTTP request "POST" https://backend.zeepki.st/record/submit
[Info   :Zeepkist GTR] 18:37:37 Sending HTTP request "POST" https://backend.zeepki.st/record/submit
[Info   :Zeepkist GTR] 18:37:38 Received HTTP response headers after 1118.8302ms - 200
[Info   :Zeepkist GTR] 18:37:38 End processing HTTP request after 1119.1519ms - 200
[Info   :Zeepkist Bingo] [BINGO] === PLAYER SPAWNED ===
[Info   :Zeepkist Bingo] [BINGO] IsInActiveSession: False
[Info   :Zeepkist Bingo] [BINGO] Not in active session, skipping timer reset
[Info   :Zeepkist GTR] 18:37:39 Loading personal best...
[Info   :Zeepkist GTR] 18:37:39 Start processing HTTP request "POST" https://graphql.zeepki.st/
[Info   :Zeepkist GTR] 18:37:39 Sending HTTP request "POST" https://graphql.zeepki.st/
[Info   :Zeepkist GTR] 18:37:39 Stopping existing recorder if any
[Info   :Zeepkist GTR] 18:37:39 Creating new recorder
[Info   :Zeepkist GTR] 18:37:39 Start processing HTTP request "POST" https://graphql.zeepki.st/
[Info   :Zeepkist GTR] 18:37:39 Sending HTTP request "POST" https://graphql.zeepki.st/
[Info   :Zeepkist GTR] 18:37:39 Start processing HTTP request "POST" https://graphql.zeepki.st/
[Info   :Zeepkist GTR] 18:37:39 Sending HTTP request "POST" https://graphql.zeepki.st/
[Info   :Zeepkist GTR] 18:37:39 Received HTTP response headers after 185.549ms - 200
[Info   :Zeepkist GTR] 18:37:39 End processing HTTP request after 185.7699ms - 200
[Info   :Zeepkist GTR] 18:37:39 Received HTTP response headers after 198.3712ms - 200
[Info   :Zeepkist GTR] 18:37:39 End processing HTTP request after 198.6307ms - 200
[Info   :Zeepkist GTR] 18:37:39 Start processing HTTP request "GET" https://cdn.zeepki.st/ghosts/01M0KAZV8ECY8JKXKV02M3P09T.bin
[Info   :Zeepkist GTR] 18:37:39 Sending HTTP request "GET" https://cdn.zeepki.st/ghosts/01M0KAZV8ECY8JKXKV02M3P09T.bin
[Info   :Zeepkist GTR] 18:37:39 Received HTTP response headers after 360.7354ms - 200
[Info   :Zeepkist GTR] 18:37:39 End processing HTTP request after 360.9526ms - 200
[Info   :Zeepkist GTR] 18:37:39 Start processing HTTP request "POST" https://graphql.zeepki.st/
[Info   :Zeepkist GTR] 18:37:39 Sending HTTP request "POST" https://graphql.zeepki.st/
[Info   :Zeepkist GTR] 18:37:39 Received HTTP response headers after 179.3818ms - 200
[Info   :Zeepkist GTR] 18:37:39 End processing HTTP request after 179.6878ms - 200
[Info   :Zeepkist GTR] 18:37:40 Received HTTP response headers after 721.6009ms - 200
[Info   :Zeepkist GTR] 18:37:40 End processing HTTP request after 721.8817ms - 200
[Info   :Zeepkist GTR] 18:37:40 Starting recorder
[Info   :Zeepkist Bingo] [BINGO] === PLAYER SPAWNED ===
[Info   :Zeepkist Bingo] [BINGO] IsInActiveSession: False
[Info   :Zeepkist Bingo] [BINGO] Not in active session, skipping timer reset
[Info   :Zeepkist GTR] 18:37:47 Loading personal best...
[Info   :Zeepkist GTR] 18:37:47 Start processing HTTP request "POST" https://graphql.zeepki.st/
[Info   :Zeepkist GTR] 18:37:47 Sending HTTP request "POST" https://graphql.zeepki.st/
[Info   :Zeepkist GTR] 18:37:47 Stopping existing recorder if any
[Info   :Zeepkist GTR] 18:37:47 Creating new recorder
[Info   :Zeepkist GTR] 18:37:47 Start processing HTTP request "POST" https://graphql.zeepki.st/
[Info   :Zeepkist GTR] 18:37:47 Sending HTTP request "POST" https://graphql.zeepki.st/
[Info   :Zeepkist GTR] 18:37:47 Start processing HTTP request "POST" https://graphql.zeepki.st/
[Info   :Zeepkist GTR] 18:37:47 Sending HTTP request "POST" https://graphql.zeepki.st/
[Info   :Zeepkist GTR] 18:37:48 Received HTTP response headers after 185.5465ms - 200
[Info   :Zeepkist GTR] 18:37:48 End processing HTTP request after 185.7583ms - 200
[Info   :Zeepkist GTR] 18:37:48 Received HTTP response headers after 191.5243ms - 200
[Info   :Zeepkist GTR] 18:37:48 End processing HTTP request after 191.8052ms - 200
[Info   :Zeepkist GTR] 18:37:48 Received HTTP response headers after 380.9969ms - 200
[Info   :Zeepkist GTR] 18:37:48 End processing HTTP request after 381.2309ms - 200
[Info   :Zeepkist GTR] 18:37:48 Start processing HTTP request "POST" https://graphql.zeepki.st/
[Info   :Zeepkist GTR] 18:37:48 Sending HTTP request "POST" https://graphql.zeepki.st/
[Info   :Zeepkist GTR] 18:37:48 Received HTTP response headers after 182.0127ms - 200
[Info   :Zeepkist GTR] 18:37:48 End processing HTTP request after 182.3437ms - 200
[Info   :Zeepkist GTR] 18:37:49 Starting recorder
[Info   :Zeepkist Bingo] [BINGO] === PLAYER SPAWNED ===
[Info   :Zeepkist Bingo] [BINGO] IsInActiveSession: False
[Info   :Zeepkist Bingo] [BINGO] Not in active session, skipping timer reset
[Info   :Zeepkist GTR] 18:38:05 Loading personal best...
[Info   :Zeepkist GTR] 18:38:05 Start processing HTTP request "POST" https://graphql.zeepki.st/
[Info   :Zeepkist GTR] 18:38:05 Sending HTTP request "POST" https://graphql.zeepki.st/
[Info   :Zeepkist GTR] 18:38:05 Stopping existing recorder if any
[Info   :Zeepkist GTR] 18:38:05 Creating new recorder
[Info   :Zeepkist GTR] 18:38:05 Start processing HTTP request "POST" https://graphql.zeepki.st/
[Info   :Zeepkist GTR] 18:38:05 Sending HTTP request "POST" https://graphql.zeepki.st/
[Info   :Zeepkist GTR] 18:38:05 Start processing HTTP request "POST" https://graphql.zeepki.st/
[Info   :Zeepkist GTR] 18:38:05 Sending HTTP request "POST" https://graphql.zeepki.st/
[Info   :Zeepkist GTR] 18:38:05 Received HTTP response headers after 185.5624ms - 200
[Info   :Zeepkist GTR] 18:38:05 Received HTTP response headers after 185.1207ms - 200
[Info   :Zeepkist GTR] 18:38:05 End processing HTTP request after 185.411ms - 200
[Info   :Zeepkist GTR] 18:38:05 End processing HTTP request after 185.8585ms - 200
[Info   :Zeepkist GTR] 18:38:06 Received HTTP response headers after 385.3412ms - 200
[Info   :Zeepkist GTR] 18:38:06 End processing HTTP request after 385.5466ms - 200
[Info   :Zeepkist GTR] 18:38:06 Start processing HTTP request "POST" https://graphql.zeepki.st/
[Info   :Zeepkist GTR] 18:38:06 Sending HTTP request "POST" https://graphql.zeepki.st/
[Info   :Zeepkist GTR] 18:38:06 Received HTTP response headers after 183.5114ms - 200
[Info   :Zeepkist GTR] 18:38:06 End processing HTTP request after 183.7664ms - 200
[Info   :Zeepkist GTR] 18:38:07 Starting recorder
[Info   :COTDTracker] Checking joined player  with steamID 76561198027764167
[Info   :COTDTracker] Checking joined player The-D with steamID 76561198027764167
[Info   :COTDTracker] Checking joined player  with steamID 76561198089400767
[Info   :COTDTracker] Checking joined player Meastroman with steamID 76561198089400767
[Info   :COTDTracker] Checking joined player  with steamID 76561199100194059
[Info   :COTDTracker] Checking joined player Twistedkiller94 with steamID 76561199100194059
[Info   :Zeepkist GTR] 18:38:47 Stopping recorder
[Info   :Zeepkist GTR] 18:38:47 Collecting extra information
[Info   :Zeepkist GTR] 18:38:47 Resolved workshop ID "3787509845" from lobby 3787509845 and level 0
[Info   :Zeepkist GTR] 18:38:47 Processing ghost data
[Info   :Zeepkist GTR] 18:38:47 Creating stream
[Info   :Zeepkist GTR] 18:38:47 Writing to stream
[Info   :Zeepkist GTR] 18:38:47 Converting to base64
[Info   :Zeepkist GTR] 18:38:47 Creating resource
[Info   :Zeepkist GTR] 18:38:47 Start processing HTTP request "POST" https://backend.zeepki.st/record/submit
[Info   :Zeepkist GTR] 18:38:47 Sending HTTP request "POST" https://backend.zeepki.st/record/submit
[Info   :Zeepkist GTR] 18:38:47 Received HTTP response headers after 519.8124ms - 200
[Info   :Zeepkist GTR] 18:38:47 End processing HTTP request after 520.0588ms - 200
[Info   :Zeepkist Bingo] [BINGO] === PLAYER SPAWNED ===
[Info   :Zeepkist Bingo] [BINGO] IsInActiveSession: False
[Info   :Zeepkist Bingo] [BINGO] Not in active session, skipping timer reset
[Info   :Zeepkist GTR] 18:38:48 Loading personal best...
[Info   :Zeepkist GTR] 18:38:48 Start processing HTTP request "POST" https://graphql.zeepki.st/
[Info   :Zeepkist GTR] 18:38:48 Sending HTTP request "POST" https://graphql.zeepki.st/
[Info   :Zeepkist GTR] 18:38:48 Stopping existing recorder if any
[Info   :Zeepkist GTR] 18:38:48 Creating new recorder
[Info   :Zeepkist GTR] 18:38:48 Start processing HTTP request "POST" https://graphql.zeepki.st/
[Info   :Zeepkist GTR] 18:38:48 Sending HTTP request "POST" https://graphql.zeepki.st/
[Info   :Zeepkist GTR] 18:38:48 Start processing HTTP request "POST" https://graphql.zeepki.st/
[Info   :Zeepkist GTR] 18:38:48 Sending HTTP request "POST" https://graphql.zeepki.st/
[Info   :Zeepkist GTR] 18:38:48 Received HTTP response headers after 733.3309ms - 200
[Info   :Zeepkist GTR] 18:38:48 End processing HTTP request after 733.551ms - 200
[Info   :Zeepkist GTR] 18:38:48 Received HTTP response headers after 760.6949ms - 200
[Info   :Zeepkist GTR] 18:38:48 End processing HTTP request after 760.9337ms - 200
[Info   :Zeepkist GTR] 18:38:49 Received HTTP response headers after 884.9931ms - 200
[Info   :Zeepkist GTR] 18:38:49 End processing HTTP request after 885.2998ms - 200
[Info   :Zeepkist GTR] 18:38:49 Start processing HTTP request "POST" https://graphql.zeepki.st/
[Info   :Zeepkist GTR] 18:38:49 Sending HTTP request "POST" https://graphql.zeepki.st/
[Info   :Zeepkist GTR] 18:38:49 Received HTTP response headers after 249.4069ms - 200
[Info   :Zeepkist GTR] 18:38:49 End processing HTTP request after 249.7068ms - 200
[Info   :Zeepkist GTR] 18:38:49 Starting recorder
[Info   :Zeepkist GTR] 18:39:29 Stopping recorder
[Info   :Zeepkist GTR] 18:39:29 Collecting extra information
[Info   :Zeepkist GTR] 18:39:29 Resolved workshop ID "3787509845" from lobby 3787509845 and level 0
[Info   :Zeepkist GTR] 18:39:29 Processing ghost data
[Info   :Zeepkist GTR] 18:39:29 Creating stream
[Info   :Zeepkist GTR] 18:39:29 Writing to stream
[Info   :Zeepkist GTR] 18:39:30 Converting to base64
[Info   :Zeepkist GTR] 18:39:30 Creating resource
[Info   :Zeepkist GTR] 18:39:30 Start processing HTTP request "POST" https://backend.zeepki.st/record/submit
[Info   :Zeepkist GTR] 18:39:30 Sending HTTP request "POST" https://backend.zeepki.st/record/submit
[Info   :Zeepkist GTR] 18:39:30 Received HTTP response headers after 465.1772ms - 200
[Info   :Zeepkist GTR] 18:39:30 End processing HTTP request after 465.4448ms - 200
[Info   :Zeepkist Bingo] [BINGO] === PLAYER SPAWNED ===
[Info   :Zeepkist Bingo] [BINGO] IsInActiveSession: False
[Info   :Zeepkist Bingo] [BINGO] Not in active session, skipping timer reset
[Info   :Zeepkist GTR] 18:39:31 Loading personal best...
[Info   :Zeepkist GTR] 18:39:31 Start processing HTTP request "POST" https://graphql.zeepki.st/
[Info   :Zeepkist GTR] 18:39:31 Sending HTTP request "POST" https://graphql.zeepki.st/
[Info   :Zeepkist GTR] 18:39:31 Stopping existing recorder if any
[Info   :Zeepkist GTR] 18:39:31 Creating new recorder
[Info   :Zeepkist GTR] 18:39:31 Start processing HTTP request "POST" https://graphql.zeepki.st/
[Info   :Zeepkist GTR] 18:39:31 Sending HTTP request "POST" https://graphql.zeepki.st/
[Info   :Zeepkist GTR] 18:39:31 Start processing HTTP request "POST" https://graphql.zeepki.st/
[Info   :Zeepkist GTR] 18:39:31 Sending HTTP request "POST" https://graphql.zeepki.st/
[Info   :Zeepkist GTR] 18:39:31 Received HTTP response headers after 227.2066ms - 200
[Info   :Zeepkist GTR] 18:39:31 End processing HTTP request after 227.4187ms - 200
[Info   :Zeepkist GTR] 18:39:31 Received HTTP response headers after 259.4652ms - 200
[Info   :Zeepkist GTR] 18:39:31 End processing HTTP request after 259.7806ms - 200
[Info   :Zeepkist GTR] 18:39:31 Received HTTP response headers after 466.5306ms - 200
[Info   :Zeepkist GTR] 18:39:31 End processing HTTP request after 466.8392ms - 200
[Info   :Zeepkist GTR] 18:39:31 Start processing HTTP request "POST" https://graphql.zeepki.st/
[Info   :Zeepkist GTR] 18:39:31 Sending HTTP request "POST" https://graphql.zeepki.st/
[Info   :Zeepkist GTR] 18:39:32 Received HTTP response headers after 259.5189ms - 200
[Info   :Zeepkist GTR] 18:39:32 End processing HTTP request after 259.7768ms - 200
[Info   :Zeepkist GTR] 18:39:33 Starting recorder
[Info   :Zeepkist GTR] 18:40:12 Stopping recorder
[Info   :Zeepkist GTR] 18:40:12 Collecting extra information
[Info   :Zeepkist GTR] 18:40:12 Resolved workshop ID "3787509845" from lobby 3787509845 and level 0
[Info   :Zeepkist GTR] 18:40:12 Processing ghost data
[Info   :Zeepkist GTR] 18:40:12 Creating stream
[Info   :Zeepkist GTR] 18:40:12 Writing to stream
[Info   :Zeepkist GTR] 18:40:12 Converting to base64
[Info   :Zeepkist GTR] 18:40:12 Creating resource
[Info   :Zeepkist GTR] 18:40:12 Start processing HTTP request "POST" https://backend.zeepki.st/record/submit
[Info   :Zeepkist GTR] 18:40:12 Sending HTTP request "POST" https://backend.zeepki.st/record/submit
[Info   :Zeepkist GTR] 18:40:13 Received HTTP response headers after 1168.5036ms - 200
[Info   :Zeepkist GTR] 18:40:13 End processing HTTP request after 1168.7126ms - 200
[Info   :Zeepkist Bingo] [BINGO] === PLAYER SPAWNED ===
[Info   :Zeepkist Bingo] [BINGO] IsInActiveSession: False
[Info   :Zeepkist Bingo] [BINGO] Not in active session, skipping timer reset
[Info   :Zeepkist GTR] 18:40:14 Loading personal best...
[Info   :Zeepkist GTR] 18:40:14 Start processing HTTP request "POST" https://graphql.zeepki.st/
[Info   :Zeepkist GTR] 18:40:14 Sending HTTP request "POST" https://graphql.zeepki.st/
[Info   :Zeepkist GTR] 18:40:14 Stopping existing recorder if any
[Info   :Zeepkist GTR] 18:40:14 Creating new recorder
[Info   :Zeepkist GTR] 18:40:14 Start processing HTTP request "POST" https://graphql.zeepki.st/
[Info   :Zeepkist GTR] 18:40:14 Sending HTTP request "POST" https://graphql.zeepki.st/
[Info   :Zeepkist GTR] 18:40:14 Start processing HTTP request "POST" https://graphql.zeepki.st/
[Info   :Zeepkist GTR] 18:40:14 Sending HTTP request "POST" https://graphql.zeepki.st/
[Info   :Zeepkist GTR] 18:40:14 Received HTTP response headers after 282.1741ms - 200
[Info   :Zeepkist GTR] 18:40:14 Received HTTP response headers after 282.5637ms - 200
[Info   :Zeepkist GTR] 18:40:14 End processing HTTP request after 282.3819ms - 200
[Info   :Zeepkist GTR] 18:40:14 End processing HTTP request after 282.8408ms - 200
[Info   :Zeepkist GTR] 18:40:14 Start processing HTTP request "GET" https://cdn.zeepki.st/ghosts/01M0KB4JJ7G6NRECXNBN837Q49.bin
[Info   :Zeepkist GTR] 18:40:14 Sending HTTP request "GET" https://cdn.zeepki.st/ghosts/01M0KB4JJ7G6NRECXNBN837Q49.bin
[Info   :Zeepkist GTR] 18:40:14 Received HTTP response headers after 483.6489ms - 200
[Info   :Zeepkist GTR] 18:40:14 End processing HTTP request after 483.8765ms - 200
[Info   :Zeepkist GTR] 18:40:14 Start processing HTTP request "POST" https://graphql.zeepki.st/
[Info   :Zeepkist GTR] 18:40:14 Sending HTTP request "POST" https://graphql.zeepki.st/
[Info   :Zeepkist GTR] 18:40:15 Received HTTP response headers after 223.5471ms - 200
[Info   :Zeepkist GTR] 18:40:15 End processing HTTP request after 223.8016ms - 200
[Info   :Zeepkist GTR] 18:40:15 Received HTTP response headers after 859.3171ms - 200
[Info   :Zeepkist GTR] 18:40:15 End processing HTTP request after 859.6626ms - 200
[Info   :Zeepkist GTR] 18:40:16 Starting recorder
[Info   :COTDTracker] Running update tab leaderboard function
[Info   :COTDTracker] Running update tab leaderboard function
[Info   :COTDTracker] Running update tab leaderboard function
[Info   :COTDTracker] Running update tab leaderboard function
[Info   :Zeepkist Bingo] [BINGO] === PLAYER SPAWNED ===
[Info   :Zeepkist Bingo] [BINGO] IsInActiveSession: False
[Info   :Zeepkist Bingo] [BINGO] Not in active session, skipping timer reset
[Info   :Zeepkist GTR] 18:40:27 Loading personal best...
[Info   :Zeepkist GTR] 18:40:27 Start processing HTTP request "POST" https://graphql.zeepki.st/
[Info   :Zeepkist GTR] 18:40:27 Sending HTTP request "POST" https://graphql.zeepki.st/
[Info   :Zeepkist GTR] 18:40:27 Stopping existing recorder if any
[Info   :Zeepkist GTR] 18:40:27 Creating new recorder
[Info   :Zeepkist GTR] 18:40:27 Start processing HTTP request "POST" https://graphql.zeepki.st/
[Info   :Zeepkist GTR] 18:40:27 Sending HTTP request "POST" https://graphql.zeepki.st/
[Info   :Zeepkist GTR] 18:40:27 Start processing HTTP request "POST" https://graphql.zeepki.st/
[Info   :Zeepkist GTR] 18:40:27 Sending HTTP request "POST" https://graphql.zeepki.st/
[Info   :Zeepkist GTR] 18:40:27 Received HTTP response headers after 226.5307ms - 200
[Info   :Zeepkist GTR] 18:40:27 End processing HTTP request after 226.7775ms - 200
[Info   :Zeepkist GTR] 18:40:27 Received HTTP response headers after 229.995ms - 200
[Info   :Zeepkist GTR] 18:40:27 End processing HTTP request after 230.2691ms - 200
[Info   :Zeepkist GTR] 18:40:27 Received HTTP response headers after 473.6648ms - 200
[Info   :Zeepkist GTR] 18:40:27 End processing HTTP request after 473.86ms - 200
[Info   :Zeepkist GTR] 18:40:27 Start processing HTTP request "POST" https://graphql.zeepki.st/
[Info   :Zeepkist GTR] 18:40:27 Sending HTTP request "POST" https://graphql.zeepki.st/
[Info   :Zeepkist GTR] 18:40:27 Received HTTP response headers after 248.3006ms - 200
[Info   :Zeepkist GTR] 18:40:27 End processing HTTP request after 248.5509ms - 200
[Info   :Zeepkist GTR] 18:40:28 Starting recorder
[Info   :Zeepkist GTR] 18:41:07 Stopping recorder
[Info   :Zeepkist GTR] 18:41:07 Collecting extra information
[Info   :Zeepkist GTR] 18:41:07 Resolved workshop ID "3787509845" from lobby 3787509845 and level 0
[Info   :Zeepkist GTR] 18:41:07 Processing ghost data
[Info   :Zeepkist GTR] 18:41:07 Creating stream
[Info   :Zeepkist GTR] 18:41:07 Writing to stream
[Info   :Zeepkist GTR] 18:41:08 Converting to base64
[Info   :Zeepkist GTR] 18:41:08 Creating resource
[Info   :Zeepkist GTR] 18:41:08 Start processing HTTP request "POST" https://backend.zeepki.st/record/submit
[Info   :Zeepkist GTR] 18:41:08 Sending HTTP request "POST" https://backend.zeepki.st/record/submit
[Info   :Zeepkist GTR] 18:41:08 Received HTTP response headers after 469.0259ms - 200
[Info   :Zeepkist GTR] 18:41:08 End processing HTTP request after 469.2401ms - 200
[Info   :Zeepkist Bingo] [BINGO] === PLAYER SPAWNED ===
[Info   :Zeepkist Bingo] [BINGO] IsInActiveSession: False
[Info   :Zeepkist Bingo] [BINGO] Not in active session, skipping timer reset
[Info   :Zeepkist GTR] 18:41:09 Loading personal best...
[Info   :Zeepkist GTR] 18:41:09 Start processing HTTP request "POST" https://graphql.zeepki.st/
[Info   :Zeepkist GTR] 18:41:09 Sending HTTP request "POST" https://graphql.zeepki.st/
[Info   :Zeepkist GTR] 18:41:09 Stopping existing recorder if any
[Info   :Zeepkist GTR] 18:41:09 Creating new recorder
[Info   :Zeepkist GTR] 18:41:09 Start processing HTTP request "POST" https://graphql.zeepki.st/
[Info   :Zeepkist GTR] 18:41:09 Sending HTTP request "POST" https://graphql.zeepki.st/
[Info   :Zeepkist GTR] 18:41:09 Start processing HTTP request "POST" https://graphql.zeepki.st/
[Info   :Zeepkist GTR] 18:41:09 Sending HTTP request "POST" https://graphql.zeepki.st/
[Info   :Zeepkist GTR] 18:41:09 Received HTTP response headers after 315.468ms - 200
[Info   :Zeepkist GTR] 18:41:09 End processing HTTP request after 315.9122ms - 200
[Info   :Zeepkist GTR] 18:41:09 Received HTTP response headers after 491.2698ms - 200
[Info   :Zeepkist GTR] 18:41:09 End processing HTTP request after 491.5028ms - 200
[Info   :Zeepkist GTR] 18:41:09 Start processing HTTP request "POST" https://graphql.zeepki.st/
[Info   :Zeepkist GTR] 18:41:09 Sending HTTP request "POST" https://graphql.zeepki.st/
[Info   :Zeepkist GTR] 18:41:09 Received HTTP response headers after 528.371ms - 200
[Info   :Zeepkist GTR] 18:41:09 End processing HTTP request after 528.6716ms - 200
[Info   :Zeepkist GTR] 18:41:10 Start processing HTTP request "GET" https://cdn.zeepki.st/ghosts/01M0KB686N7XS3PQXYDEQP0N5N.bin
[Info   :Zeepkist GTR] 18:41:10 Sending HTTP request "GET" https://cdn.zeepki.st/ghosts/01M0KB686N7XS3PQXYDEQP0N5N.bin
[Info   :Zeepkist GTR] 18:41:10 Received HTTP response headers after 182.0404ms - 200
[Info   :Zeepkist GTR] 18:41:10 End processing HTTP request after 182.3559ms - 200
[Info   :Zeepkist GTR] 18:41:10 Received HTTP response headers after 611.3901ms - 200
[Info   :Zeepkist GTR] 18:41:10 End processing HTTP request after 611.741ms - 200
[Info   :Zeepkist GTR] 18:41:11 Starting recorder
[Info   :Zeepkist Bingo] [BINGO] === PLAYER SPAWNED ===
[Info   :Zeepkist Bingo] [BINGO] IsInActiveSession: False
[Info   :Zeepkist Bingo] [BINGO] Not in active session, skipping timer reset
[Info   :Zeepkist GTR] 18:41:14 Loading personal best...
[Info   :Zeepkist GTR] 18:41:14 Start processing HTTP request "POST" https://graphql.zeepki.st/
[Info   :Zeepkist GTR] 18:41:14 Sending HTTP request "POST" https://graphql.zeepki.st/
[Info   :Zeepkist GTR] 18:41:14 Stopping existing recorder if any
[Info   :Zeepkist GTR] 18:41:14 Creating new recorder
[Info   :Zeepkist GTR] 18:41:14 Start processing HTTP request "POST" https://graphql.zeepki.st/
[Info   :Zeepkist GTR] 18:41:14 Sending HTTP request "POST" https://graphql.zeepki.st/
[Info   :Zeepkist GTR] 18:41:14 Start processing HTTP request "POST" https://graphql.zeepki.st/
[Info   :Zeepkist GTR] 18:41:14 Sending HTTP request "POST" https://graphql.zeepki.st/
[Info   :Zeepkist GTR] 18:41:14 Received HTTP response headers after 176.1121ms - 200
[Info   :Zeepkist GTR] 18:41:14 End processing HTTP request after 177.1313ms - 200
[Info   :Zeepkist GTR] 18:41:14 Received HTTP response headers after 183.7432ms - 200
[Info   :Zeepkist GTR] 18:41:14 End processing HTTP request after 184.1449ms - 200
[Info   :Zeepkist GTR] 18:41:14 Received HTTP response headers after 382.53ms - 200
[Info   :Zeepkist GTR] 18:41:14 End processing HTTP request after 382.7996ms - 200
[Info   :Zeepkist GTR] 18:41:14 Start processing HTTP request "POST" https://graphql.zeepki.st/
[Info   :Zeepkist GTR] 18:41:14 Sending HTTP request "POST" https://graphql.zeepki.st/
[Info   :Zeepkist GTR] 18:41:14 Received HTTP response headers after 184.8137ms - 200
[Info   :Zeepkist GTR] 18:41:14 End processing HTTP request after 185.1053ms - 200
[Info   :Zeepkist GTR] 18:41:15 Starting recorder
[Info   :COTDTracker] Running update tab leaderboard function
[Info   :COTDTracker] Running update tab leaderboard function
[Info   :Zeepkist Bingo] [CHAT] Intercepted message: when i press tab it says only 16/16 people, is that normal or do i have to change something?
[Info   :Zeepkist Bingo] [CHAT] Not relaying - no bingo session
[Info   :Zeepkist Bingo] [BINGO] === PLAYER SPAWNED ===
[Info   :Zeepkist Bingo] [BINGO] IsInActiveSession: False
[Info   :Zeepkist Bingo] [BINGO] Not in active session, skipping timer reset
[Info   :Zeepkist GTR] 18:41:47 Loading personal best...
[Info   :Zeepkist GTR] 18:41:47 Start processing HTTP request "POST" https://graphql.zeepki.st/
[Info   :Zeepkist GTR] 18:41:47 Sending HTTP request "POST" https://graphql.zeepki.st/
[Info   :Zeepkist GTR] 18:41:47 Stopping existing recorder if any
[Info   :Zeepkist GTR] 18:41:47 Creating new recorder
[Info   :Zeepkist GTR] 18:41:47 Start processing HTTP request "POST" https://graphql.zeepki.st/
[Info   :Zeepkist GTR] 18:41:47 Sending HTTP request "POST" https://graphql.zeepki.st/
[Info   :Zeepkist GTR] 18:41:47 Start processing HTTP request "POST" https://graphql.zeepki.st/
[Info   :Zeepkist GTR] 18:41:47 Sending HTTP request "POST" https://graphql.zeepki.st/
[Info   :Zeepkist GTR] 18:41:47 Received HTTP response headers after 182.7374ms - 200
[Info   :Zeepkist GTR] 18:41:47 End processing HTTP request after 183.004ms - 200
[Info   :Zeepkist GTR] 18:41:47 Received HTTP response headers after 199.193ms - 200
[Info   :Zeepkist GTR] 18:41:47 End processing HTTP request after 199.4233ms - 200
[Info   :Zeepkist GTR] 18:41:47 Received HTTP response headers after 367.1622ms - 200
[Info   :Zeepkist GTR] 18:41:47 End processing HTTP request after 367.3835ms - 200
[Info   :Zeepkist GTR] 18:41:47 Start processing HTTP request "POST" https://graphql.zeepki.st/
[Info   :Zeepkist GTR] 18:41:47 Sending HTTP request "POST" https://graphql.zeepki.st/
[Info   :Zeepkist GTR] 18:41:47 Received HTTP response headers after 183.5207ms - 200
[Info   :Zeepkist GTR] 18:41:47 End processing HTTP request after 183.8763ms - 200
[Info   :Zeepkist GTR] 18:41:48 Starting recorder
[Info   :COTDTracker] Checking joined player GuAlexItar with steamID 76561198159073318
[Info   :Zeepkist Bingo] [BINGO] === PLAYER SPAWNED ===
[Info   :Zeepkist Bingo] [BINGO] IsInActiveSession: False
[Info   :Zeepkist Bingo] [BINGO] Not in active session, skipping timer reset
[Info   :Zeepkist GTR] 18:42:12 Loading personal best...
[Info   :Zeepkist GTR] 18:42:12 Start processing HTTP request "POST" https://graphql.zeepki.st/
[Info   :Zeepkist GTR] 18:42:12 Sending HTTP request "POST" https://graphql.zeepki.st/
[Info   :Zeepkist GTR] 18:42:12 Stopping existing recorder if any
[Info   :Zeepkist GTR] 18:42:12 Creating new recorder
[Info   :Zeepkist GTR] 18:42:12 Start processing HTTP request "POST" https://graphql.zeepki.st/
[Info   :Zeepkist GTR] 18:42:12 Sending HTTP request "POST" https://graphql.zeepki.st/
[Info   :Zeepkist GTR] 18:42:12 Start processing HTTP request "POST" https://graphql.zeepki.st/
[Info   :Zeepkist GTR] 18:42:12 Sending HTTP request "POST" https://graphql.zeepki.st/
[Info   :Zeepkist GTR] 18:42:12 Received HTTP response headers after 187.3974ms - 200
[Info   :Zeepkist GTR] 18:42:12 Received HTTP response headers after 187.0683ms - 200
[Info   :Zeepkist GTR] 18:42:12 End processing HTTP request after 187.2778ms - 200
[Info   :Zeepkist GTR] 18:42:12 End processing HTTP request after 187.6241ms - 200
[Info   :Zeepkist GTR] 18:42:12 Received HTTP response headers after 396.3579ms - 200
[Info   :Zeepkist GTR] 18:42:12 End processing HTTP request after 396.5818ms - 200
[Info   :Zeepkist GTR] 18:42:12 Start processing HTTP request "POST" https://graphql.zeepki.st/
[Info   :Zeepkist GTR] 18:42:12 Sending HTTP request "POST" https://graphql.zeepki.st/
[Info   :Zeepkist GTR] 18:42:12 Received HTTP response headers after 179.0208ms - 200
[Info   :Zeepkist GTR] 18:42:12 End processing HTTP request after 179.3163ms - 200
[Info   :Zeepkist GTR] 18:42:13 Starting recorder
[Info   :Zeepkist GTR] 18:42:53 Stopping recorder
[Info   :Zeepkist GTR] 18:42:53 Collecting extra information
[Info   :Zeepkist GTR] 18:42:53 Resolved workshop ID "3787509845" from lobby 3787509845 and level 0
[Info   :Zeepkist GTR] 18:42:53 Processing ghost data
[Info   :Zeepkist GTR] 18:42:53 Creating stream
[Info   :Zeepkist GTR] 18:42:53 Writing to stream
[Info   :Zeepkist Bingo] [CHAT] Intercepted message: ok
[Info   :Zeepkist Bingo] [CHAT] Not relaying - no bingo session
[Info   :Zeepkist GTR] 18:42:54 Converting to base64
[Info   :Zeepkist GTR] 18:42:54 Creating resource
[Info   :Zeepkist GTR] 18:42:54 Start processing HTTP request "POST" https://backend.zeepki.st/auth/refresh
[Info   :Zeepkist GTR] 18:42:54 Sending HTTP request "POST" https://backend.zeepki.st/auth/refresh
[Info   :Zeepkist GTR] 18:42:54 Received HTTP response headers after 717.7818ms - 200
[Info   :Zeepkist GTR] 18:42:54 End processing HTTP request after 718.0159ms - 200
[Info   :Zeepkist GTR] 18:42:54 Start processing HTTP request "POST" https://backend.zeepki.st/record/submit
[Info   :Zeepkist GTR] 18:42:54 Sending HTTP request "POST" https://backend.zeepki.st/record/submit
[Info   :Zeepkist GTR] 18:42:55 Received HTTP response headers after 802.3643ms - 200
[Info   :Zeepkist GTR] 18:42:55 End processing HTTP request after 802.7506ms - 200
[Info   :Zeepkist Bingo] [CHAT] Intercepted message: !cotd startcup
[Info   :Zeepkist Bingo] [CHAT] Not relaying - no bingo session
[Info   :COTDTracker] Starting cup with exclude list: 
[Info   :Zeepkist GTR] 18:42:58 Discarding recorder
[Info   :Zeepkist Bingo] [CHAT] Intercepted message: glhf
[Info   :Zeepkist Bingo] [CHAT] Not relaying - no bingo session
[Info   :COTDTracker] Doing eliminations with leaderboard:
[Info   :COTDTracker] Player [ZET]Stick: Time: 37.28922
[Info   :COTDTracker] Player Jake: Time: 37.42982
[Info   :COTDTracker] Player Minkus: Time: 37.69877
[Info   :COTDTracker] Player MALIYO: Time: 37.74287
[Info   :COTDTracker] Player [MMM]LKat: Time: 37.83348
[Info   :COTDTracker] Player [EG]Victor: Time: 38.12428
[Info   :COTDTracker] Player FINSTER83: Time: 38.16913
[Info   :COTDTracker] Player BrickEdwards: Time: 38.2356
[Info   :COTDTracker] Player [MMM]Milk Man: Time: 38.65805
[Info   :COTDTracker] Player [CSC] variableferret: Time: 38.67653
[Info   :COTDTracker] Player F1Y1NGDUTCHM8N: Time: 39.067
[Info   :COTDTracker] Player [ZET]Sword125: Time: 39.07493
[Info   :COTDTracker] Player [CTR]GuAlexItar: Time: 39.0981
[Info   :COTDTracker] Player Kilandor: Time: 39.22593
[Info   :COTDTracker] Player Phoenix: Time: 39.40395
[Info   :COTDTracker] Player [CCC]Shinikage221: Time: 39.45641
[Info   :COTDTracker] Player Meastroman: Time: 39.85496
[Info   :COTDTracker] Player Luigi Vendetta: Time: 39.99621
[Info   :COTDTracker] Player [ZET]maskeddog: Time: 40.12618
[Info   :COTDTracker] Player MinMag_LP: Time: 40.31287
[Info   :COTDTracker] Player The-D: Time: 40.41114
[Info   :COTDTracker] Kicking eliminated players
[Info   :Zeepkist Bingo] [BINGO] Level loaded
[Info   :Zeepkist Bingo] [BINGO] === PLAYER SPAWNED ===
[Info   :Zeepkist Bingo] [BINGO] IsInActiveSession: False
[Info   :Zeepkist Bingo] [BINGO] Not in active session, skipping timer reset
[Info   :Zeepkist GTR] 18:43:12 Loading personal best...
[Info   :Zeepkist GTR] 18:43:12 Start processing HTTP request "POST" https://graphql.zeepki.st/
[Info   :Zeepkist GTR] 18:43:12 Sending HTTP request "POST" https://graphql.zeepki.st/
[Info   :Zeepkist GTR] 18:43:12 Stopping existing recorder if any
[Info   :Zeepkist GTR] 18:43:12 Creating new recorder
[Info   :Zeepkist GTR] 18:43:12 Start processing HTTP request "POST" https://graphql.zeepki.st/
[Info   :Zeepkist GTR] 18:43:12 Sending HTTP request "POST" https://graphql.zeepki.st/
[Info   :Zeepkist GTR] 18:43:12 Start processing HTTP request "POST" https://graphql.zeepki.st/
[Info   :Zeepkist GTR] 18:43:12 Sending HTTP request "POST" https://graphql.zeepki.st/
[Info   :Zeepkist GTR] 18:43:13 Received HTTP response headers after 304.3603ms - 200
[Info   :Zeepkist GTR] 18:43:13 End processing HTTP request after 304.6541ms - 200
[Info   :Zeepkist GTR] 18:43:13 Received HTTP response headers after 489.539ms - 200
[Info   :Zeepkist GTR] 18:43:13 End processing HTTP request after 489.7667ms - 200
[Info   :Zeepkist GTR] 18:43:13 Received HTTP response headers after 526.341ms - 200
[Info   :Zeepkist GTR] 18:43:13 End processing HTTP request after 526.6296ms - 200
[Info   :Zeepkist GTR] 18:43:13 Start processing HTTP request "POST" https://graphql.zeepki.st/
[Info   :Zeepkist GTR] 18:43:13 Sending HTTP request "POST" https://graphql.zeepki.st/
[Info   :Zeepkist GTR] 18:43:13 Received HTTP response headers after 197.749ms - 200
[Info   :Zeepkist GTR] 18:43:13 End processing HTTP request after 198.0294ms - 200
[Info   :Zeepkist GTR] 18:43:14 Starting recorder
[Info   :Zeepkist Bingo] [BINGO] === PLAYER SPAWNED ===
[Info   :Zeepkist Bingo] [BINGO] IsInActiveSession: False
[Info   :Zeepkist Bingo] [BINGO] Not in active session, skipping timer reset
[Info   :Zeepkist GTR] 18:43:17 Loading personal best...
[Info   :Zeepkist GTR] 18:43:17 Start processing HTTP request "POST" https://graphql.zeepki.st/
[Info   :Zeepkist GTR] 18:43:17 Sending HTTP request "POST" https://graphql.zeepki.st/
[Info   :Zeepkist GTR] 18:43:17 Stopping existing recorder if any
[Info   :Zeepkist GTR] 18:43:17 Creating new recorder
[Info   :Zeepkist GTR] 18:43:17 Start processing HTTP request "POST" https://graphql.zeepki.st/
[Info   :Zeepkist GTR] 18:43:17 Sending HTTP request "POST" https://graphql.zeepki.st/
[Info   :Zeepkist GTR] 18:43:17 Start processing HTTP request "POST" https://graphql.zeepki.st/
[Info   :Zeepkist GTR] 18:43:17 Sending HTTP request "POST" https://graphql.zeepki.st/
[Info   :Zeepkist GTR] 18:43:18 Received HTTP response headers after 179.4996ms - 200
[Info   :Zeepkist GTR] 18:43:18 End processing HTTP request after 179.7437ms - 200
[Info   :Zeepkist GTR] 18:43:18 Received HTTP response headers after 187.6009ms - 200
[Info   :Zeepkist GTR] 18:43:18 End processing HTTP request after 187.9703ms - 200
[Info   :Zeepkist GTR] 18:43:18 Received HTTP response headers after 370.2356ms - 200
[Info   :Zeepkist GTR] 18:43:18 End processing HTTP request after 370.4643ms - 200
[Info   :Zeepkist GTR] 18:43:18 Start processing HTTP request "POST" https://graphql.zeepki.st/
[Info   :Zeepkist GTR] 18:43:18 Sending HTTP request "POST" https://graphql.zeepki.st/
[Info   :Zeepkist GTR] 18:43:18 Received HTTP response headers after 179.9186ms - 200
[Info   :Zeepkist GTR] 18:43:18 End processing HTTP request after 180.2216ms - 200
[Info   :Zeepkist GTR] 18:43:19 Starting recorder
[Info   :COTDTracker] Checking joined player Luigi Vendetta with steamID 76561198835780704
[Info   :COTDTracker] Player Luigi Vendetta rejoined with new UID 13348
[Info   :Zeepkist GTR] 18:43:59 Stopping recorder
[Info   :Zeepkist GTR] 18:43:59 Collecting extra information
[Info   :Zeepkist GTR] 18:43:59 Resolved workshop ID "3787509845" from lobby 3787509845 and level 0
[Info   :Zeepkist GTR] 18:43:59 Processing ghost data
[Info   :Zeepkist GTR] 18:43:59 Creating stream
[Info   :Zeepkist GTR] 18:43:59 Writing to stream
[Info   :Zeepkist GTR] 18:43:59 Converting to base64
[Info   :Zeepkist GTR] 18:43:59 Creating resource
[Info   :Zeepkist GTR] 18:43:59 Start processing HTTP request "POST" https://backend.zeepki.st/record/submit
[Info   :Zeepkist GTR] 18:43:59 Sending HTTP request "POST" https://backend.zeepki.st/record/submit
[Info   :Zeepkist GTR] 18:44:00 Received HTTP response headers after 692.6007ms - 200
[Info   :Zeepkist GTR] 18:44:00 End processing HTTP request after 692.8455ms - 200
[Info   :Zeepkist Bingo] [BINGO] === PLAYER SPAWNED ===
[Info   :Zeepkist Bingo] [BINGO] IsInActiveSession: False
[Info   :Zeepkist Bingo] [BINGO] Not in active session, skipping timer reset
[Info   :Zeepkist GTR] 18:44:00 Loading personal best...
[Info   :Zeepkist GTR] 18:44:00 Start processing HTTP request "POST" https://graphql.zeepki.st/
[Info   :Zeepkist GTR] 18:44:00 Sending HTTP request "POST" https://graphql.zeepki.st/
[Info   :Zeepkist GTR] 18:44:00 Stopping existing recorder if any
[Info   :Zeepkist GTR] 18:44:00 Creating new recorder
[Info   :Zeepkist GTR] 18:44:00 Start processing HTTP request "POST" https://graphql.zeepki.st/
[Info   :Zeepkist GTR] 18:44:00 Sending HTTP request "POST" https://graphql.zeepki.st/
[Info   :Zeepkist GTR] 18:44:00 Start processing HTTP request "POST" https://graphql.zeepki.st/
[Info   :Zeepkist GTR] 18:44:00 Sending HTTP request "POST" https://graphql.zeepki.st/
[Info   :Zeepkist GTR] 18:44:00 Received HTTP response headers after 206.8191ms - 200
[Info   :Zeepkist GTR] 18:44:00 Received HTTP response headers after 207.2877ms - 200
[Info   :Zeepkist GTR] 18:44:00 End processing HTTP request after 207.06ms - 200
[Info   :Zeepkist GTR] 18:44:00 End processing HTTP request after 207.5237ms - 200
[Info   :Zeepkist GTR] 18:44:01 Received HTTP response headers after 425.3423ms - 200
[Info   :Zeepkist GTR] 18:44:01 End processing HTTP request after 425.6782ms - 200
[Info   :Zeepkist GTR] 18:44:01 Start processing HTTP request "POST" https://graphql.zeepki.st/
[Info   :Zeepkist GTR] 18:44:01 Sending HTTP request "POST" https://graphql.zeepki.st/
[Info   :Zeepkist GTR] 18:44:01 Received HTTP response headers after 197.811ms - 200
[Info   :Zeepkist GTR] 18:44:01 End processing HTTP request after 198.1061ms - 200
[Info   :Zeepkist GTR] 18:44:02 Starting recorder
[Info   :Zeepkist GTR] 18:44:41 Stopping recorder
[Info   :Zeepkist GTR] 18:44:41 Collecting extra information
[Info   :Zeepkist GTR] 18:44:41 Resolved workshop ID "3787509845" from lobby 3787509845 and level 0
[Info   :Zeepkist GTR] 18:44:41 Processing ghost data
[Info   :Zeepkist GTR] 18:44:41 Creating stream
[Info   :Zeepkist GTR] 18:44:41 Writing to stream
[Info   :Zeepkist GTR] 18:44:42 Converting to base64
[Info   :Zeepkist GTR] 18:44:42 Creating resource
[Info   :Zeepkist GTR] 18:44:42 Start processing HTTP request "POST" https://backend.zeepki.st/record/submit
[Info   :Zeepkist GTR] 18:44:42 Sending HTTP request "POST" https://backend.zeepki.st/record/submit
[Info   :Zeepkist GTR] 18:44:42 Received HTTP response headers after 429.8237ms - 200
[Info   :Zeepkist GTR] 18:44:42 End processing HTTP request after 430.0666ms - 200
[Info   :Zeepkist Bingo] [BINGO] === PLAYER SPAWNED ===
[Info   :Zeepkist Bingo] [BINGO] IsInActiveSession: False
[Info   :Zeepkist Bingo] [BINGO] Not in active session, skipping timer reset
[Info   :Zeepkist GTR] 18:44:43 Loading personal best...
[Info   :Zeepkist GTR] 18:44:43 Start processing HTTP request "POST" https://graphql.zeepki.st/
[Info   :Zeepkist GTR] 18:44:43 Sending HTTP request "POST" https://graphql.zeepki.st/
[Info   :Zeepkist GTR] 18:44:43 Stopping existing recorder if any
[Info   :Zeepkist GTR] 18:44:43 Creating new recorder
[Info   :Zeepkist GTR] 18:44:43 Start processing HTTP request "POST" https://graphql.zeepki.st/
[Info   :Zeepkist GTR] 18:44:43 Sending HTTP request "POST" https://graphql.zeepki.st/
[Info   :Zeepkist GTR] 18:44:43 Start processing HTTP request "POST" https://graphql.zeepki.st/
[Info   :Zeepkist GTR] 18:44:43 Sending HTTP request "POST" https://graphql.zeepki.st/
[Info   :Zeepkist GTR] 18:44:43 Received HTTP response headers after 174.2319ms - 200
[Info   :Zeepkist GTR] 18:44:43 Received HTTP response headers after 174.6201ms - 200
[Info   :Zeepkist GTR] 18:44:43 End processing HTTP request after 174.8854ms - 200
[Info   :Zeepkist GTR] 18:44:43 End processing HTTP request after 174.4875ms - 200
[Info   :Zeepkist GTR] 18:44:43 Received HTTP response headers after 353.7751ms - 200
[Info   :Zeepkist GTR] 18:44:43 End processing HTTP request after 353.9809ms - 200
[Info   :Zeepkist GTR] 18:44:43 Start processing HTTP request "POST" https://graphql.zeepki.st/
[Info   :Zeepkist GTR] 18:44:43 Sending HTTP request "POST" https://graphql.zeepki.st/
[Info   :Zeepkist GTR] 18:44:43 Received HTTP response headers after 172.7748ms - 200
[Info   :Zeepkist GTR] 18:44:43 End processing HTTP request after 173.0545ms - 200
[Info   :Zeepkist GTR] 18:44:44 Starting recorder
[Info   :COTDTracker] Running update tab leaderboard function
[Info   :COTDTracker] Running update tab leaderboard function
[Info   :COTDTracker] Running update tab leaderboard function
[Info   :COTDTracker] Running update tab leaderboard function
[Info   :Zeepkist Bingo] [CHAT] Intercepted message: o7 masked
[Info   :Zeepkist Bingo] [CHAT] Not relaying - no bingo session
[Info   :Zeepkist GTR] 18:45:17 Discarding recorder
[Info   :COTDTracker] Running update tab leaderboard function
[Info   :COTDTracker] Running update tab leaderboard function
[Info   :COTDTracker] Doing eliminations with leaderboard:
[Info   :COTDTracker] Player Jake: Time: 37.52834
[Info   :COTDTracker] Player [ZET]Stick: Time: 37.56448
[Info   :COTDTracker] Player Minkus: Time: 37.66382
[Info   :COTDTracker] Player [EG]Victor: Time: 37.84871
[Info   :COTDTracker] Player [MMM]LKat: Time: 37.94064
[Info   :COTDTracker] Player MALIYO: Time: 37.95064
[Info   :COTDTracker] Player [CSC] variableferret: Time: 38.10349
[Info   :COTDTracker] Player FINSTER83: Time: 38.14729
[Info   :COTDTracker] Player [CTR]GuAlexItar: Time: 38.25546
[Info   :COTDTracker] Player BrickEdwards: Time: 38.70143
[Info   :COTDTracker] Player Phoenix: Time: 39.22673
[Info   :COTDTracker] Player [MMM]Milk Man: Time: 39.32995
[Info   :COTDTracker] Player [ZET]Sword125: Time: 39.42414
[Info   :COTDTracker] Player Kilandor: Time: 39.82894
[Info   :COTDTracker] Player [CCC]Shinikage221: Time: 40.03246
[Info   :COTDTracker] Player Meastroman: Time: 40.16284
[Info   :COTDTracker] Player MinMag_LP: Time: 40.23523
[Info   :COTDTracker] Player [ZET]maskeddog: Time: 40.99343
[Info   :COTDTracker] Player The-D: Time: 41.45475
[Info   :COTDTracker] Player F1Y1NGDUTCHM8N: Time: DNF
[Info   :COTDTracker] Player Luigi Vendetta: Time: DNF
[Info   :COTDTracker] Eliminating DNF: Luigi Vendetta
[Info   :COTDTracker] Eliminating DNF: F1Y1NGDUTCHM8N
[Info   :COTDTracker] Eliminated 2 DNF players
[Info   :COTDTracker] Eliminating on time: The-D
[Info   :COTDTracker] Eliminating on time: [ZET]maskeddog
[Info   :COTDTracker] Eliminating 4 players: 
[Info   :COTDTracker] Luigi Vendetta
[Info   :COTDTracker] F1Y1NGDUTCHM8N
[Info   :COTDTracker] The-D
[Info   :COTDTracker] [ZET]maskeddog
[Info   :COTDTracker] Running update tab leaderboard function
[Info   :COTDTracker] Kicking eliminated players
[Info   :Zeepkist Bingo] [BINGO] Level loaded
[Info   :Zeepkist Bingo] [BINGO] === PLAYER SPAWNED ===
[Info   :Zeepkist Bingo] [BINGO] IsInActiveSession: False
[Info   :Zeepkist Bingo] [BINGO] Not in active session, skipping timer reset
[Info   :Zeepkist GTR] 18:45:31 Loading personal best...
[Info   :Zeepkist GTR] 18:45:31 Start processing HTTP request "POST" https://graphql.zeepki.st/
[Info   :Zeepkist GTR] 18:45:31 Sending HTTP request "POST" https://graphql.zeepki.st/
[Info   :Zeepkist GTR] 18:45:31 Stopping existing recorder if any
[Info   :Zeepkist GTR] 18:45:31 Creating new recorder
[Info   :Zeepkist GTR] 18:45:31 Start processing HTTP request "POST" https://graphql.zeepki.st/
[Info   :Zeepkist GTR] 18:45:31 Sending HTTP request "POST" https://graphql.zeepki.st/
[Info   :Zeepkist GTR] 18:45:32 Start processing HTTP request "POST" https://graphql.zeepki.st/
[Info   :Zeepkist GTR] 18:45:32 Sending HTTP request "POST" https://graphql.zeepki.st/
[Info   :Zeepkist GTR] 18:45:32 Received HTTP response headers after 382.0815ms - 200
[Info   :Zeepkist GTR] 18:45:32 Received HTTP response headers after 382.4332ms - 200
[Info   :Zeepkist GTR] 18:45:32 End processing HTTP request after 382.6363ms - 200
[Info   :Zeepkist GTR] 18:45:32 End processing HTTP request after 382.5785ms - 200
[Info   :Zeepkist GTR] 18:45:32 Received HTTP response headers after 511.3692ms - 200
[Info   :Zeepkist GTR] 18:45:32 End processing HTTP request after 511.6339ms - 200
[Info   :Zeepkist GTR] 18:45:32 Start processing HTTP request "POST" https://graphql.zeepki.st/
[Info   :Zeepkist GTR] 18:45:32 Sending HTTP request "POST" https://graphql.zeepki.st/
[Info   :Zeepkist GTR] 18:45:32 Received HTTP response headers after 186.7067ms - 200
[Info   :Zeepkist GTR] 18:45:32 End processing HTTP request after 187.0697ms - 200
[Info   :Zeepkist GTR] 18:45:33 Starting recorder
[Info   :Zeepkist GTR] 18:46:13 Stopping recorder
[Info   :Zeepkist GTR] 18:46:13 Collecting extra information
[Info   :Zeepkist GTR] 18:46:13 Resolved workshop ID "3787509845" from lobby 3787509845 and level 0
[Info   :Zeepkist GTR] 18:46:13 Processing ghost data
[Info   :Zeepkist GTR] 18:46:13 Creating stream
[Info   :Zeepkist GTR] 18:46:13 Writing to stream
[Info   :Zeepkist GTR] 18:46:13 Converting to base64
[Info   :Zeepkist GTR] 18:46:13 Creating resource
[Info   :Zeepkist GTR] 18:46:13 Start processing HTTP request "POST" https://backend.zeepki.st/record/submit
[Info   :Zeepkist GTR] 18:46:13 Sending HTTP request "POST" https://backend.zeepki.st/record/submit
[Info   :Zeepkist Bingo] [BINGO] === PLAYER SPAWNED ===
[Info   :Zeepkist Bingo] [BINGO] IsInActiveSession: False
[Info   :Zeepkist Bingo] [BINGO] Not in active session, skipping timer reset
[Info   :Zeepkist GTR] 18:46:14 Loading personal best...
[Info   :Zeepkist GTR] 18:46:14 Start processing HTTP request "POST" https://graphql.zeepki.st/
[Info   :Zeepkist GTR] 18:46:14 Sending HTTP request "POST" https://graphql.zeepki.st/
[Info   :Zeepkist GTR] 18:46:14 Stopping existing recorder if any
[Info   :Zeepkist GTR] 18:46:14 Creating new recorder
[Info   :Zeepkist GTR] 18:46:14 Start processing HTTP request "POST" https://graphql.zeepki.st/
[Info   :Zeepkist GTR] 18:46:14 Sending HTTP request "POST" https://graphql.zeepki.st/
[Info   :Zeepkist GTR] 18:46:14 Start processing HTTP request "POST" https://graphql.zeepki.st/
[Info   :Zeepkist GTR] 18:46:14 Sending HTTP request "POST" https://graphql.zeepki.st/
[Info   :Zeepkist GTR] 18:46:14 Received HTTP response headers after 1109.5956ms - 200
[Info   :Zeepkist GTR] 18:46:14 End processing HTTP request after 1109.8073ms - 200
[Info   :Zeepkist GTR] 18:46:14 Received HTTP response headers after 185.2095ms - 200
[Info   :Zeepkist GTR] 18:46:14 End processing HTTP request after 185.4998ms - 200
[Info   :Zeepkist GTR] 18:46:14 Received HTTP response headers after 220.8821ms - 200
[Info   :Zeepkist GTR] 18:46:14 End processing HTTP request after 221.2172ms - 200
[Info   :Zeepkist GTR] 18:46:14 Received HTTP response headers after 364.242ms - 200
[Info   :Zeepkist GTR] 18:46:14 End processing HTTP request after 364.4761ms - 200
[Info   :Zeepkist GTR] 18:46:14 Start processing HTTP request "POST" https://graphql.zeepki.st/
[Info   :Zeepkist GTR] 18:46:14 Sending HTTP request "POST" https://graphql.zeepki.st/
[Info   :Zeepkist GTR] 18:46:14 Received HTTP response headers after 169.0073ms - 200
[Info   :Zeepkist GTR] 18:46:14 End processing HTTP request after 169.2943ms - 200
[Info   :Zeepkist GTR] 18:46:16 Starting recorder
[Info   :Zeepkist Bingo] [BINGO] === PLAYER SPAWNED ===
[Info   :Zeepkist Bingo] [BINGO] IsInActiveSession: False
[Info   :Zeepkist Bingo] [BINGO] Not in active session, skipping timer reset
[Info   :Zeepkist GTR] 18:46:27 Loading personal best...
[Info   :Zeepkist GTR] 18:46:27 Start processing HTTP request "POST" https://graphql.zeepki.st/
[Info   :Zeepkist GTR] 18:46:27 Sending HTTP request "POST" https://graphql.zeepki.st/
[Info   :Zeepkist GTR] 18:46:27 Stopping existing recorder if any
[Info   :Zeepkist GTR] 18:46:27 Creating new recorder
[Info   :Zeepkist GTR] 18:46:27 Start processing HTTP request "POST" https://graphql.zeepki.st/
[Info   :Zeepkist GTR] 18:46:27 Sending HTTP request "POST" https://graphql.zeepki.st/
[Info   :Zeepkist GTR] 18:46:27 Start processing HTTP request "POST" https://graphql.zeepki.st/
[Info   :Zeepkist GTR] 18:46:27 Sending HTTP request "POST" https://graphql.zeepki.st/
[Info   :Zeepkist GTR] 18:46:27 Received HTTP response headers after 177.3188ms - 200
[Info   :Zeepkist GTR] 18:46:27 End processing HTTP request after 177.5337ms - 200
[Info   :Zeepkist GTR] 18:46:27 Received HTTP response headers after 182.3399ms - 200
[Info   :Zeepkist GTR] 18:46:27 End processing HTTP request after 182.5736ms - 200
[Info   :Zeepkist GTR] 18:46:27 Received HTTP response headers after 352.3533ms - 200
[Info   :Zeepkist GTR] 18:46:27 End processing HTTP request after 352.552ms - 200
[Info   :Zeepkist GTR] 18:46:27 Start processing HTTP request "POST" https://graphql.zeepki.st/
[Info   :Zeepkist GTR] 18:46:27 Sending HTTP request "POST" https://graphql.zeepki.st/
[Info   :Zeepkist GTR] 18:46:27 Received HTTP response headers after 217.9051ms - 200
[Info   :Zeepkist GTR] 18:46:27 End processing HTTP request after 218.1859ms - 200
[Info   :Zeepkist GTR] 18:46:28 Starting recorder
[Info   :Zeepkist GTR] 18:47:07 Stopping recorder
[Info   :Zeepkist GTR] 18:47:07 Collecting extra information
[Info   :Zeepkist GTR] 18:47:07 Resolved workshop ID "3787509845" from lobby 3787509845 and level 0
[Info   :Zeepkist GTR] 18:47:07 Processing ghost data
[Info   :Zeepkist GTR] 18:47:07 Creating stream
[Info   :Zeepkist GTR] 18:47:07 Writing to stream
[Info   :Zeepkist GTR] 18:47:08 Converting to base64
[Info   :Zeepkist GTR] 18:47:08 Creating resource
[Info   :Zeepkist GTR] 18:47:08 Start processing HTTP request "POST" https://backend.zeepki.st/record/submit
[Info   :Zeepkist GTR] 18:47:08 Sending HTTP request "POST" https://backend.zeepki.st/record/submit
[Info   :Zeepkist GTR] 18:47:08 Received HTTP response headers after 464.6671ms - 200
[Info   :Zeepkist GTR] 18:47:08 End processing HTTP request after 464.8777ms - 200
[Info   :Zeepkist Bingo] [BINGO] === PLAYER SPAWNED ===
[Info   :Zeepkist Bingo] [BINGO] IsInActiveSession: False
[Info   :Zeepkist Bingo] [BINGO] Not in active session, skipping timer reset
[Info   :Zeepkist GTR] 18:47:09 Loading personal best...
[Info   :Zeepkist GTR] 18:47:09 Start processing HTTP request "POST" https://graphql.zeepki.st/
[Info   :Zeepkist GTR] 18:47:09 Sending HTTP request "POST" https://graphql.zeepki.st/
[Info   :Zeepkist GTR] 18:47:09 Stopping existing recorder if any
[Info   :Zeepkist GTR] 18:47:09 Creating new recorder
[Info   :Zeepkist GTR] 18:47:09 Start processing HTTP request "POST" https://graphql.zeepki.st/
[Info   :Zeepkist GTR] 18:47:09 Sending HTTP request "POST" https://graphql.zeepki.st/
[Info   :Zeepkist GTR] 18:47:09 Start processing HTTP request "POST" https://graphql.zeepki.st/
[Info   :Zeepkist GTR] 18:47:09 Sending HTTP request "POST" https://graphql.zeepki.st/
[Info   :Zeepkist GTR] 18:47:09 Received HTTP response headers after 183.1104ms - 200
[Info   :Zeepkist GTR] 18:47:09 Received HTTP response headers after 183.4617ms - 200
[Info   :Zeepkist GTR] 18:47:09 End processing HTTP request after 183.379ms - 200
[Info   :Zeepkist GTR] 18:47:09 End processing HTTP request after 183.7349ms - 200
[Info   :Zeepkist GTR] 18:47:09 Received HTTP response headers after 365.7465ms - 200
[Info   :Zeepkist GTR] 18:47:09 End processing HTTP request after 365.9356ms - 200
[Info   :Zeepkist GTR] 18:47:09 Start processing HTTP request "POST" https://graphql.zeepki.st/
[Info   :Zeepkist GTR] 18:47:09 Sending HTTP request "POST" https://graphql.zeepki.st/
[Info   :Zeepkist GTR] 18:47:09 Received HTTP response headers after 176.2246ms - 200
[Info   :Zeepkist GTR] 18:47:09 End processing HTTP request after 176.5202ms - 200
[Info   :Zeepkist GTR] 18:47:11 Starting recorder
[Info   :COTDTracker] Running update tab leaderboard function
[Info   :Zeepkist GTR] 18:47:30 Discarding recorder
[Info   :COTDTracker] Running update tab leaderboard function
[Info   :COTDTracker] Running update tab leaderboard function
[Info   :COTDTracker] Doing eliminations with leaderboard:
[Info   :COTDTracker] Player Jake: Time: 37.48346
[Info   :COTDTracker] Player MALIYO: Time: 37.67632
[Info   :COTDTracker] Player Minkus: Time: 37.74696
[Info   :COTDTracker] Player [MMM]LKat: Time: 37.86676
[Info   :COTDTracker] Player [ZET]Stick: Time: 37.94994
[Info   :COTDTracker] Player FINSTER83: Time: 38.17561
[Info   :COTDTracker] Player BrickEdwards: Time: 38.33821
[Info   :COTDTracker] Player [EG]Victor: Time: 38.33863
[Info   :COTDTracker] Player [CSC] variableferret: Time: 38.55459
[Info   :COTDTracker] Player [CCC]Shinikage221: Time: 38.79073
[Info   :COTDTracker] Player [MMM]Milk Man: Time: 38.86028
[Info   :COTDTracker] Player [ZET]Sword125: Time: 39.07914
[Info   :COTDTracker] Player Phoenix: Time: 39.211
[Info   :COTDTracker] Player Meastroman: Time: 39.21719
[Info   :COTDTracker] Player [CTR]GuAlexItar: Time: 39.3191
[Info   :COTDTracker] Player Kilandor: Time: 39.56781
[Info   :COTDTracker] Player MinMag_LP: Time: 39.79589
[Info   :COTDTracker] Eliminated 0 DNF players
[Info   :COTDTracker] Eliminating on time: MinMag_LP
[Info   :COTDTracker] Eliminating on time: Kilandor
[Info   :COTDTracker] Eliminating on time: [CTR]GuAlexItar
[Info   :COTDTracker] Eliminating on time: Meastroman
[Info   :COTDTracker] Eliminating 4 players: 
[Info   :COTDTracker] MinMag_LP
[Info   :COTDTracker] Kilandor
[Info   :COTDTracker] [CTR]GuAlexItar
[Info   :COTDTracker] Meastroman
[Info   :Zeepkist Bingo] [CHAT] Intercepted message: o7 alex
[Info   :Zeepkist Bingo] [CHAT] Not relaying - no bingo session
[Info   :COTDTracker] Running update tab leaderboard function
[Info   :COTDTracker] Kicking eliminated players
[Info   :Zeepkist Bingo] [BINGO] Level loaded
[Info   :Zeepkist Bingo] [BINGO] === PLAYER SPAWNED ===
[Info   :Zeepkist Bingo] [BINGO] IsInActiveSession: False
[Info   :Zeepkist Bingo] [BINGO] Not in active session, skipping timer reset
[Info   :Zeepkist GTR] 18:47:45 Loading personal best...
[Info   :Zeepkist GTR] 18:47:45 Start processing HTTP request "POST" https://graphql.zeepki.st/
[Info   :Zeepkist GTR] 18:47:45 Sending HTTP request "POST" https://graphql.zeepki.st/
[Info   :Zeepkist GTR] 18:47:45 Stopping existing recorder if any
[Info   :Zeepkist GTR] 18:47:45 Creating new recorder
[Info   :Zeepkist GTR] 18:47:45 Start processing HTTP request "POST" https://graphql.zeepki.st/
[Info   :Zeepkist GTR] 18:47:45 Sending HTTP request "POST" https://graphql.zeepki.st/
[Info   :Zeepkist GTR] 18:47:45 Start processing HTTP request "POST" https://graphql.zeepki.st/
[Info   :Zeepkist GTR] 18:47:45 Sending HTTP request "POST" https://graphql.zeepki.st/
[Info   :Zeepkist GTR] 18:47:45 Received HTTP response headers after 327.2087ms - 200
[Info   :Zeepkist GTR] 18:47:45 End processing HTTP request after 327.4401ms - 200
[Info   :Zeepkist GTR] 18:47:45 Received HTTP response headers after 338.7422ms - 200
[Info   :Zeepkist GTR] 18:47:45 End processing HTTP request after 338.9813ms - 200
[Info   :Zeepkist GTR] 18:47:45 Received HTTP response headers after 545.0744ms - 200
[Info   :Zeepkist GTR] 18:47:45 End processing HTTP request after 545.3027ms - 200
[Info   :Zeepkist GTR] 18:47:45 Start processing HTTP request "POST" https://graphql.zeepki.st/
[Info   :Zeepkist GTR] 18:47:45 Sending HTTP request "POST" https://graphql.zeepki.st/
[Info   :Zeepkist GTR] 18:47:45 Received HTTP response headers after 192.0005ms - 200
[Info   :Zeepkist GTR] 18:47:45 End processing HTTP request after 192.304ms - 200
[Info   :Zeepkist GTR] 18:47:46 Starting recorder
[Info   :Zeepkist Bingo] [BINGO] === PLAYER SPAWNED ===
[Info   :Zeepkist Bingo] [BINGO] IsInActiveSession: False
[Info   :Zeepkist Bingo] [BINGO] Not in active session, skipping timer reset
[Info   :Zeepkist GTR] 18:47:57 Loading personal best...
[Info   :Zeepkist GTR] 18:47:57 Start processing HTTP request "POST" https://graphql.zeepki.st/
[Info   :Zeepkist GTR] 18:47:57 Sending HTTP request "POST" https://graphql.zeepki.st/
[Info   :Zeepkist GTR] 18:47:57 Stopping existing recorder if any
[Info   :Zeepkist GTR] 18:47:57 Creating new recorder
[Info   :Zeepkist GTR] 18:47:57 Start processing HTTP request "POST" https://graphql.zeepki.st/
[Info   :Zeepkist GTR] 18:47:57 Sending HTTP request "POST" https://graphql.zeepki.st/
[Info   :Zeepkist GTR] 18:47:57 Start processing HTTP request "POST" https://graphql.zeepki.st/
[Info   :Zeepkist GTR] 18:47:57 Sending HTTP request "POST" https://graphql.zeepki.st/
[Info   :Zeepkist GTR] 18:47:57 Received HTTP response headers after 192.8491ms - 200
[Info   :Zeepkist GTR] 18:47:57 End processing HTTP request after 193.0924ms - 200
[Info   :Zeepkist GTR] 18:47:57 Received HTTP response headers after 209.2284ms - 200
[Info   :Zeepkist GTR] 18:47:57 End processing HTTP request after 209.4756ms - 200
[Info   :Zeepkist GTR] 18:47:57 Received HTTP response headers after 417.4339ms - 200
[Info   :Zeepkist GTR] 18:47:57 End processing HTTP request after 417.6649ms - 200
[Info   :Zeepkist GTR] 18:47:57 Start processing HTTP request "POST" https://graphql.zeepki.st/
[Info   :Zeepkist GTR] 18:47:57 Sending HTTP request "POST" https://graphql.zeepki.st/
[Info   :Zeepkist GTR] 18:47:57 Received HTTP response headers after 193.9118ms - 200
[Info   :Zeepkist GTR] 18:47:57 End processing HTTP request after 194.2912ms - 200
[Info   :Zeepkist GTR] 18:47:59 Starting recorder
[Info   :Zeepkist Bingo] [BINGO] === PLAYER SPAWNED ===
[Info   :Zeepkist Bingo] [BINGO] IsInActiveSession: False
[Info   :Zeepkist Bingo] [BINGO] Not in active session, skipping timer reset
[Info   :Zeepkist GTR] 18:48:19 Loading personal best...
[Info   :Zeepkist GTR] 18:48:19 Start processing HTTP request "POST" https://graphql.zeepki.st/
[Info   :Zeepkist GTR] 18:48:19 Sending HTTP request "POST" https://graphql.zeepki.st/
[Info   :Zeepkist GTR] 18:48:19 Stopping existing recorder if any
[Info   :Zeepkist GTR] 18:48:19 Creating new recorder
[Info   :Zeepkist GTR] 18:48:19 Start processing HTTP request "POST" https://graphql.zeepki.st/
[Info   :Zeepkist GTR] 18:48:19 Sending HTTP request "POST" https://graphql.zeepki.st/
[Info   :Zeepkist GTR] 18:48:19 Start processing HTTP request "POST" https://graphql.zeepki.st/
[Info   :Zeepkist GTR] 18:48:19 Sending HTTP request "POST" https://graphql.zeepki.st/
[Info   :Zeepkist GTR] 18:48:20 Received HTTP response headers after 200.032ms - 200
[Info   :Zeepkist GTR] 18:48:20 Received HTTP response headers after 200.509ms - 200
[Info   :Zeepkist GTR] 18:48:20 End processing HTTP request after 200.781ms - 200
[Info   :Zeepkist GTR] 18:48:20 End processing HTTP request after 200.4026ms - 200
[Info   :Zeepkist GTR] 18:48:20 Received HTTP response headers after 386.1068ms - 200
[Info   :Zeepkist GTR] 18:48:20 End processing HTTP request after 386.3193ms - 200
[Info   :Zeepkist GTR] 18:48:20 Start processing HTTP request "POST" https://graphql.zeepki.st/
[Info   :Zeepkist GTR] 18:48:20 Sending HTTP request "POST" https://graphql.zeepki.st/
[Info   :Zeepkist GTR] 18:48:20 Received HTTP response headers after 178.6861ms - 200
[Info   :Zeepkist GTR] 18:48:20 End processing HTTP request after 178.9861ms - 200
[Info   :Zeepkist GTR] 18:48:21 Starting recorder
[Info   :Zeepkist GTR] 18:49:00 Stopping recorder
[Info   :Zeepkist GTR] 18:49:00 Collecting extra information
[Info   :Zeepkist GTR] 18:49:00 Resolved workshop ID "3787509845" from lobby 3787509845 and level 0
[Info   :Zeepkist GTR] 18:49:00 Processing ghost data
[Info   :Zeepkist GTR] 18:49:00 Creating stream
[Info   :Zeepkist GTR] 18:49:00 Writing to stream
[Info   :Zeepkist GTR] 18:49:01 Converting to base64
[Info   :Zeepkist GTR] 18:49:01 Creating resource
[Info   :Zeepkist GTR] 18:49:01 Start processing HTTP request "POST" https://backend.zeepki.st/record/submit
[Info   :Zeepkist GTR] 18:49:01 Sending HTTP request "POST" https://backend.zeepki.st/record/submit
[Info   :Zeepkist GTR] 18:49:01 Received HTTP response headers after 695.2812ms - 200
[Info   :Zeepkist GTR] 18:49:01 End processing HTTP request after 695.567ms - 200
[Info   :Zeepkist Bingo] [BINGO] === PLAYER SPAWNED ===
[Info   :Zeepkist Bingo] [BINGO] IsInActiveSession: False
[Info   :Zeepkist Bingo] [BINGO] Not in active session, skipping timer reset
[Info   :Zeepkist GTR] 18:49:02 Loading personal best...
[Info   :Zeepkist GTR] 18:49:02 Start processing HTTP request "POST" https://graphql.zeepki.st/
[Info   :Zeepkist GTR] 18:49:02 Sending HTTP request "POST" https://graphql.zeepki.st/
[Info   :Zeepkist GTR] 18:49:02 Stopping existing recorder if any
[Info   :Zeepkist GTR] 18:49:02 Creating new recorder
[Info   :Zeepkist GTR] 18:49:02 Start processing HTTP request "POST" https://graphql.zeepki.st/
[Info   :Zeepkist GTR] 18:49:02 Sending HTTP request "POST" https://graphql.zeepki.st/
[Info   :Zeepkist GTR] 18:49:02 Start processing HTTP request "POST" https://graphql.zeepki.st/
[Info   :Zeepkist GTR] 18:49:02 Sending HTTP request "POST" https://graphql.zeepki.st/
[Info   :Zeepkist GTR] 18:49:02 Received HTTP response headers after 193.8987ms - 200
[Info   :Zeepkist GTR] 18:49:02 End processing HTTP request after 194.1178ms - 200
[Info   :Zeepkist GTR] 18:49:02 Received HTTP response headers after 201.8495ms - 200
[Info   :Zeepkist GTR] 18:49:02 End processing HTTP request after 202.0782ms - 200
[Info   :Zeepkist GTR] 18:49:02 Received HTTP response headers after 401.4545ms - 200
[Info   :Zeepkist GTR] 18:49:02 End processing HTTP request after 401.8255ms - 200
[Info   :Zeepkist GTR] 18:49:02 Start processing HTTP request "POST" https://graphql.zeepki.st/
[Info   :Zeepkist GTR] 18:49:02 Sending HTTP request "POST" https://graphql.zeepki.st/
[Info   :Zeepkist GTR] 18:49:02 Received HTTP response headers after 192.7724ms - 200
[Info   :Zeepkist GTR] 18:49:02 End processing HTTP request after 193.0461ms - 200
[Info   :Zeepkist GTR] 18:49:03 Starting recorder
[Info   :COTDTracker] Checking joined player  with steamID 76561198210248213
[Info   :COTDTracker] Checking joined player CodeingerCat with steamID 76561198210248213
[Info   :Zeepkist GTR] 18:49:43 Stopping recorder
[Info   :Zeepkist GTR] 18:49:43 Collecting extra information
[Info   :Zeepkist GTR] 18:49:43 Resolved workshop ID "3787509845" from lobby 3787509845 and level 0
[Info   :Zeepkist GTR] 18:49:43 Processing ghost data
[Info   :Zeepkist GTR] 18:49:43 Creating stream
[Info   :Zeepkist GTR] 18:49:43 Writing to stream
[Info   :Zeepkist GTR] 18:49:43 Converting to base64
[Info   :Zeepkist GTR] 18:49:43 Creating resource
[Info   :Zeepkist GTR] 18:49:43 Start processing HTTP request "POST" https://backend.zeepki.st/record/submit
[Info   :Zeepkist GTR] 18:49:43 Sending HTTP request "POST" https://backend.zeepki.st/record/submit
[Info   :Zeepkist GTR] 18:49:43 Discarding recorder
[Info   :Zeepkist GTR] 18:49:44 Received HTTP response headers after 543.3159ms - 200
[Info   :Zeepkist GTR] 18:49:44 End processing HTTP request after 543.5178ms - 200
[Info   :COTDTracker] Running update tab leaderboard function
[Info   :COTDTracker] Doing eliminations with leaderboard:
[Info   :COTDTracker] Player Jake: Time: 37.45592
[Info   :COTDTracker] Player MALIYO: Time: 37.5235
[Info   :COTDTracker] Player [EG]Victor: Time: 37.58258
[Info   :COTDTracker] Player Minkus: Time: 37.65793
[Info   :COTDTracker] Player [ZET]Stick: Time: 37.90338
[Info   :COTDTracker] Player [CSC] variableferret: Time: 37.95393
[Info   :COTDTracker] Player [MMM]LKat: Time: 38.0589
[Info   :COTDTracker] Player FINSTER83: Time: 38.14479
[Info   :COTDTracker] Player BrickEdwards: Time: 38.3093
[Info   :COTDTracker] Player [MMM]Milk Man: Time: 38.76965
[Info   :COTDTracker] Player [ZET]Sword125: Time: 39.45951
[Info   :COTDTracker] Player [CCC]Shinikage221: Time: 39.49495
[Info   :COTDTracker] Player Phoenix: Time: 41.80136
[Info   :COTDTracker] Eliminated 0 DNF players
[Info   :COTDTracker] Eliminating on time: Phoenix
[Info   :COTDTracker] Eliminating on time: [CCC]Shinikage221
[Info   :COTDTracker] Eliminating 2 players: 
[Info   :COTDTracker] Phoenix
[Info   :COTDTracker] [CCC]Shinikage221
[Info   :COTDTracker] Running update tab leaderboard function
[Info   :COTDTracker] Running update tab leaderboard function
[Info   :COTDTracker] Kicking eliminated players
[Info   :Zeepkist Bingo] [BINGO] Level loaded
[Info   :Zeepkist Bingo] [BINGO] === PLAYER SPAWNED ===
[Info   :Zeepkist Bingo] [BINGO] IsInActiveSession: False
[Info   :Zeepkist Bingo] [BINGO] Not in active session, skipping timer reset
[Info   :Zeepkist GTR] 18:49:58 Loading personal best...
[Info   :Zeepkist GTR] 18:49:58 Start processing HTTP request "POST" https://graphql.zeepki.st/
[Info   :Zeepkist GTR] 18:49:58 Sending HTTP request "POST" https://graphql.zeepki.st/
[Info   :Zeepkist GTR] 18:49:58 Stopping existing recorder if any
[Info   :Zeepkist GTR] 18:49:58 Creating new recorder
[Info   :Zeepkist GTR] 18:49:58 Start processing HTTP request "POST" https://graphql.zeepki.st/
[Info   :Zeepkist GTR] 18:49:58 Sending HTTP request "POST" https://graphql.zeepki.st/
[Info   :Zeepkist GTR] 18:49:58 Start processing HTTP request "POST" https://graphql.zeepki.st/
[Info   :Zeepkist GTR] 18:49:58 Sending HTTP request "POST" https://graphql.zeepki.st/
[Info   :Zeepkist GTR] 18:49:58 Received HTTP response headers after 357.9544ms - 200
[Info   :Zeepkist GTR] 18:49:58 End processing HTTP request after 358.1464ms - 200
[Info   :Zeepkist GTR] 18:49:58 Received HTTP response headers after 364.7648ms - 200
[Info   :Zeepkist GTR] 18:49:58 End processing HTTP request after 365.0235ms - 200
[Info   :Zeepkist GTR] 18:49:58 Received HTTP response headers after 545.3188ms - 200
[Info   :Zeepkist GTR] 18:49:58 End processing HTTP request after 545.5015ms - 200
[Info   :Zeepkist GTR] 18:49:58 Start processing HTTP request "POST" https://graphql.zeepki.st/
[Info   :Zeepkist GTR] 18:49:58 Sending HTTP request "POST" https://graphql.zeepki.st/
[Info   :Zeepkist GTR] 18:49:58 Received HTTP response headers after 176.0267ms - 200
[Info   :Zeepkist GTR] 18:49:58 End processing HTTP request after 176.3197ms - 200
[Info   :Zeepkist GTR] 18:49:59 Starting recorder
[Info   :Zeepkist GTR] 18:50:38 Stopping recorder
[Info   :Zeepkist GTR] 18:50:38 Collecting extra information
[Info   :Zeepkist GTR] 18:50:38 Resolved workshop ID "3787509845" from lobby 3787509845 and level 0
[Info   :Zeepkist GTR] 18:50:38 Processing ghost data
[Info   :Zeepkist GTR] 18:50:38 Creating stream
[Info   :Zeepkist GTR] 18:50:38 Writing to stream
[Info   :Zeepkist GTR] 18:50:39 Converting to base64
[Info   :Zeepkist GTR] 18:50:39 Creating resource
[Info   :Zeepkist GTR] 18:50:39 Start processing HTTP request "POST" https://backend.zeepki.st/record/submit
[Info   :Zeepkist GTR] 18:50:39 Sending HTTP request "POST" https://backend.zeepki.st/record/submit
[Info   :Zeepkist GTR] 18:50:39 Received HTTP response headers after 467.1429ms - 200
[Info   :Zeepkist GTR] 18:50:39 End processing HTTP request after 467.691ms - 200
[Info   :Zeepkist Bingo] [BINGO] === PLAYER SPAWNED ===
[Info   :Zeepkist Bingo] [BINGO] IsInActiveSession: False
[Info   :Zeepkist Bingo] [BINGO] Not in active session, skipping timer reset
[Info   :Zeepkist GTR] 18:50:40 Loading personal best...
[Info   :Zeepkist GTR] 18:50:40 Start processing HTTP request "POST" https://graphql.zeepki.st/
[Info   :Zeepkist GTR] 18:50:40 Sending HTTP request "POST" https://graphql.zeepki.st/
[Info   :Zeepkist GTR] 18:50:40 Stopping existing recorder if any
[Info   :Zeepkist GTR] 18:50:40 Creating new recorder
[Info   :Zeepkist GTR] 18:50:40 Start processing HTTP request "POST" https://graphql.zeepki.st/
[Info   :Zeepkist GTR] 18:50:40 Sending HTTP request "POST" https://graphql.zeepki.st/
[Info   :Zeepkist GTR] 18:50:40 Start processing HTTP request "POST" https://graphql.zeepki.st/
[Info   :Zeepkist GTR] 18:50:40 Sending HTTP request "POST" https://graphql.zeepki.st/
[Info   :Zeepkist GTR] 18:50:40 Received HTTP response headers after 167.3794ms - 200
[Info   :Zeepkist GTR] 18:50:40 End processing HTTP request after 167.5964ms - 200
[Info   :Zeepkist GTR] 18:50:40 Received HTTP response headers after 174.7479ms - 200
[Info   :Zeepkist GTR] 18:50:40 End processing HTTP request after 174.9792ms - 200
[Info   :Zeepkist GTR] 18:50:40 Received HTTP response headers after 342.0872ms - 200
[Info   :Zeepkist GTR] 18:50:40 End processing HTTP request after 342.3208ms - 200
[Info   :Zeepkist GTR] 18:50:40 Start processing HTTP request "POST" https://graphql.zeepki.st/
[Info   :Zeepkist GTR] 18:50:40 Sending HTTP request "POST" https://graphql.zeepki.st/
[Info   :Zeepkist GTR] 18:50:40 Received HTTP response headers after 176.3976ms - 200
[Info   :Zeepkist GTR] 18:50:40 End processing HTTP request after 176.6616ms - 200
[Info   :Zeepkist GTR] 18:50:42 Starting recorder
[Info   :Zeepkist Bingo] [BINGO] === PLAYER SPAWNED ===
[Info   :Zeepkist Bingo] [BINGO] IsInActiveSession: False
[Info   :Zeepkist Bingo] [BINGO] Not in active session, skipping timer reset
[Info   :Zeepkist GTR] 18:50:52 Loading personal best...
[Info   :Zeepkist GTR] 18:50:52 Start processing HTTP request "POST" https://graphql.zeepki.st/
[Info   :Zeepkist GTR] 18:50:52 Sending HTTP request "POST" https://graphql.zeepki.st/
[Info   :Zeepkist GTR] 18:50:52 Stopping existing recorder if any
[Info   :Zeepkist GTR] 18:50:52 Creating new recorder
[Info   :Zeepkist GTR] 18:50:52 Start processing HTTP request "POST" https://graphql.zeepki.st/
[Info   :Zeepkist GTR] 18:50:52 Sending HTTP request "POST" https://graphql.zeepki.st/
[Info   :Zeepkist GTR] 18:50:52 Start processing HTTP request "POST" https://graphql.zeepki.st/
[Info   :Zeepkist GTR] 18:50:52 Sending HTTP request "POST" https://graphql.zeepki.st/
[Info   :Zeepkist GTR] 18:50:52 Received HTTP response headers after 200.2606ms - 200
[Info   :Zeepkist GTR] 18:50:52 Received HTTP response headers after 200.7618ms - 200
[Info   :Zeepkist GTR] 18:50:52 End processing HTTP request after 201.1143ms - 200
[Info   :Zeepkist GTR] 18:50:52 End processing HTTP request after 200.6951ms - 200
[Info   :Zeepkist GTR] 18:50:52 Received HTTP response headers after 385.9208ms - 200
[Info   :Zeepkist GTR] 18:50:52 End processing HTTP request after 386.1709ms - 200
[Info   :Zeepkist GTR] 18:50:53 Start processing HTTP request "POST" https://graphql.zeepki.st/
[Info   :Zeepkist GTR] 18:50:53 Sending HTTP request "POST" https://graphql.zeepki.st/
[Info   :Zeepkist GTR] 18:50:53 Received HTTP response headers after 187.2491ms - 200
[Info   :Zeepkist GTR] 18:50:53 End processing HTTP request after 187.5221ms - 200
[Info   :Zeepkist GTR] 18:50:54 Starting recorder
[Info   :Zeepkist GTR] 18:51:33 Stopping recorder
[Info   :Zeepkist GTR] 18:51:33 Collecting extra information
[Info   :Zeepkist GTR] 18:51:33 Resolved workshop ID "3787509845" from lobby 3787509845 and level 0
[Info   :Zeepkist GTR] 18:51:33 Processing ghost data
[Info   :Zeepkist GTR] 18:51:33 Creating stream
[Info   :Zeepkist GTR] 18:51:33 Writing to stream
[Info   :Zeepkist GTR] 18:51:33 Converting to base64
[Info   :Zeepkist GTR] 18:51:33 Creating resource
[Info   :Zeepkist GTR] 18:51:33 Start processing HTTP request "POST" https://backend.zeepki.st/record/submit
[Info   :Zeepkist GTR] 18:51:33 Sending HTTP request "POST" https://backend.zeepki.st/record/submit
[Info   :Zeepkist GTR] 18:51:34 Received HTTP response headers after 1139.7902ms - 200
[Info   :Zeepkist GTR] 18:51:34 End processing HTTP request after 1140.0617ms - 200
[Info   :Zeepkist Bingo] [CHAT] Intercepted message: o7 gg
[Info   :Zeepkist Bingo] [CHAT] Not relaying - no bingo session
[Info   :Zeepkist Bingo] [CHAT] Intercepted message: egg
[Info   :Zeepkist Bingo] [CHAT] Not relaying - no bingo session
[Info   :Zeepkist GTR] 18:51:56 Discarding recorder
[Info   :COTDTracker] Running update tab leaderboard function
[Info   :COTDTracker] Doing eliminations with leaderboard:
[Info   :COTDTracker] Player [ZET]Stick: Time: 37.13464
[Info   :COTDTracker] Player MALIYO: Time: 37.56923
[Info   :COTDTracker] Player Jake: Time: 37.57915
[Info   :COTDTracker] Player [EG]Victor: Time: 37.72028
[Info   :COTDTracker] Player Minkus: Time: 37.73181
[Info   :COTDTracker] Player [MMM]LKat: Time: 37.88753
[Info   :COTDTracker] Player FINSTER83: Time: 37.92622
[Info   :COTDTracker] Player [MMM]Milk Man: Time: 38.0733
[Info   :COTDTracker] Player [CSC] variableferret: Time: 38.17078
[Info   :COTDTracker] Player BrickEdwards: Time: 38.66377
[Info   :COTDTracker] Player [ZET]Sword125: Time: 38.84748
[Info   :COTDTracker] Eliminated 0 DNF players
[Info   :COTDTracker] Eliminating on time: [ZET]Sword125
[Info   :COTDTracker] Eliminating on time: BrickEdwards
[Info   :COTDTracker] Eliminating 2 players: 
[Info   :COTDTracker] [ZET]Sword125
[Info   :COTDTracker] BrickEdwards
[Info   :RoundLeaderboardTab] Drawing leaderboard -> forwarding to Instance.DrawTabLeaderboard()
[Info   :ChampionshipLeaderboardTab] Drawing leaderboard -> forwarding to Instance.DrawTabLeaderboard()
[Info   :Zeepkist GTR] 18:52:02 Start processing HTTP request "POST" https://graphql.zeepki.st/
[Info   :Zeepkist GTR] 18:52:02 Sending HTTP request "POST" https://graphql.zeepki.st/
[Info   :Zeepkist GTR] 18:52:02 Received HTTP response headers after 418.2129ms - 200
[Info   :Zeepkist GTR] 18:52:02 End processing HTTP request after 419.0628ms - 200
[Info   :Zeepkist GTR] 18:52:02 Start processing HTTP request "POST" https://graphql.zeepki.st/
[Info   :Zeepkist GTR] 18:52:02 Sending HTTP request "POST" https://graphql.zeepki.st/
[Info   :Zeepkist GTR] 18:52:02 Received HTTP response headers after 201.5289ms - 200
[Info   :Zeepkist GTR] 18:52:02 End processing HTTP request after 201.8325ms - 200
[Info   :Zeepkist GTR] 18:52:03 Start processing HTTP request "POST" https://graphql.zeepki.st/
[Info   :Zeepkist GTR] 18:52:03 Sending HTTP request "POST" https://graphql.zeepki.st/
[Info   :Zeepkist GTR] 18:52:03 Start processing HTTP request "POST" https://graphql.zeepki.st/
[Info   :Zeepkist GTR] 18:52:03 Sending HTTP request "POST" https://graphql.zeepki.st/
[Info   :Zeepkist GTR] 18:52:03 Received HTTP response headers after 213.2453ms - 200
[Info   :Zeepkist GTR] 18:52:03 End processing HTTP request after 213.5366ms - 200
[Info   :Zeepkist GTR] 18:52:03 Received HTTP response headers after 434.5511ms - 200
[Info   :Zeepkist GTR] 18:52:03 End processing HTTP request after 434.8165ms - 200
[Info   :Zeepkist Bingo] [CHAT] Intercepted message: nt stick
[Info   :Zeepkist Bingo] [CHAT] Not relaying - no bingo session
[Info   :COTDTracker] Kicking eliminated players
[Info   :Zeepkist Bingo] [BINGO] Level loaded
[Info   :Zeepkist Bingo] [BINGO] === PLAYER SPAWNED ===
[Info   :Zeepkist Bingo] [BINGO] IsInActiveSession: False
[Info   :Zeepkist Bingo] [BINGO] Not in active session, skipping timer reset
[Info   :Zeepkist GTR] 18:52:10 Loading personal best...
[Info   :Zeepkist GTR] 18:52:10 Start processing HTTP request "POST" https://graphql.zeepki.st/
[Info   :Zeepkist GTR] 18:52:10 Sending HTTP request "POST" https://graphql.zeepki.st/
[Info   :Zeepkist GTR] 18:52:10 Stopping existing recorder if any
[Info   :Zeepkist GTR] 18:52:10 Creating new recorder
[Info   :Zeepkist GTR] 18:52:10 Start processing HTTP request "POST" https://graphql.zeepki.st/
[Info   :Zeepkist GTR] 18:52:10 Sending HTTP request "POST" https://graphql.zeepki.st/
[Info   :Zeepkist GTR] 18:52:10 Start processing HTTP request "POST" https://graphql.zeepki.st/
[Info   :Zeepkist GTR] 18:52:10 Sending HTTP request "POST" https://graphql.zeepki.st/
[Info   :Zeepkist GTR] 18:52:11 Received HTTP response headers after 191.9619ms - 200
[Info   :Zeepkist GTR] 18:52:11 End processing HTTP request after 192.2512ms - 200
[Info   :Zeepkist GTR] 18:52:11 Received HTTP response headers after 245.7071ms - 200
[Info   :Zeepkist GTR] 18:52:11 End processing HTTP request after 245.929ms - 200
[Info   :Zeepkist GTR] 18:52:11 Start processing HTTP request "GET" https://cdn.zeepki.st/ghosts/01M0KBSBDG8JE1H85M5PB8H3KJ.bin
[Info   :Zeepkist GTR] 18:52:11 Sending HTTP request "GET" https://cdn.zeepki.st/ghosts/01M0KBSBDG8JE1H85M5PB8H3KJ.bin
[Info   :Zeepkist GTR] 18:52:11 Received HTTP response headers after 404.8846ms - 200
[Info   :Zeepkist GTR] 18:52:11 End processing HTTP request after 405.1347ms - 200
[Info   :Zeepkist GTR] 18:52:11 Start processing HTTP request "POST" https://graphql.zeepki.st/
[Info   :Zeepkist GTR] 18:52:11 Sending HTTP request "POST" https://graphql.zeepki.st/
[Info   :Zeepkist GTR] 18:52:11 Received HTTP response headers after 205.0561ms - 200
[Info   :Zeepkist GTR] 18:52:11 End processing HTTP request after 205.3044ms - 200
[Info   :Zeepkist GTR] 18:52:12 Received HTTP response headers after 841.9666ms - 200
[Info   :Zeepkist GTR] 18:52:12 End processing HTTP request after 842.3051ms - 200
[Info   :Zeepkist GTR] 18:52:12 Starting recorder
[Info   :Zeepkist Bingo] [CHAT] Intercepted message: np
[Info   :Zeepkist Bingo] [CHAT] Not relaying - no bingo session
[Info   :Zeepkist Bingo] [CHAT] Intercepted message: o7 ferret
[Info   :Zeepkist Bingo] [CHAT] Not relaying - no bingo session
[Info   :Zeepkist GTR] 18:54:09 Discarding recorder
[Info   :COTDTracker] Running update tab leaderboard function
[Info   :COTDTracker] Doing eliminations with leaderboard:
[Info   :COTDTracker] Player MALIYO: Time: 37.43293
[Info   :COTDTracker] Player [ZET]Stick: Time: 37.4768
[Info   :COTDTracker] Player Jake: Time: 37.69396
[Info   :COTDTracker] Player [EG]Victor: Time: 37.79391
[Info   :COTDTracker] Player [MMM]LKat: Time: 37.86633
[Info   :COTDTracker] Player Minkus: Time: 37.92215
[Info   :COTDTracker] Player FINSTER83: Time: 38.0715
[Info   :COTDTracker] Player [CSC] variableferret: Time: 38.29585
[Info   :COTDTracker] Player [MMM]Milk Man: Time: 38.48515
[Info   :COTDTracker] Eliminated 0 DNF players
[Info   :COTDTracker] Eliminating on time: [MMM]Milk Man
[Info   :COTDTracker] Eliminating on time: [CSC] variableferret
[Info   :COTDTracker] Eliminating 2 players: 
[Info   :COTDTracker] [MMM]Milk Man
[Info   :COTDTracker] [CSC] variableferret
[Info   :COTDTracker] Kicking eliminated players
[Info   :Zeepkist Bingo] [BINGO] Level loaded
[Info   :Zeepkist Bingo] [BINGO] === PLAYER SPAWNED ===
[Info   :Zeepkist Bingo] [BINGO] IsInActiveSession: False
[Info   :Zeepkist Bingo] [BINGO] Not in active session, skipping timer reset
[Info   :Zeepkist GTR] 18:54:23 Loading personal best...
[Info   :Zeepkist GTR] 18:54:23 Start processing HTTP request "POST" https://graphql.zeepki.st/
[Info   :Zeepkist GTR] 18:54:23 Sending HTTP request "POST" https://graphql.zeepki.st/
[Info   :Zeepkist GTR] 18:54:23 Stopping existing recorder if any
[Info   :Zeepkist GTR] 18:54:23 Creating new recorder
[Info   :Zeepkist GTR] 18:54:23 Start processing HTTP request "POST" https://graphql.zeepki.st/
[Info   :Zeepkist GTR] 18:54:23 Sending HTTP request "POST" https://graphql.zeepki.st/
[Info   :Zeepkist GTR] 18:54:23 Start processing HTTP request "POST" https://graphql.zeepki.st/
[Info   :Zeepkist GTR] 18:54:23 Sending HTTP request "POST" https://graphql.zeepki.st/
[Info   :Zeepkist GTR] 18:54:24 Received HTTP response headers after 298.7583ms - 200
[Info   :Zeepkist GTR] 18:54:24 End processing HTTP request after 299.0064ms - 200
[Info   :Zeepkist GTR] 18:54:24 Received HTTP response headers after 319.4703ms - 200
[Info   :Zeepkist GTR] 18:54:24 End processing HTTP request after 319.7364ms - 200
[Info   :Zeepkist GTR] 18:54:24 Received HTTP response headers after 474.3169ms - 200
[Info   :Zeepkist GTR] 18:54:24 End processing HTTP request after 474.5745ms - 200
[Info   :Zeepkist GTR] 18:54:24 Start processing HTTP request "POST" https://graphql.zeepki.st/
[Info   :Zeepkist GTR] 18:54:24 Sending HTTP request "POST" https://graphql.zeepki.st/
[Info   :Zeepkist GTR] 18:54:24 Received HTTP response headers after 165.5389ms - 200
[Info   :Zeepkist GTR] 18:54:24 End processing HTTP request after 165.8679ms - 200
[Info   :Zeepkist GTR] 18:54:25 Starting recorder
[Info   :Zeepkist Bingo] [CHAT] Intercepted message: o7 lkat and finster
[Info   :Zeepkist Bingo] [CHAT] Not relaying - no bingo session
[Info   :Zeepkist GTR] 18:56:22 Discarding recorder
[Info   :COTDTracker] Doing eliminations with leaderboard:
[Info   :COTDTracker] Player Minkus: Time: 37.66008
[Info   :COTDTracker] Player [ZET]Stick: Time: 37.71613
[Info   :COTDTracker] Player Jake: Time: 37.7804
[Info   :COTDTracker] Player MALIYO: Time: 37.82079
[Info   :COTDTracker] Player [EG]Victor: Time: 37.88021
[Info   :COTDTracker] Player FINSTER83: Time: 38.07256
[Info   :COTDTracker] Player [MMM]LKat: Time: 38.26193
[Info   :COTDTracker] Eliminated 0 DNF players
[Info   :COTDTracker] Eliminating on time: [MMM]LKat
[Info   :COTDTracker] Eliminating on time: FINSTER83
[Info   :COTDTracker] Eliminating 2 players: 
[Info   :COTDTracker] [MMM]LKat
[Info   :COTDTracker] FINSTER83
[Info   :COTDTracker] Kicking eliminated players
[Info   :Zeepkist Bingo] [BINGO] Level loaded
[Info   :Zeepkist Bingo] [BINGO] === PLAYER SPAWNED ===
[Info   :Zeepkist Bingo] [BINGO] IsInActiveSession: False
[Info   :Zeepkist Bingo] [BINGO] Not in active session, skipping timer reset
[Info   :Zeepkist GTR] 18:56:37 Loading personal best...
[Info   :Zeepkist GTR] 18:56:37 Start processing HTTP request "POST" https://graphql.zeepki.st/
[Info   :Zeepkist GTR] 18:56:37 Sending HTTP request "POST" https://graphql.zeepki.st/
[Info   :Zeepkist GTR] 18:56:37 Stopping existing recorder if any
[Info   :Zeepkist GTR] 18:56:37 Creating new recorder
[Info   :Zeepkist GTR] 18:56:37 Start processing HTTP request "POST" https://graphql.zeepki.st/
[Info   :Zeepkist GTR] 18:56:37 Sending HTTP request "POST" https://graphql.zeepki.st/
[Info   :Zeepkist GTR] 18:56:37 Start processing HTTP request "POST" https://graphql.zeepki.st/
[Info   :Zeepkist GTR] 18:56:37 Sending HTTP request "POST" https://graphql.zeepki.st/
[Info   :Zeepkist GTR] 18:56:37 Received HTTP response headers after 292.6782ms - 200
[Info   :Zeepkist GTR] 18:56:37 End processing HTTP request after 292.9043ms - 200
[Info   :Zeepkist GTR] 18:56:37 Received HTTP response headers after 331.8943ms - 200
[Info   :Zeepkist GTR] 18:56:37 End processing HTTP request after 332.1637ms - 200
[Info   :Zeepkist GTR] 18:56:37 Received HTTP response headers after 490.9088ms - 200
[Info   :Zeepkist GTR] 18:56:37 End processing HTTP request after 491.2124ms - 200
[Info   :Zeepkist GTR] 18:56:37 Start processing HTTP request "POST" https://graphql.zeepki.st/
[Info   :Zeepkist GTR] 18:56:37 Sending HTTP request "POST" https://graphql.zeepki.st/
[Info   :Zeepkist GTR] 18:56:37 Received HTTP response headers after 180.1025ms - 200
[Info   :Zeepkist GTR] 18:56:37 End processing HTTP request after 180.3779ms - 200
[Info   :Zeepkist GTR] 18:56:38 Starting recorder
[Info   :Zeepkist Bingo] [CHAT] Intercepted message: yes
[Info   :Zeepkist Bingo] [CHAT] Not relaying - no bingo session
[Info   :COTDTracker] Running update tab leaderboard function
[Info   :COTDTracker] Running update tab leaderboard function
[Info   :Zeepkist Bingo] [CHAT] Intercepted message: you got out in the same round as me (10th)
[Info   :Zeepkist Bingo] [CHAT] Not relaying - no bingo session
[Info   :Zeepkist Bingo] [CHAT] Intercepted message: :good:
[Info   :Zeepkist Bingo] [CHAT] Not relaying - no bingo session
[Info   :COTDTracker] Checking joined player Luigi Vendetta with steamID 76561198835780704
[Info   :COTDTracker] Player Luigi Vendetta rejoined with new UID 13360
[Info   :Zeepkist Bingo] [CHAT] Intercepted message: o7 victor
[Info   :Zeepkist Bingo] [CHAT] Not relaying - no bingo session
[Info   :COTDTracker] Running update tab leaderboard function
[Info   :RoundLeaderboardTab] Drawing leaderboard -> forwarding to Instance.DrawTabLeaderboard()
[Info   :ChampionshipLeaderboardTab] Drawing leaderboard -> forwarding to Instance.DrawTabLeaderboard()
[Info   :Zeepkist GTR] 18:58:33 Start processing HTTP request "POST" https://graphql.zeepki.st/
[Info   :Zeepkist GTR] 18:58:33 Sending HTTP request "POST" https://graphql.zeepki.st/
[Info   :Zeepkist GTR] 18:58:33 Received HTTP response headers after 305.558ms - 200
[Info   :Zeepkist GTR] 18:58:33 End processing HTTP request after 305.8334ms - 200
[Info   :Zeepkist GTR] 18:58:33 Start processing HTTP request "POST" https://graphql.zeepki.st/
[Info   :Zeepkist GTR] 18:58:33 Sending HTTP request "POST" https://graphql.zeepki.st/
[Info   :Zeepkist GTR] 18:58:33 Received HTTP response headers after 194.4416ms - 200
[Info   :Zeepkist GTR] 18:58:33 End processing HTTP request after 194.7284ms - 200
[Info   :Zeepkist GTR] 18:58:33 Start processing HTTP request "POST" https://graphql.zeepki.st/
[Info   :Zeepkist GTR] 18:58:33 Sending HTTP request "POST" https://graphql.zeepki.st/
[Info   :Zeepkist GTR] 18:58:33 Received HTTP response headers after 188.649ms - 200
[Info   :Zeepkist GTR] 18:58:33 End processing HTTP request after 188.9174ms - 200
[Info   :Zeepkist GTR] 18:58:35 Discarding recorder
[Info   :COTDTracker] Doing eliminations with leaderboard:
[Info   :COTDTracker] Player Jake: Time: 37.34285
[Info   :COTDTracker] Player [ZET]Stick: Time: 37.35866
[Info   :COTDTracker] Player MALIYO: Time: 37.65931
[Info   :COTDTracker] Player Minkus: Time: 37.70884
[Info   :COTDTracker] Player [EG]Victor: Time: DNF
[Info   :COTDTracker] Eliminating DNF: [EG]Victor
[Info   :COTDTracker] Eliminated 1 DNF players
[Info   :COTDTracker] Eliminating 1 players: 
[Info   :COTDTracker] [EG]Victor
[Info   :COTDTracker] Kicking eliminated players
[Info   :Zeepkist Bingo] [BINGO] Level loaded
[Info   :Zeepkist Bingo] [BINGO] === PLAYER SPAWNED ===
[Info   :Zeepkist Bingo] [BINGO] IsInActiveSession: False
[Info   :Zeepkist Bingo] [BINGO] Not in active session, skipping timer reset
[Info   :Zeepkist GTR] 18:58:49 Loading personal best...
[Info   :Zeepkist GTR] 18:58:49 Start processing HTTP request "POST" https://graphql.zeepki.st/
[Info   :Zeepkist GTR] 18:58:49 Sending HTTP request "POST" https://graphql.zeepki.st/
[Info   :Zeepkist GTR] 18:58:49 Stopping existing recorder if any
[Info   :Zeepkist GTR] 18:58:49 Creating new recorder
[Info   :Zeepkist GTR] 18:58:49 Start processing HTTP request "POST" https://graphql.zeepki.st/
[Info   :Zeepkist GTR] 18:58:49 Sending HTTP request "POST" https://graphql.zeepki.st/
[Info   :Zeepkist GTR] 18:58:49 Start processing HTTP request "POST" https://graphql.zeepki.st/
[Info   :Zeepkist GTR] 18:58:49 Sending HTTP request "POST" https://graphql.zeepki.st/
[Info   :Zeepkist GTR] 18:58:50 Received HTTP response headers after 629.7071ms - 200
[Info   :Zeepkist GTR] 18:58:50 End processing HTTP request after 629.9617ms - 200
[Info   :Zeepkist GTR] 18:58:50 Received HTTP response headers after 697.1519ms - 200
[Info   :Zeepkist GTR] 18:58:50 End processing HTTP request after 697.3984ms - 200
[Info   :Zeepkist GTR] 18:58:50 Received HTTP response headers after 738.3152ms - 200
[Info   :Zeepkist GTR] 18:58:50 End processing HTTP request after 738.624ms - 200
[Info   :Zeepkist GTR] 18:58:50 Start processing HTTP request "POST" https://graphql.zeepki.st/
[Info   :Zeepkist GTR] 18:58:50 Sending HTTP request "POST" https://graphql.zeepki.st/
[Info   :Zeepkist GTR] 18:58:50 Received HTTP response headers after 185.9602ms - 200
[Info   :Zeepkist GTR] 18:58:50 End processing HTTP request after 186.2897ms - 200
[Info   :Zeepkist GTR] 18:58:51 Starting recorder
[Info   :COTDTracker] Checking joined player  with steamID 76561199869518481
[Info   :COTDTracker] Running update tab leaderboard function
[Info   :COTDTracker] Checking joined player jdeshone with steamID 76561199869518481
[Info   :RoundLeaderboardTab] Drawing leaderboard -> forwarding to Instance.DrawTabLeaderboard()
[Info   :ChampionshipLeaderboardTab] Drawing leaderboard -> forwarding to Instance.DrawTabLeaderboard()
[Info   :Zeepkist GTR] 18:59:02 Start processing HTTP request "POST" https://graphql.zeepki.st/
[Info   :Zeepkist GTR] 18:59:02 Sending HTTP request "POST" https://graphql.zeepki.st/
[Info   :Zeepkist GTR] 18:59:02 Received HTTP response headers after 183.4435ms - 200
[Info   :Zeepkist GTR] 18:59:02 End processing HTTP request after 183.7147ms - 200
[Info   :Zeepkist GTR] 18:59:02 Start processing HTTP request "POST" https://graphql.zeepki.st/
[Info   :Zeepkist GTR] 18:59:02 Sending HTTP request "POST" https://graphql.zeepki.st/
[Info   :Zeepkist GTR] 18:59:02 Received HTTP response headers after 166.1851ms - 200
[Info   :Zeepkist GTR] 18:59:02 End processing HTTP request after 166.4742ms - 200
[Info   :Zeepkist GTR] 18:59:05 Start processing HTTP request "POST" https://graphql.zeepki.st/
[Info   :Zeepkist GTR] 18:59:05 Sending HTTP request "POST" https://graphql.zeepki.st/
[Info   :Zeepkist GTR] 18:59:05 Received HTTP response headers after 181.0639ms - 200
[Info   :Zeepkist GTR] 18:59:05 End processing HTTP request after 181.3405ms - 200
[Info   :Zeepkist GTR] 19:00:48 Discarding recorder
[Info   :COTDTracker] Running update tab leaderboard function
[Info   :COTDTracker] Doing eliminations with leaderboard:
[Info   :COTDTracker] Player [ZET]Stick: Time: 37.37508
[Info   :COTDTracker] Player Jake: Time: 37.40214
[Info   :COTDTracker] Player Minkus: Time: 37.42074
[Info   :COTDTracker] Player MALIYO: Time: 37.68359
[Info   :COTDTracker] Eliminated 0 DNF players
[Info   :COTDTracker] Eliminating on time: MALIYO
[Info   :COTDTracker] Eliminating 1 players: 
[Info   :COTDTracker] MALIYO
[Info   :Zeepkist Bingo] [CHAT] Intercepted message: o7 maliyo
[Info   :Zeepkist Bingo] [CHAT] Not relaying - no bingo session
[Info   :COTDTracker] Running update tab leaderboard function
[Info   :RoundLeaderboardTab] Drawing leaderboard -> forwarding to Instance.DrawTabLeaderboard()
[Info   :ChampionshipLeaderboardTab] Drawing leaderboard -> forwarding to Instance.DrawTabLeaderboard()
[Info   :Zeepkist GTR] 19:00:59 Start processing HTTP request "POST" https://graphql.zeepki.st/
[Info   :Zeepkist GTR] 19:00:59 Sending HTTP request "POST" https://graphql.zeepki.st/
[Info   :Zeepkist GTR] 19:00:59 Received HTTP response headers after 308.7225ms - 200
[Info   :Zeepkist GTR] 19:00:59 End processing HTTP request after 309.015ms - 200
[Info   :Zeepkist GTR] 19:00:59 Start processing HTTP request "POST" https://graphql.zeepki.st/
[Info   :Zeepkist GTR] 19:00:59 Sending HTTP request "POST" https://graphql.zeepki.st/
[Info   :Zeepkist GTR] 19:00:59 Received HTTP response headers after 181.5756ms - 200
[Info   :Zeepkist GTR] 19:00:59 End processing HTTP request after 184.372ms - 200
[Info   :COTDTracker] Running update tab leaderboard function
[Info   :RoundLeaderboardTab] Drawing leaderboard -> forwarding to Instance.DrawTabLeaderboard()
[Info   :ChampionshipLeaderboardTab] Drawing leaderboard -> forwarding to Instance.DrawTabLeaderboard()
[Info   :Zeepkist GTR] 19:01:01 Start processing HTTP request "POST" https://graphql.zeepki.st/
[Info   :Zeepkist GTR] 19:01:01 Sending HTTP request "POST" https://graphql.zeepki.st/
[Info   :Zeepkist GTR] 19:01:01 Received HTTP response headers after 174.9129ms - 200
[Info   :Zeepkist GTR] 19:01:01 End processing HTTP request after 175.2119ms - 200
[Info   :Zeepkist GTR] 19:01:01 Start processing HTTP request "POST" https://graphql.zeepki.st/
[Info   :Zeepkist GTR] 19:01:01 Sending HTTP request "POST" https://graphql.zeepki.st/
[Info   :Zeepkist GTR] 19:01:01 Received HTTP response headers after 195.2061ms - 200
[Info   :Zeepkist GTR] 19:01:01 End processing HTTP request after 195.5562ms - 200
[Info   :COTDTracker] Kicking eliminated players
[Info   :Zeepkist Bingo] [BINGO] Level loaded
[Info   :Zeepkist Bingo] [BINGO] === PLAYER SPAWNED ===
[Info   :Zeepkist Bingo] [BINGO] IsInActiveSession: False
[Info   :Zeepkist Bingo] [BINGO] Not in active session, skipping timer reset
[Info   :Zeepkist GTR] 19:01:03 Loading personal best...
[Info   :Zeepkist GTR] 19:01:03 Start processing HTTP request "POST" https://graphql.zeepki.st/
[Info   :Zeepkist GTR] 19:01:03 Sending HTTP request "POST" https://graphql.zeepki.st/
[Info   :Zeepkist GTR] 19:01:03 Stopping existing recorder if any
[Info   :Zeepkist GTR] 19:01:03 Creating new recorder
[Info   :Zeepkist GTR] 19:01:03 Start processing HTTP request "POST" https://graphql.zeepki.st/
[Info   :Zeepkist GTR] 19:01:03 Sending HTTP request "POST" https://graphql.zeepki.st/
[Info   :Zeepkist GTR] 19:01:03 Start processing HTTP request "POST" https://graphql.zeepki.st/
[Info   :Zeepkist GTR] 19:01:03 Sending HTTP request "POST" https://graphql.zeepki.st/
[Info   :Zeepkist GTR] 19:01:03 Received HTTP response headers after 200.7122ms - 200
[Info   :Zeepkist GTR] 19:01:03 End processing HTTP request after 201.0508ms - 200
[Info   :Zeepkist GTR] 19:01:03 Received HTTP response headers after 327.4375ms - 200
[Info   :Zeepkist GTR] 19:01:03 End processing HTTP request after 327.6911ms - 200
[Info   :Zeepkist GTR] 19:01:03 Received HTTP response headers after 383.28ms - 200
[Info   :Zeepkist GTR] 19:01:03 End processing HTTP request after 383.5027ms - 200
[Info   :Zeepkist GTR] 19:01:03 Start processing HTTP request "POST" https://graphql.zeepki.st/
[Info   :Zeepkist GTR] 19:01:03 Sending HTTP request "POST" https://graphql.zeepki.st/
[Info   :Zeepkist GTR] 19:01:03 Received HTTP response headers after 181.3281ms - 200
[Info   :Zeepkist GTR] 19:01:03 End processing HTTP request after 181.7543ms - 200
[Info   :Zeepkist GTR] 19:01:04 Starting recorder
[Info   :COTDTracker] Running update tab leaderboard function
[Info   :COTDTracker] Running update tab leaderboard function
[Info   :COTDTracker] Running update tab leaderboard function
[Info   :Zeepkist Bingo] [CHAT] Intercepted message: nt jake
[Info   :Zeepkist Bingo] [CHAT] Not relaying - no bingo session
[Info   :Zeepkist Bingo] [CHAT] Intercepted message: and minkus
[Info   :Zeepkist Bingo] [CHAT] Not relaying - no bingo session
[Info   :Zeepkist GTR] 19:03:01 Discarding recorder
[Info   :Zeepkist Bingo] [CHAT] Intercepted message: o7 Stick
[Info   :Zeepkist Bingo] [CHAT] Not relaying - no bingo session
[Info   :COTDTracker] Running update tab leaderboard function
[Info   :COTDTracker] Doing eliminations with leaderboard:
[Info   :COTDTracker] Player Jake: Time: 37.05172
[Info   :COTDTracker] Player Minkus: Time: 37.13122
[Info   :COTDTracker] Player [ZET]Stick: Time: DNF
[Info   :COTDTracker] Eliminating DNF: [ZET]Stick
[Info   :COTDTracker] Eliminated 1 DNF players
[Info   :COTDTracker] Eliminating 1 players: 
[Info   :COTDTracker] [ZET]Stick
[Info   :Zeepkist Bingo] [CHAT] Intercepted message: nt jake
[Info   :Zeepkist Bingo] [CHAT] Not relaying - no bingo session
[Info   :Zeepkist Bingo] [CHAT] Intercepted message: wow
[Info   :Zeepkist Bingo] [CHAT] Not relaying - no bingo session
[Info   :COTDTracker] Kicking eliminated players
[Info   :Zeepkist Bingo] [BINGO] Level loaded
[Info   :Zeepkist Bingo] [BINGO] === PLAYER SPAWNED ===
[Info   :Zeepkist Bingo] [BINGO] IsInActiveSession: False
[Info   :Zeepkist Bingo] [BINGO] Not in active session, skipping timer reset
[Info   :Zeepkist GTR] 19:03:15 Loading personal best...
[Info   :Zeepkist GTR] 19:03:15 Start processing HTTP request "POST" https://graphql.zeepki.st/
[Info   :Zeepkist GTR] 19:03:15 Sending HTTP request "POST" https://graphql.zeepki.st/
[Info   :Zeepkist GTR] 19:03:15 Stopping existing recorder if any
[Info   :Zeepkist GTR] 19:03:15 Creating new recorder
[Info   :Zeepkist GTR] 19:03:15 Start processing HTTP request "POST" https://graphql.zeepki.st/
[Info   :Zeepkist GTR] 19:03:15 Sending HTTP request "POST" https://graphql.zeepki.st/
[Info   :Zeepkist GTR] 19:03:15 Start processing HTTP request "POST" https://graphql.zeepki.st/
[Info   :Zeepkist GTR] 19:03:15 Sending HTTP request "POST" https://graphql.zeepki.st/
[Info   :Zeepkist GTR] 19:03:16 Received HTTP response headers after 365.341ms - 200
[Info   :Zeepkist GTR] 19:03:16 End processing HTTP request after 365.5148ms - 200
[Info   :Zeepkist GTR] 19:03:16 Received HTTP response headers after 549.7332ms - 200
[Info   :Zeepkist GTR] 19:03:16 Received HTTP response headers after 548.2911ms - 200
[Info   :Zeepkist GTR] 19:03:16 End processing HTTP request after 549.9377ms - 200
[Info   :Zeepkist GTR] 19:03:16 End processing HTTP request after 548.4884ms - 200
[Info   :Zeepkist GTR] 19:03:16 Start processing HTTP request "POST" https://graphql.zeepki.st/
[Info   :Zeepkist GTR] 19:03:16 Sending HTTP request "POST" https://graphql.zeepki.st/
[Info   :Zeepkist GTR] 19:03:16 Received HTTP response headers after 169.439ms - 200
[Info   :Zeepkist GTR] 19:03:16 End processing HTTP request after 169.7048ms - 200
[Info   :Zeepkist GTR] 19:03:17 Starting recorder
[Info   :Zeepkist Bingo] [CHAT] Intercepted message: huge pbs
[Info   :Zeepkist Bingo] [CHAT] Not relaying - no bingo session
[Info   :COTDTracker] Running update tab leaderboard function
[Info   :RoundLeaderboardTab] Drawing leaderboard -> forwarding to Instance.DrawTabLeaderboard()
[Info   :ChampionshipLeaderboardTab] Drawing leaderboard -> forwarding to Instance.DrawTabLeaderboard()
[Info   :Zeepkist GTR] 19:04:21 Start processing HTTP request "POST" https://graphql.zeepki.st/
[Info   :Zeepkist GTR] 19:04:21 Sending HTTP request "POST" https://graphql.zeepki.st/
[Info   :Zeepkist GTR] 19:04:21 Received HTTP response headers after 179.6937ms - 200
[Info   :Zeepkist GTR] 19:04:21 End processing HTTP request after 179.9439ms - 200
[Info   :Zeepkist GTR] 19:04:21 Start processing HTTP request "POST" https://graphql.zeepki.st/
[Info   :Zeepkist GTR] 19:04:21 Sending HTTP request "POST" https://graphql.zeepki.st/
[Info   :Zeepkist GTR] 19:04:21 Received HTTP response headers after 172.5839ms - 200
[Info   :Zeepkist GTR] 19:04:21 End processing HTTP request after 172.9457ms - 200
[Info   :Zeepkist GTR] 19:04:21 Start processing HTTP request "POST" https://graphql.zeepki.st/
[Info   :Zeepkist GTR] 19:04:21 Sending HTTP request "POST" https://graphql.zeepki.st/
[Info   :Zeepkist GTR] 19:04:22 Received HTTP response headers after 189.1334ms - 200
[Info   :Zeepkist GTR] 19:04:22 End processing HTTP request after 189.4113ms - 200
[Info   :Zeepkist Bingo] [CHAT] Intercepted message: o7 
[Info   :Zeepkist Bingo] [CHAT] Not relaying - no bingo session
[Info   :Zeepkist GTR] 19:05:14 Discarding recorder
[Info   :Zeepkist Bingo] [CHAT] Intercepted message: o7 jake
[Info   :Zeepkist Bingo] [CHAT] Not relaying - no bingo session
[Info   :COTDTracker] Doing eliminations with leaderboard:
[Info   :COTDTracker] Player Minkus: Time: 36.99319
[Info   :COTDTracker] Player Jake: Time: 37.09003
[Info   :COTDTracker] Eliminated 0 DNF players
[Info   :COTDTracker] Eliminating on time: Jake
[Info   :COTDTracker] Eliminating 1 players: 
[Info   :COTDTracker] Jake
[Info   :Zeepkist Bingo] [CHAT] Intercepted message: gg egg congrats minkus!
[Info   :Zeepkist Bingo] [CHAT] Not relaying - no bingo session
[Info   :COTDTracker] Kicking eliminated players
[Info   :Zeepkist Bingo] [BINGO] Level loaded
[Info   :Zeepkist Bingo] [BINGO] === PLAYER SPAWNED ===
[Info   :Zeepkist Bingo] [BINGO] IsInActiveSession: False
[Info   :Zeepkist Bingo] [BINGO] Not in active session, skipping timer reset
[Info   :Zeepkist GTR] 19:05:28 Loading personal best...
[Info   :Zeepkist GTR] 19:05:28 Start processing HTTP request "POST" https://graphql.zeepki.st/
[Info   :Zeepkist GTR] 19:05:28 Sending HTTP request "POST" https://graphql.zeepki.st/
[Info   :Zeepkist GTR] 19:05:28 Stopping existing recorder if any
[Info   :Zeepkist GTR] 19:05:28 Creating new recorder
[Info   :Zeepkist GTR] 19:05:28 Start processing HTTP request "POST" https://graphql.zeepki.st/
[Info   :Zeepkist GTR] 19:05:28 Sending HTTP request "POST" https://graphql.zeepki.st/
[Info   :Zeepkist GTR] 19:05:28 Start processing HTTP request "POST" https://graphql.zeepki.st/
[Info   :Zeepkist GTR] 19:05:28 Sending HTTP request "POST" https://graphql.zeepki.st/
[Info   :Zeepkist GTR] 19:05:29 Received HTTP response headers after 349.9817ms - 200
[Info   :Zeepkist GTR] 19:05:29 End processing HTTP request after 350.1814ms - 200
[Info   :Zeepkist GTR] 19:05:29 Received HTTP response headers after 519.288ms - 200
[Info   :Zeepkist GTR] 19:05:29 End processing HTTP request after 519.6792ms - 200
[Info   :Zeepkist GTR] 19:05:29 Start processing HTTP request "POST" https://graphql.zeepki.st/
[Info   :Zeepkist GTR] 19:05:29 Sending HTTP request "POST" https://graphql.zeepki.st/
[Info   :Zeepkist GTR] 19:05:29 Received HTTP response headers after 622.782ms - 200
[Info   :Zeepkist GTR] 19:05:29 End processing HTTP request after 623.0029ms - 200
[Info   :Zeepkist GTR] 19:05:29 Received HTTP response headers after 197.2922ms - 200
[Info   :Zeepkist GTR] 19:05:29 End processing HTTP request after 197.5576ms - 200
[Info   :Zeepkist GTR] 19:05:30 Starting recorder
[Info   :Zeepkist Bingo] [CHAT] Intercepted message: what a snipe!!
[Info   :Zeepkist Bingo] [CHAT] Not relaying - no bingo session
[Info   :Zeepkist Bingo] [CHAT] Intercepted message: I don't  think they were
[Info   :Zeepkist Bingo] [CHAT] Not relaying - no bingo session
[Info   :Zeepkist Bingo] [CHAT] Intercepted message: that was some crazy tech
[Info   :Zeepkist Bingo] [CHAT] Not relaying - no bingo session
[Info   :Zeepkist Bingo] [CHAT] Intercepted message: danggg
[Info   :Zeepkist Bingo] [CHAT] Not relaying - no bingo session
[Info   :Zeepkist Bingo] [CHAT] Intercepted message: 36 is definitely possible
[Info   :Zeepkist Bingo] [CHAT] Not relaying - no bingo session
[Info   :COTDTracker] Checking joined player  with steamID 76561199809523551
[Info   :COTDTracker] Checking joined player Nascarkid18 with steamID 76561199809523551
[Error  :COTDTracker] Exception in OnSceneLoaded: Object reference not set to an instance of an object
COTDTracker
  at COTDTracker.CupPlayerTracker.EndCup () [0x0008b] in <ff51a1ec4d4f4c14b0042cb1ca466369>:0 
  at COTDTracker.EventManager.OnSceneLoaded () [0x0002d] in <ff51a1ec4d4f4c14b0042cb1ca466369>:0 
  at COTDTracker.Proxy.OnSceneLoaded () [0x00029] in <ff51a1ec4d4f4c14b0042cb1ca466369>:0 
[Error  :     TeamX]  [TEAMX] Operation failed: Client is already disconnected.
[Info   :Zeepkist Bingo] [BINGO] Application quitting - force disposing WebSocket
[Info   :Zeepkist Bingo] [WEBSOCKET] Force disposed
[Info   :Zeepkist Bingo] [WEBSOCKET] Force disposed
