[Message:   BepInEx] BepInEx 5.4.22.0 - Zeepkist (1/15/2026 3:08:57 PM)
[Info   :   BepInEx] Running under Unity v2021.3.10.1867021
[Info   :   BepInEx] CLR runtime version: 4.0.30319.42000
[Info   :   BepInEx] Supports SRE: True
[Info   :   BepInEx] System platform: Bits64, Windows
[Message:   BepInEx] Preloader started
[Info   :   BepInEx] Loaded 1 patcher method from [BepInEx.Preloader 5.4.22.0]
[Info   :   BepInEx] 1 patcher plugin loaded
[Info   :   BepInEx] Patching [UnityEngine.CoreModule] with [BepInEx.Chainloader]
[Message:   BepInEx] Preloader finished
[Message:   BepInEx] Chainloader ready
[Message:   BepInEx] Chainloader started
[Info   :   BepInEx] 10 plugins to load
[Info   :   BepInEx] Loading [Zeep SDK 2.6.2]
[Info   :  Zeep SDK] Plugin ZeepSDK is loaded!
[Info   :   BepInEx] Loading [BetterSplits 0.2.5]
[Info   :BetterSplits] Plugin BetterSplits is loaded!
[Info   :   BepInEx] Loading [TeamX 2.1]
[Info   :   BepInEx] Loading [Blueprints X 3.2]
[Info   :   BepInEx] Loading [FastStart 1.0.0]
[Info   : FastStart] Plugin FastStart is loaded!
[Info   :   BepInEx] Loading [Zeepkist Bingo 1.1.5]
[Info   :Zeepkist Bingo] Zeepkist Bingo v1.1.5 is loading...
[Info   :Zeepkist Bingo] [BINGO] Loaded 0 muted players
[Info   :Zeepkist Bingo] [BingoTTS] Initialized. Cache: C:/Users/joshs/AppData/Local/Temp/Steelpan Interactive/Zeepkist\ZeepkistBingo_TTS
[Info   :Zeepkist Bingo] [BingoTTS] Available voices: Microsoft David Desktop, Microsoft Zira Desktop
[Info   :Zeepkist Bingo] [BINGO UI] Menu initialized
[Info   :Zeepkist Bingo] [BINGO UI] Mini board initialized
[Info   :Zeepkist Bingo] [BINGO UI] Team status initialized
[Info   :Zeepkist Bingo] [BINGO] V2 UI components initialized
[Info   :Zeepkist Bingo] [InstantLoader] Initialized
[Info   :Zeepkist Bingo] Bingo commands registered
[Info   :Zeepkist Bingo] [BINGO TEST] Test commands registered (/bt0 - /bt50)
[Info   :Zeepkist Bingo] Event hooks registered
[Info   :Zeepkist Bingo] [WEBSOCKET] Base URL set to: wss://zeepkist-bingo.chrisleiter.workers.dev
[Info   :Zeepkist Bingo] Zeepkist Bingo loaded successfully!
[Info   :   BepInEx] Loading [COTDTracker 0.11.1]
[Info   :COTDTracker] Plugin COTDTracker is loaded!
[Info   :   BepInEx] Loading [Level Editor Trails 4.0.3]
[Info   :Level Editor Trails] Plugin LevelEditorTrails is loaded!
[Info   :   BepInEx] Loading [Zeepkist GTR 1.4.0]
[Info   :   BepInEx] Loading [Medal Times 5.3.1]
[Info   :Medal Times] Plugin net.tnrd.zeepkist.medaltimes is loaded!
[Message:   BepInEx] Chainloader startup complete
[Info   :Zeepkist Bingo] [BINGO AUDIO] Generating custom sounds...
[Info   :Zeepkist Bingo] [BINGO AUDIO] All custom sounds generated!
[Info   :Zeepkist Bingo] [BINGO AUDIO] Custom FMOD audio system initialized!
[Warning:ModSettingsTabsBuilder] Mod settings tab configuration for 'net.tnrd.zeepkist.gtr' references unknown section '2.3 - Ghosts - Offline Ghosts'. Section was skipped.
[Fatal  :Zeepkist GTR] 18:18:18 Unable to load UI assembly
[Info   :Zeepkist GTR] 18:18:18 Loaded 4 shaders from gtr-shaders asset bundle
[Info   :Zeepkist GTR] 18:18:18 Patching
[Info   :Zeepkist GTR] 18:18:18 Found 30 eager services
[Info   :Zeepkist GTR] Plugin net.tnrd.zeepkist.gtr is loaded!
[Info   :Zeepkist GTR] 18:18:34 Start processing HTTP request "POST" https://backend.zeepki.st/auth/login
[Info   :Zeepkist GTR] 18:18:34 Sending HTTP request "POST" https://backend.zeepki.st/auth/login
[Info   :CrashlyticsApi] Initializing bugsnag
[Info   :CrashlyticsApi] Bugsnag initialized
[Info   :Zeepkist GTR] 18:18:35 Received HTTP response headers after 991.2052ms - 200
[Info   :Zeepkist GTR] 18:18:35 End processing HTTP request after 1002.553ms - 200
[Info   :Zeepkist Bingo] [BINGO] Level loaded
[Info   :Zeepkist GTR] 18:18:45 Start processing HTTP request "POST" https://backend.zeepki.st/level/request
[Info   :Zeepkist GTR] 18:18:45 Sending HTTP request "POST" https://backend.zeepki.st/level/request
[Info   :BetterSplits] getting gtr splits
[Info   :Zeepkist Bingo] [BINGO] === PLAYER SPAWNED ===
[Info   :Zeepkist Bingo] [BINGO] IsInActiveSession: False
[Info   :Zeepkist Bingo] [BINGO] Not in active session, skipping timer reset
[Info   :Zeepkist GTR] 18:18:45 Stopping existing recorder if any
[Info   :Zeepkist GTR] 18:18:45 Creating new recorder
[Info   :Zeepkist GTR] 18:18:45 Received HTTP response headers after 172.5764ms - 200
[Info   :Zeepkist GTR] 18:18:45 End processing HTTP request after 173.5248ms - 200
[Info   :Zeepkist GTR] 18:18:45 Start processing HTTP request "POST" https://graphql.zeepki.st/
[Info   :Zeepkist GTR] 18:18:45 Sending HTTP request "POST" https://graphql.zeepki.st/
[Info   :Zeepkist GTR] 18:18:45 Start processing HTTP request "POST" https://graphql.zeepki.st/
[Info   :Zeepkist GTR] 18:18:45 Sending HTTP request "POST" https://graphql.zeepki.st/
[Info   :BetterSplits] got gtr splits
[Info   :Zeepkist GTR] 18:18:45 Received HTTP response headers after 295.8227ms - 200
[Info   :Zeepkist GTR] 18:18:45 End processing HTTP request after 296.0326ms - 200
[Info   :Zeepkist GTR] 18:18:46 Received HTTP response headers after 527.5896ms - 200
[Info   :Zeepkist GTR] 18:18:46 End processing HTTP request after 527.8337ms - 200
[Info   :Zeepkist GTR] 18:18:46 Start processing HTTP request "POST" https://graphql.zeepki.st/
[Info   :Zeepkist GTR] 18:18:46 Sending HTTP request "POST" https://graphql.zeepki.st/
[Info   :Zeepkist GTR] 18:18:46 Received HTTP response headers after 197.7669ms - 200
[Info   :Zeepkist GTR] 18:18:46 End processing HTTP request after 198.1023ms - 200
[Info   :Zeepkist GTR] 18:18:47 Starting recorder
[Info   :Zeepkist Bingo] [CHAT] Intercepted message: hello
[Info   :Zeepkist Bingo] [CHAT] Not relaying - no bingo session
[Info   :Zeepkist Bingo] [BINGO] === PLAYER SPAWNED ===
[Info   :Zeepkist Bingo] [BINGO] IsInActiveSession: False
[Info   :Zeepkist Bingo] [BINGO] Not in active session, skipping timer reset
[Info   :Zeepkist GTR] 18:18:49 Stopping existing recorder if any
[Info   :Zeepkist GTR] 18:18:49 Creating new recorder
[Info   :Zeepkist GTR] 18:18:49 Start processing HTTP request "POST" https://graphql.zeepki.st/
[Info   :Zeepkist GTR] 18:18:49 Sending HTTP request "POST" https://graphql.zeepki.st/
[Info   :Zeepkist GTR] 18:18:49 Start processing HTTP request "POST" https://graphql.zeepki.st/
[Info   :Zeepkist GTR] 18:18:49 Sending HTTP request "POST" https://graphql.zeepki.st/
[Info   :Zeepkist GTR] 18:18:49 Received HTTP response headers after 183.3827ms - 200
[Info   :Zeepkist GTR] 18:18:49 Received HTTP response headers after 184.2399ms - 200
[Info   :Zeepkist GTR] 18:18:49 End processing HTTP request after 183.5735ms - 200
[Info   :Zeepkist GTR] 18:18:49 End processing HTTP request after 184.4089ms - 200
[Info   :Zeepkist GTR] 18:18:49 Start processing HTTP request "POST" https://graphql.zeepki.st/
[Info   :Zeepkist GTR] 18:18:49 Sending HTTP request "POST" https://graphql.zeepki.st/
[Info   :Zeepkist GTR] 18:18:50 Received HTTP response headers after 179.1386ms - 200
[Info   :Zeepkist GTR] 18:18:50 End processing HTTP request after 179.3667ms - 200
[Info   :Zeepkist GTR] 18:18:51 Starting recorder
[Info   :Zeepkist Bingo] [BINGO] === PLAYER SPAWNED ===
[Info   :Zeepkist Bingo] [BINGO] IsInActiveSession: False
[Info   :Zeepkist Bingo] [BINGO] Not in active session, skipping timer reset
[Info   :Zeepkist GTR] 18:19:09 Stopping existing recorder if any
[Info   :Zeepkist GTR] 18:19:09 Creating new recorder
[Info   :Zeepkist GTR] 18:19:09 Start processing HTTP request "POST" https://graphql.zeepki.st/
[Info   :Zeepkist GTR] 18:19:09 Sending HTTP request "POST" https://graphql.zeepki.st/
[Info   :Zeepkist GTR] 18:19:09 Start processing HTTP request "POST" https://graphql.zeepki.st/
[Info   :Zeepkist GTR] 18:19:09 Sending HTTP request "POST" https://graphql.zeepki.st/
[Info   :Zeepkist GTR] 18:19:09 Received HTTP response headers after 180.1781ms - 200
[Info   :Zeepkist GTR] 18:19:09 End processing HTTP request after 180.3855ms - 200
[Info   :Zeepkist GTR] 18:19:09 Received HTTP response headers after 187.906ms - 200
[Info   :Zeepkist GTR] 18:19:09 End processing HTTP request after 188.0898ms - 200
[Info   :Zeepkist GTR] 18:19:09 Start processing HTTP request "POST" https://graphql.zeepki.st/
[Info   :Zeepkist GTR] 18:19:09 Sending HTTP request "POST" https://graphql.zeepki.st/
[Info   :Zeepkist GTR] 18:19:10 Received HTTP response headers after 188.1512ms - 200
[Info   :Zeepkist GTR] 18:19:10 End processing HTTP request after 188.4876ms - 200
[Info   :Zeepkist GTR] 18:19:11 Starting recorder
[Info   :Zeepkist Bingo] [CHAT] Intercepted message: sure
[Info   :Zeepkist Bingo] [CHAT] Not relaying - no bingo session
[Info   :Zeepkist Bingo] [BINGO] === PLAYER SPAWNED ===
[Info   :Zeepkist Bingo] [BINGO] IsInActiveSession: False
[Info   :Zeepkist Bingo] [BINGO] Not in active session, skipping timer reset
[Info   :Zeepkist GTR] 18:19:16 Stopping existing recorder if any
[Info   :Zeepkist GTR] 18:19:16 Creating new recorder
[Info   :Zeepkist GTR] 18:19:16 Start processing HTTP request "POST" https://graphql.zeepki.st/
[Info   :Zeepkist GTR] 18:19:16 Sending HTTP request "POST" https://graphql.zeepki.st/
[Info   :Zeepkist GTR] 18:19:16 Start processing HTTP request "POST" https://graphql.zeepki.st/
[Info   :Zeepkist GTR] 18:19:16 Sending HTTP request "POST" https://graphql.zeepki.st/
[Info   :Zeepkist GTR] 18:19:16 Received HTTP response headers after 190.676ms - 200
[Info   :Zeepkist GTR] 18:19:16 Received HTTP response headers after 191.3205ms - 200
[Info   :Zeepkist GTR] 18:19:16 End processing HTTP request after 190.8786ms - 200
[Info   :Zeepkist GTR] 18:19:16 End processing HTTP request after 191.4949ms - 200
[Info   :Zeepkist GTR] 18:19:16 Start processing HTTP request "POST" https://graphql.zeepki.st/
[Info   :Zeepkist GTR] 18:19:16 Sending HTTP request "POST" https://graphql.zeepki.st/
[Info   :Zeepkist GTR] 18:19:16 Received HTTP response headers after 198.9204ms - 200
[Info   :Zeepkist GTR] 18:19:16 End processing HTTP request after 199.1312ms - 200
[Info   :Zeepkist GTR] 18:19:17 Starting recorder
[Info   :Zeepkist Bingo] [CHAT] Intercepted message: ty
[Info   :Zeepkist Bingo] [CHAT] Not relaying - no bingo session
[Info   :Zeepkist GTR] 18:20:06 Stopping recorder
[Info   :Zeepkist GTR] 18:20:06 Collecting extra information
[Info   :Zeepkist GTR] 18:20:06 Resolved workshop ID "3553644870" from lobby 3553644870 and level 0
[Info   :Zeepkist GTR] 18:20:06 Processing ghost data
[Info   :Zeepkist GTR] 18:20:06 Creating stream
[Info   :Zeepkist GTR] 18:20:06 Writing to stream
[Info   :Zeepkist GTR] 18:20:07 Converting to base64
[Info   :Zeepkist GTR] 18:20:07 Creating resource
[Info   :Zeepkist GTR] 18:20:07 Start processing HTTP request "POST" https://backend.zeepki.st/record/submit
[Info   :Zeepkist GTR] 18:20:07 Sending HTTP request "POST" https://backend.zeepki.st/record/submit
[Info   :Zeepkist GTR] 18:20:08 Received HTTP response headers after 857.616ms - 200
[Info   :Zeepkist GTR] 18:20:08 End processing HTTP request after 857.8398ms - 200
[Info   :Zeepkist Bingo] [BINGO] === PLAYER SPAWNED ===
[Info   :Zeepkist Bingo] [BINGO] IsInActiveSession: False
[Info   :Zeepkist Bingo] [BINGO] Not in active session, skipping timer reset
[Info   :Zeepkist GTR] 18:20:11 Stopping existing recorder if any
[Info   :Zeepkist GTR] 18:20:11 Creating new recorder
[Info   :Zeepkist GTR] 18:20:11 Start processing HTTP request "POST" https://graphql.zeepki.st/
[Info   :Zeepkist GTR] 18:20:11 Sending HTTP request "POST" https://graphql.zeepki.st/
[Info   :Zeepkist GTR] 18:20:11 Start processing HTTP request "POST" https://graphql.zeepki.st/
[Info   :Zeepkist GTR] 18:20:11 Sending HTTP request "POST" https://graphql.zeepki.st/
[Info   :Zeepkist GTR] 18:20:11 Received HTTP response headers after 248.7274ms - 200
[Info   :Zeepkist GTR] 18:20:11 End processing HTTP request after 248.9384ms - 200
[Info   :Zeepkist GTR] 18:20:11 Received HTTP response headers after 248.6734ms - 200
[Info   :Zeepkist GTR] 18:20:11 End processing HTTP request after 248.8347ms - 200
[Info   :Zeepkist GTR] 18:20:11 Start processing HTTP request "POST" https://graphql.zeepki.st/
[Info   :Zeepkist GTR] 18:20:11 Sending HTTP request "POST" https://graphql.zeepki.st/
[Info   :Zeepkist GTR] 18:20:11 Received HTTP response headers after 201.6718ms - 200
[Info   :Zeepkist GTR] 18:20:11 End processing HTTP request after 201.9561ms - 200
[Info   :Zeepkist GTR] 18:20:13 Starting recorder
[Info   :RoundLeaderboardTab] Drawing leaderboard -> forwarding to Instance.DrawTabLeaderboard()
[Info   :   Console] Download started for AppId: 1440670, FileId: 3567085860, Result: OK
[Info   :Zeepkist Bingo] [BINGO] Level loaded
[Info   :Zeepkist GTR] 18:21:26 Start processing HTTP request "POST" https://backend.zeepki.st/level/request
[Info   :Zeepkist GTR] 18:21:26 Sending HTTP request "POST" https://backend.zeepki.st/level/request
[Info   :BetterSplits] getting gtr splits
[Info   :Zeepkist Bingo] [BINGO] === PLAYER SPAWNED ===
[Info   :Zeepkist Bingo] [BINGO] IsInActiveSession: False
[Info   :Zeepkist Bingo] [BINGO] Not in active session, skipping timer reset
[Info   :Zeepkist GTR] 18:21:26 Stopping existing recorder if any
[Info   :Zeepkist GTR] 18:21:26 Creating new recorder
[Info   :Zeepkist GTR] 18:21:26 Start processing HTTP request "POST" https://graphql.zeepki.st/
[Info   :Zeepkist GTR] 18:21:26 Sending HTTP request "POST" https://graphql.zeepki.st/
[Info   :Zeepkist GTR] 18:21:26 Start processing HTTP request "POST" https://graphql.zeepki.st/
[Info   :Zeepkist GTR] 18:21:26 Sending HTTP request "POST" https://graphql.zeepki.st/
[Info   :Zeepkist GTR] 18:21:27 Received HTTP response headers after 431.0367ms - 200
[Info   :Zeepkist GTR] 18:21:27 End processing HTTP request after 431.2704ms - 200
[Info   :Zeepkist GTR] 18:21:27 Received HTTP response headers after 725.9721ms - 200
[Info   :Zeepkist GTR] 18:21:27 End processing HTTP request after 726.1905ms - 200
[Info   :BetterSplits] got gtr splits
[Info   :Zeepkist GTR] 18:21:27 Received HTTP response headers after 943.9215ms - 200
[Info   :Zeepkist GTR] 18:21:27 End processing HTTP request after 944.1146ms - 200
[Info   :Zeepkist GTR] 18:21:27 Start processing HTTP request "POST" https://graphql.zeepki.st/
[Info   :Zeepkist GTR] 18:21:27 Sending HTTP request "POST" https://graphql.zeepki.st/
[Info   :Zeepkist GTR] 18:21:27 Received HTTP response headers after 190.3692ms - 200
[Info   :Zeepkist GTR] 18:21:27 End processing HTTP request after 190.6151ms - 200
[Info   :Zeepkist GTR] 18:21:28 Starting recorder
[Info   :Zeepkist Bingo] [BINGO] === PLAYER SPAWNED ===
[Info   :Zeepkist Bingo] [BINGO] IsInActiveSession: False
[Info   :Zeepkist Bingo] [BINGO] Not in active session, skipping timer reset
[Info   :Zeepkist GTR] 18:21:40 Stopping existing recorder if any
[Info   :Zeepkist GTR] 18:21:40 Creating new recorder
[Info   :Zeepkist GTR] 18:21:40 Start processing HTTP request "POST" https://graphql.zeepki.st/
[Info   :Zeepkist GTR] 18:21:40 Sending HTTP request "POST" https://graphql.zeepki.st/
[Info   :Zeepkist GTR] 18:21:40 Start processing HTTP request "POST" https://graphql.zeepki.st/
[Info   :Zeepkist GTR] 18:21:40 Sending HTTP request "POST" https://graphql.zeepki.st/
[Info   :Zeepkist GTR] 18:21:40 Received HTTP response headers after 185.2814ms - 200
[Info   :Zeepkist GTR] 18:21:40 Received HTTP response headers after 185.772ms - 200
[Info   :Zeepkist GTR] 18:21:40 End processing HTTP request after 185.497ms - 200
[Info   :Zeepkist GTR] 18:21:40 End processing HTTP request after 186.0029ms - 200
[Info   :Zeepkist GTR] 18:21:40 Start processing HTTP request "POST" https://graphql.zeepki.st/
[Info   :Zeepkist GTR] 18:21:40 Sending HTTP request "POST" https://graphql.zeepki.st/
[Info   :Zeepkist GTR] 18:21:41 Received HTTP response headers after 210.8741ms - 200
[Info   :Zeepkist GTR] 18:21:41 End processing HTTP request after 211.119ms - 200
[Info   :Zeepkist GTR] 18:21:42 Starting recorder
[Info   :Zeepkist Bingo] [BINGO] === PLAYER SPAWNED ===
[Info   :Zeepkist Bingo] [BINGO] IsInActiveSession: False
[Info   :Zeepkist Bingo] [BINGO] Not in active session, skipping timer reset
[Info   :Zeepkist GTR] 18:21:54 Stopping existing recorder if any
[Info   :Zeepkist GTR] 18:21:54 Creating new recorder
[Info   :Zeepkist GTR] 18:21:54 Start processing HTTP request "POST" https://graphql.zeepki.st/
[Info   :Zeepkist GTR] 18:21:54 Sending HTTP request "POST" https://graphql.zeepki.st/
[Info   :Zeepkist GTR] 18:21:54 Start processing HTTP request "POST" https://graphql.zeepki.st/
[Info   :Zeepkist GTR] 18:21:54 Sending HTTP request "POST" https://graphql.zeepki.st/
[Info   :Zeepkist GTR] 18:21:54 Received HTTP response headers after 192.6928ms - 200
[Info   :Zeepkist GTR] 18:21:54 End processing HTTP request after 192.9198ms - 200
[Info   :Zeepkist GTR] 18:21:54 Received HTTP response headers after 204.0327ms - 200
[Info   :Zeepkist GTR] 18:21:54 End processing HTTP request after 204.2516ms - 200
[Info   :Zeepkist GTR] 18:21:54 Start processing HTTP request "POST" https://graphql.zeepki.st/
[Info   :Zeepkist GTR] 18:21:54 Sending HTTP request "POST" https://graphql.zeepki.st/
[Info   :Zeepkist GTR] 18:21:55 Received HTTP response headers after 198.7261ms - 200
[Info   :Zeepkist GTR] 18:21:55 End processing HTTP request after 198.9561ms - 200
[Info   :Zeepkist GTR] 18:21:56 Starting recorder
[Info   :Zeepkist Bingo] [BINGO] === PLAYER SPAWNED ===
[Info   :Zeepkist Bingo] [BINGO] IsInActiveSession: False
[Info   :Zeepkist Bingo] [BINGO] Not in active session, skipping timer reset
[Info   :Zeepkist GTR] 18:22:06 Stopping existing recorder if any
[Info   :Zeepkist GTR] 18:22:06 Creating new recorder
[Info   :Zeepkist GTR] 18:22:06 Start processing HTTP request "POST" https://graphql.zeepki.st/
[Info   :Zeepkist GTR] 18:22:06 Sending HTTP request "POST" https://graphql.zeepki.st/
[Info   :Zeepkist GTR] 18:22:06 Start processing HTTP request "POST" https://graphql.zeepki.st/
[Info   :Zeepkist GTR] 18:22:06 Sending HTTP request "POST" https://graphql.zeepki.st/
[Info   :Zeepkist GTR] 18:22:06 Received HTTP response headers after 176.0351ms - 200
[Info   :Zeepkist GTR] 18:22:06 End processing HTTP request after 176.2731ms - 200
[Info   :Zeepkist GTR] 18:22:06 Received HTTP response headers after 197.1102ms - 200
[Info   :Zeepkist GTR] 18:22:06 End processing HTTP request after 197.3221ms - 200
[Info   :Zeepkist GTR] 18:22:06 Start processing HTTP request "POST" https://graphql.zeepki.st/
[Info   :Zeepkist GTR] 18:22:06 Sending HTTP request "POST" https://graphql.zeepki.st/
[Info   :Zeepkist GTR] 18:22:06 Received HTTP response headers after 200.891ms - 200
[Info   :Zeepkist GTR] 18:22:06 End processing HTTP request after 201.173ms - 200
[Info   :Zeepkist GTR] 18:22:08 Starting recorder
[Info   :Zeepkist Bingo] [BINGO] === PLAYER SPAWNED ===
[Info   :Zeepkist Bingo] [BINGO] IsInActiveSession: False
[Info   :Zeepkist Bingo] [BINGO] Not in active session, skipping timer reset
[Info   :Zeepkist GTR] 18:22:30 Stopping existing recorder if any
[Info   :Zeepkist GTR] 18:22:30 Creating new recorder
[Info   :Zeepkist GTR] 18:22:30 Start processing HTTP request "POST" https://graphql.zeepki.st/
[Info   :Zeepkist GTR] 18:22:30 Sending HTTP request "POST" https://graphql.zeepki.st/
[Info   :Zeepkist GTR] 18:22:30 Start processing HTTP request "POST" https://graphql.zeepki.st/
[Info   :Zeepkist GTR] 18:22:30 Sending HTTP request "POST" https://graphql.zeepki.st/
[Info   :Zeepkist GTR] 18:22:30 Received HTTP response headers after 185.1964ms - 200
[Info   :Zeepkist GTR] 18:22:30 End processing HTTP request after 185.4795ms - 200
[Info   :Zeepkist GTR] 18:22:30 Received HTTP response headers after 185.8723ms - 200
[Info   :Zeepkist GTR] 18:22:30 End processing HTTP request after 186.1079ms - 200
[Info   :Zeepkist GTR] 18:22:30 Start processing HTTP request "POST" https://graphql.zeepki.st/
[Info   :Zeepkist GTR] 18:22:30 Sending HTTP request "POST" https://graphql.zeepki.st/
[Info   :Zeepkist GTR] 18:22:30 Received HTTP response headers after 199.9ms - 200
[Info   :Zeepkist GTR] 18:22:30 End processing HTTP request after 200.1343ms - 200
[Info   :Zeepkist GTR] 18:22:32 Starting recorder
[Info   :Zeepkist Bingo] [BINGO] === PLAYER SPAWNED ===
[Info   :Zeepkist Bingo] [BINGO] IsInActiveSession: False
[Info   :Zeepkist Bingo] [BINGO] Not in active session, skipping timer reset
[Info   :Zeepkist GTR] 18:22:43 Stopping existing recorder if any
[Info   :Zeepkist GTR] 18:22:43 Creating new recorder
[Info   :Zeepkist GTR] 18:22:43 Start processing HTTP request "POST" https://graphql.zeepki.st/
[Info   :Zeepkist GTR] 18:22:43 Sending HTTP request "POST" https://graphql.zeepki.st/
[Info   :Zeepkist GTR] 18:22:43 Start processing HTTP request "POST" https://graphql.zeepki.st/
[Info   :Zeepkist GTR] 18:22:43 Sending HTTP request "POST" https://graphql.zeepki.st/
[Info   :Zeepkist GTR] 18:22:43 Received HTTP response headers after 192.5816ms - 200
[Info   :Zeepkist GTR] 18:22:43 End processing HTTP request after 192.7948ms - 200
[Info   :Zeepkist GTR] 18:22:43 Received HTTP response headers after 203.3458ms - 200
[Info   :Zeepkist GTR] 18:22:43 End processing HTTP request after 203.5575ms - 200
[Info   :Zeepkist GTR] 18:22:43 Start processing HTTP request "POST" https://graphql.zeepki.st/
[Info   :Zeepkist GTR] 18:22:43 Sending HTTP request "POST" https://graphql.zeepki.st/
[Info   :Zeepkist GTR] 18:22:44 Received HTTP response headers after 185.1285ms - 200
[Info   :Zeepkist GTR] 18:22:44 End processing HTTP request after 185.3918ms - 200
[Info   :Zeepkist GTR] 18:22:45 Starting recorder
[Info   :Zeepkist Bingo] [BINGO] === PLAYER SPAWNED ===
[Info   :Zeepkist Bingo] [BINGO] IsInActiveSession: False
[Info   :Zeepkist Bingo] [BINGO] Not in active session, skipping timer reset
[Info   :Zeepkist GTR] 18:22:54 Stopping existing recorder if any
[Info   :Zeepkist GTR] 18:22:54 Creating new recorder
[Info   :Zeepkist GTR] 18:22:54 Start processing HTTP request "POST" https://graphql.zeepki.st/
[Info   :Zeepkist GTR] 18:22:54 Sending HTTP request "POST" https://graphql.zeepki.st/
[Info   :Zeepkist GTR] 18:22:54 Start processing HTTP request "POST" https://graphql.zeepki.st/
[Info   :Zeepkist GTR] 18:22:54 Sending HTTP request "POST" https://graphql.zeepki.st/
[Info   :Zeepkist GTR] 18:22:54 Received HTTP response headers after 171.4091ms - 200
[Info   :Zeepkist GTR] 18:22:54 End processing HTTP request after 171.7045ms - 200
[Info   :Zeepkist GTR] 18:22:54 Received HTTP response headers after 193.2479ms - 200
[Info   :Zeepkist GTR] 18:22:54 End processing HTTP request after 193.5816ms - 200
[Info   :Zeepkist GTR] 18:22:54 Start processing HTTP request "POST" https://graphql.zeepki.st/
[Info   :Zeepkist GTR] 18:22:54 Sending HTTP request "POST" https://graphql.zeepki.st/
[Info   :Zeepkist GTR] 18:22:55 Received HTTP response headers after 194.5006ms - 200
[Info   :Zeepkist GTR] 18:22:55 End processing HTTP request after 194.7478ms - 200
[Info   :Zeepkist GTR] 18:22:56 Starting recorder
[Info   :Zeepkist Bingo] [BINGO] === PLAYER SPAWNED ===
[Info   :Zeepkist Bingo] [BINGO] IsInActiveSession: False
[Info   :Zeepkist Bingo] [BINGO] Not in active session, skipping timer reset
[Info   :Zeepkist GTR] 18:24:29 Stopping existing recorder if any
[Info   :Zeepkist GTR] 18:24:29 Creating new recorder
[Info   :Zeepkist GTR] 18:24:29 Start processing HTTP request "POST" https://graphql.zeepki.st/
[Info   :Zeepkist GTR] 18:24:29 Sending HTTP request "POST" https://graphql.zeepki.st/
[Info   :Zeepkist GTR] 18:24:29 Start processing HTTP request "POST" https://graphql.zeepki.st/
[Info   :Zeepkist GTR] 18:24:29 Sending HTTP request "POST" https://graphql.zeepki.st/
[Info   :Zeepkist GTR] 18:24:30 Received HTTP response headers after 427.2441ms - 200
[Info   :Zeepkist GTR] 18:24:30 End processing HTTP request after 427.4841ms - 200
[Info   :Zeepkist GTR] 18:24:30 Received HTTP response headers after 594.6087ms - 200
[Info   :Zeepkist GTR] 18:24:30 End processing HTTP request after 594.8642ms - 200
[Info   :Zeepkist GTR] 18:24:30 Start processing HTTP request "POST" https://graphql.zeepki.st/
[Info   :Zeepkist GTR] 18:24:30 Sending HTTP request "POST" https://graphql.zeepki.st/
[Info   :Zeepkist GTR] 18:24:30 Received HTTP response headers after 198.3925ms - 200
[Info   :Zeepkist GTR] 18:24:30 End processing HTTP request after 198.6556ms - 200
[Info   :Zeepkist GTR] 18:24:31 Starting recorder
[Info   :Zeepkist Bingo] [BINGO] === PLAYER SPAWNED ===
[Info   :Zeepkist Bingo] [BINGO] IsInActiveSession: False
[Info   :Zeepkist Bingo] [BINGO] Not in active session, skipping timer reset
[Info   :Zeepkist GTR] 18:24:40 Stopping existing recorder if any
[Info   :Zeepkist GTR] 18:24:40 Creating new recorder
[Info   :Zeepkist GTR] 18:24:40 Start processing HTTP request "POST" https://graphql.zeepki.st/
[Info   :Zeepkist GTR] 18:24:40 Sending HTTP request "POST" https://graphql.zeepki.st/
[Info   :Zeepkist GTR] 18:24:40 Start processing HTTP request "POST" https://graphql.zeepki.st/
[Info   :Zeepkist GTR] 18:24:40 Sending HTTP request "POST" https://graphql.zeepki.st/
[Info   :Zeepkist GTR] 18:24:40 Received HTTP response headers after 229.9689ms - 200
[Info   :Zeepkist GTR] 18:24:40 End processing HTTP request after 230.1979ms - 200
[Info   :Zeepkist GTR] 18:24:41 Received HTTP response headers after 329.6312ms - 200
[Info   :Zeepkist GTR] 18:24:41 End processing HTTP request after 329.8397ms - 200
[Info   :Zeepkist GTR] 18:24:41 Start processing HTTP request "POST" https://graphql.zeepki.st/
[Info   :Zeepkist GTR] 18:24:41 Sending HTTP request "POST" https://graphql.zeepki.st/
[Info   :Zeepkist GTR] 18:24:41 Received HTTP response headers after 421.6932ms - 200
[Info   :Zeepkist GTR] 18:24:41 End processing HTTP request after 421.9657ms - 200
[Info   :Zeepkist GTR] 18:24:42 Starting recorder
[Info   :Zeepkist Bingo] [BINGO] === PLAYER SPAWNED ===
[Info   :Zeepkist Bingo] [BINGO] IsInActiveSession: False
[Info   :Zeepkist Bingo] [BINGO] Not in active session, skipping timer reset
[Info   :Zeepkist GTR] 18:24:51 Stopping existing recorder if any
[Info   :Zeepkist GTR] 18:24:51 Creating new recorder
[Info   :Zeepkist GTR] 18:24:51 Start processing HTTP request "POST" https://graphql.zeepki.st/
[Info   :Zeepkist GTR] 18:24:51 Sending HTTP request "POST" https://graphql.zeepki.st/
[Info   :Zeepkist GTR] 18:24:51 Start processing HTTP request "POST" https://graphql.zeepki.st/
[Info   :Zeepkist GTR] 18:24:51 Sending HTTP request "POST" https://graphql.zeepki.st/
[Info   :Zeepkist GTR] 18:24:51 Received HTTP response headers after 183.423ms - 200
[Info   :Zeepkist GTR] 18:24:51 End processing HTTP request after 183.6195ms - 200
[Info   :Zeepkist GTR] 18:24:51 Received HTTP response headers after 255.8376ms - 200
[Info   :Zeepkist GTR] 18:24:51 End processing HTTP request after 256.0729ms - 200
[Info   :Zeepkist GTR] 18:24:51 Start processing HTTP request "POST" https://graphql.zeepki.st/
[Info   :Zeepkist GTR] 18:24:51 Sending HTTP request "POST" https://graphql.zeepki.st/
[Info   :Zeepkist GTR] 18:24:51 Received HTTP response headers after 210.5448ms - 200
[Info   :Zeepkist GTR] 18:24:51 End processing HTTP request after 210.8565ms - 200
[Info   :Zeepkist GTR] 18:24:53 Starting recorder
[Info   :Zeepkist Bingo] [BINGO] === PLAYER SPAWNED ===
[Info   :Zeepkist Bingo] [BINGO] IsInActiveSession: False
[Info   :Zeepkist Bingo] [BINGO] Not in active session, skipping timer reset
[Info   :Zeepkist GTR] 18:25:03 Stopping existing recorder if any
[Info   :Zeepkist GTR] 18:25:03 Creating new recorder
[Info   :Zeepkist GTR] 18:25:03 Start processing HTTP request "POST" https://graphql.zeepki.st/
[Info   :Zeepkist GTR] 18:25:03 Sending HTTP request "POST" https://graphql.zeepki.st/
[Info   :Zeepkist GTR] 18:25:03 Start processing HTTP request "POST" https://graphql.zeepki.st/
[Info   :Zeepkist GTR] 18:25:03 Sending HTTP request "POST" https://graphql.zeepki.st/
[Info   :Zeepkist GTR] 18:25:03 Received HTTP response headers after 182.046ms - 200
[Info   :Zeepkist GTR] 18:25:03 End processing HTTP request after 182.2787ms - 200
[Info   :Zeepkist GTR] 18:25:03 Received HTTP response headers after 240.3017ms - 200
[Info   :Zeepkist GTR] 18:25:03 End processing HTTP request after 240.5216ms - 200
[Info   :Zeepkist GTR] 18:25:03 Start processing HTTP request "POST" https://graphql.zeepki.st/
[Info   :Zeepkist GTR] 18:25:03 Sending HTTP request "POST" https://graphql.zeepki.st/
[Info   :Zeepkist GTR] 18:25:03 Received HTTP response headers after 183.8522ms - 200
[Info   :Zeepkist GTR] 18:25:03 End processing HTTP request after 184.0931ms - 200
[Info   :Zeepkist GTR] 18:25:05 Starting recorder
[Info   :Zeepkist Bingo] [BINGO] === PLAYER SPAWNED ===
[Info   :Zeepkist Bingo] [BINGO] IsInActiveSession: False
[Info   :Zeepkist Bingo] [BINGO] Not in active session, skipping timer reset
[Info   :Zeepkist GTR] 18:25:16 Stopping existing recorder if any
[Info   :Zeepkist GTR] 18:25:16 Creating new recorder
[Info   :Zeepkist GTR] 18:25:16 Start processing HTTP request "POST" https://graphql.zeepki.st/
[Info   :Zeepkist GTR] 18:25:16 Sending HTTP request "POST" https://graphql.zeepki.st/
[Info   :Zeepkist GTR] 18:25:16 Start processing HTTP request "POST" https://graphql.zeepki.st/
[Info   :Zeepkist GTR] 18:25:16 Sending HTTP request "POST" https://graphql.zeepki.st/
[Info   :Zeepkist GTR] 18:25:16 Received HTTP response headers after 182.1864ms - 200
[Info   :Zeepkist GTR] 18:25:16 End processing HTTP request after 182.4335ms - 200
[Info   :Zeepkist GTR] 18:25:16 Received HTTP response headers after 252.3565ms - 200
[Info   :Zeepkist GTR] 18:25:16 End processing HTTP request after 252.631ms - 200
[Info   :Zeepkist GTR] 18:25:16 Start processing HTTP request "POST" https://graphql.zeepki.st/
[Info   :Zeepkist GTR] 18:25:16 Sending HTTP request "POST" https://graphql.zeepki.st/
[Info   :Zeepkist GTR] 18:25:16 Received HTTP response headers after 185.5069ms - 200
[Info   :Zeepkist GTR] 18:25:16 End processing HTTP request after 185.7441ms - 200
[Info   :Zeepkist GTR] 18:25:18 Starting recorder
[Info   :Zeepkist Bingo] [BINGO] === PLAYER SPAWNED ===
[Info   :Zeepkist Bingo] [BINGO] IsInActiveSession: False
[Info   :Zeepkist Bingo] [BINGO] Not in active session, skipping timer reset
[Info   :Zeepkist GTR] 18:25:28 Stopping existing recorder if any
[Info   :Zeepkist GTR] 18:25:28 Creating new recorder
[Info   :Zeepkist GTR] 18:25:28 Start processing HTTP request "POST" https://graphql.zeepki.st/
[Info   :Zeepkist GTR] 18:25:28 Sending HTTP request "POST" https://graphql.zeepki.st/
[Info   :Zeepkist GTR] 18:25:28 Start processing HTTP request "POST" https://graphql.zeepki.st/
[Info   :Zeepkist GTR] 18:25:28 Sending HTTP request "POST" https://graphql.zeepki.st/
[Info   :Zeepkist GTR] 18:25:28 Received HTTP response headers after 238.7787ms - 200
[Info   :Zeepkist GTR] 18:25:28 End processing HTTP request after 239.0199ms - 200
[Info   :Zeepkist GTR] 18:25:29 Received HTTP response headers after 260.2754ms - 200
[Info   :Zeepkist GTR] 18:25:29 End processing HTTP request after 260.4818ms - 200
[Info   :Zeepkist GTR] 18:25:29 Start processing HTTP request "POST" https://graphql.zeepki.st/
[Info   :Zeepkist GTR] 18:25:29 Sending HTTP request "POST" https://graphql.zeepki.st/
[Info   :Zeepkist GTR] 18:25:29 Received HTTP response headers after 185.9791ms - 200
[Info   :Zeepkist GTR] 18:25:29 End processing HTTP request after 186.2206ms - 200
[Info   :Zeepkist GTR] 18:25:30 Starting recorder
[Info   :Zeepkist Bingo] [BINGO] === PLAYER SPAWNED ===
[Info   :Zeepkist Bingo] [BINGO] IsInActiveSession: False
[Info   :Zeepkist Bingo] [BINGO] Not in active session, skipping timer reset
[Info   :Zeepkist GTR] 18:25:53 Stopping existing recorder if any
[Info   :Zeepkist GTR] 18:25:53 Creating new recorder
[Info   :Zeepkist GTR] 18:25:53 Start processing HTTP request "POST" https://graphql.zeepki.st/
[Info   :Zeepkist GTR] 18:25:53 Sending HTTP request "POST" https://graphql.zeepki.st/
[Info   :Zeepkist GTR] 18:25:53 Start processing HTTP request "POST" https://graphql.zeepki.st/
[Info   :Zeepkist GTR] 18:25:53 Sending HTTP request "POST" https://graphql.zeepki.st/
[Info   :Zeepkist GTR] 18:25:53 Received HTTP response headers after 193.4005ms - 200
[Info   :Zeepkist GTR] 18:25:53 End processing HTTP request after 193.6446ms - 200
[Info   :Zeepkist GTR] 18:25:53 Received HTTP response headers after 267.1981ms - 200
[Info   :Zeepkist GTR] 18:25:53 End processing HTTP request after 267.4738ms - 200
[Info   :Zeepkist GTR] 18:25:53 Start processing HTTP request "POST" https://graphql.zeepki.st/
[Info   :Zeepkist GTR] 18:25:53 Sending HTTP request "POST" https://graphql.zeepki.st/
[Info   :Zeepkist GTR] 18:25:53 Received HTTP response headers after 228.356ms - 200
[Info   :Zeepkist GTR] 18:25:53 End processing HTTP request after 228.5977ms - 200
[Info   :Zeepkist GTR] 18:25:54 Starting recorder
[Info   :Zeepkist Bingo] [BINGO] === PLAYER SPAWNED ===
[Info   :Zeepkist Bingo] [BINGO] IsInActiveSession: False
[Info   :Zeepkist Bingo] [BINGO] Not in active session, skipping timer reset
[Info   :Zeepkist GTR] 18:26:04 Stopping existing recorder if any
[Info   :Zeepkist GTR] 18:26:04 Creating new recorder
[Info   :Zeepkist GTR] 18:26:04 Start processing HTTP request "POST" https://graphql.zeepki.st/
[Info   :Zeepkist GTR] 18:26:04 Sending HTTP request "POST" https://graphql.zeepki.st/
[Info   :Zeepkist GTR] 18:26:04 Start processing HTTP request "POST" https://graphql.zeepki.st/
[Info   :Zeepkist GTR] 18:26:04 Sending HTTP request "POST" https://graphql.zeepki.st/
[Info   :Zeepkist GTR] 18:26:04 Received HTTP response headers after 186.9955ms - 200
[Info   :Zeepkist GTR] 18:26:04 End processing HTTP request after 187.3017ms - 200
[Info   :Zeepkist GTR] 18:26:04 Received HTTP response headers after 280.046ms - 200
[Info   :Zeepkist GTR] 18:26:04 End processing HTTP request after 280.3284ms - 200
[Info   :Zeepkist GTR] 18:26:04 Start processing HTTP request "POST" https://graphql.zeepki.st/
[Info   :Zeepkist GTR] 18:26:04 Sending HTTP request "POST" https://graphql.zeepki.st/
[Info   :Zeepkist GTR] 18:26:04 Received HTTP response headers after 208.8344ms - 200
[Info   :Zeepkist GTR] 18:26:04 End processing HTTP request after 209.1576ms - 200
[Info   :Zeepkist GTR] 18:26:05 Starting recorder
[Info   :Zeepkist Bingo] [BINGO] === PLAYER SPAWNED ===
[Info   :Zeepkist Bingo] [BINGO] IsInActiveSession: False
[Info   :Zeepkist Bingo] [BINGO] Not in active session, skipping timer reset
[Info   :Zeepkist GTR] 18:26:22 Stopping existing recorder if any
[Info   :Zeepkist GTR] 18:26:22 Creating new recorder
[Info   :Zeepkist GTR] 18:26:22 Start processing HTTP request "POST" https://graphql.zeepki.st/
[Info   :Zeepkist GTR] 18:26:22 Sending HTTP request "POST" https://graphql.zeepki.st/
[Info   :Zeepkist GTR] 18:26:22 Start processing HTTP request "POST" https://graphql.zeepki.st/
[Info   :Zeepkist GTR] 18:26:22 Sending HTTP request "POST" https://graphql.zeepki.st/
[Info   :Zeepkist GTR] 18:26:22 Received HTTP response headers after 188.321ms - 200
[Info   :Zeepkist GTR] 18:26:22 End processing HTTP request after 188.6272ms - 200
[Info   :Zeepkist GTR] 18:26:22 Received HTTP response headers after 225.7536ms - 200
[Info   :Zeepkist GTR] 18:26:22 End processing HTTP request after 226.1073ms - 200
[Info   :Zeepkist GTR] 18:26:22 Start processing HTTP request "POST" https://graphql.zeepki.st/
[Info   :Zeepkist GTR] 18:26:22 Sending HTTP request "POST" https://graphql.zeepki.st/
[Info   :Zeepkist GTR] 18:26:22 Received HTTP response headers after 183.418ms - 200
[Info   :Zeepkist GTR] 18:26:22 End processing HTTP request after 183.7646ms - 200
[Info   :Zeepkist GTR] 18:26:24 Discarding recorder
[Info   :Zeepkist GTR] 18:26:24 Starting recorder
[Error  :RecordingService] Unhandled exception in OnRoundStarted: System.Reflection.TargetInvocationException: Exception has been thrown by the target of an invocation. ---> System.NullReferenceException: Object reference not set to an instance of an object
  at TNRD.Zeepkist.GTR.Ghosting.Recording.RecordingService.OnRoundStarted () [0x00026] in D:\a\Zeepkist.GTR.Mod\Zeepkist.GTR.Mod\Ghosting\Recording\RecordingService.cs:68 
  at (wrapper managed-to-native) System.Reflection.RuntimeMethodInfo.InternalInvoke(System.Reflection.RuntimeMethodInfo,object,object[],System.Exception&)
  at System.Reflection.RuntimeMethodInfo.Invoke (System.Object obj, System.Reflection.BindingFlags invokeAttr, System.Reflection.Binder binder, System.Object[] parameters, System.Globalization.CultureInfo culture) [0x0006a] in <9aad1b3a47484d63ba2b3985692d80e9>:0 
   --- End of inner exception stack trace ---
  at System.Reflection.RuntimeMethodInfo.Invoke (System.Object obj, System.Reflection.BindingFlags invokeAttr, System.Reflection.Binder binder, System.Object[] parameters, System.Globalization.CultureInfo culture) [0x00083] in <9aad1b3a47484d63ba2b3985692d80e9>:0 
  at System.Reflection.MethodBase.Invoke (System.Object obj, System.Object[] parameters) [0x00000] in <9aad1b3a47484d63ba2b3985692d80e9>:0 
  at System.Delegate.DynamicInvokeImpl (System.Object[] args) [0x000e7] in <9aad1b3a47484d63ba2b3985692d80e9>:0 
  at System.MulticastDelegate.DynamicInvokeImpl (System.Object[] args) [0x00008] in <9aad1b3a47484d63ba2b3985692d80e9>:0 
  at System.Delegate.DynamicInvoke (System.Object[] args) [0x00000] in <9aad1b3a47484d63ba2b3985692d80e9>:0 
  at ZeepSDK.Extensions.DelegateExtensions.InvokeSafe (System.Delegate d, System.Object[] args) [0x00017] in D:\a\ZeepSDK\ZeepSDK\ZeepSDK\Extensions\DelegateExtensions.cs:22 
[Info   :Zeepkist Bingo] [BINGO] Level loaded
[Info   :Zeepkist GTR] 18:26:39 Start processing HTTP request "POST" https://backend.zeepki.st/level/request
[Info   :Zeepkist GTR] 18:26:39 Sending HTTP request "POST" https://backend.zeepki.st/level/request
[Info   :BetterSplits] getting gtr splits
[Info   :Zeepkist Bingo] [BINGO] === PLAYER SPAWNED ===
[Info   :Zeepkist Bingo] [BINGO] IsInActiveSession: False
[Info   :Zeepkist Bingo] [BINGO] Not in active session, skipping timer reset
[Info   :Zeepkist GTR] 18:26:39 Stopping existing recorder if any
[Info   :Zeepkist GTR] 18:26:39 Creating new recorder
[Info   :Zeepkist GTR] 18:26:39 Start processing HTTP request "POST" https://graphql.zeepki.st/
[Info   :Zeepkist GTR] 18:26:39 Sending HTTP request "POST" https://graphql.zeepki.st/
[Info   :Zeepkist GTR] 18:26:39 Start processing HTTP request "POST" https://graphql.zeepki.st/
[Info   :Zeepkist GTR] 18:26:39 Sending HTTP request "POST" https://graphql.zeepki.st/
[Info   :Zeepkist GTR] 18:26:39 Received HTTP response headers after 348.1947ms - 200
[Info   :Zeepkist GTR] 18:26:39 End processing HTTP request after 348.5612ms - 200
[Info   :BetterSplits] got gtr splits
[Info   :Zeepkist GTR] 18:26:39 Received HTTP response headers after 350.5776ms - 200
[Info   :Zeepkist GTR] 18:26:39 End processing HTTP request after 350.8486ms - 200
[Info   :Zeepkist GTR] 18:26:39 Received HTTP response headers after 375.745ms - 200
[Info   :Zeepkist GTR] 18:26:39 End processing HTTP request after 376.1134ms - 200
[Info   :Zeepkist GTR] 18:26:39 Start processing HTTP request "POST" https://graphql.zeepki.st/
[Info   :Zeepkist GTR] 18:26:39 Sending HTTP request "POST" https://graphql.zeepki.st/
[Info   :Zeepkist GTR] 18:26:40 Received HTTP response headers after 182.3286ms - 200
[Info   :Zeepkist GTR] 18:26:40 End processing HTTP request after 182.6435ms - 200
[Info   :RoundLeaderboardTab] Drawing leaderboard -> forwarding to Instance.DrawTabLeaderboard()
[Info   :Zeepkist GTR] 18:26:41 Starting recorder
[Info   :RoundLeaderboardTab] Drawing leaderboard -> forwarding to Instance.DrawTabLeaderboard()
[Info   :Zeepkist Bingo] [BINGO] === PLAYER SPAWNED ===
[Info   :Zeepkist Bingo] [BINGO] IsInActiveSession: False
[Info   :Zeepkist Bingo] [BINGO] Not in active session, skipping timer reset
[Info   :Zeepkist GTR] 18:27:20 Stopping existing recorder if any
[Info   :Zeepkist GTR] 18:27:20 Creating new recorder
[Info   :Zeepkist GTR] 18:27:20 Start processing HTTP request "POST" https://graphql.zeepki.st/
[Info   :Zeepkist GTR] 18:27:20 Sending HTTP request "POST" https://graphql.zeepki.st/
[Info   :Zeepkist GTR] 18:27:20 Start processing HTTP request "POST" https://graphql.zeepki.st/
[Info   :Zeepkist GTR] 18:27:20 Sending HTTP request "POST" https://graphql.zeepki.st/
[Info   :Zeepkist GTR] 18:27:20 Received HTTP response headers after 192.9509ms - 200
[Info   :Zeepkist GTR] 18:27:20 Received HTTP response headers after 193.7624ms - 200
[Info   :Zeepkist GTR] 18:27:20 End processing HTTP request after 193.1893ms - 200
[Info   :Zeepkist GTR] 18:27:20 End processing HTTP request after 194.027ms - 200
[Info   :Zeepkist GTR] 18:27:20 Start processing HTTP request "POST" https://graphql.zeepki.st/
[Info   :Zeepkist GTR] 18:27:20 Sending HTTP request "POST" https://graphql.zeepki.st/
[Info   :Zeepkist GTR] 18:27:20 Received HTTP response headers after 194.323ms - 200
[Info   :Zeepkist GTR] 18:27:20 End processing HTTP request after 194.5947ms - 200
[Info   :Zeepkist GTR] 18:27:22 Starting recorder
[Info   :Zeepkist Bingo] [BINGO] === PLAYER SPAWNED ===
[Info   :Zeepkist Bingo] [BINGO] IsInActiveSession: False
[Info   :Zeepkist Bingo] [BINGO] Not in active session, skipping timer reset
[Info   :Zeepkist GTR] 18:28:09 Stopping existing recorder if any
[Info   :Zeepkist GTR] 18:28:09 Creating new recorder
[Info   :Zeepkist GTR] 18:28:09 Start processing HTTP request "POST" https://graphql.zeepki.st/
[Info   :Zeepkist GTR] 18:28:09 Sending HTTP request "POST" https://graphql.zeepki.st/
[Info   :Zeepkist GTR] 18:28:09 Start processing HTTP request "POST" https://graphql.zeepki.st/
[Info   :Zeepkist GTR] 18:28:09 Sending HTTP request "POST" https://graphql.zeepki.st/
[Info   :Zeepkist GTR] 18:28:09 Received HTTP response headers after 193.087ms - 200
[Info   :Zeepkist GTR] 18:28:09 End processing HTTP request after 193.3459ms - 200
[Info   :Zeepkist GTR] 18:28:09 Received HTTP response headers after 234.0103ms - 200
[Info   :Zeepkist GTR] 18:28:09 End processing HTTP request after 234.2649ms - 200
[Info   :Zeepkist GTR] 18:28:09 Start processing HTTP request "POST" https://graphql.zeepki.st/
[Info   :Zeepkist GTR] 18:28:09 Sending HTTP request "POST" https://graphql.zeepki.st/
[Info   :Zeepkist GTR] 18:28:09 Received HTTP response headers after 173.566ms - 200
[Info   :Zeepkist GTR] 18:28:09 End processing HTTP request after 173.8226ms - 200
[Info   :Zeepkist GTR] 18:28:11 Starting recorder
[Info   :Zeepkist Bingo] [BINGO] === PLAYER SPAWNED ===
[Info   :Zeepkist Bingo] [BINGO] IsInActiveSession: False
[Info   :Zeepkist Bingo] [BINGO] Not in active session, skipping timer reset
[Info   :Zeepkist GTR] 18:28:56 Stopping existing recorder if any
[Info   :Zeepkist GTR] 18:28:56 Creating new recorder
[Info   :Zeepkist GTR] 18:28:56 Start processing HTTP request "POST" https://graphql.zeepki.st/
[Info   :Zeepkist GTR] 18:28:56 Sending HTTP request "POST" https://graphql.zeepki.st/
[Info   :Zeepkist GTR] 18:28:56 Start processing HTTP request "POST" https://graphql.zeepki.st/
[Info   :Zeepkist GTR] 18:28:56 Sending HTTP request "POST" https://graphql.zeepki.st/
[Info   :Zeepkist GTR] 18:28:57 Received HTTP response headers after 351.2213ms - 200
[Info   :Zeepkist GTR] 18:28:57 End processing HTTP request after 351.4998ms - 200
[Info   :Zeepkist GTR] 18:28:57 Received HTTP response headers after 350.8439ms - 200
[Info   :Zeepkist GTR] 18:28:57 End processing HTTP request after 351.0974ms - 200
[Info   :Zeepkist GTR] 18:28:57 Start processing HTTP request "POST" https://graphql.zeepki.st/
[Info   :Zeepkist GTR] 18:28:57 Sending HTTP request "POST" https://graphql.zeepki.st/
[Info   :Zeepkist GTR] 18:28:57 Received HTTP response headers after 186.7265ms - 200
[Info   :Zeepkist GTR] 18:28:57 End processing HTTP request after 187.0547ms - 200
[Info   :Zeepkist GTR] 18:28:58 Starting recorder
[Info   :Zeepkist Bingo] [BINGO] === PLAYER SPAWNED ===
[Info   :Zeepkist Bingo] [BINGO] IsInActiveSession: False
[Info   :Zeepkist Bingo] [BINGO] Not in active session, skipping timer reset
[Info   :Zeepkist GTR] 18:29:49 Stopping existing recorder if any
[Info   :Zeepkist GTR] 18:29:49 Creating new recorder
[Info   :Zeepkist GTR] 18:29:49 Start processing HTTP request "POST" https://graphql.zeepki.st/
[Info   :Zeepkist GTR] 18:29:49 Sending HTTP request "POST" https://graphql.zeepki.st/
[Info   :Zeepkist GTR] 18:29:49 Start processing HTTP request "POST" https://graphql.zeepki.st/
[Info   :Zeepkist GTR] 18:29:49 Sending HTTP request "POST" https://graphql.zeepki.st/
[Info   :Zeepkist GTR] 18:29:50 Received HTTP response headers after 173.7075ms - 200
[Info   :Zeepkist GTR] 18:29:50 End processing HTTP request after 173.9701ms - 200
[Info   :Zeepkist GTR] 18:29:50 Received HTTP response headers after 182.2851ms - 200
[Info   :Zeepkist GTR] 18:29:50 End processing HTTP request after 182.5292ms - 200
[Info   :Zeepkist GTR] 18:29:50 Start processing HTTP request "POST" https://graphql.zeepki.st/
[Info   :Zeepkist GTR] 18:29:50 Sending HTTP request "POST" https://graphql.zeepki.st/
[Info   :Zeepkist GTR] 18:29:50 Received HTTP response headers after 175.8912ms - 200
[Info   :Zeepkist GTR] 18:29:50 End processing HTTP request after 176.1408ms - 200
[Info   :Zeepkist GTR] 18:29:51 Starting recorder
[Info   :Zeepkist Bingo] [BINGO] === PLAYER SPAWNED ===
[Info   :Zeepkist Bingo] [BINGO] IsInActiveSession: False
[Info   :Zeepkist Bingo] [BINGO] Not in active session, skipping timer reset
[Info   :Zeepkist GTR] 18:30:28 Stopping existing recorder if any
[Info   :Zeepkist GTR] 18:30:28 Creating new recorder
[Info   :Zeepkist GTR] 18:30:28 Start processing HTTP request "POST" https://graphql.zeepki.st/
[Info   :Zeepkist GTR] 18:30:28 Sending HTTP request "POST" https://graphql.zeepki.st/
[Info   :Zeepkist GTR] 18:30:28 Start processing HTTP request "POST" https://graphql.zeepki.st/
[Info   :Zeepkist GTR] 18:30:28 Sending HTTP request "POST" https://graphql.zeepki.st/
[Info   :Zeepkist GTR] 18:30:28 Received HTTP response headers after 191.1414ms - 200
[Info   :Zeepkist GTR] 18:30:28 End processing HTTP request after 191.4339ms - 200
[Info   :Zeepkist GTR] 18:30:28 Received HTTP response headers after 198.8056ms - 200
[Info   :Zeepkist GTR] 18:30:28 End processing HTTP request after 199.096ms - 200
[Info   :Zeepkist GTR] 18:30:29 Start processing HTTP request "POST" https://graphql.zeepki.st/
[Info   :Zeepkist GTR] 18:30:29 Sending HTTP request "POST" https://graphql.zeepki.st/
[Info   :Zeepkist GTR] 18:30:29 Received HTTP response headers after 194.9468ms - 200
[Info   :Zeepkist GTR] 18:30:29 End processing HTTP request after 195.236ms - 200
[Info   :Zeepkist GTR] 18:30:30 Starting recorder
[Info   :Zeepkist GTR] 18:31:16 Stopping recorder
[Info   :Zeepkist GTR] 18:31:16 Collecting extra information
[Info   :Zeepkist GTR] 18:31:16 Resolved workshop ID "3462179067" from lobby 3462179067 and level 0
[Info   :Zeepkist GTR] 18:31:16 Processing ghost data
[Info   :Zeepkist GTR] 18:31:16 Creating stream
[Info   :Zeepkist GTR] 18:31:16 Writing to stream
[Info   :Zeepkist GTR] 18:31:17 Converting to base64
[Info   :Zeepkist GTR] 18:31:17 Creating resource
[Info   :Zeepkist GTR] 18:31:17 Start processing HTTP request "POST" https://backend.zeepki.st/record/submit
[Info   :Zeepkist GTR] 18:31:17 Sending HTTP request "POST" https://backend.zeepki.st/record/submit
[Info   :Zeepkist GTR] 18:31:18 Received HTTP response headers after 1443.8557ms - 200
[Info   :Zeepkist GTR] 18:31:18 End processing HTTP request after 1444.0728ms - 200
[Info   :Zeepkist GTR] 18:31:37 Discarding recorder
[Info   :Zeepkist Bingo] [CHAT] Intercepted message: !cotd startcup
[Info   :Zeepkist Bingo] [CHAT] Not relaying - no bingo session
[Info   :COTDTracker] Starting cup with exclude list: 
[Info   :COTDTracker] Doing eliminations with leaderboard:
[Info   :COTDTracker] Player MALIYO: Time: 44.62833
[Info   :COTDTracker] Player 𝒱V𝑜o𝒾i𝒹d𝒱: Time: 45.03877
[Info   :COTDTracker] Player JobW: Time: 45.69182
[Info   :COTDTracker] Player [EG]Victor: Time: 46.06768
[Info   :COTDTracker] Player [ZET] Wheelie: Time: 46.52178
[Info   :COTDTracker] Player [ZET]Sword125: Time: 47.19307
[Info   :COTDTracker] Player [KBW] microways: Time: 47.23251
[Info   :COTDTracker] Player [MMM]Milk Man: Time: 47.64143
[Info   :COTDTracker] Player [ZET]maskeddog: Time: 48.80299
[Info   :COTDTracker] Player [ZET]LILWOOLEY: Time: 49.11198
[Info   :COTDTracker] Player Fly8oy: Time: 49.11251
[Info   :COTDTracker] Player Axo: Time: 50.40507
[Info   :COTDTracker] Player [CCC]Shinikage221: Time: 55.25402
[Info   :COTDTracker] Player MinMag_LP: Time: DNF
[Info   :COTDTracker] Player [Auz] Bjenk4: Time: DNF
[Info   :COTDTracker] Player [ZET]Stick: Time: DNF
[Info   :COTDTracker] Player [ZET]vectortrajector: Time: DNF
[Info   :COTDTracker] Player Cheese: Time: DNF
[Info   :COTDTracker] Player Lexer: Time: DNF
[Info   :COTDTracker] Player justMaki: Time: DNF
[Info   :COTDTracker] Player RoundNzt: Time: DNF
[Info   :Zeepkist Bingo] [CHAT] Intercepted message: oof
[Info   :Zeepkist Bingo] [CHAT] Not relaying - no bingo session
[Info   :COTDTracker] Kicking eliminated players
[Info   :Zeepkist Bingo] [BINGO] Level loaded
[Info   :Zeepkist GTR] 18:31:51 Start processing HTTP request "POST" https://backend.zeepki.st/level/request
[Info   :Zeepkist GTR] 18:31:51 Sending HTTP request "POST" https://backend.zeepki.st/level/request
[Info   :BetterSplits] getting gtr splits
[Info   :Zeepkist Bingo] [BINGO] === PLAYER SPAWNED ===
[Info   :Zeepkist Bingo] [BINGO] IsInActiveSession: False
[Info   :Zeepkist Bingo] [BINGO] Not in active session, skipping timer reset
[Info   :Zeepkist GTR] 18:31:51 Stopping existing recorder if any
[Info   :Zeepkist GTR] 18:31:51 Creating new recorder
[Info   :Zeepkist GTR] 18:31:51 Start processing HTTP request "POST" https://graphql.zeepki.st/
[Info   :Zeepkist GTR] 18:31:51 Sending HTTP request "POST" https://graphql.zeepki.st/
[Info   :Zeepkist GTR] 18:31:51 Start processing HTTP request "POST" https://graphql.zeepki.st/
[Info   :Zeepkist GTR] 18:31:51 Sending HTTP request "POST" https://graphql.zeepki.st/
[Info   :Zeepkist GTR] 18:31:52 Received HTTP response headers after 237.5792ms - 200
[Info   :Zeepkist GTR] 18:31:52 End processing HTTP request after 237.8749ms - 200
[Info   :Zeepkist GTR] 18:31:52 Received HTTP response headers after 394.4197ms - 200
[Info   :Zeepkist GTR] 18:31:52 End processing HTTP request after 394.7179ms - 200
[Info   :BetterSplits] got gtr splits
[Info   :Zeepkist GTR] 18:31:52 Received HTTP response headers after 433.8141ms - 200
[Info   :Zeepkist GTR] 18:31:52 End processing HTTP request after 434.117ms - 200
[Info   :Zeepkist GTR] 18:31:52 Start processing HTTP request "POST" https://graphql.zeepki.st/
[Info   :Zeepkist GTR] 18:31:52 Sending HTTP request "POST" https://graphql.zeepki.st/
[Info   :Zeepkist GTR] 18:31:52 Received HTTP response headers after 249.3598ms - 200
[Info   :Zeepkist GTR] 18:31:52 End processing HTTP request after 249.7649ms - 200
[Info   :Zeepkist GTR] 18:31:53 Starting recorder
[Info   :COTDTracker] Running update tab leaderboard function
[Info   :Zeepkist Bingo] [BINGO] === PLAYER SPAWNED ===
[Info   :Zeepkist Bingo] [BINGO] IsInActiveSession: False
[Info   :Zeepkist Bingo] [BINGO] Not in active session, skipping timer reset
[Info   :Zeepkist GTR] 18:32:03 Stopping existing recorder if any
[Info   :Zeepkist GTR] 18:32:03 Creating new recorder
[Info   :Zeepkist GTR] 18:32:03 Start processing HTTP request "POST" https://graphql.zeepki.st/
[Info   :Zeepkist GTR] 18:32:03 Sending HTTP request "POST" https://graphql.zeepki.st/
[Info   :Zeepkist GTR] 18:32:03 Start processing HTTP request "POST" https://graphql.zeepki.st/
[Info   :Zeepkist GTR] 18:32:03 Sending HTTP request "POST" https://graphql.zeepki.st/
[Info   :Zeepkist GTR] 18:32:03 Received HTTP response headers after 191.0605ms - 200
[Info   :Zeepkist GTR] 18:32:03 End processing HTTP request after 191.3187ms - 200
[Info   :Zeepkist GTR] 18:32:03 Received HTTP response headers after 243.9192ms - 200
[Info   :Zeepkist GTR] 18:32:03 End processing HTTP request after 244.209ms - 200
[Info   :Zeepkist GTR] 18:32:03 Start processing HTTP request "POST" https://graphql.zeepki.st/
[Info   :Zeepkist GTR] 18:32:03 Sending HTTP request "POST" https://graphql.zeepki.st/
[Info   :Zeepkist GTR] 18:32:04 Received HTTP response headers after 246.9928ms - 200
[Info   :Zeepkist GTR] 18:32:04 End processing HTTP request after 247.2501ms - 200
[Info   :Zeepkist GTR] 18:32:05 Starting recorder
[Info   :Zeepkist Bingo] [BINGO] === PLAYER SPAWNED ===
[Info   :Zeepkist Bingo] [BINGO] IsInActiveSession: False
[Info   :Zeepkist Bingo] [BINGO] Not in active session, skipping timer reset
[Info   :Zeepkist GTR] 18:32:29 Stopping existing recorder if any
[Info   :Zeepkist GTR] 18:32:29 Creating new recorder
[Info   :Zeepkist GTR] 18:32:29 Start processing HTTP request "POST" https://graphql.zeepki.st/
[Info   :Zeepkist GTR] 18:32:29 Sending HTTP request "POST" https://graphql.zeepki.st/
[Info   :Zeepkist GTR] 18:32:29 Start processing HTTP request "POST" https://graphql.zeepki.st/
[Info   :Zeepkist GTR] 18:32:29 Sending HTTP request "POST" https://graphql.zeepki.st/
[Info   :Zeepkist GTR] 18:32:29 Received HTTP response headers after 245.0092ms - 200
[Info   :Zeepkist GTR] 18:32:29 End processing HTTP request after 245.2772ms - 200
[Info   :Zeepkist GTR] 18:32:29 Received HTTP response headers after 249.3618ms - 200
[Info   :Zeepkist GTR] 18:32:29 End processing HTTP request after 249.6017ms - 200
[Info   :Zeepkist GTR] 18:32:29 Start processing HTTP request "POST" https://graphql.zeepki.st/
[Info   :Zeepkist GTR] 18:32:29 Sending HTTP request "POST" https://graphql.zeepki.st/
[Info   :Zeepkist GTR] 18:32:29 Received HTTP response headers after 235.5398ms - 200
[Info   :Zeepkist GTR] 18:32:29 End processing HTTP request after 235.7941ms - 200
[Info   :Zeepkist GTR] 18:32:30 Starting recorder
[Info   :Zeepkist Bingo] [BINGO] === PLAYER SPAWNED ===
[Info   :Zeepkist Bingo] [BINGO] IsInActiveSession: False
[Info   :Zeepkist Bingo] [BINGO] Not in active session, skipping timer reset
[Info   :Zeepkist GTR] 18:32:37 Stopping existing recorder if any
[Info   :Zeepkist GTR] 18:32:37 Creating new recorder
[Info   :Zeepkist GTR] 18:32:37 Start processing HTTP request "POST" https://graphql.zeepki.st/
[Info   :Zeepkist GTR] 18:32:37 Sending HTTP request "POST" https://graphql.zeepki.st/
[Info   :Zeepkist GTR] 18:32:37 Start processing HTTP request "POST" https://graphql.zeepki.st/
[Info   :Zeepkist GTR] 18:32:37 Sending HTTP request "POST" https://graphql.zeepki.st/
[Info   :Zeepkist GTR] 18:32:37 Received HTTP response headers after 198.7997ms - 200
[Info   :Zeepkist GTR] 18:32:37 End processing HTTP request after 199.0301ms - 200
[Info   :Zeepkist GTR] 18:32:37 Received HTTP response headers after 248.2903ms - 200
[Info   :Zeepkist GTR] 18:32:37 End processing HTTP request after 248.5933ms - 200
[Info   :Zeepkist GTR] 18:32:37 Start processing HTTP request "POST" https://graphql.zeepki.st/
[Info   :Zeepkist GTR] 18:32:37 Sending HTTP request "POST" https://graphql.zeepki.st/
[Info   :Zeepkist GTR] 18:32:37 Received HTTP response headers after 192.2278ms - 200
[Info   :Zeepkist GTR] 18:32:37 End processing HTTP request after 192.5872ms - 200
[Info   :Zeepkist GTR] 18:32:38 Starting recorder
[Info   :Zeepkist GTR] 18:33:22 Stopping recorder
[Info   :Zeepkist GTR] 18:33:22 Collecting extra information
[Info   :Zeepkist GTR] 18:33:22 Resolved workshop ID "3756950381" from lobby 3756950381 and level 0
[Info   :Zeepkist GTR] 18:33:22 Processing ghost data
[Info   :Zeepkist GTR] 18:33:22 Creating stream
[Info   :Zeepkist GTR] 18:33:22 Writing to stream
[Info   :Zeepkist GTR] 18:33:22 Converting to base64
[Info   :Zeepkist GTR] 18:33:22 Creating resource
[Info   :Zeepkist GTR] 18:33:22 Start processing HTTP request "POST" https://backend.zeepki.st/auth/refresh
[Info   :Zeepkist GTR] 18:33:22 Sending HTTP request "POST" https://backend.zeepki.st/auth/refresh
[Info   :Zeepkist GTR] 18:33:22 Received HTTP response headers after 381.2535ms - 200
[Info   :Zeepkist GTR] 18:33:22 End processing HTTP request after 381.52ms - 200
[Info   :Zeepkist GTR] 18:33:22 Start processing HTTP request "POST" https://backend.zeepki.st/record/submit
[Info   :Zeepkist GTR] 18:33:22 Sending HTTP request "POST" https://backend.zeepki.st/record/submit
[Info   :Zeepkist GTR] 18:33:23 Received HTTP response headers after 640.2696ms - 200
[Info   :Zeepkist GTR] 18:33:23 End processing HTTP request after 640.5127ms - 200
[Info   :Zeepkist Bingo] [CHAT] Intercepted message: uhh
[Info   :Zeepkist Bingo] [CHAT] Not relaying - no bingo session
[Info   :Zeepkist Bingo] [CHAT] Intercepted message: i finished
[Info   :Zeepkist Bingo] [CHAT] Not relaying - no bingo session
[Info   :Zeepkist Bingo] [CHAT] Intercepted message: its bc i forgot to change it at the start
[Info   :Zeepkist Bingo] [CHAT] Not relaying - no bingo session
[Info   :Zeepkist Bingo] [CHAT] Intercepted message: uhh
[Info   :Zeepkist Bingo] [CHAT] Not relaying - no bingo session
[Info   :Zeepkist Bingo] [CHAT] Intercepted message: yeah skill issue
[Info   :Zeepkist Bingo] [CHAT] Not relaying - no bingo session
[Info   :Zeepkist Bingo] [CHAT] Intercepted message: i fixed it
[Info   :Zeepkist Bingo] [CHAT] Not relaying - no bingo session
[Info   :Zeepkist Bingo] [CHAT] Intercepted message: its roulette
[Info   :Zeepkist Bingo] [CHAT] Not relaying - no bingo session
[Info   :COTDTracker] Running update tab leaderboard function
[Info   :COTDTracker] Running update tab leaderboard function
[Info   :Zeepkist GTR] 18:35:37 Discarding recorder
[Info   :COTDTracker] Doing eliminations with leaderboard:
[Info   :COTDTracker] Player justMaki: Time: 40.37072
[Info   :COTDTracker] Player [ZET]Stick: Time: 40.61393
[Info   :COTDTracker] Player MALIYO: Time: 40.64566
[Info   :COTDTracker] Player [EG]Victor: Time: 40.71066
[Info   :COTDTracker] Player 𝒱V𝑜o𝒾i𝒹d𝒱: Time: 40.75201
[Info   :COTDTracker] Player [KBW] microways: Time: 40.75722
[Info   :COTDTracker] Player Lexer: Time: 40.96267
[Info   :COTDTracker] Player RoundNzt: Time: 41.1317
[Info   :COTDTracker] Player JobW: Time: 41.55191
[Info   :COTDTracker] Player [CCC]Shinikage221: Time: 43.29551
[Info   :COTDTracker] Player [ZET] Wheelie: Time: 43.35017
[Info   :COTDTracker] Player [Auz] Bjenk4: Time: 43.91504
[Info   :COTDTracker] Player [MMM]Milk Man: Time: 44.03065
[Info   :COTDTracker] Player [ZET]LILWOOLEY: Time: 46.15277
[Info   :COTDTracker] Player [ZET]maskeddog: Time: 48.01702
[Info   :COTDTracker] Player [ZET]Sword125: Time: DNF
[Info   :COTDTracker] Player Fly8oy: Time: DNF
[Info   :COTDTracker] Player Axo: Time: DNF
[Info   :COTDTracker] Player MinMag_LP: Time: DNF
[Info   :COTDTracker] Player [ZET]vectortrajector: Time: DNF
[Info   :COTDTracker] Player Cheese: Time: DNF
[Info   :COTDTracker] Eliminating DNF: Cheese
[Info   :COTDTracker] Eliminating DNF: [ZET]vectortrajector
[Info   :COTDTracker] Eliminating DNF: MinMag_LP
[Info   :COTDTracker] Eliminating DNF: Axo
[Info   :COTDTracker] Eliminating DNF: Fly8oy
[Info   :COTDTracker] Eliminating DNF: [ZET]Sword125
[Info   :COTDTracker] Eliminated 6 DNF players
[Info   :COTDTracker] Eliminating 6 players: 
[Info   :COTDTracker] Cheese
[Info   :COTDTracker] [ZET]vectortrajector
[Info   :COTDTracker] MinMag_LP
[Info   :COTDTracker] Axo
[Info   :COTDTracker] Fly8oy
[Info   :COTDTracker] [ZET]Sword125
[Info   :Zeepkist Bingo] [CHAT] Intercepted message: uhhhhhhh
[Info   :Zeepkist Bingo] [CHAT] Not relaying - no bingo session
[Info   :COTDTracker] Kicking eliminated players
[Info   :Zeepkist Bingo] [BINGO] Level loaded
[Info   :Zeepkist GTR] 18:35:51 Start processing HTTP request "POST" https://backend.zeepki.st/level/request
[Info   :Zeepkist GTR] 18:35:51 Sending HTTP request "POST" https://backend.zeepki.st/level/request
[Info   :BetterSplits] getting gtr splits
[Info   :Zeepkist Bingo] [BINGO] === PLAYER SPAWNED ===
[Info   :Zeepkist Bingo] [BINGO] IsInActiveSession: False
[Info   :Zeepkist Bingo] [BINGO] Not in active session, skipping timer reset
[Info   :Zeepkist GTR] 18:35:51 Stopping existing recorder if any
[Info   :Zeepkist GTR] 18:35:51 Creating new recorder
[Info   :Zeepkist GTR] 18:35:51 Start processing HTTP request "POST" https://graphql.zeepki.st/
[Info   :Zeepkist GTR] 18:35:51 Sending HTTP request "POST" https://graphql.zeepki.st/
[Info   :Zeepkist GTR] 18:35:51 Start processing HTTP request "POST" https://graphql.zeepki.st/
[Info   :Zeepkist GTR] 18:35:51 Sending HTTP request "POST" https://graphql.zeepki.st/
[Info   :Zeepkist GTR] 18:35:52 Received HTTP response headers after 317.8847ms - 200
[Info   :Zeepkist GTR] 18:35:52 End processing HTTP request after 318.1823ms - 200
[Info   :Zeepkist GTR] 18:35:52 Received HTTP response headers after 306.677ms - 200
[Info   :Zeepkist GTR] 18:35:52 End processing HTTP request after 306.9808ms - 200
[Info   :Zeepkist GTR] 18:35:52 Received HTTP response headers after 339.4198ms - 200
[Info   :Zeepkist GTR] 18:35:52 End processing HTTP request after 339.7012ms - 200
[Info   :BetterSplits] got gtr splits
[Info   :Zeepkist GTR] 18:35:52 Start processing HTTP request "POST" https://graphql.zeepki.st/
[Info   :Zeepkist GTR] 18:35:52 Sending HTTP request "POST" https://graphql.zeepki.st/
[Info   :Zeepkist GTR] 18:35:52 Received HTTP response headers after 181.7015ms - 200
[Info   :Zeepkist GTR] 18:35:52 End processing HTTP request after 182.1491ms - 200
[Info   :Zeepkist Bingo] [CHAT] Intercepted message: 6 players eliminated: Cheese, [ZET]vectortrajector, MinMag_LP, Axo, Fly8oy, [ZET]Sword125
[Info   :Zeepkist Bingo] [CHAT] Not relaying - no bingo session
[Info   :   Console] Download started for AppId: 1440670, FileId: 3486538773, Result: OK
[Info   :Zeepkist GTR] 18:35:53 Starting recorder
[Info   :Zeepkist Bingo] [BINGO] === PLAYER SPAWNED ===
[Info   :Zeepkist Bingo] [BINGO] IsInActiveSession: False
[Info   :Zeepkist Bingo] [BINGO] Not in active session, skipping timer reset
[Info   :Zeepkist GTR] 18:35:55 Stopping existing recorder if any
[Info   :Zeepkist GTR] 18:35:55 Creating new recorder
[Info   :Zeepkist GTR] 18:35:55 Start processing HTTP request "POST" https://graphql.zeepki.st/
[Info   :Zeepkist GTR] 18:35:55 Sending HTTP request "POST" https://graphql.zeepki.st/
[Info   :Zeepkist GTR] 18:35:55 Start processing HTTP request "POST" https://graphql.zeepki.st/
[Info   :Zeepkist GTR] 18:35:55 Sending HTTP request "POST" https://graphql.zeepki.st/
[Info   :Zeepkist GTR] 18:35:55 Received HTTP response headers after 177.5847ms - 200
[Info   :Zeepkist GTR] 18:35:55 End processing HTTP request after 177.8374ms - 200
[Info   :Zeepkist GTR] 18:35:55 Received HTTP response headers after 178.3395ms - 200
[Info   :Zeepkist GTR] 18:35:56 End processing HTTP request after 178.6272ms - 200
[Info   :Zeepkist GTR] 18:35:56 Start processing HTTP request "POST" https://graphql.zeepki.st/
[Info   :Zeepkist GTR] 18:35:56 Sending HTTP request "POST" https://graphql.zeepki.st/
[Info   :Zeepkist GTR] 18:35:56 Received HTTP response headers after 186.1375ms - 200
[Info   :Zeepkist GTR] 18:35:56 End processing HTTP request after 186.4616ms - 200
[Info   :Zeepkist GTR] 18:35:57 Starting recorder
[Info   :Zeepkist Bingo] [BINGO] === PLAYER SPAWNED ===
[Info   :Zeepkist Bingo] [BINGO] IsInActiveSession: False
[Info   :Zeepkist Bingo] [BINGO] Not in active session, skipping timer reset
[Info   :Zeepkist GTR] 18:36:01 Stopping existing recorder if any
[Info   :Zeepkist GTR] 18:36:01 Creating new recorder
[Info   :Zeepkist GTR] 18:36:01 Start processing HTTP request "POST" https://graphql.zeepki.st/
[Info   :Zeepkist GTR] 18:36:01 Sending HTTP request "POST" https://graphql.zeepki.st/
[Info   :Zeepkist GTR] 18:36:01 Start processing HTTP request "POST" https://graphql.zeepki.st/
[Info   :Zeepkist GTR] 18:36:01 Sending HTTP request "POST" https://graphql.zeepki.st/
[Info   :Zeepkist GTR] 18:36:01 Received HTTP response headers after 177.6769ms - 200
[Info   :Zeepkist GTR] 18:36:01 End processing HTTP request after 177.9453ms - 200
[Info   :Zeepkist GTR] 18:36:01 Received HTTP response headers after 178.3609ms - 200
[Info   :Zeepkist GTR] 18:36:01 End processing HTTP request after 178.5735ms - 200
[Info   :Zeepkist GTR] 18:36:01 Start processing HTTP request "POST" https://graphql.zeepki.st/
[Info   :Zeepkist GTR] 18:36:01 Sending HTTP request "POST" https://graphql.zeepki.st/
[Info   :Zeepkist GTR] 18:36:02 Received HTTP response headers after 174.3104ms - 200
[Info   :Zeepkist GTR] 18:36:02 End processing HTTP request after 174.5851ms - 200
[Info   :Zeepkist GTR] 18:36:03 Starting recorder
[Info   :Zeepkist Bingo] [BINGO] === PLAYER SPAWNED ===
[Info   :Zeepkist Bingo] [BINGO] IsInActiveSession: False
[Info   :Zeepkist Bingo] [BINGO] Not in active session, skipping timer reset
[Info   :Zeepkist GTR] 18:36:15 Stopping existing recorder if any
[Info   :Zeepkist GTR] 18:36:15 Creating new recorder
[Info   :Zeepkist GTR] 18:36:15 Start processing HTTP request "POST" https://graphql.zeepki.st/
[Info   :Zeepkist GTR] 18:36:15 Sending HTTP request "POST" https://graphql.zeepki.st/
[Info   :Zeepkist GTR] 18:36:15 Start processing HTTP request "POST" https://graphql.zeepki.st/
[Info   :Zeepkist GTR] 18:36:15 Sending HTTP request "POST" https://graphql.zeepki.st/
[Info   :Zeepkist GTR] 18:36:15 Received HTTP response headers after 183.2314ms - 200
[Info   :Zeepkist GTR] 18:36:15 End processing HTTP request after 183.5547ms - 200
[Info   :Zeepkist GTR] 18:36:15 Received HTTP response headers after 188.3276ms - 200
[Info   :Zeepkist GTR] 18:36:15 End processing HTTP request after 188.559ms - 200
[Info   :Zeepkist GTR] 18:36:15 Start processing HTTP request "POST" https://graphql.zeepki.st/
[Info   :Zeepkist GTR] 18:36:15 Sending HTTP request "POST" https://graphql.zeepki.st/
[Info   :Zeepkist GTR] 18:36:15 Received HTTP response headers after 188.0368ms - 200
[Info   :Zeepkist GTR] 18:36:15 End processing HTTP request after 188.2991ms - 200
[Info   :Zeepkist GTR] 18:36:16 Starting recorder
[Info   :Zeepkist GTR] 18:36:59 Stopping recorder
[Info   :Zeepkist GTR] 18:36:59 Collecting extra information
[Info   :Zeepkist GTR] 18:36:59 Resolved workshop ID "3486538773" from lobby 3486538773 and level 0
[Info   :Zeepkist GTR] 18:36:59 Processing ghost data
[Info   :Zeepkist GTR] 18:36:59 Creating stream
[Info   :Zeepkist GTR] 18:36:59 Writing to stream
[Info   :Zeepkist GTR] 18:37:00 Converting to base64
[Info   :Zeepkist GTR] 18:37:00 Creating resource
[Info   :Zeepkist GTR] 18:37:00 Start processing HTTP request "POST" https://backend.zeepki.st/record/submit
[Info   :Zeepkist GTR] 18:37:00 Sending HTTP request "POST" https://backend.zeepki.st/record/submit
[Info   :Zeepkist GTR] 18:37:00 Received HTTP response headers after 611.7441ms - 200
[Info   :Zeepkist GTR] 18:37:00 End processing HTTP request after 612.0196ms - 200
[Info   :Zeepkist Bingo] [BINGO] === PLAYER SPAWNED ===
[Info   :Zeepkist Bingo] [BINGO] IsInActiveSession: False
[Info   :Zeepkist Bingo] [BINGO] Not in active session, skipping timer reset
[Info   :Zeepkist GTR] 18:37:01 Stopping existing recorder if any
[Info   :Zeepkist GTR] 18:37:01 Creating new recorder
[Info   :Zeepkist GTR] 18:37:01 Start processing HTTP request "POST" https://graphql.zeepki.st/
[Info   :Zeepkist GTR] 18:37:01 Sending HTTP request "POST" https://graphql.zeepki.st/
[Info   :Zeepkist GTR] 18:37:01 Start processing HTTP request "POST" https://graphql.zeepki.st/
[Info   :Zeepkist GTR] 18:37:01 Sending HTTP request "POST" https://graphql.zeepki.st/
[Info   :Zeepkist GTR] 18:37:01 Received HTTP response headers after 182.9128ms - 200
[Info   :Zeepkist GTR] 18:37:01 End processing HTTP request after 183.181ms - 200
[Info   :Zeepkist GTR] 18:37:01 Received HTTP response headers after 230.3891ms - 200
[Info   :Zeepkist GTR] 18:37:01 End processing HTTP request after 230.6413ms - 200
[Info   :Zeepkist GTR] 18:37:01 Start processing HTTP request "POST" https://graphql.zeepki.st/
[Info   :Zeepkist GTR] 18:37:01 Sending HTTP request "POST" https://graphql.zeepki.st/
[Info   :Zeepkist GTR] 18:37:02 Received HTTP response headers after 189.529ms - 200
[Info   :Zeepkist GTR] 18:37:02 End processing HTTP request after 189.7905ms - 200
[Info   :Zeepkist GTR] 18:37:03 Starting recorder
[Info   :Zeepkist Bingo] [CHAT] Intercepted message: in roulette its random what the map will be
[Info   :Zeepkist Bingo] [CHAT] Not relaying - no bingo session
[Info   :Zeepkist Bingo] [CHAT] Intercepted message: and we get 3 mins but i messed up 1st round and gave us 4 and a half mis
[Info   :Zeepkist Bingo] [CHAT] Not relaying - no bingo session
[Info   :Zeepkist Bingo] [CHAT] Intercepted message: mins
[Info   :Zeepkist Bingo] [CHAT] Not relaying - no bingo session
[Info   :Zeepkist Bingo] [BINGO] === PLAYER SPAWNED ===
[Info   :Zeepkist Bingo] [BINGO] IsInActiveSession: False
[Info   :Zeepkist Bingo] [BINGO] Not in active session, skipping timer reset
[Info   :Zeepkist GTR] 18:38:17 Stopping existing recorder if any
[Info   :Zeepkist GTR] 18:38:17 Creating new recorder
[Info   :Zeepkist GTR] 18:38:17 Start processing HTTP request "POST" https://graphql.zeepki.st/
[Info   :Zeepkist GTR] 18:38:17 Sending HTTP request "POST" https://graphql.zeepki.st/
[Info   :Zeepkist GTR] 18:38:17 Start processing HTTP request "POST" https://graphql.zeepki.st/
[Info   :Zeepkist GTR] 18:38:17 Sending HTTP request "POST" https://graphql.zeepki.st/
[Info   :Zeepkist GTR] 18:38:17 Received HTTP response headers after 308.2962ms - 200
[Info   :Zeepkist GTR] 18:38:17 Received HTTP response headers after 308.9673ms - 200
[Info   :Zeepkist GTR] 18:38:17 End processing HTTP request after 308.5197ms - 200
[Info   :Zeepkist GTR] 18:38:17 End processing HTTP request after 309.2253ms - 200
[Info   :Zeepkist GTR] 18:38:17 Start processing HTTP request "POST" https://graphql.zeepki.st/
[Info   :Zeepkist GTR] 18:38:17 Sending HTTP request "POST" https://graphql.zeepki.st/
[Info   :Zeepkist GTR] 18:38:17 Received HTTP response headers after 182.8176ms - 200
[Info   :Zeepkist GTR] 18:38:17 End processing HTTP request after 183.1026ms - 200
[Info   :Zeepkist GTR] 18:38:19 Starting recorder
[Info   :COTDTracker] Running update tab leaderboard function
[Info   :Zeepkist Bingo] [BINGO] === PLAYER SPAWNED ===
[Info   :Zeepkist Bingo] [BINGO] IsInActiveSession: False
[Info   :Zeepkist Bingo] [BINGO] Not in active session, skipping timer reset
[Info   :Zeepkist GTR] 18:38:29 Stopping existing recorder if any
[Info   :Zeepkist GTR] 18:38:29 Creating new recorder
[Info   :Zeepkist GTR] 18:38:29 Start processing HTTP request "POST" https://graphql.zeepki.st/
[Info   :Zeepkist GTR] 18:38:29 Sending HTTP request "POST" https://graphql.zeepki.st/
[Info   :Zeepkist GTR] 18:38:29 Start processing HTTP request "POST" https://graphql.zeepki.st/
[Info   :Zeepkist GTR] 18:38:29 Sending HTTP request "POST" https://graphql.zeepki.st/
[Info   :Zeepkist GTR] 18:38:29 Received HTTP response headers after 186.7796ms - 200
[Info   :Zeepkist GTR] 18:38:29 End processing HTTP request after 187.0557ms - 200
[Info   :Zeepkist GTR] 18:38:29 Received HTTP response headers after 198.7056ms - 200
[Info   :Zeepkist GTR] 18:38:29 End processing HTTP request after 198.9827ms - 200
[Info   :Zeepkist GTR] 18:38:29 Start processing HTTP request "POST" https://graphql.zeepki.st/
[Info   :Zeepkist GTR] 18:38:29 Sending HTTP request "POST" https://graphql.zeepki.st/
[Info   :Zeepkist GTR] 18:38:29 Received HTTP response headers after 200.8504ms - 200
[Info   :Zeepkist GTR] 18:38:29 End processing HTTP request after 201.1603ms - 200
[Info   :Zeepkist GTR] 18:38:31 Starting recorder
[Info   :Zeepkist GTR] 18:38:50 Discarding recorder
[Info   :COTDTracker] Doing eliminations with leaderboard:
[Info   :COTDTracker] Player 𝒱V𝑜o𝒾i𝒹d𝒱: Time: 41.41091
[Info   :COTDTracker] Player justMaki: Time: 41.62128
[Info   :COTDTracker] Player MALIYO: Time: 42.35871
[Info   :COTDTracker] Player [ZET]Stick: Time: 42.37523
[Info   :COTDTracker] Player Lexer: Time: 42.64349
[Info   :COTDTracker] Player JobW: Time: 42.66166
[Info   :COTDTracker] Player RoundNzt: Time: 42.70927
[Info   :COTDTracker] Player [ZET] Wheelie: Time: 42.84117
[Info   :COTDTracker] Player [KBW] microways: Time: 42.99789
[Info   :COTDTracker] Player [EG]Victor: Time: 43.19745
[Info   :COTDTracker] Player [ZET]LILWOOLEY: Time: 44.9878
[Info   :COTDTracker] Player [MMM]Milk Man: Time: 45.05738
[Info   :COTDTracker] Player [ZET]maskeddog: Time: 46.92338
[Info   :COTDTracker] Player [CCC]Shinikage221: Time: 46.94859
[Info   :COTDTracker] Player [Auz] Bjenk4: Time: DNF
[Info   :COTDTracker] Eliminating DNF: [Auz] Bjenk4
[Info   :COTDTracker] Eliminated 1 DNF players
[Info   :COTDTracker] Eliminating on time: [CCC]Shinikage221
[Info   :COTDTracker] Eliminating on time: [ZET]maskeddog
[Info   :COTDTracker] Eliminating 3 players: 
[Info   :COTDTracker] [Auz] Bjenk4
[Info   :COTDTracker] [CCC]Shinikage221
[Info   :COTDTracker] [ZET]maskeddog
[Info   :COTDTracker] Running update tab leaderboard function
[Info   :COTDTracker] Kicking eliminated players
[Info   :Zeepkist Bingo] [BINGO] Level loaded
[Info   :Zeepkist GTR] 18:39:04 Start processing HTTP request "POST" https://backend.zeepki.st/level/request
[Info   :Zeepkist GTR] 18:39:04 Sending HTTP request "POST" https://backend.zeepki.st/level/request
[Info   :BetterSplits] getting gtr splits
[Info   :Zeepkist Bingo] [BINGO] === PLAYER SPAWNED ===
[Info   :Zeepkist Bingo] [BINGO] IsInActiveSession: False
[Info   :Zeepkist Bingo] [BINGO] Not in active session, skipping timer reset
[Info   :Zeepkist GTR] 18:39:04 Stopping existing recorder if any
[Info   :Zeepkist GTR] 18:39:04 Creating new recorder
[Info   :Zeepkist GTR] 18:39:04 Start processing HTTP request "POST" https://graphql.zeepki.st/
[Info   :Zeepkist GTR] 18:39:04 Sending HTTP request "POST" https://graphql.zeepki.st/
[Info   :Zeepkist GTR] 18:39:04 Start processing HTTP request "POST" https://graphql.zeepki.st/
[Info   :Zeepkist GTR] 18:39:04 Sending HTTP request "POST" https://graphql.zeepki.st/
[Info   :Zeepkist GTR] 18:39:05 Received HTTP response headers after 191.4532ms - 200
[Info   :Zeepkist GTR] 18:39:05 End processing HTTP request after 191.6839ms - 200
[Info   :Zeepkist GTR] 18:39:05 Received HTTP response headers after 208.3238ms - 200
[Info   :Zeepkist GTR] 18:39:05 End processing HTTP request after 208.6759ms - 200
[Info   :Zeepkist GTR] 18:39:05 Start processing HTTP request "POST" https://graphql.zeepki.st/
[Info   :Zeepkist GTR] 18:39:05 Sending HTTP request "POST" https://graphql.zeepki.st/
[Info   :Zeepkist GTR] 18:39:05 Received HTTP response headers after 385.0546ms - 200
[Info   :Zeepkist GTR] 18:39:05 End processing HTTP request after 385.4001ms - 200
[Info   :BetterSplits] got gtr splits
[Info   :Zeepkist GTR] 18:39:05 Received HTTP response headers after 275.3053ms - 200
[Info   :Zeepkist GTR] 18:39:05 End processing HTTP request after 275.705ms - 200
[Info   :Zeepkist Bingo] [CHAT] Intercepted message: 3 players eliminated: [Auz] Bjenk4, [CCC]Shinikage221, [ZET]maskeddog
[Info   :Zeepkist Bingo] [CHAT] Not relaying - no bingo session
[Info   :Zeepkist GTR] 18:39:06 Starting recorder
[Info   :Zeepkist Bingo] [BINGO] === PLAYER SPAWNED ===
[Info   :Zeepkist Bingo] [BINGO] IsInActiveSession: False
[Info   :Zeepkist Bingo] [BINGO] Not in active session, skipping timer reset
[Info   :Zeepkist GTR] 18:39:21 Stopping existing recorder if any
[Info   :Zeepkist GTR] 18:39:21 Creating new recorder
[Info   :Zeepkist GTR] 18:39:21 Start processing HTTP request "POST" https://graphql.zeepki.st/
[Info   :Zeepkist GTR] 18:39:21 Sending HTTP request "POST" https://graphql.zeepki.st/
[Info   :Zeepkist GTR] 18:39:21 Start processing HTTP request "POST" https://graphql.zeepki.st/
[Info   :Zeepkist GTR] 18:39:21 Sending HTTP request "POST" https://graphql.zeepki.st/
[Info   :Zeepkist GTR] 18:39:21 Received HTTP response headers after 231.5589ms - 200
[Info   :Zeepkist GTR] 18:39:21 Received HTTP response headers after 230.8127ms - 200
[Info   :Zeepkist GTR] 18:39:21 End processing HTTP request after 231.0464ms - 200
[Info   :Zeepkist GTR] 18:39:21 End processing HTTP request after 231.8742ms - 200
[Info   :Zeepkist GTR] 18:39:21 Start processing HTTP request "POST" https://graphql.zeepki.st/
[Info   :Zeepkist GTR] 18:39:21 Sending HTTP request "POST" https://graphql.zeepki.st/
[Info   :Zeepkist GTR] 18:39:21 Received HTTP response headers after 255.2252ms - 200
[Info   :Zeepkist GTR] 18:39:21 End processing HTTP request after 255.5026ms - 200
[Info   :Zeepkist GTR] 18:39:23 Starting recorder
[Info   :Zeepkist Bingo] [BINGO] === PLAYER SPAWNED ===
[Info   :Zeepkist Bingo] [BINGO] IsInActiveSession: False
[Info   :Zeepkist Bingo] [BINGO] Not in active session, skipping timer reset
[Info   :Zeepkist GTR] 18:40:08 Stopping existing recorder if any
[Info   :Zeepkist GTR] 18:40:08 Creating new recorder
[Info   :Zeepkist GTR] 18:40:08 Start processing HTTP request "POST" https://graphql.zeepki.st/
[Info   :Zeepkist GTR] 18:40:08 Sending HTTP request "POST" https://graphql.zeepki.st/
[Info   :Zeepkist GTR] 18:40:08 Start processing HTTP request "POST" https://graphql.zeepki.st/
[Info   :Zeepkist GTR] 18:40:08 Sending HTTP request "POST" https://graphql.zeepki.st/
[Info   :Zeepkist GTR] 18:40:08 Received HTTP response headers after 200.6874ms - 200
[Info   :Zeepkist GTR] 18:40:08 End processing HTTP request after 201.0249ms - 200
[Info   :Zeepkist GTR] 18:40:08 Received HTTP response headers after 206.4683ms - 200
[Info   :Zeepkist GTR] 18:40:08 End processing HTTP request after 206.8122ms - 200
[Info   :Zeepkist GTR] 18:40:08 Start processing HTTP request "POST" https://graphql.zeepki.st/
[Info   :Zeepkist GTR] 18:40:08 Sending HTTP request "POST" https://graphql.zeepki.st/
[Info   :Zeepkist GTR] 18:40:08 Received HTTP response headers after 193.205ms - 200
[Info   :Zeepkist GTR] 18:40:08 End processing HTTP request after 193.4834ms - 200
[Info   :Zeepkist GTR] 18:40:09 Starting recorder
[Info   :Zeepkist GTR] 18:41:06 Stopping recorder
[Info   :Zeepkist GTR] 18:41:06 Collecting extra information
[Info   :Zeepkist GTR] 18:41:06 Resolved workshop ID "3766716590" from lobby 3766716590 and level 0
[Info   :Zeepkist GTR] 18:41:06 Processing ghost data
[Info   :Zeepkist GTR] 18:41:06 Creating stream
[Info   :Zeepkist GTR] 18:41:06 Writing to stream
[Info   :Zeepkist GTR] 18:41:06 Converting to base64
[Info   :Zeepkist GTR] 18:41:06 Creating resource
[Info   :Zeepkist GTR] 18:41:06 Start processing HTTP request "POST" https://backend.zeepki.st/record/submit
[Info   :Zeepkist GTR] 18:41:06 Sending HTTP request "POST" https://backend.zeepki.st/record/submit
[Info   :Zeepkist Bingo] [BINGO] === PLAYER SPAWNED ===
[Info   :Zeepkist Bingo] [BINGO] IsInActiveSession: False
[Info   :Zeepkist Bingo] [BINGO] Not in active session, skipping timer reset
[Info   :Zeepkist GTR] 18:41:07 Stopping existing recorder if any
[Info   :Zeepkist GTR] 18:41:07 Creating new recorder
[Info   :Zeepkist GTR] 18:41:07 Start processing HTTP request "POST" https://graphql.zeepki.st/
[Info   :Zeepkist GTR] 18:41:07 Sending HTTP request "POST" https://graphql.zeepki.st/
[Info   :Zeepkist GTR] 18:41:07 Start processing HTTP request "POST" https://graphql.zeepki.st/
[Info   :Zeepkist GTR] 18:41:07 Sending HTTP request "POST" https://graphql.zeepki.st/
[Info   :Zeepkist GTR] 18:41:07 Received HTTP response headers after 954.6306ms - 200
[Info   :Zeepkist GTR] 18:41:07 End processing HTTP request after 955.0049ms - 200
[Info   :Zeepkist GTR] 18:41:08 Received HTTP response headers after 341.884ms - 200
[Info   :Zeepkist GTR] 18:41:08 End processing HTTP request after 342.2175ms - 200
[Info   :Zeepkist GTR] 18:41:08 Received HTTP response headers after 637.0975ms - 200
[Info   :Zeepkist GTR] 18:41:08 End processing HTTP request after 637.436ms - 200
[Info   :Zeepkist GTR] 18:41:08 Start processing HTTP request "POST" https://graphql.zeepki.st/
[Info   :Zeepkist GTR] 18:41:08 Sending HTTP request "POST" https://graphql.zeepki.st/
[Info   :Zeepkist GTR] 18:41:08 Received HTTP response headers after 185.4337ms - 200
[Info   :Zeepkist GTR] 18:41:08 End processing HTTP request after 185.8207ms - 200
[Info   :Zeepkist GTR] 18:41:09 Starting recorder
[Info   :Zeepkist GTR] 18:42:03 Discarding recorder
[Info   :COTDTracker] Running update tab leaderboard function
[Info   :COTDTracker] Doing eliminations with leaderboard:
[Info   :COTDTracker] Player justMaki: Time: 51.60553
[Info   :COTDTracker] Player [EG]Victor: Time: 51.70206
[Info   :COTDTracker] Player [ZET]Stick: Time: 54.65324
[Info   :COTDTracker] Player RoundNzt: Time: 55.84751
[Info   :COTDTracker] Player [ZET] Wheelie: Time: 56.21661
[Info   :COTDTracker] Player [KBW] microways: Time: 57.18878
[Info   :COTDTracker] Player JobW: Time: 60.47938
[Info   :COTDTracker] Player 𝒱V𝑜o𝒾i𝒹d𝒱: Time: DNF
[Info   :COTDTracker] Player MALIYO: Time: DNF
[Info   :COTDTracker] Player Lexer: Time: DNF
[Info   :COTDTracker] Player [ZET]LILWOOLEY: Time: DNF
[Info   :COTDTracker] Player [MMM]Milk Man: Time: DNF
[Info   :COTDTracker] Eliminating DNF: [MMM]Milk Man
[Info   :COTDTracker] Eliminating DNF: [ZET]LILWOOLEY
[Info   :COTDTracker] Eliminating DNF: Lexer
[Info   :COTDTracker] Eliminating DNF: MALIYO
[Info   :COTDTracker] Eliminating DNF: 𝒱V𝑜o𝒾i𝒹d𝒱
[Info   :COTDTracker] Eliminated 5 DNF players
[Info   :COTDTracker] Eliminating 5 players: 
[Info   :COTDTracker] [MMM]Milk Man
[Info   :COTDTracker] [ZET]LILWOOLEY
[Info   :COTDTracker] Lexer
[Info   :COTDTracker] MALIYO
[Info   :COTDTracker] 𝒱V𝑜o𝒾i𝒹d𝒱
[Info   :COTDTracker] Kicking eliminated players
[Info   :Zeepkist Bingo] [BINGO] Level loaded
[Info   :Zeepkist GTR] 18:42:18 Start processing HTTP request "POST" https://backend.zeepki.st/level/request
[Info   :Zeepkist GTR] 18:42:18 Sending HTTP request "POST" https://backend.zeepki.st/level/request
[Info   :BetterSplits] getting gtr splits
[Info   :Zeepkist Bingo] [BINGO] === PLAYER SPAWNED ===
[Info   :Zeepkist Bingo] [BINGO] IsInActiveSession: False
[Info   :Zeepkist Bingo] [BINGO] Not in active session, skipping timer reset
[Info   :Zeepkist GTR] 18:42:18 Stopping existing recorder if any
[Info   :Zeepkist GTR] 18:42:18 Creating new recorder
[Info   :Zeepkist GTR] 18:42:18 Start processing HTTP request "POST" https://graphql.zeepki.st/
[Info   :Zeepkist GTR] 18:42:18 Sending HTTP request "POST" https://graphql.zeepki.st/
[Info   :Zeepkist GTR] 18:42:18 Start processing HTTP request "POST" https://graphql.zeepki.st/
[Info   :Zeepkist GTR] 18:42:18 Sending HTTP request "POST" https://graphql.zeepki.st/
[Info   :Zeepkist GTR] 18:42:18 Received HTTP response headers after 179.7959ms - 200
[Info   :Zeepkist GTR] 18:42:18 End processing HTTP request after 180.1408ms - 200
[Info   :Zeepkist GTR] 18:42:18 Received HTTP response headers after 210.7181ms - 200
[Info   :Zeepkist GTR] 18:42:18 End processing HTTP request after 210.9653ms - 200
[Info   :Zeepkist GTR] 18:42:18 Received HTTP response headers after 219.6761ms - 200
[Info   :Zeepkist GTR] 18:42:18 End processing HTTP request after 219.894ms - 200
[Info   :Zeepkist GTR] 18:42:18 Start processing HTTP request "POST" https://graphql.zeepki.st/
[Info   :Zeepkist GTR] 18:42:18 Sending HTTP request "POST" https://graphql.zeepki.st/
[Info   :Zeepkist Bingo] [CHAT] Intercepted message: 5 players eliminated: [MMM]Milk Man, [ZET]LILWOOLEY, Lexer, MALIYO, 𝒱V𝑜o𝒾i𝒹d𝒱
[Info   :Zeepkist Bingo] [CHAT] Not relaying - no bingo session
[Info   :BetterSplits] got gtr splits
[Info   :Zeepkist GTR] 18:42:18 Received HTTP response headers after 194.847ms - 200
[Info   :Zeepkist GTR] 18:42:18 End processing HTTP request after 195.1172ms - 200
[Info   :Zeepkist GTR] 18:42:20 Starting recorder
[Info   :Zeepkist GTR] 18:43:14 Stopping recorder
[Info   :Zeepkist GTR] 18:43:14 Collecting extra information
[Info   :Zeepkist GTR] 18:43:14 Resolved workshop ID "3558470020" from lobby 3558470020 and level 0
[Info   :Zeepkist GTR] 18:43:14 Processing ghost data
[Info   :Zeepkist GTR] 18:43:14 Creating stream
[Info   :Zeepkist GTR] 18:43:14 Writing to stream
[Info   :Zeepkist GTR] 18:43:14 Converting to base64
[Info   :Zeepkist GTR] 18:43:14 Creating resource
[Info   :Zeepkist GTR] 18:43:14 Start processing HTTP request "POST" https://backend.zeepki.st/record/submit
[Info   :Zeepkist GTR] 18:43:14 Sending HTTP request "POST" https://backend.zeepki.st/record/submit
[Info   :Zeepkist Bingo] [BINGO] === PLAYER SPAWNED ===
[Info   :Zeepkist Bingo] [BINGO] IsInActiveSession: False
[Info   :Zeepkist Bingo] [BINGO] Not in active session, skipping timer reset
[Info   :Zeepkist GTR] 18:43:15 Stopping existing recorder if any
[Info   :Zeepkist GTR] 18:43:15 Creating new recorder
[Info   :Zeepkist GTR] 18:43:15 Start processing HTTP request "POST" https://graphql.zeepki.st/
[Info   :Zeepkist GTR] 18:43:15 Sending HTTP request "POST" https://graphql.zeepki.st/
[Info   :Zeepkist GTR] 18:43:15 Start processing HTTP request "POST" https://graphql.zeepki.st/
[Info   :Zeepkist GTR] 18:43:15 Sending HTTP request "POST" https://graphql.zeepki.st/
[Info   :Zeepkist GTR] 18:43:15 Received HTTP response headers after 356.5332ms - 200
[Info   :Zeepkist GTR] 18:43:15 Received HTTP response headers after 355.6291ms - 200
[Info   :Zeepkist GTR] 18:43:15 End processing HTTP request after 356.8181ms - 200
[Info   :Zeepkist GTR] 18:43:15 End processing HTTP request after 356.1158ms - 200
[Info   :Zeepkist GTR] 18:43:15 Start processing HTTP request "POST" https://graphql.zeepki.st/
[Info   :Zeepkist GTR] 18:43:15 Sending HTTP request "POST" https://graphql.zeepki.st/
[Info   :Zeepkist GTR] 18:43:16 Received HTTP response headers after 1283.6232ms - 200
[Info   :Zeepkist GTR] 18:43:16 End processing HTTP request after 1283.8858ms - 200
[Info   :Zeepkist GTR] 18:43:16 Received HTTP response headers after 182.5596ms - 200
[Info   :Zeepkist GTR] 18:43:16 End processing HTTP request after 182.828ms - 200
[Info   :Zeepkist GTR] 18:43:17 Starting recorder
[Info   :Zeepkist GTR] 18:44:10 Stopping recorder
[Info   :Zeepkist GTR] 18:44:10 Collecting extra information
[Info   :Zeepkist GTR] 18:44:10 Resolved workshop ID "3558470020" from lobby 3558470020 and level 0
[Info   :Zeepkist GTR] 18:44:10 Processing ghost data
[Info   :Zeepkist GTR] 18:44:10 Creating stream
[Info   :Zeepkist GTR] 18:44:10 Writing to stream
[Info   :Zeepkist GTR] 18:44:10 Converting to base64
[Info   :Zeepkist GTR] 18:44:10 Creating resource
[Info   :Zeepkist GTR] 18:44:10 Start processing HTTP request "POST" https://backend.zeepki.st/record/submit
[Info   :Zeepkist GTR] 18:44:10 Sending HTTP request "POST" https://backend.zeepki.st/record/submit
[Info   :Zeepkist GTR] 18:44:11 Received HTTP response headers after 666.0919ms - 200
[Info   :Zeepkist GTR] 18:44:11 End processing HTTP request after 666.3634ms - 200
[Info   :Zeepkist Bingo] [BINGO] === PLAYER SPAWNED ===
[Info   :Zeepkist Bingo] [BINGO] IsInActiveSession: False
[Info   :Zeepkist Bingo] [BINGO] Not in active session, skipping timer reset
[Info   :Zeepkist GTR] 18:44:11 Stopping existing recorder if any
[Info   :Zeepkist GTR] 18:44:11 Creating new recorder
[Info   :Zeepkist GTR] 18:44:11 Start processing HTTP request "POST" https://graphql.zeepki.st/
[Info   :Zeepkist GTR] 18:44:11 Sending HTTP request "POST" https://graphql.zeepki.st/
[Info   :Zeepkist GTR] 18:44:11 Start processing HTTP request "POST" https://graphql.zeepki.st/
[Info   :Zeepkist GTR] 18:44:11 Sending HTTP request "POST" https://graphql.zeepki.st/
[Info   :Zeepkist GTR] 18:44:11 Received HTTP response headers after 212.9877ms - 200
[Info   :Zeepkist GTR] 18:44:11 End processing HTTP request after 213.2232ms - 200
[Info   :Zeepkist GTR] 18:44:11 Received HTTP response headers after 222.1561ms - 200
[Info   :Zeepkist GTR] 18:44:11 End processing HTTP request after 222.3904ms - 200
[Info   :Zeepkist GTR] 18:44:11 Start processing HTTP request "POST" https://graphql.zeepki.st/
[Info   :Zeepkist GTR] 18:44:11 Sending HTTP request "POST" https://graphql.zeepki.st/
[Info   :Zeepkist GTR] 18:44:12 Received HTTP response headers after 194.5318ms - 200
[Info   :Zeepkist GTR] 18:44:12 End processing HTTP request after 194.8381ms - 200
[Info   :Zeepkist GTR] 18:44:13 Starting recorder
[Info   :Zeepkist GTR] 18:45:06 Stopping recorder
[Info   :Zeepkist GTR] 18:45:06 Collecting extra information
[Info   :Zeepkist GTR] 18:45:06 Resolved workshop ID "3558470020" from lobby 3558470020 and level 0
[Info   :Zeepkist GTR] 18:45:06 Processing ghost data
[Info   :Zeepkist GTR] 18:45:06 Creating stream
[Info   :Zeepkist GTR] 18:45:06 Writing to stream
[Info   :Zeepkist GTR] 18:45:06 Converting to base64
[Info   :Zeepkist GTR] 18:45:06 Creating resource
[Info   :Zeepkist GTR] 18:45:06 Start processing HTTP request "POST" https://backend.zeepki.st/record/submit
[Info   :Zeepkist GTR] 18:45:06 Sending HTTP request "POST" https://backend.zeepki.st/record/submit
[Info   :Zeepkist GTR] 18:45:07 Received HTTP response headers after 517.982ms - 200
[Info   :Zeepkist GTR] 18:45:07 End processing HTTP request after 518.242ms - 200
[Info   :Zeepkist Bingo] [BINGO] === PLAYER SPAWNED ===
[Info   :Zeepkist Bingo] [BINGO] IsInActiveSession: False
[Info   :Zeepkist Bingo] [BINGO] Not in active session, skipping timer reset
[Info   :Zeepkist GTR] 18:45:13 Stopping existing recorder if any
[Info   :Zeepkist GTR] 18:45:13 Creating new recorder
[Info   :Zeepkist GTR] 18:45:13 Start processing HTTP request "POST" https://graphql.zeepki.st/
[Info   :Zeepkist GTR] 18:45:13 Sending HTTP request "POST" https://graphql.zeepki.st/
[Info   :Zeepkist GTR] 18:45:13 Start processing HTTP request "POST" https://graphql.zeepki.st/
[Info   :Zeepkist GTR] 18:45:13 Sending HTTP request "POST" https://graphql.zeepki.st/
[Info   :Zeepkist GTR] 18:45:13 Received HTTP response headers after 182.3947ms - 200
[Info   :Zeepkist GTR] 18:45:13 Received HTTP response headers after 181.5965ms - 200
[Info   :Zeepkist GTR] 18:45:13 End processing HTTP request after 182.6594ms - 200
[Info   :Zeepkist GTR] 18:45:13 End processing HTTP request after 181.8867ms - 200
[Info   :Zeepkist GTR] 18:45:13 Start processing HTTP request "POST" https://graphql.zeepki.st/
[Info   :Zeepkist GTR] 18:45:13 Sending HTTP request "POST" https://graphql.zeepki.st/
[Info   :Zeepkist GTR] 18:45:13 Received HTTP response headers after 186.9536ms - 200
[Info   :Zeepkist GTR] 18:45:13 End processing HTTP request after 187.1853ms - 200
[Info   :Zeepkist GTR] 18:45:15 Starting recorder
[Info   :Zeepkist GTR] 18:45:16 Discarding recorder
[Info   :COTDTracker] Running update tab leaderboard function
[Info   :COTDTracker] Running update tab leaderboard function
[Info   :COTDTracker] Doing eliminations with leaderboard:
[Info   :COTDTracker] Player justMaki: Time: 51.6525
[Info   :COTDTracker] Player [ZET]Stick: Time: 52.2918
[Info   :COTDTracker] Player [EG]Victor: Time: 52.39611
[Info   :COTDTracker] Player [ZET] Wheelie: Time: 52.9207
[Info   :COTDTracker] Player [KBW] microways: Time: 53.46068
[Info   :COTDTracker] Player JobW: Time: 54.1837
[Info   :COTDTracker] Player RoundNzt: Time: 54.23697
[Info   :COTDTracker] Eliminated 0 DNF players
[Info   :COTDTracker] Eliminating on time: RoundNzt
[Info   :COTDTracker] Eliminating on time: JobW
[Info   :COTDTracker] Eliminating 2 players: 
[Info   :COTDTracker] RoundNzt
[Info   :COTDTracker] JobW
[Info   :COTDTracker] Running update tab leaderboard function
[Info   :COTDTracker] Running update tab leaderboard function
[Info   :COTDTracker] Kicking eliminated players
[Info   :Zeepkist Bingo] [BINGO] Level loaded
[Info   :Zeepkist GTR] 18:45:30 Start processing HTTP request "POST" https://backend.zeepki.st/level/request
[Info   :Zeepkist GTR] 18:45:30 Sending HTTP request "POST" https://backend.zeepki.st/level/request
[Info   :BetterSplits] getting gtr splits
[Info   :Zeepkist Bingo] [BINGO] === PLAYER SPAWNED ===
[Info   :Zeepkist Bingo] [BINGO] IsInActiveSession: False
[Info   :Zeepkist Bingo] [BINGO] Not in active session, skipping timer reset
[Info   :Zeepkist GTR] 18:45:30 Stopping existing recorder if any
[Info   :Zeepkist GTR] 18:45:30 Creating new recorder
[Info   :Zeepkist GTR] 18:45:30 Start processing HTTP request "POST" https://graphql.zeepki.st/
[Info   :Zeepkist GTR] 18:45:30 Sending HTTP request "POST" https://graphql.zeepki.st/
[Info   :Zeepkist GTR] 18:45:30 Start processing HTTP request "POST" https://graphql.zeepki.st/
[Info   :Zeepkist GTR] 18:45:30 Sending HTTP request "POST" https://graphql.zeepki.st/
[Info   :Zeepkist GTR] 18:45:31 Received HTTP response headers after 411.5048ms - 200
[Info   :Zeepkist GTR] 18:45:31 End processing HTTP request after 411.8334ms - 200
[Info   :Zeepkist GTR] 18:45:31 Received HTTP response headers after 333.3506ms - 200
[Info   :Zeepkist GTR] 18:45:31 End processing HTTP request after 333.6418ms - 200
[Info   :BetterSplits] got gtr splits
[Info   :Zeepkist GTR] 18:45:31 Received HTTP response headers after 348.1724ms - 200
[Info   :Zeepkist GTR] 18:45:31 End processing HTTP request after 348.412ms - 200
[Info   :Zeepkist GTR] 18:45:31 Start processing HTTP request "POST" https://graphql.zeepki.st/
[Info   :Zeepkist GTR] 18:45:31 Sending HTTP request "POST" https://graphql.zeepki.st/
[Info   :Zeepkist GTR] 18:45:31 Received HTTP response headers after 178.5604ms - 200
[Info   :Zeepkist GTR] 18:45:31 End processing HTTP request after 178.8624ms - 200
[Info   :Zeepkist Bingo] [CHAT] Intercepted message: 2 players eliminated: RoundNzt, JobW
[Info   :Zeepkist Bingo] [CHAT] Not relaying - no bingo session
[Info   :Zeepkist GTR] 18:45:32 Starting recorder
[Info   :COTDTracker] Running update tab leaderboard function
[Info   :RoundLeaderboardTab] Drawing leaderboard -> forwarding to Instance.DrawTabLeaderboard()
[Info   :ChampionshipLeaderboardTab] Drawing leaderboard -> forwarding to Instance.DrawTabLeaderboard()
[Info   :Zeepkist GTR] 18:46:00 Start processing HTTP request "POST" https://graphql.zeepki.st/
[Info   :Zeepkist GTR] 18:46:00 Sending HTTP request "POST" https://graphql.zeepki.st/
[Info   :Zeepkist GTR] 18:46:00 Received HTTP response headers after 208.0604ms - 200
[Info   :Zeepkist GTR] 18:46:00 End processing HTTP request after 208.332ms - 200
[Info   :Zeepkist GTR] 18:46:00 Start processing HTTP request "POST" https://graphql.zeepki.st/
[Info   :Zeepkist GTR] 18:46:00 Sending HTTP request "POST" https://graphql.zeepki.st/
[Info   :Zeepkist GTR] 18:46:01 Received HTTP response headers after 211.2196ms - 200
[Info   :Zeepkist GTR] 18:46:01 End processing HTTP request after 211.5034ms - 200
[Info   :Zeepkist GTR] 18:46:01 Start processing HTTP request "POST" https://graphql.zeepki.st/
[Info   :Zeepkist GTR] 18:46:01 Sending HTTP request "POST" https://graphql.zeepki.st/
[Info   :Zeepkist GTR] 18:46:01 Start processing HTTP request "POST" https://graphql.zeepki.st/
[Info   :Zeepkist GTR] 18:46:01 Sending HTTP request "POST" https://graphql.zeepki.st/
[Info   :Zeepkist GTR] 18:46:01 Received HTTP response headers after 204.942ms - 200
[Info   :Zeepkist GTR] 18:46:01 End processing HTTP request after 205.2355ms - 200
[Info   :Zeepkist GTR] 18:46:01 Received HTTP response headers after 209.7083ms - 200
[Info   :Zeepkist GTR] 18:46:01 End processing HTTP request after 209.9729ms - 200
[Info   :Zeepkist GTR] 18:46:04 Stopping recorder
[Info   :Zeepkist GTR] 18:46:04 Collecting extra information
[Info   :Zeepkist GTR] 18:46:04 Resolved workshop ID "3735211985" from lobby 3735211985 and level 0
[Info   :Zeepkist GTR] 18:46:04 Processing ghost data
[Info   :Zeepkist GTR] 18:46:04 Creating stream
[Info   :Zeepkist GTR] 18:46:04 Writing to stream
[Info   :Zeepkist GTR] 18:46:05 Converting to base64
[Info   :Zeepkist GTR] 18:46:05 Creating resource
[Info   :Zeepkist GTR] 18:46:05 Start processing HTTP request "POST" https://backend.zeepki.st/record/submit
[Info   :Zeepkist GTR] 18:46:05 Sending HTTP request "POST" https://backend.zeepki.st/record/submit
[Info   :Zeepkist GTR] 18:46:06 Received HTTP response headers after 1137.1151ms - 200
[Info   :Zeepkist GTR] 18:46:06 End processing HTTP request after 1137.4328ms - 200
[Info   :Zeepkist Bingo] [BINGO] === PLAYER SPAWNED ===
[Info   :Zeepkist Bingo] [BINGO] IsInActiveSession: False
[Info   :Zeepkist Bingo] [BINGO] Not in active session, skipping timer reset
[Info   :Zeepkist GTR] 18:46:11 Stopping existing recorder if any
[Info   :Zeepkist GTR] 18:46:11 Creating new recorder
[Info   :Zeepkist GTR] 18:46:11 Start processing HTTP request "POST" https://graphql.zeepki.st/
[Info   :Zeepkist GTR] 18:46:11 Sending HTTP request "POST" https://graphql.zeepki.st/
[Info   :Zeepkist GTR] 18:46:11 Start processing HTTP request "POST" https://graphql.zeepki.st/
[Info   :Zeepkist GTR] 18:46:11 Sending HTTP request "POST" https://graphql.zeepki.st/
[Info   :Zeepkist GTR] 18:46:12 Received HTTP response headers after 185.2277ms - 200
[Info   :Zeepkist GTR] 18:46:12 End processing HTTP request after 185.5072ms - 200
[Info   :Zeepkist GTR] 18:46:12 Received HTTP response headers after 194.8971ms - 200
[Info   :Zeepkist GTR] 18:46:12 End processing HTTP request after 195.2651ms - 200
[Info   :Zeepkist GTR] 18:46:12 Start processing HTTP request "POST" https://graphql.zeepki.st/
[Info   :Zeepkist GTR] 18:46:12 Sending HTTP request "POST" https://graphql.zeepki.st/
[Info   :Zeepkist GTR] 18:46:12 Received HTTP response headers after 199.415ms - 200
[Info   :Zeepkist GTR] 18:46:12 End processing HTTP request after 199.7527ms - 200
[Info   :Zeepkist GTR] 18:46:13 Starting recorder
[Info   :Zeepkist Bingo] [BINGO] === PLAYER SPAWNED ===
[Info   :Zeepkist Bingo] [BINGO] IsInActiveSession: False
[Info   :Zeepkist Bingo] [BINGO] Not in active session, skipping timer reset
[Info   :Zeepkist GTR] 18:46:16 Stopping existing recorder if any
[Info   :Zeepkist GTR] 18:46:16 Creating new recorder
[Info   :Zeepkist GTR] 18:46:16 Start processing HTTP request "POST" https://graphql.zeepki.st/
[Info   :Zeepkist GTR] 18:46:16 Sending HTTP request "POST" https://graphql.zeepki.st/
[Info   :Zeepkist GTR] 18:46:16 Start processing HTTP request "POST" https://graphql.zeepki.st/
[Info   :Zeepkist GTR] 18:46:16 Sending HTTP request "POST" https://graphql.zeepki.st/
[Info   :Zeepkist GTR] 18:46:16 Received HTTP response headers after 196.4099ms - 200
[Info   :Zeepkist GTR] 18:46:16 Received HTTP response headers after 197.2325ms - 200
[Info   :Zeepkist GTR] 18:46:16 End processing HTTP request after 196.6915ms - 200
[Info   :Zeepkist GTR] 18:46:16 End processing HTTP request after 197.5684ms - 200
[Info   :Zeepkist GTR] 18:46:16 Start processing HTTP request "POST" https://graphql.zeepki.st/
[Info   :Zeepkist GTR] 18:46:16 Sending HTTP request "POST" https://graphql.zeepki.st/
[Info   :Zeepkist GTR] 18:46:16 Received HTTP response headers after 191.0338ms - 200
[Info   :Zeepkist GTR] 18:46:16 End processing HTTP request after 191.2927ms - 200
[Info   :Zeepkist GTR] 18:46:17 Starting recorder
[Info   :Zeepkist Bingo] [BINGO] === PLAYER SPAWNED ===
[Info   :Zeepkist Bingo] [BINGO] IsInActiveSession: False
[Info   :Zeepkist Bingo] [BINGO] Not in active session, skipping timer reset
[Info   :Zeepkist GTR] 18:46:32 Stopping existing recorder if any
[Info   :Zeepkist GTR] 18:46:32 Creating new recorder
[Info   :Zeepkist GTR] 18:46:32 Start processing HTTP request "POST" https://graphql.zeepki.st/
[Info   :Zeepkist GTR] 18:46:32 Sending HTTP request "POST" https://graphql.zeepki.st/
[Info   :Zeepkist GTR] 18:46:32 Start processing HTTP request "POST" https://graphql.zeepki.st/
[Info   :Zeepkist GTR] 18:46:32 Sending HTTP request "POST" https://graphql.zeepki.st/
[Info   :Zeepkist GTR] 18:46:33 Received HTTP response headers after 179.4656ms - 200
[Info   :Zeepkist GTR] 18:46:33 Received HTTP response headers after 180.1943ms - 200
[Info   :Zeepkist GTR] 18:46:33 End processing HTTP request after 179.7221ms - 200
[Info   :Zeepkist GTR] 18:46:33 End processing HTTP request after 180.5242ms - 200
[Info   :Zeepkist GTR] 18:46:33 Start processing HTTP request "POST" https://graphql.zeepki.st/
[Info   :Zeepkist GTR] 18:46:33 Sending HTTP request "POST" https://graphql.zeepki.st/
[Info   :Zeepkist GTR] 18:46:33 Received HTTP response headers after 183.5601ms - 200
[Info   :Zeepkist GTR] 18:46:33 End processing HTTP request after 183.8108ms - 200
[Info   :Zeepkist GTR] 18:46:34 Starting recorder
[Info   :Zeepkist GTR] 18:47:06 Stopping recorder
[Info   :Zeepkist GTR] 18:47:06 Collecting extra information
[Info   :Zeepkist GTR] 18:47:06 Resolved workshop ID "3735211985" from lobby 3735211985 and level 0
[Info   :Zeepkist GTR] 18:47:06 Processing ghost data
[Info   :Zeepkist GTR] 18:47:06 Creating stream
[Info   :Zeepkist GTR] 18:47:06 Writing to stream
[Info   :Zeepkist GTR] 18:47:07 Converting to base64
[Info   :Zeepkist GTR] 18:47:07 Creating resource
[Info   :Zeepkist GTR] 18:47:07 Start processing HTTP request "POST" https://backend.zeepki.st/record/submit
[Info   :Zeepkist GTR] 18:47:07 Sending HTTP request "POST" https://backend.zeepki.st/record/submit
[Info   :Zeepkist GTR] 18:47:07 Received HTTP response headers after 478.5377ms - 200
[Info   :Zeepkist GTR] 18:47:07 End processing HTTP request after 478.8395ms - 200
[Info   :Zeepkist Bingo] [BINGO] === PLAYER SPAWNED ===
[Info   :Zeepkist Bingo] [BINGO] IsInActiveSession: False
[Info   :Zeepkist Bingo] [BINGO] Not in active session, skipping timer reset
[Info   :Zeepkist GTR] 18:47:08 Stopping existing recorder if any
[Info   :Zeepkist GTR] 18:47:08 Creating new recorder
[Info   :Zeepkist GTR] 18:47:08 Start processing HTTP request "POST" https://graphql.zeepki.st/
[Info   :Zeepkist GTR] 18:47:08 Sending HTTP request "POST" https://graphql.zeepki.st/
[Info   :Zeepkist GTR] 18:47:08 Start processing HTTP request "POST" https://graphql.zeepki.st/
[Info   :Zeepkist GTR] 18:47:08 Sending HTTP request "POST" https://graphql.zeepki.st/
[Info   :Zeepkist GTR] 18:47:08 Received HTTP response headers after 196.2118ms - 200
[Info   :Zeepkist GTR] 18:47:08 End processing HTTP request after 196.4522ms - 200
[Info   :Zeepkist GTR] 18:47:08 Received HTTP response headers after 197.129ms - 200
[Info   :Zeepkist GTR] 18:47:08 End processing HTTP request after 197.3303ms - 200
[Info   :Zeepkist GTR] 18:47:09 Start processing HTTP request "POST" https://graphql.zeepki.st/
[Info   :Zeepkist GTR] 18:47:09 Sending HTTP request "POST" https://graphql.zeepki.st/
[Info   :Zeepkist GTR] 18:47:09 Received HTTP response headers after 187.4228ms - 200
[Info   :Zeepkist GTR] 18:47:09 End processing HTTP request after 187.7316ms - 200
[Info   :Zeepkist GTR] 18:47:10 Starting recorder
[Info   :Zeepkist Bingo] [BINGO] === PLAYER SPAWNED ===
[Info   :Zeepkist Bingo] [BINGO] IsInActiveSession: False
[Info   :Zeepkist Bingo] [BINGO] Not in active session, skipping timer reset
[Info   :Zeepkist GTR] 18:47:20 Stopping existing recorder if any
[Info   :Zeepkist GTR] 18:47:20 Creating new recorder
[Info   :Zeepkist GTR] 18:47:20 Start processing HTTP request "POST" https://graphql.zeepki.st/
[Info   :Zeepkist GTR] 18:47:20 Sending HTTP request "POST" https://graphql.zeepki.st/
[Info   :Zeepkist GTR] 18:47:20 Start processing HTTP request "POST" https://graphql.zeepki.st/
[Info   :Zeepkist GTR] 18:47:20 Sending HTTP request "POST" https://graphql.zeepki.st/
[Info   :Zeepkist GTR] 18:47:20 Received HTTP response headers after 180.5939ms - 200
[Info   :Zeepkist GTR] 18:47:20 End processing HTTP request after 180.9003ms - 200
[Info   :Zeepkist GTR] 18:47:20 Received HTTP response headers after 183.2341ms - 200
[Info   :Zeepkist GTR] 18:47:20 End processing HTTP request after 183.5093ms - 200
[Info   :Zeepkist GTR] 18:47:20 Start processing HTTP request "POST" https://graphql.zeepki.st/
[Info   :Zeepkist GTR] 18:47:20 Sending HTTP request "POST" https://graphql.zeepki.st/
[Info   :Zeepkist GTR] 18:47:21 Received HTTP response headers after 180.2791ms - 200
[Info   :Zeepkist GTR] 18:47:21 End processing HTTP request after 180.527ms - 200
[Info   :Zeepkist GTR] 18:47:22 Starting recorder
[Info   :Zeepkist GTR] 18:47:54 Stopping recorder
[Info   :Zeepkist GTR] 18:47:54 Collecting extra information
[Info   :Zeepkist GTR] 18:47:54 Resolved workshop ID "3735211985" from lobby 3735211985 and level 0
[Info   :Zeepkist GTR] 18:47:54 Processing ghost data
[Info   :Zeepkist GTR] 18:47:54 Creating stream
[Info   :Zeepkist GTR] 18:47:54 Writing to stream
[Info   :Zeepkist GTR] 18:47:54 Converting to base64
[Info   :Zeepkist GTR] 18:47:54 Creating resource
[Info   :Zeepkist GTR] 18:47:54 Start processing HTTP request "POST" https://backend.zeepki.st/auth/refresh
[Info   :Zeepkist GTR] 18:47:54 Sending HTTP request "POST" https://backend.zeepki.st/auth/refresh
[Info   :Zeepkist GTR] 18:47:55 Received HTTP response headers after 646.4552ms - 200
[Info   :Zeepkist GTR] 18:47:55 End processing HTTP request after 646.936ms - 200
[Info   :Zeepkist GTR] 18:47:55 Start processing HTTP request "POST" https://backend.zeepki.st/record/submit
[Info   :Zeepkist GTR] 18:47:55 Sending HTTP request "POST" https://backend.zeepki.st/record/submit
[Info   :Zeepkist GTR] 18:47:56 Received HTTP response headers after 714.0197ms - 200
[Info   :Zeepkist GTR] 18:47:56 End processing HTTP request after 714.366ms - 200
[Info   :Zeepkist Bingo] [BINGO] === PLAYER SPAWNED ===
[Info   :Zeepkist Bingo] [BINGO] IsInActiveSession: False
[Info   :Zeepkist Bingo] [BINGO] Not in active session, skipping timer reset
[Info   :Zeepkist GTR] 18:47:56 Stopping existing recorder if any
[Info   :Zeepkist GTR] 18:47:56 Creating new recorder
[Info   :Zeepkist GTR] 18:47:56 Start processing HTTP request "POST" https://graphql.zeepki.st/
[Info   :Zeepkist GTR] 18:47:56 Sending HTTP request "POST" https://graphql.zeepki.st/
[Info   :Zeepkist GTR] 18:47:56 Start processing HTTP request "POST" https://graphql.zeepki.st/
[Info   :Zeepkist GTR] 18:47:56 Sending HTTP request "POST" https://graphql.zeepki.st/
[Info   :Zeepkist GTR] 18:47:57 Received HTTP response headers after 354.9317ms - 200
[Info   :Zeepkist GTR] 18:47:57 End processing HTTP request after 355.2424ms - 200
[Info   :Zeepkist GTR] 18:47:57 Received HTTP response headers after 359.3183ms - 200
[Info   :Zeepkist GTR] 18:47:57 End processing HTTP request after 359.5573ms - 200
[Info   :Zeepkist GTR] 18:47:57 Start processing HTTP request "POST" https://graphql.zeepki.st/
[Info   :Zeepkist GTR] 18:47:57 Sending HTTP request "POST" https://graphql.zeepki.st/
[Info   :Zeepkist GTR] 18:47:57 Received HTTP response headers after 176.9369ms - 200
[Info   :Zeepkist GTR] 18:47:57 End processing HTTP request after 177.1871ms - 200
[Info   :Zeepkist GTR] 18:47:58 Starting recorder
[Info   :Zeepkist GTR] 18:48:29 Discarding recorder
[Info   :COTDTracker] Running update tab leaderboard function
[Info   :COTDTracker] Running update tab leaderboard function
[Info   :COTDTracker] Doing eliminations with leaderboard:
[Info   :COTDTracker] Player [KBW] microways: Time: 31.65605
[Info   :COTDTracker] Player justMaki: Time: 31.82104
[Info   :COTDTracker] Player [ZET]Stick: Time: 31.89113
[Info   :COTDTracker] Player [EG]Victor: Time: 32.01879
[Info   :COTDTracker] Player [ZET] Wheelie: Time: 32.14457
[Info   :COTDTracker] Eliminated 0 DNF players
[Info   :COTDTracker] Eliminating on time: [ZET] Wheelie
[Info   :COTDTracker] Eliminating 1 players: 
[Info   :COTDTracker] [ZET] Wheelie
[Info   :Zeepkist Bingo] [CHAT] Intercepted message: gg
[Info   :Zeepkist Bingo] [CHAT] Not relaying - no bingo session
[Info   :COTDTracker] Kicking eliminated players
[Info   :Zeepkist Bingo] [BINGO] Level loaded
[Info   :Zeepkist GTR] 18:48:43 Start processing HTTP request "POST" https://backend.zeepki.st/level/request
[Info   :Zeepkist GTR] 18:48:43 Sending HTTP request "POST" https://backend.zeepki.st/level/request
[Info   :BetterSplits] getting gtr splits
[Info   :Zeepkist Bingo] [BINGO] === PLAYER SPAWNED ===
[Info   :Zeepkist Bingo] [BINGO] IsInActiveSession: False
[Info   :Zeepkist Bingo] [BINGO] Not in active session, skipping timer reset
[Info   :Zeepkist GTR] 18:48:43 Stopping existing recorder if any
[Info   :Zeepkist GTR] 18:48:43 Creating new recorder
[Info   :Zeepkist GTR] 18:48:43 Start processing HTTP request "POST" https://graphql.zeepki.st/
[Info   :Zeepkist GTR] 18:48:43 Sending HTTP request "POST" https://graphql.zeepki.st/
[Info   :Zeepkist GTR] 18:48:43 Start processing HTTP request "POST" https://graphql.zeepki.st/
[Info   :Zeepkist GTR] 18:48:43 Sending HTTP request "POST" https://graphql.zeepki.st/
[Info   :Zeepkist GTR] 18:48:44 Received HTTP response headers after 196.4301ms - 200
[Info   :Zeepkist GTR] 18:48:44 End processing HTTP request after 196.757ms - 200
[Info   :Zeepkist GTR] 18:48:44 Received HTTP response headers after 193.6536ms - 200
[Info   :Zeepkist GTR] 18:48:44 End processing HTTP request after 193.9705ms - 200
[Info   :Zeepkist GTR] 18:48:44 Received HTTP response headers after 214.1459ms - 200
[Info   :Zeepkist GTR] 18:48:44 End processing HTTP request after 214.4018ms - 200
[Info   :BetterSplits] got gtr splits
[Info   :Zeepkist Bingo] [CHAT] Intercepted message: 1 player eliminated: [ZET] Wheelie
[Info   :Zeepkist Bingo] [CHAT] Not relaying - no bingo session
[Info   :Zeepkist GTR] 18:48:45 Starting recorder
[Info   :COTDTracker] Running update tab leaderboard function
[Info   :RoundLeaderboardTab] Drawing leaderboard -> forwarding to Instance.DrawTabLeaderboard()
[Info   :ChampionshipLeaderboardTab] Drawing leaderboard -> forwarding to Instance.DrawTabLeaderboard()
[Info   :Zeepkist GTR] 18:48:48 Start processing HTTP request "POST" https://graphql.zeepki.st/
[Info   :Zeepkist GTR] 18:48:48 Sending HTTP request "POST" https://graphql.zeepki.st/
[Info   :Zeepkist GTR] 18:48:48 Received HTTP response headers after 180.8819ms - 200
[Info   :Zeepkist GTR] 18:48:48 End processing HTTP request after 181.3054ms - 200
[Info   :Zeepkist GTR] 18:48:48 Start processing HTTP request "POST" https://graphql.zeepki.st/
[Info   :Zeepkist GTR] 18:48:48 Sending HTTP request "POST" https://graphql.zeepki.st/
[Info   :Zeepkist GTR] 18:48:48 Received HTTP response headers after 177.3448ms - 200
[Info   :Zeepkist GTR] 18:48:48 End processing HTTP request after 177.6801ms - 200
[Info   :Zeepkist GTR] 18:48:48 Start processing HTTP request "POST" https://graphql.zeepki.st/
[Info   :Zeepkist GTR] 18:48:48 Sending HTTP request "POST" https://graphql.zeepki.st/
[Info   :Zeepkist GTR] 18:48:48 Received HTTP response headers after 184.329ms - 200
[Info   :Zeepkist GTR] 18:48:48 End processing HTTP request after 184.6585ms - 200
[Info   :COTDTracker] Running update tab leaderboard function
[Info   :RoundLeaderboardTab] Drawing leaderboard -> forwarding to Instance.DrawTabLeaderboard()
[Info   :ChampionshipLeaderboardTab] Drawing leaderboard -> forwarding to Instance.DrawTabLeaderboard()
[Info   :Zeepkist GTR] 18:48:52 Start processing HTTP request "POST" https://graphql.zeepki.st/
[Info   :Zeepkist GTR] 18:48:52 Sending HTTP request "POST" https://graphql.zeepki.st/
[Info   :Zeepkist GTR] 18:48:52 Received HTTP response headers after 181.7944ms - 200
[Info   :Zeepkist GTR] 18:48:52 End processing HTTP request after 182.1707ms - 200
[Info   :Zeepkist GTR] 18:48:52 Start processing HTTP request "POST" https://graphql.zeepki.st/
[Info   :Zeepkist GTR] 18:48:52 Sending HTTP request "POST" https://graphql.zeepki.st/
[Info   :Zeepkist GTR] 18:48:53 Received HTTP response headers after 183.7994ms - 200
[Info   :Zeepkist GTR] 18:48:53 End processing HTTP request after 184.2086ms - 200
[Info   :Zeepkist Bingo] [BINGO] === PLAYER SPAWNED ===
[Info   :Zeepkist Bingo] [BINGO] IsInActiveSession: False
[Info   :Zeepkist Bingo] [BINGO] Not in active session, skipping timer reset
[Info   :Zeepkist GTR] 18:48:55 Stopping existing recorder if any
[Info   :Zeepkist GTR] 18:48:55 Creating new recorder
[Info   :Zeepkist GTR] 18:48:55 Start processing HTTP request "POST" https://graphql.zeepki.st/
[Info   :Zeepkist GTR] 18:48:55 Sending HTTP request "POST" https://graphql.zeepki.st/
[Info   :Zeepkist GTR] 18:48:55 Start processing HTTP request "POST" https://graphql.zeepki.st/
[Info   :Zeepkist GTR] 18:48:55 Sending HTTP request "POST" https://graphql.zeepki.st/
[Info   :Zeepkist GTR] 18:48:55 Received HTTP response headers after 182.6852ms - 200
[Info   :Zeepkist GTR] 18:48:55 End processing HTTP request after 182.9901ms - 200
[Info   :Zeepkist GTR] 18:48:55 Received HTTP response headers after 197.8765ms - 200
[Info   :Zeepkist GTR] 18:48:55 End processing HTTP request after 198.1528ms - 200
[Info   :Zeepkist GTR] 18:48:57 Starting recorder
[Info   :COTDTracker] Running update tab leaderboard function
[Info   :RoundLeaderboardTab] Drawing leaderboard -> forwarding to Instance.DrawTabLeaderboard()
[Info   :ChampionshipLeaderboardTab] Drawing leaderboard -> forwarding to Instance.DrawTabLeaderboard()
[Info   :Zeepkist GTR] 18:48:59 Start processing HTTP request "POST" https://graphql.zeepki.st/
[Info   :Zeepkist GTR] 18:48:59 Sending HTTP request "POST" https://graphql.zeepki.st/
[Info   :Zeepkist GTR] 18:48:59 Received HTTP response headers after 194.7621ms - 200
[Info   :Zeepkist GTR] 18:48:59 End processing HTTP request after 195.0701ms - 200
[Info   :Zeepkist GTR] 18:48:59 Start processing HTTP request "POST" https://graphql.zeepki.st/
[Info   :Zeepkist GTR] 18:48:59 Sending HTTP request "POST" https://graphql.zeepki.st/
[Info   :Zeepkist GTR] 18:48:59 Received HTTP response headers after 188.6945ms - 200
[Info   :Zeepkist GTR] 18:48:59 End processing HTTP request after 188.9955ms - 200
[Info   :COTDTracker] Running update tab leaderboard function
[Info   :COTDTracker] Running update tab leaderboard function
[Info   :Zeepkist Bingo] [BINGO] === PLAYER SPAWNED ===
[Info   :Zeepkist Bingo] [BINGO] IsInActiveSession: False
[Info   :Zeepkist Bingo] [BINGO] Not in active session, skipping timer reset
[Info   :Zeepkist GTR] 18:50:49 Stopping existing recorder if any
[Info   :Zeepkist GTR] 18:50:49 Creating new recorder
[Info   :Zeepkist GTR] 18:50:49 Start processing HTTP request "POST" https://graphql.zeepki.st/
[Info   :Zeepkist GTR] 18:50:49 Sending HTTP request "POST" https://graphql.zeepki.st/
[Info   :Zeepkist GTR] 18:50:49 Start processing HTTP request "POST" https://graphql.zeepki.st/
[Info   :Zeepkist GTR] 18:50:49 Sending HTTP request "POST" https://graphql.zeepki.st/
[Info   :Zeepkist GTR] 18:50:50 Received HTTP response headers after 309.3768ms - 200
[Info   :Zeepkist GTR] 18:50:50 End processing HTTP request after 309.7019ms - 200
[Info   :Zeepkist GTR] 18:50:50 Received HTTP response headers after 317.1684ms - 200
[Info   :Zeepkist GTR] 18:50:50 End processing HTTP request after 317.4147ms - 200
[Info   :Zeepkist GTR] 18:50:51 Starting recorder
[Info   :Zeepkist GTR] 18:51:42 Discarding recorder
[Info   :COTDTracker] Doing eliminations with leaderboard:
[Info   :COTDTracker] Player [KBW] microways: Time: 42.8903
[Info   :COTDTracker] Player justMaki: Time: 43.27332
[Info   :COTDTracker] Player [EG]Victor: Time: 46.72942
[Info   :COTDTracker] Player [ZET]Stick: Time: 47.36135
[Info   :COTDTracker] Eliminated 0 DNF players
[Info   :COTDTracker] Eliminating on time: [ZET]Stick
[Info   :COTDTracker] Eliminating 1 players: 
[Info   :COTDTracker] [ZET]Stick
[Info   :COTDTracker] Kicking eliminated players
[Info   :Zeepkist Bingo] [BINGO] Level loaded
[Info   :Zeepkist GTR] 18:51:57 Start processing HTTP request "POST" https://backend.zeepki.st/level/request
[Info   :Zeepkist GTR] 18:51:57 Sending HTTP request "POST" https://backend.zeepki.st/level/request
[Info   :BetterSplits] getting gtr splits
[Info   :Zeepkist Bingo] [BINGO] === PLAYER SPAWNED ===
[Info   :Zeepkist Bingo] [BINGO] IsInActiveSession: False
[Info   :Zeepkist Bingo] [BINGO] Not in active session, skipping timer reset
[Info   :Zeepkist GTR] 18:51:57 Stopping existing recorder if any
[Info   :Zeepkist GTR] 18:51:57 Creating new recorder
[Info   :Zeepkist GTR] 18:51:57 Start processing HTTP request "POST" https://graphql.zeepki.st/
[Info   :Zeepkist GTR] 18:51:57 Sending HTTP request "POST" https://graphql.zeepki.st/
[Info   :Zeepkist GTR] 18:51:57 Start processing HTTP request "POST" https://graphql.zeepki.st/
[Info   :Zeepkist GTR] 18:51:57 Sending HTTP request "POST" https://graphql.zeepki.st/
[Info   :Zeepkist GTR] 18:51:57 Received HTTP response headers after 193.8278ms - 200
[Info   :Zeepkist GTR] 18:51:57 Received HTTP response headers after 194.3796ms - 200
[Info   :Zeepkist GTR] 18:51:57 End processing HTTP request after 194.0594ms - 200
[Info   :Zeepkist GTR] 18:51:57 End processing HTTP request after 194.6457ms - 200
[Info   :Zeepkist GTR] 18:51:57 Start processing HTTP request "POST" https://graphql.zeepki.st/
[Info   :Zeepkist GTR] 18:51:57 Sending HTTP request "POST" https://graphql.zeepki.st/
[Info   :Zeepkist GTR] 18:51:57 Received HTTP response headers after 435.9196ms - 200
[Info   :Zeepkist GTR] 18:51:57 End processing HTTP request after 436.203ms - 200
[Info   :BetterSplits] got gtr splits
[Info   :Zeepkist Bingo] [CHAT] Intercepted message: 1 player eliminated: [ZET]Stick
[Info   :Zeepkist Bingo] [CHAT] Not relaying - no bingo session
[Info   :Zeepkist GTR] 18:51:57 Received HTTP response headers after 194.3618ms - 200
[Info   :Zeepkist GTR] 18:51:57 End processing HTTP request after 194.6367ms - 200
[Info   :Zeepkist GTR] 18:51:59 Starting recorder
[Info   :COTDTracker] Running update tab leaderboard function
[Info   :RoundLeaderboardTab] Drawing leaderboard -> forwarding to Instance.DrawTabLeaderboard()
[Info   :ChampionshipLeaderboardTab] Drawing leaderboard -> forwarding to Instance.DrawTabLeaderboard()
[Info   :Zeepkist GTR] 18:52:07 Start processing HTTP request "POST" https://graphql.zeepki.st/
[Info   :Zeepkist GTR] 18:52:07 Sending HTTP request "POST" https://graphql.zeepki.st/
[Info   :Zeepkist GTR] 18:52:07 Received HTTP response headers after 197.2343ms - 200
[Info   :Zeepkist GTR] 18:52:07 End processing HTTP request after 197.5275ms - 200
[Info   :Zeepkist GTR] 18:52:07 Start processing HTTP request "POST" https://graphql.zeepki.st/
[Info   :Zeepkist GTR] 18:52:07 Sending HTTP request "POST" https://graphql.zeepki.st/
[Info   :Zeepkist GTR] 18:52:07 Received HTTP response headers after 198.9889ms - 200
[Info   :Zeepkist GTR] 18:52:07 End processing HTTP request after 199.2829ms - 200
[Info   :Zeepkist GTR] 18:52:07 Start processing HTTP request "POST" https://graphql.zeepki.st/
[Info   :Zeepkist GTR] 18:52:07 Sending HTTP request "POST" https://graphql.zeepki.st/
[Info   :Zeepkist GTR] 18:52:07 Received HTTP response headers after 215.883ms - 200
[Info   :Zeepkist GTR] 18:52:07 End processing HTTP request after 216.1912ms - 200
[Info   :Zeepkist GTR] 18:52:16 Start processing HTTP request "POST" https://graphql.zeepki.st/
[Info   :Zeepkist GTR] 18:52:16 Sending HTTP request "POST" https://graphql.zeepki.st/
[Info   :Zeepkist GTR] 18:52:16 Received HTTP response headers after 179.9181ms - 200
[Info   :Zeepkist GTR] 18:52:16 End processing HTTP request after 180.2412ms - 200
[Info   :COTDTracker] Running update tab leaderboard function
[Info   :RoundLeaderboardTab] Drawing leaderboard -> forwarding to Instance.DrawTabLeaderboard()
[Info   :ChampionshipLeaderboardTab] Drawing leaderboard -> forwarding to Instance.DrawTabLeaderboard()
[Info   :Zeepkist GTR] 18:53:50 Start processing HTTP request "POST" https://graphql.zeepki.st/
[Info   :Zeepkist GTR] 18:53:50 Sending HTTP request "POST" https://graphql.zeepki.st/
[Info   :Zeepkist GTR] 18:53:51 Received HTTP response headers after 372.2483ms - 200
[Info   :Zeepkist GTR] 18:53:51 End processing HTTP request after 372.5455ms - 200
[Info   :Zeepkist GTR] 18:53:51 Start processing HTTP request "POST" https://graphql.zeepki.st/
[Info   :Zeepkist GTR] 18:53:51 Sending HTTP request "POST" https://graphql.zeepki.st/
[Info   :Zeepkist GTR] 18:53:51 Received HTTP response headers after 181.3459ms - 200
[Info   :Zeepkist GTR] 18:53:51 End processing HTTP request after 181.6407ms - 200
[Info   :Zeepkist Bingo] [CHAT] Intercepted message: o7
[Info   :Zeepkist Bingo] [CHAT] Not relaying - no bingo session
[Info   :Zeepkist GTR] 18:54:55 Discarding recorder
[Info   :COTDTracker] Doing eliminations with leaderboard:
[Info   :COTDTracker] Player justMaki: Time: 39.8803
[Info   :COTDTracker] Player [KBW] microways: Time: 39.95387
[Info   :COTDTracker] Player [EG]Victor: Time: DNF
[Info   :COTDTracker] Eliminating DNF: [EG]Victor
[Info   :COTDTracker] Eliminated 1 DNF players
[Info   :COTDTracker] Eliminating 1 players: 
[Info   :COTDTracker] [EG]Victor
[Info   :COTDTracker] Kicking eliminated players
[Info   :Zeepkist Bingo] [BINGO] Level loaded
[Info   :Zeepkist GTR] 18:55:09 Start processing HTTP request "POST" https://backend.zeepki.st/level/request
[Info   :Zeepkist GTR] 18:55:09 Sending HTTP request "POST" https://backend.zeepki.st/level/request
[Info   :BetterSplits] getting gtr splits
[Info   :Zeepkist Bingo] [BINGO] === PLAYER SPAWNED ===
[Info   :Zeepkist Bingo] [BINGO] IsInActiveSession: False
[Info   :Zeepkist Bingo] [BINGO] Not in active session, skipping timer reset
[Info   :Zeepkist GTR] 18:55:09 Stopping existing recorder if any
[Info   :Zeepkist GTR] 18:55:09 Creating new recorder
[Info   :Zeepkist GTR] 18:55:09 Start processing HTTP request "POST" https://graphql.zeepki.st/
[Info   :Zeepkist GTR] 18:55:09 Sending HTTP request "POST" https://graphql.zeepki.st/
[Info   :Zeepkist GTR] 18:55:09 Start processing HTTP request "POST" https://graphql.zeepki.st/
[Info   :Zeepkist GTR] 18:55:09 Sending HTTP request "POST" https://graphql.zeepki.st/
[Info   :Zeepkist GTR] 18:55:10 Received HTTP response headers after 195.8099ms - 200
[Info   :Zeepkist GTR] 18:55:10 End processing HTTP request after 196.0945ms - 200
[Info   :BetterSplits] got gtr splits
[Info   :Zeepkist GTR] 18:55:10 Received HTTP response headers after 486.8438ms - 200
[Info   :Zeepkist GTR] 18:55:10 End processing HTTP request after 487.0898ms - 200
[Info   :Zeepkist Bingo] [CHAT] Intercepted message: 1 player eliminated: [EG]Victor
[Info   :Zeepkist Bingo] [CHAT] Not relaying - no bingo session
[Info   :Zeepkist GTR] 18:55:10 Received HTTP response headers after 577.004ms - 200
[Info   :Zeepkist GTR] 18:55:10 End processing HTTP request after 577.2585ms - 200
[Info   :Zeepkist GTR] 18:55:10 Start processing HTTP request "POST" https://graphql.zeepki.st/
[Info   :Zeepkist GTR] 18:55:10 Sending HTTP request "POST" https://graphql.zeepki.st/
[Info   :Zeepkist GTR] 18:55:10 Received HTTP response headers after 184.52ms - 200
[Info   :Zeepkist GTR] 18:55:10 End processing HTTP request after 184.9372ms - 200
[Info   :Zeepkist GTR] 18:55:11 Starting recorder
[Info   :COTDTracker] Running update tab leaderboard function
[Info   :RoundLeaderboardTab] Drawing leaderboard -> forwarding to Instance.DrawTabLeaderboard()
[Info   :ChampionshipLeaderboardTab] Drawing leaderboard -> forwarding to Instance.DrawTabLeaderboard()
[Info   :Zeepkist GTR] 18:56:59 Start processing HTTP request "POST" https://graphql.zeepki.st/
[Info   :Zeepkist GTR] 18:56:59 Sending HTTP request "POST" https://graphql.zeepki.st/
[Info   :Zeepkist GTR] 18:57:00 Received HTTP response headers after 711.2578ms - 200
[Info   :Zeepkist GTR] 18:57:00 End processing HTTP request after 711.6172ms - 200
[Info   :Zeepkist GTR] 18:57:00 Start processing HTTP request "POST" https://graphql.zeepki.st/
[Info   :Zeepkist GTR] 18:57:00 Sending HTTP request "POST" https://graphql.zeepki.st/
[Info   :Zeepkist GTR] 18:57:00 Received HTTP response headers after 271.6664ms - 200
[Info   :Zeepkist GTR] 18:57:00 End processing HTTP request after 271.9738ms - 200
[Info   :Zeepkist GTR] 18:57:00 Start processing HTTP request "POST" https://graphql.zeepki.st/
[Info   :Zeepkist GTR] 18:57:00 Sending HTTP request "POST" https://graphql.zeepki.st/
[Info   :Zeepkist GTR] 18:57:00 Received HTTP response headers after 206.853ms - 200
[Info   :Zeepkist GTR] 18:57:00 End processing HTTP request after 207.224ms - 200
[Info   :Zeepkist Bingo] [CHAT] Intercepted message: gg
[Info   :Zeepkist Bingo] [CHAT] Not relaying - no bingo session
[Info   :Zeepkist GTR] 18:58:08 Discarding recorder
[Info   :COTDTracker] Doing eliminations with leaderboard:
[Info   :COTDTracker] Player justMaki: Time: 36.17667
[Info   :COTDTracker] Player [KBW] microways: Time: 36.87535
[Info   :COTDTracker] Eliminated 0 DNF players
[Info   :COTDTracker] Eliminating on time: [KBW] microways
[Info   :COTDTracker] Eliminating 1 players: 
[Info   :COTDTracker] [KBW] microways
[Info   :COTDTracker] Kicking eliminated players
[Info   :Zeepkist Bingo] [BINGO] Level loaded
[Info   :Zeepkist GTR] 18:58:22 Start processing HTTP request "POST" https://backend.zeepki.st/level/request
[Info   :Zeepkist GTR] 18:58:22 Sending HTTP request "POST" https://backend.zeepki.st/level/request
[Info   :BetterSplits] getting gtr splits
[Info   :Zeepkist Bingo] [BINGO] === PLAYER SPAWNED ===
[Info   :Zeepkist Bingo] [BINGO] IsInActiveSession: False
[Info   :Zeepkist Bingo] [BINGO] Not in active session, skipping timer reset
[Info   :Zeepkist GTR] 18:58:22 Stopping existing recorder if any
[Info   :Zeepkist GTR] 18:58:22 Creating new recorder
[Info   :Zeepkist GTR] 18:58:22 Start processing HTTP request "POST" https://graphql.zeepki.st/
[Info   :Zeepkist GTR] 18:58:22 Sending HTTP request "POST" https://graphql.zeepki.st/
[Info   :Zeepkist GTR] 18:58:22 Start processing HTTP request "POST" https://graphql.zeepki.st/
[Info   :Zeepkist GTR] 18:58:22 Sending HTTP request "POST" https://graphql.zeepki.st/
[Info   :Zeepkist GTR] 18:58:23 Received HTTP response headers after 350.2897ms - 200
[Info   :Zeepkist GTR] 18:58:23 End processing HTTP request after 350.6315ms - 200
[Info   :Zeepkist Bingo] [CHAT] Intercepted message: 1 player eliminated: [KBW] microways
[Info   :Zeepkist Bingo] [CHAT] Not relaying - no bingo session
[Info   :Zeepkist GTR] 18:58:23 Received HTTP response headers after 725.2868ms - 200
[Info   :Zeepkist GTR] 18:58:23 End processing HTTP request after 725.5669ms - 200
[Info   :Zeepkist GTR] 18:58:23 Received HTTP response headers after 724.9294ms - 200
[Info   :Zeepkist GTR] 18:58:23 End processing HTTP request after 725.1561ms - 200
[Info   :Zeepkist GTR] 18:58:23 Start processing HTTP request "POST" https://graphql.zeepki.st/
[Info   :Zeepkist GTR] 18:58:23 Sending HTTP request "POST" https://graphql.zeepki.st/
[Info   :BetterSplits] got gtr splits
[Info   :Zeepkist GTR] 18:58:23 Received HTTP response headers after 201.446ms - 200
[Info   :Zeepkist GTR] 18:58:23 End processing HTTP request after 201.7531ms - 200
[Info   :Zeepkist GTR] 18:58:24 Starting recorder
[Info   :COTDTracker] Running update tab leaderboard function
[Error  :     TeamX]  [TEAMX] Operation failed: Client is already disconnected.
[Info   :Zeepkist Bingo] [BINGO] Application quitting - force disposing WebSocket
[Info   :Zeepkist Bingo] [WEBSOCKET] Force disposed
[Info   :Zeepkist Bingo] [WEBSOCKET] Force disposed
