[Message:   BepInEx] BepInEx 5.4.22.0 - Zeepkist (1/15/2026 3:08:57 PM)
[Info   :   BepInEx] Running under Unity v2021.3.10.1867021
[Info   :   BepInEx] CLR runtime version: 4.0.30319.42000
[Info   :   BepInEx] Supports SRE: True
[Info   :   BepInEx] System platform: Bits64, Windows
[Message:   BepInEx] Preloader started
[Info   :   BepInEx] Loaded 1 patcher method from [BepInEx.Preloader 5.4.22.0]
[Info   :   BepInEx] 1 patcher plugin loaded
[Info   :   BepInEx] Patching [UnityEngine.CoreModule] with [BepInEx.Chainloader]
[Message:   BepInEx] Preloader finished
[Message:   BepInEx] Chainloader ready
[Message:   BepInEx] Chainloader started
[Info   :   BepInEx] 10 plugins to load
[Info   :   BepInEx] Loading [Zeep SDK 2.2.0]
[Info   :  Zeep SDK] Plugin ZeepSDK is loaded!
[Info   :   BepInEx] Loading [AuthorTimeHunting 1.17.4]
[Info   :AuthorTimeHunting] StateMachine: Transitioning from null to StateMasterOff
[Info   :AuthorTimeHunting] Plugin AuthorTimeHunting is loaded!
[Info   :   BepInEx] Loading [BetterSplits 0.2.2]
[Info   :BetterSplits] Plugin BetterSplits is loaded!
[Info   :   BepInEx] Loading [FastStart 1.0.0]
[Info   : FastStart] Plugin FastStart is loaded!
[Info   :   BepInEx] Loading [Zeepkist Bingo 1.1.5]
[Info   :Zeepkist Bingo] Zeepkist Bingo v1.1.5 is loading...
[Info   :Zeepkist Bingo] [BINGO] Loaded 0 muted players
[Info   :Zeepkist Bingo] [BingoTTS] Initialized. Cache: C:/Users/joshs/AppData/Local/Temp/Steelpan Interactive/Zeepkist\ZeepkistBingo_TTS
[Info   :Zeepkist Bingo] [BingoTTS] Available voices: Microsoft David Desktop, Microsoft Zira Desktop
[Info   :Zeepkist Bingo] [BINGO UI] Menu initialized
[Info   :Zeepkist Bingo] [BINGO UI] Mini board initialized
[Info   :Zeepkist Bingo] [BINGO UI] Team status initialized
[Info   :Zeepkist Bingo] [BINGO] V2 UI components initialized
[Info   :Zeepkist Bingo] [InstantLoader] Initialized
[Info   :Zeepkist Bingo] Bingo commands registered
[Info   :Zeepkist Bingo] [BINGO TEST] Test commands registered (/bt0 - /bt50)
[Info   :Zeepkist Bingo] Event hooks registered
[Info   :Zeepkist Bingo] [WEBSOCKET] Base URL set to: wss://zeepkist-bingo.chrisleiter.workers.dev
[Info   :Zeepkist Bingo] Zeepkist Bingo loaded successfully!
[Info   :   BepInEx] Loading [COTDTracker 0.11.1]
[Info   :COTDTracker] Plugin COTDTracker is loaded!
[Info   :   BepInEx] Loading [Level Editor Trails 4.0.2]
[Info   :Level Editor Trails] Plugin LevelEditorTrails is loaded!
[Info   :   BepInEx] Loading [Zeepkist GTR 0.40.3]
[Info   :   BepInEx] Loading [Medal Times 5.3.1]
[Info   :Medal Times] Plugin net.tnrd.zeepkist.medaltimes is loaded!
[Info   :   BepInEx] Loading [ZeepTourney 0.0.9]
[Info   :ZeepTourney] Plugin ZeepTourney is loaded!
[Message:   BepInEx] Chainloader startup complete
[Info   :AuthorTimeHunting] GraphQL client initialized.
[Info   :Zeepkist Bingo] [BINGO AUDIO] Generating custom sounds...
[Info   :Zeepkist Bingo] [BINGO AUDIO] All custom sounds generated!
[Info   :Zeepkist Bingo] [BINGO AUDIO] Custom FMOD audio system initialized!
[Info   :Zeepkist GTR] 17:54:46 Patching
[Info   :Zeepkist GTR] 17:54:47 Found 17 eager services
[Info   :Zeepkist GTR] 17:54:47 Application started. Press Ctrl+C to shut down.
[Info   :Zeepkist GTR] 17:54:47 Hosting environment: "Production"
[Info   :Zeepkist GTR] 17:54:47 Content root path: "C:\Program Files (x86)\Steam\steamapps\common\Zeepkist\BepInEx\plugins\Mods\2948039_6688852"
[Info   :Zeepkist GTR] Plugin net.tnrd.zeepkist.gtr is loaded!
[Info   :AuthorTimeHunting] Successfully retrieved 5 random levels
[Info   :Zeepkist GTR] 17:55:18 Start processing HTTP request "POST" "https://backend.zeepki.st/auth/login"
[Info   :Zeepkist GTR] 17:55:18 Sending HTTP request "POST" "https://backend.zeepki.st/auth/login"
[Info   :CrashlyticsApi] Initializing bugsnag
[Info   :CrashlyticsApi] Bugsnag initialized
[Info   :Zeepkist GTR] 17:55:19 Received HTTP response headers after 1709.2823ms - 200
[Info   :Zeepkist GTR] 17:55:19 End processing HTTP request after 1719.3849ms - 200
[Info   :Zeepkist Bingo] [BINGO] Level loaded
[Info   :BetterSplits] getting gtr splits
[Info   :Zeepkist Bingo] [BINGO] === PLAYER SPAWNED ===
[Info   :Zeepkist Bingo] [BINGO] IsInActiveSession: False
[Info   :Zeepkist Bingo] [BINGO] Not in active session, skipping timer reset
[Info   :Zeepkist GTR] 17:55:48 Loading personal best...
[Info   :Zeepkist GTR] 17:55:48 Start processing HTTP request "POST" "https://graphql.zeepki.st/"
[Info   :Zeepkist GTR] 17:55:48 Sending HTTP request "POST" "https://graphql.zeepki.st/"
[Info   :Zeepkist GTR] 17:55:48 Stopping existing recorder if any
[Info   :Zeepkist GTR] 17:55:48 Creating new recorder
[Info   :Zeepkist GTR] 17:55:48 Start processing HTTP request "POST" "https://graphql.zeepki.st/"
[Info   :Zeepkist GTR] 17:55:48 Sending HTTP request "POST" "https://graphql.zeepki.st/"
[Info   :Zeepkist GTR] 17:55:48 Start processing HTTP request "POST" "https://graphql.zeepki.st/"
[Info   :Zeepkist GTR] 17:55:48 Sending HTTP request "POST" "https://graphql.zeepki.st/"
[Error  :BetterSplits] could not get splits
Response: StatusCode: 400, ReasonPhrase: 'Bad Request', Version: 1.1, Content: System.Net.Http.StreamContent, Headers:
{
Date: Fri, 15 May 2026 22:55:49 GMT
Connection: keep-alive
access-control-allow-headers: Origin, X-Requested-With, Accept, Authorization, X-Apollo-Tracing, Content-Type, Content-Length, X-PostGraphile-Explain
access-control-allow-methods: HEAD, GET, POST
access-control-allow-origin: *
access-control-expose-headers: X-GraphQL-Event-Stream
alt-svc: h3=":443"; ma=86400
vary: Origin
via: 1.1 Caddy
x-graphql-event-stream: /stream
x-query-cost: 115
cf-cache-status: DYNAMIC
x-xss-protection: 1; mode=block
Strict-Transport-Security: max-age=15552000; includeSubDomains; preload
x-content-type-options: nosniff
Server-Timing: cfCacheStatus;desc="DYNAMIC", cfEdge;dur=20,cfOrigin;dur=131
Report-To: {"group":"cf-nel","max_age":604800,"endpoints":[{"url":"https://a.nel.cloudflare.com/report/v4?s=ZRDOEcf2ua3NZ1%2FZGvmwT6xk84sbIK%2FMm5PByA5XvK2Ru4Rtf4DuZdc0%2FahvvDPmwyR2NpH08MXGejARyI8SJUSIY3F8gHUujBkfhkyv%2BBEBLdfW%2BH%2B9Elkeb3Ro%2BG9JwU38Wdl%2FizDJbNe3bf7PoQ%3D%3D"}]}
Nel: {"report_to":"cf-nel","success_fraction":0.0,"max_age":604800}
expect-ct: max-age=86400, enforce
referrer-policy: same-origin
x-frame-options: SAMEORIGIN
Server: cloudflare
CF-RAY: 9fc5bb7e2c67a1df-MSP
Content-Type: application/json; charset=utf-8
Content-Length: 172
} 
Content: {"errors":[{"message":"Cannot query field \"personalBestGlobalsByIdLevel\" on type \"Level\". Did you mean \"personalBestGlobals\"?","locations":[{"line":1,"column":87}]}]}
Url: https://graphql.zeepki.st
Request: {"query":"query BetterSplitsPB($hash: String!, $steamId: BigFloat) { levelByHash(hash: $hash) { personalBestGlobalsByIdLevel(filter: {userByIdUser: {steamId: {equalTo: $steamId}}}) { nodes { recordByIdRecord { speeds splits time }}}}}","variables":{"hash":"ea1","steamId":"76561199218214543"}}
[Info   :Zeepkist GTR] 17:55:49 Received HTTP response headers after 269.4461ms - 200
[Info   :Zeepkist GTR] 17:55:49 End processing HTTP request after 269.6656ms - 200
[Info   :Zeepkist GTR] 17:55:49 Received HTTP response headers after 342.351ms - 200
[Info   :Zeepkist GTR] 17:55:49 End processing HTTP request after 342.6021ms - 200
[Info   :Zeepkist GTR] 17:55:49 Received HTTP response headers after 470.4505ms - 200
[Info   :Zeepkist GTR] 17:55:49 End processing HTTP request after 470.6669ms - 200
[Info   :Zeepkist GTR] 17:55:49 Ghost version: 5
[Info   :Zeepkist GTR] 17:55:49 Start processing HTTP request "POST" "https://graphql.zeepki.st/"
[Info   :Zeepkist GTR] 17:55:49 Sending HTTP request "POST" "https://graphql.zeepki.st/"
[Info   :Zeepkist GTR] 17:55:49 Received HTTP response headers after 193.7713ms - 200
[Info   :Zeepkist GTR] 17:55:49 End processing HTTP request after 194.0133ms - 200
[Info   :Zeepkist GTR] 17:55:50 Starting recorder
[Info   :Zeepkist GTR] 17:59:04 Discarding recorder
[Info   :RoundLeaderboardTab] Drawing leaderboard -> forwarding to Instance.DrawTabLeaderboard()
[Info   :Zeepkist Bingo] [BINGO] Level loaded
[Info   :BetterSplits] getting gtr splits
[Info   :Zeepkist Bingo] [BINGO] === PLAYER SPAWNED ===
[Info   :Zeepkist Bingo] [BINGO] IsInActiveSession: False
[Info   :Zeepkist Bingo] [BINGO] Not in active session, skipping timer reset
[Info   :Zeepkist GTR] 17:59:18 Loading personal best...
[Info   :Zeepkist GTR] 17:59:18 Start processing HTTP request "POST" "https://graphql.zeepki.st/"
[Info   :Zeepkist GTR] 17:59:18 Sending HTTP request "POST" "https://graphql.zeepki.st/"
[Info   :Zeepkist GTR] 17:59:18 Stopping existing recorder if any
[Info   :Zeepkist GTR] 17:59:18 Creating new recorder
[Info   :Zeepkist GTR] 17:59:18 Start processing HTTP request "POST" "https://graphql.zeepki.st/"
[Info   :Zeepkist GTR] 17:59:18 Sending HTTP request "POST" "https://graphql.zeepki.st/"
[Info   :Zeepkist GTR] 17:59:18 Start processing HTTP request "POST" "https://graphql.zeepki.st/"
[Info   :Zeepkist GTR] 17:59:18 Sending HTTP request "POST" "https://graphql.zeepki.st/"
[Error  :BetterSplits] could not get splits
Response: StatusCode: 400, ReasonPhrase: 'Bad Request', Version: 1.1, Content: System.Net.Http.StreamContent, Headers:
{
Date: Fri, 15 May 2026 22:59:19 GMT
Connection: keep-alive
access-control-allow-headers: Origin, X-Requested-With, Accept, Authorization, X-Apollo-Tracing, Content-Type, Content-Length, X-PostGraphile-Explain
access-control-allow-methods: HEAD, GET, POST
access-control-allow-origin: *
access-control-expose-headers: X-GraphQL-Event-Stream
alt-svc: h3=":443"; ma=86400
vary: Origin
via: 1.1 Caddy
x-graphql-event-stream: /stream
x-query-cost: 115
cf-cache-status: DYNAMIC
x-xss-protection: 1; mode=block
Strict-Transport-Security: max-age=15552000; includeSubDomains; preload
x-content-type-options: nosniff
Server-Timing: cfCacheStatus;desc="DYNAMIC", cfEdge;dur=29,cfOrigin;dur=132
Report-To: {"group":"cf-nel","max_age":604800,"endpoints":[{"url":"https://a.nel.cloudflare.com/report/v4?s=MEFKKK0Kopc26aqPbkddA3MSHIn28hFZyPzCZPjfM7rXQNd4EuxLhV0sGKRDf5mRseJLaKLzjElwRcrO3xBCd%2FssWR0Sof62F%2BOw6wl17ToYeFtsMaxzLImGAVYh0ib8gboEyrXUyaex%2BToJI%2FzCkQ%3D%3D"}]}
Nel: {"report_to":"cf-nel","success_fraction":0.0,"max_age":604800}
expect-ct: max-age=86400, enforce
referrer-policy: same-origin
x-frame-options: SAMEORIGIN
Server: cloudflare
CF-RAY: 9fc5c09f1975a1c9-MSP
Content-Type: application/json; charset=utf-8
Content-Length: 172
} 
Content: {"errors":[{"message":"Cannot query field \"personalBestGlobalsByIdLevel\" on type \"Level\". Did you mean \"personalBestGlobals\"?","locations":[{"line":1,"column":87}]}]}
Url: https://graphql.zeepki.st
Request: {"query":"query BetterSplitsPB($hash: String!, $steamId: BigFloat) { levelByHash(hash: $hash) { personalBestGlobalsByIdLevel(filter: {userByIdUser: {steamId: {equalTo: $steamId}}}) { nodes { recordByIdRecord { speeds splits time }}}}}","variables":{"hash":"8A2FD79AD5AAA82235A309F2A027813B547ADB11-2","steamId":"76561199218214543"}}
[Info   :Zeepkist GTR] 17:59:18 Received HTTP response headers after 292.3573ms - 200
[Info   :Zeepkist GTR] 17:59:18 End processing HTTP request after 292.6634ms - 200
[Info   :Zeepkist GTR] 17:59:18 Received HTTP response headers after 316.9026ms - 200
[Info   :Zeepkist GTR] 17:59:19 End processing HTTP request after 317.1176ms - 200
[Info   :Zeepkist GTR] 17:59:19 Ghost version: 5
[Info   :Zeepkist GTR] 17:59:19 Received HTTP response headers after 491.7363ms - 200
[Info   :Zeepkist GTR] 17:59:19 End processing HTTP request after 491.9231ms - 200
[Info   :Zeepkist GTR] 17:59:19 Start processing HTTP request "POST" "https://graphql.zeepki.st/"
[Info   :Zeepkist GTR] 17:59:19 Sending HTTP request "POST" "https://graphql.zeepki.st/"
[Info   :Zeepkist GTR] 17:59:19 Received HTTP response headers after 191.333ms - 200
[Info   :Zeepkist GTR] 17:59:19 End processing HTTP request after 191.5388ms - 200
[Info   :Zeepkist GTR] 17:59:20 Starting recorder
[Info   :Zeepkist Bingo] [BINGO] === PLAYER SPAWNED ===
[Info   :Zeepkist Bingo] [BINGO] IsInActiveSession: False
[Info   :Zeepkist Bingo] [BINGO] Not in active session, skipping timer reset
[Info   :Zeepkist GTR] 17:59:28 Loading personal best...
[Info   :Zeepkist GTR] 17:59:28 Start processing HTTP request "POST" "https://graphql.zeepki.st/"
[Info   :Zeepkist GTR] 17:59:28 Sending HTTP request "POST" "https://graphql.zeepki.st/"
[Info   :Zeepkist GTR] 17:59:28 Stopping existing recorder if any
[Info   :Zeepkist GTR] 17:59:28 Creating new recorder
[Info   :Zeepkist GTR] 17:59:28 Start processing HTTP request "POST" "https://graphql.zeepki.st/"
[Info   :Zeepkist GTR] 17:59:28 Sending HTTP request "POST" "https://graphql.zeepki.st/"
[Info   :Zeepkist GTR] 17:59:28 Start processing HTTP request "POST" "https://graphql.zeepki.st/"
[Info   :Zeepkist GTR] 17:59:28 Sending HTTP request "POST" "https://graphql.zeepki.st/"
[Info   :Zeepkist GTR] 17:59:28 Received HTTP response headers after 190.8663ms - 200
[Info   :Zeepkist GTR] 17:59:28 End processing HTTP request after 191.129ms - 200
[Info   :Zeepkist GTR] 17:59:28 Received HTTP response headers after 196.7038ms - 200
[Info   :Zeepkist GTR] 17:59:28 End processing HTTP request after 196.9351ms - 200
[Info   :Zeepkist GTR] 17:59:28 Ghost version: 5
[Info   :Zeepkist GTR] 17:59:28 Received HTTP response headers after 393.7744ms - 200
[Info   :Zeepkist GTR] 17:59:28 End processing HTTP request after 393.978ms - 200
[Info   :Zeepkist GTR] 17:59:28 Start processing HTTP request "POST" "https://graphql.zeepki.st/"
[Info   :Zeepkist GTR] 17:59:28 Sending HTTP request "POST" "https://graphql.zeepki.st/"
[Info   :Zeepkist GTR] 17:59:29 Received HTTP response headers after 179.5692ms - 200
[Info   :Zeepkist GTR] 17:59:29 End processing HTTP request after 179.7884ms - 200
[Info   :Zeepkist GTR] 17:59:30 Starting recorder
[Info   :Zeepkist Bingo] [BINGO] === PLAYER SPAWNED ===
[Info   :Zeepkist Bingo] [BINGO] IsInActiveSession: False
[Info   :Zeepkist Bingo] [BINGO] Not in active session, skipping timer reset
[Info   :Zeepkist GTR] 17:59:33 Loading personal best...
[Info   :Zeepkist GTR] 17:59:33 Start processing HTTP request "POST" "https://graphql.zeepki.st/"
[Info   :Zeepkist GTR] 17:59:33 Sending HTTP request "POST" "https://graphql.zeepki.st/"
[Info   :Zeepkist GTR] 17:59:33 Stopping existing recorder if any
[Info   :Zeepkist GTR] 17:59:33 Creating new recorder
[Info   :Zeepkist GTR] 17:59:33 Start processing HTTP request "POST" "https://graphql.zeepki.st/"
[Info   :Zeepkist GTR] 17:59:33 Sending HTTP request "POST" "https://graphql.zeepki.st/"
[Info   :Zeepkist GTR] 17:59:33 Start processing HTTP request "POST" "https://graphql.zeepki.st/"
[Info   :Zeepkist GTR] 17:59:33 Sending HTTP request "POST" "https://graphql.zeepki.st/"
[Info   :Zeepkist GTR] 17:59:33 Received HTTP response headers after 200.3975ms - 200
[Info   :Zeepkist GTR] 17:59:33 Received HTTP response headers after 199.7521ms - 200
[Info   :Zeepkist GTR] 17:59:33 End processing HTTP request after 200.0576ms - 200
[Info   :Zeepkist GTR] 17:59:33 End processing HTTP request after 200.6333ms - 200
[Info   :Zeepkist GTR] 17:59:33 Ghost version: 5
[Info   :Zeepkist GTR] 17:59:33 Received HTTP response headers after 396.5198ms - 200
[Info   :Zeepkist GTR] 17:59:33 End processing HTTP request after 396.7181ms - 200
[Info   :Zeepkist GTR] 17:59:33 Start processing HTTP request "POST" "https://graphql.zeepki.st/"
[Info   :Zeepkist GTR] 17:59:33 Sending HTTP request "POST" "https://graphql.zeepki.st/"
[Info   :Zeepkist GTR] 17:59:34 Received HTTP response headers after 185.117ms - 200
[Info   :Zeepkist GTR] 17:59:34 End processing HTTP request after 185.4268ms - 200
[Info   :Zeepkist GTR] 17:59:35 Starting recorder
[Info   :Zeepkist Bingo] [BINGO] === PLAYER SPAWNED ===
[Info   :Zeepkist Bingo] [BINGO] IsInActiveSession: False
[Info   :Zeepkist Bingo] [BINGO] Not in active session, skipping timer reset
[Info   :Zeepkist GTR] 17:59:39 Loading personal best...
[Info   :Zeepkist GTR] 17:59:39 Start processing HTTP request "POST" "https://graphql.zeepki.st/"
[Info   :Zeepkist GTR] 17:59:39 Sending HTTP request "POST" "https://graphql.zeepki.st/"
[Info   :Zeepkist GTR] 17:59:39 Stopping existing recorder if any
[Info   :Zeepkist GTR] 17:59:39 Creating new recorder
[Info   :Zeepkist GTR] 17:59:39 Start processing HTTP request "POST" "https://graphql.zeepki.st/"
[Info   :Zeepkist GTR] 17:59:39 Sending HTTP request "POST" "https://graphql.zeepki.st/"
[Info   :Zeepkist GTR] 17:59:39 Start processing HTTP request "POST" "https://graphql.zeepki.st/"
[Info   :Zeepkist GTR] 17:59:39 Sending HTTP request "POST" "https://graphql.zeepki.st/"
[Info   :Zeepkist GTR] 17:59:39 Received HTTP response headers after 202.5044ms - 200
[Info   :Zeepkist GTR] 17:59:39 Received HTTP response headers after 202.0299ms - 200
[Info   :Zeepkist GTR] 17:59:39 End processing HTTP request after 202.7701ms - 200
[Info   :Zeepkist GTR] 17:59:39 End processing HTTP request after 202.1997ms - 200
[Info   :Zeepkist GTR] 17:59:39 Ghost version: 5
[Info   :Zeepkist GTR] 17:59:39 Received HTTP response headers after 392.1865ms - 200
[Info   :Zeepkist GTR] 17:59:39 End processing HTTP request after 392.3943ms - 200
[Info   :Zeepkist GTR] 17:59:39 Start processing HTTP request "POST" "https://graphql.zeepki.st/"
[Info   :Zeepkist GTR] 17:59:39 Sending HTTP request "POST" "https://graphql.zeepki.st/"
[Info   :Zeepkist GTR] 17:59:39 Received HTTP response headers after 195.8806ms - 200
[Info   :Zeepkist GTR] 17:59:39 End processing HTTP request after 196.1117ms - 200
[Info   :Zeepkist GTR] 17:59:41 Starting recorder
[Info   :Zeepkist GTR] 18:00:22 Stopping recorder
[Info   :Zeepkist GTR] 18:00:22 Collecting extra information
[Info   :Zeepkist GTR] 18:00:22 Processing ghost data
[Info   :Zeepkist GTR] 18:00:22 Creating stream
[Info   :Zeepkist GTR] 18:00:22 Writing to stream
[Info   :Zeepkist GTR] 18:00:22 Closing stream
[Info   :Zeepkist GTR] 18:00:22 Getting buffer
[Info   :Zeepkist GTR] 18:00:22 Converting to base64
[Info   :Zeepkist GTR] 18:00:22 Creating resource
[Info   :Zeepkist GTR] 18:00:22 Start processing HTTP request "POST" "https://backend.zeepki.st/auth/refresh"
[Info   :Zeepkist GTR] 18:00:22 Sending HTTP request "POST" "https://backend.zeepki.st/auth/refresh"
[Info   :Zeepkist Bingo] [BINGO] === PLAYER SPAWNED ===
[Info   :Zeepkist Bingo] [BINGO] IsInActiveSession: False
[Info   :Zeepkist Bingo] [BINGO] Not in active session, skipping timer reset
[Info   :Zeepkist GTR] 18:00:23 Loading personal best...
[Info   :Zeepkist GTR] 18:00:23 Start processing HTTP request "POST" "https://graphql.zeepki.st/"
[Info   :Zeepkist GTR] 18:00:23 Sending HTTP request "POST" "https://graphql.zeepki.st/"
[Info   :Zeepkist GTR] 18:00:23 Stopping existing recorder if any
[Info   :Zeepkist GTR] 18:00:23 Creating new recorder
[Info   :Zeepkist GTR] 18:00:23 Start processing HTTP request "POST" "https://graphql.zeepki.st/"
[Info   :Zeepkist GTR] 18:00:23 Sending HTTP request "POST" "https://graphql.zeepki.st/"
[Info   :Zeepkist GTR] 18:00:23 Start processing HTTP request "POST" "https://graphql.zeepki.st/"
[Info   :Zeepkist GTR] 18:00:23 Sending HTTP request "POST" "https://graphql.zeepki.st/"
[Info   :Zeepkist GTR] 18:00:23 Received HTTP response headers after 193.0361ms - 200
[Info   :Zeepkist GTR] 18:00:23 End processing HTTP request after 193.2974ms - 200
[Info   :Zeepkist GTR] 18:00:23 Received HTTP response headers after 197.1868ms - 200
[Info   :Zeepkist GTR] 18:00:23 End processing HTTP request after 197.3459ms - 200
[Info   :Zeepkist GTR] 18:00:23 Ghost version: 5
[Info   :Zeepkist GTR] 18:00:24 Received HTTP response headers after 387.6401ms - 200
[Info   :Zeepkist GTR] 18:00:24 End processing HTTP request after 387.8223ms - 200
[Info   :Zeepkist GTR] 18:00:24 Start processing HTTP request "POST" "https://graphql.zeepki.st/"
[Info   :Zeepkist GTR] 18:00:24 Sending HTTP request "POST" "https://graphql.zeepki.st/"
[Info   :Zeepkist GTR] 18:00:24 Received HTTP response headers after 191.4545ms - 200
[Info   :Zeepkist GTR] 18:00:24 End processing HTTP request after 191.6722ms - 200
[Info   :Zeepkist GTR] 18:00:25 Starting recorder
[Info   :Zeepkist GTR] 18:00:29 Received HTTP response headers after 7646.4203ms - 200
[Info   :Zeepkist GTR] 18:00:29 End processing HTTP request after 7646.6463ms - 200
[Info   :Zeepkist GTR] 18:00:29 Start processing HTTP request "POST" "https://backend.zeepki.st/record/submit"
[Info   :Zeepkist GTR] 18:00:29 Sending HTTP request "POST" "https://backend.zeepki.st/record/submit"
[Info   :Zeepkist GTR] 18:00:41 Received HTTP response headers after 11428.3335ms - 200
[Info   :Zeepkist GTR] 18:00:41 End processing HTTP request after 11428.5387ms - 200
[Info   :Zeepkist GTR] 18:01:05 Stopping recorder
[Info   :Zeepkist GTR] 18:01:05 Collecting extra information
[Info   :Zeepkist GTR] 18:01:05 Processing ghost data
[Info   :Zeepkist GTR] 18:01:05 Creating stream
[Info   :Zeepkist GTR] 18:01:05 Writing to stream
[Info   :Zeepkist GTR] 18:01:06 Closing stream
[Info   :Zeepkist GTR] 18:01:06 Getting buffer
[Info   :Zeepkist GTR] 18:01:06 Converting to base64
[Info   :Zeepkist GTR] 18:01:06 Creating resource
[Info   :Zeepkist GTR] 18:01:06 Start processing HTTP request "POST" "https://backend.zeepki.st/auth/refresh"
[Info   :Zeepkist GTR] 18:01:06 Sending HTTP request "POST" "https://backend.zeepki.st/auth/refresh"
[Info   :Zeepkist Bingo] [BINGO] === PLAYER SPAWNED ===
[Info   :Zeepkist Bingo] [BINGO] IsInActiveSession: False
[Info   :Zeepkist Bingo] [BINGO] Not in active session, skipping timer reset
[Info   :Zeepkist GTR] 18:01:07 Loading personal best...
[Info   :Zeepkist GTR] 18:01:07 Start processing HTTP request "POST" "https://graphql.zeepki.st/"
[Info   :Zeepkist GTR] 18:01:07 Sending HTTP request "POST" "https://graphql.zeepki.st/"
[Info   :Zeepkist GTR] 18:01:07 Stopping existing recorder if any
[Info   :Zeepkist GTR] 18:01:07 Creating new recorder
[Info   :Zeepkist GTR] 18:01:07 Start processing HTTP request "POST" "https://graphql.zeepki.st/"
[Info   :Zeepkist GTR] 18:01:07 Sending HTTP request "POST" "https://graphql.zeepki.st/"
[Info   :Zeepkist GTR] 18:01:07 Start processing HTTP request "POST" "https://graphql.zeepki.st/"
[Info   :Zeepkist GTR] 18:01:07 Sending HTTP request "POST" "https://graphql.zeepki.st/"
[Info   :Zeepkist GTR] 18:01:07 Received HTTP response headers after 210.9754ms - 200
[Info   :Zeepkist GTR] 18:01:07 Received HTTP response headers after 210.5127ms - 200
[Info   :Zeepkist GTR] 18:01:07 End processing HTTP request after 211.241ms - 200
[Info   :Zeepkist GTR] 18:01:07 End processing HTTP request after 210.7079ms - 200
[Info   :Zeepkist GTR] 18:01:07 Ghost version: 5
[Info   :Zeepkist GTR] 18:01:08 Received HTTP response headers after 395.13ms - 200
[Info   :Zeepkist GTR] 18:01:08 End processing HTTP request after 395.2849ms - 200
[Info   :Zeepkist GTR] 18:01:08 Start processing HTTP request "POST" "https://graphql.zeepki.st/"
[Info   :Zeepkist GTR] 18:01:08 Sending HTTP request "POST" "https://graphql.zeepki.st/"
[Info   :Zeepkist GTR] 18:01:08 Received HTTP response headers after 195.9439ms - 200
[Info   :Zeepkist GTR] 18:01:08 End processing HTTP request after 196.1842ms - 200
[Info   :Zeepkist GTR] 18:01:09 Starting recorder
[Info   :Zeepkist Bingo] [CHAT] Intercepted message: hi
[Info   :Zeepkist Bingo] [CHAT] Not relaying - no bingo session
[Info   :Zeepkist GTR] 18:01:15 Received HTTP response headers after 8964.6658ms - 200
[Info   :Zeepkist GTR] 18:01:15 End processing HTTP request after 8964.8597ms - 200
[Info   :Zeepkist GTR] 18:01:15 Start processing HTTP request "POST" "https://backend.zeepki.st/record/submit"
[Info   :Zeepkist GTR] 18:01:15 Sending HTTP request "POST" "https://backend.zeepki.st/record/submit"
[Info   :RoundLeaderboardTab] Drawing leaderboard -> forwarding to Instance.DrawTabLeaderboard()
[Info   :Zeepkist GTR] 18:01:24 Received HTTP response headers after 9033.9122ms - 200
[Info   :Zeepkist GTR] 18:01:24 End processing HTTP request after 9034.1067ms - 200
[Info   :Zeepkist Bingo] [CHAT] Intercepted message: afk
[Info   :Zeepkist Bingo] [CHAT] Not relaying - no bingo session
[Info   :Zeepkist GTR] 18:04:17 Discarding recorder
[Info   :Zeepkist Bingo] [CHAT] Intercepted message: back
[Info   :Zeepkist Bingo] [CHAT] Not relaying - no bingo session
[Info   :Zeepkist Bingo] [BINGO] Level loaded
[Info   :BetterSplits] getting gtr splits
[Info   :Zeepkist Bingo] [BINGO] === PLAYER SPAWNED ===
[Info   :Zeepkist Bingo] [BINGO] IsInActiveSession: False
[Info   :Zeepkist Bingo] [BINGO] Not in active session, skipping timer reset
[Info   :Zeepkist GTR] 18:04:31 Loading personal best...
[Info   :Zeepkist GTR] 18:04:31 Start processing HTTP request "POST" "https://graphql.zeepki.st/"
[Info   :Zeepkist GTR] 18:04:31 Sending HTTP request "POST" "https://graphql.zeepki.st/"
[Info   :Zeepkist GTR] 18:04:31 Stopping existing recorder if any
[Info   :Zeepkist GTR] 18:04:31 Creating new recorder
[Info   :Zeepkist GTR] 18:04:31 Start processing HTTP request "POST" "https://graphql.zeepki.st/"
[Info   :Zeepkist GTR] 18:04:31 Sending HTTP request "POST" "https://graphql.zeepki.st/"
[Info   :Zeepkist GTR] 18:04:31 Start processing HTTP request "POST" "https://graphql.zeepki.st/"
[Info   :Zeepkist GTR] 18:04:31 Sending HTTP request "POST" "https://graphql.zeepki.st/"
[Info   :Zeepkist GTR] 18:04:32 Received HTTP response headers after 302.2541ms - 200
[Info   :Zeepkist GTR] 18:04:32 End processing HTTP request after 302.442ms - 200
[Info   :Zeepkist GTR] 18:04:32 Received HTTP response headers after 458.1456ms - 200
[Info   :Zeepkist GTR] 18:04:32 End processing HTTP request after 458.4081ms - 200
[Info   :Zeepkist GTR] 18:04:32 Ghost version: 5
[Info   :Zeepkist GTR] 18:04:32 Received HTTP response headers after 487.6514ms - 200
[Info   :Zeepkist GTR] 18:04:32 End processing HTTP request after 487.9797ms - 200
[Info   :Zeepkist GTR] 18:04:32 Start processing HTTP request "POST" "https://graphql.zeepki.st/"
[Info   :Zeepkist GTR] 18:04:32 Sending HTTP request "POST" "https://graphql.zeepki.st/"
[Error  :BetterSplits] could not get splits
Response: StatusCode: 400, ReasonPhrase: 'Bad Request', Version: 1.1, Content: System.Net.Http.StreamContent, Headers:
{
Date: Fri, 15 May 2026 23:04:33 GMT
Connection: keep-alive
access-control-allow-headers: Origin, X-Requested-With, Accept, Authorization, X-Apollo-Tracing, Content-Type, Content-Length, X-PostGraphile-Explain
access-control-allow-methods: HEAD, GET, POST
access-control-allow-origin: *
access-control-expose-headers: X-GraphQL-Event-Stream
alt-svc: h3=":443"; ma=86400
vary: Origin
via: 1.1 Caddy
x-graphql-event-stream: /stream
x-query-cost: 115
cf-cache-status: DYNAMIC
x-xss-protection: 1; mode=block
Strict-Transport-Security: max-age=15552000; includeSubDomains; preload
x-content-type-options: nosniff
Server-Timing: cfCacheStatus;desc="DYNAMIC", cfEdge;dur=7,cfOrigin;dur=476
Report-To: {"group":"cf-nel","max_age":604800,"endpoints":[{"url":"https://a.nel.cloudflare.com/report/v4?s=BFzZ6ofdwEYI7d4FzBX88S1mCJV%2BuEssXtrzvp%2FhzpXll%2Bae6efAV3yDASQfCLIyD95hV%2BCOGuGqaYxgQmzHkrkuY6%2BOBS3E9jtBQDwbfgP0PNs%2BuZKsIZr8JX7iIK%2FkhZfSE9PBbU0u48lQ0ge1pg%3D%3D"}]}
Nel: {"report_to":"cf-nel","success_fraction":0.0,"max_age":604800}
expect-ct: max-age=86400, enforce
referrer-policy: same-origin
x-frame-options: SAMEORIGIN
Server: cloudflare
CF-RAY: 9fc5c84549bb3d6e-ORD
Content-Type: application/json; charset=utf-8
Content-Length: 172
} 
Content: {"errors":[{"message":"Cannot query field \"personalBestGlobalsByIdLevel\" on type \"Level\". Did you mean \"personalBestGlobals\"?","locations":[{"line":1,"column":87}]}]}
Url: https://graphql.zeepki.st
Request: {"query":"query BetterSplitsPB($hash: String!, $steamId: BigFloat) { levelByHash(hash: $hash) { personalBestGlobalsByIdLevel(filter: {userByIdUser: {steamId: {equalTo: $steamId}}}) { nodes { recordByIdRecord { speeds splits time }}}}}","variables":{"hash":"A955485A32C3B38FADE326FA9EE6108A814922B0","steamId":"76561199218214543"}}
[Info   :Zeepkist GTR] 18:04:32 Received HTTP response headers after 181.2628ms - 200
[Info   :Zeepkist GTR] 18:04:32 End processing HTTP request after 181.6632ms - 200
[Info   :Zeepkist GTR] 18:04:33 Starting recorder
[Info   :RoundLeaderboardTab] Drawing leaderboard -> forwarding to Instance.DrawTabLeaderboard()
[Info   :Zeepkist Bingo] [BINGO] === PLAYER SPAWNED ===
[Info   :Zeepkist Bingo] [BINGO] IsInActiveSession: False
[Info   :Zeepkist Bingo] [BINGO] Not in active session, skipping timer reset
[Info   :Zeepkist GTR] 18:05:01 Loading personal best...
[Info   :Zeepkist GTR] 18:05:01 Start processing HTTP request "POST" "https://graphql.zeepki.st/"
[Info   :Zeepkist GTR] 18:05:01 Sending HTTP request "POST" "https://graphql.zeepki.st/"
[Info   :Zeepkist GTR] 18:05:01 Stopping existing recorder if any
[Info   :Zeepkist GTR] 18:05:01 Creating new recorder
[Info   :Zeepkist GTR] 18:05:01 Start processing HTTP request "POST" "https://graphql.zeepki.st/"
[Info   :Zeepkist GTR] 18:05:01 Sending HTTP request "POST" "https://graphql.zeepki.st/"
[Info   :Zeepkist GTR] 18:05:01 Start processing HTTP request "POST" "https://graphql.zeepki.st/"
[Info   :Zeepkist GTR] 18:05:01 Sending HTTP request "POST" "https://graphql.zeepki.st/"
[Info   :Zeepkist GTR] 18:05:01 Received HTTP response headers after 200.2338ms - 200
[Info   :Zeepkist GTR] 18:05:01 End processing HTTP request after 200.4359ms - 200
[Info   :Zeepkist GTR] 18:05:01 Received HTTP response headers after 225.5553ms - 200
[Info   :Zeepkist GTR] 18:05:01 End processing HTTP request after 225.7895ms - 200
[Info   :Zeepkist GTR] 18:05:01 Ghost version: 5
[Info   :Zeepkist GTR] 18:05:01 Received HTTP response headers after 402.8465ms - 200
[Info   :Zeepkist GTR] 18:05:01 End processing HTTP request after 403.0668ms - 200
[Info   :Zeepkist GTR] 18:05:01 Start processing HTTP request "POST" "https://graphql.zeepki.st/"
[Info   :Zeepkist GTR] 18:05:01 Sending HTTP request "POST" "https://graphql.zeepki.st/"
[Info   :Zeepkist GTR] 18:05:01 Received HTTP response headers after 174.3654ms - 200
[Info   :Zeepkist GTR] 18:05:01 End processing HTTP request after 174.5823ms - 200
[Info   :Zeepkist GTR] 18:05:02 Starting recorder
[Info   :Zeepkist Bingo] [BINGO] === PLAYER SPAWNED ===
[Info   :Zeepkist Bingo] [BINGO] IsInActiveSession: False
[Info   :Zeepkist Bingo] [BINGO] Not in active session, skipping timer reset
[Info   :Zeepkist GTR] 18:05:06 Loading personal best...
[Info   :Zeepkist GTR] 18:05:06 Start processing HTTP request "POST" "https://graphql.zeepki.st/"
[Info   :Zeepkist GTR] 18:05:06 Sending HTTP request "POST" "https://graphql.zeepki.st/"
[Info   :Zeepkist GTR] 18:05:06 Stopping existing recorder if any
[Info   :Zeepkist GTR] 18:05:06 Creating new recorder
[Info   :Zeepkist GTR] 18:05:06 Start processing HTTP request "POST" "https://graphql.zeepki.st/"
[Info   :Zeepkist GTR] 18:05:06 Sending HTTP request "POST" "https://graphql.zeepki.st/"
[Info   :Zeepkist GTR] 18:05:06 Start processing HTTP request "POST" "https://graphql.zeepki.st/"
[Info   :Zeepkist GTR] 18:05:06 Sending HTTP request "POST" "https://graphql.zeepki.st/"
[Info   :Zeepkist GTR] 18:05:07 Received HTTP response headers after 194.6809ms - 200
[Info   :Zeepkist GTR] 18:05:07 End processing HTTP request after 194.9404ms - 200
[Info   :Zeepkist GTR] 18:05:07 Received HTTP response headers after 203.7332ms - 200
[Info   :Zeepkist GTR] 18:05:07 End processing HTTP request after 203.9984ms - 200
[Info   :Zeepkist GTR] 18:05:07 Ghost version: 5
[Info   :Zeepkist GTR] 18:05:07 Received HTTP response headers after 394.357ms - 200
[Info   :Zeepkist GTR] 18:05:07 End processing HTTP request after 394.57ms - 200
[Info   :Zeepkist GTR] 18:05:07 Start processing HTTP request "POST" "https://graphql.zeepki.st/"
[Info   :Zeepkist GTR] 18:05:07 Sending HTTP request "POST" "https://graphql.zeepki.st/"
[Info   :Zeepkist GTR] 18:05:07 Received HTTP response headers after 202.1568ms - 200
[Info   :Zeepkist GTR] 18:05:07 End processing HTTP request after 202.4503ms - 200
[Info   :Zeepkist GTR] 18:05:08 Starting recorder
[Info   :Zeepkist Bingo] [BINGO] === PLAYER SPAWNED ===
[Info   :Zeepkist Bingo] [BINGO] IsInActiveSession: False
[Info   :Zeepkist Bingo] [BINGO] Not in active session, skipping timer reset
[Info   :Zeepkist GTR] 18:05:13 Loading personal best...
[Info   :Zeepkist GTR] 18:05:13 Start processing HTTP request "POST" "https://graphql.zeepki.st/"
[Info   :Zeepkist GTR] 18:05:13 Sending HTTP request "POST" "https://graphql.zeepki.st/"
[Info   :Zeepkist GTR] 18:05:13 Stopping existing recorder if any
[Info   :Zeepkist GTR] 18:05:13 Creating new recorder
[Info   :Zeepkist GTR] 18:05:13 Start processing HTTP request "POST" "https://graphql.zeepki.st/"
[Info   :Zeepkist GTR] 18:05:13 Sending HTTP request "POST" "https://graphql.zeepki.st/"
[Info   :Zeepkist GTR] 18:05:13 Start processing HTTP request "POST" "https://graphql.zeepki.st/"
[Info   :Zeepkist GTR] 18:05:13 Sending HTTP request "POST" "https://graphql.zeepki.st/"
[Info   :Zeepkist GTR] 18:05:13 Received HTTP response headers after 200.7013ms - 200
[Info   :Zeepkist GTR] 18:05:13 Received HTTP response headers after 200.1317ms - 200
[Info   :Zeepkist GTR] 18:05:13 End processing HTTP request after 200.9321ms - 200
[Info   :Zeepkist GTR] 18:05:13 End processing HTTP request after 200.4196ms - 200
[Info   :Zeepkist GTR] 18:05:13 Ghost version: 5
[Info   :Zeepkist GTR] 18:05:14 Received HTTP response headers after 386.5885ms - 200
[Info   :Zeepkist GTR] 18:05:14 End processing HTTP request after 386.8069ms - 200
[Info   :Zeepkist GTR] 18:05:14 Start processing HTTP request "POST" "https://graphql.zeepki.st/"
[Info   :Zeepkist GTR] 18:05:14 Sending HTTP request "POST" "https://graphql.zeepki.st/"
[Info   :Zeepkist GTR] 18:05:14 Received HTTP response headers after 172.5828ms - 200
[Info   :Zeepkist GTR] 18:05:14 End processing HTTP request after 172.8074ms - 200
[Info   :Zeepkist GTR] 18:05:15 Starting recorder
[Info   :Zeepkist Bingo] [BINGO] === PLAYER SPAWNED ===
[Info   :Zeepkist Bingo] [BINGO] IsInActiveSession: False
[Info   :Zeepkist Bingo] [BINGO] Not in active session, skipping timer reset
[Info   :Zeepkist GTR] 18:05:35 Loading personal best...
[Info   :Zeepkist GTR] 18:05:35 Start processing HTTP request "POST" "https://graphql.zeepki.st/"
[Info   :Zeepkist GTR] 18:05:35 Sending HTTP request "POST" "https://graphql.zeepki.st/"
[Info   :Zeepkist GTR] 18:05:35 Stopping existing recorder if any
[Info   :Zeepkist GTR] 18:05:35 Creating new recorder
[Info   :Zeepkist GTR] 18:05:35 Start processing HTTP request "POST" "https://graphql.zeepki.st/"
[Info   :Zeepkist GTR] 18:05:35 Sending HTTP request "POST" "https://graphql.zeepki.st/"
[Info   :Zeepkist GTR] 18:05:35 Start processing HTTP request "POST" "https://graphql.zeepki.st/"
[Info   :Zeepkist GTR] 18:05:35 Sending HTTP request "POST" "https://graphql.zeepki.st/"
[Info   :Zeepkist GTR] 18:05:35 Received HTTP response headers after 206.0891ms - 200
[Info   :Zeepkist GTR] 18:05:35 Received HTTP response headers after 205.7029ms - 200
[Info   :Zeepkist GTR] 18:05:35 End processing HTTP request after 206.3283ms - 200
[Info   :Zeepkist GTR] 18:05:35 End processing HTTP request after 205.9396ms - 200
[Info   :Zeepkist GTR] 18:05:35 Ghost version: 5
[Info   :Zeepkist GTR] 18:05:35 Received HTTP response headers after 392.9812ms - 200
[Info   :Zeepkist GTR] 18:05:35 End processing HTTP request after 393.1883ms - 200
[Info   :Zeepkist GTR] 18:05:35 Start processing HTTP request "POST" "https://graphql.zeepki.st/"
[Info   :Zeepkist GTR] 18:05:35 Sending HTTP request "POST" "https://graphql.zeepki.st/"
[Info   :Zeepkist GTR] 18:05:35 Received HTTP response headers after 178.6108ms - 200
[Info   :Zeepkist GTR] 18:05:35 End processing HTTP request after 178.8582ms - 200
[Info   :Zeepkist GTR] 18:05:37 Starting recorder
[Info   :Zeepkist Bingo] [BINGO] === PLAYER SPAWNED ===
[Info   :Zeepkist Bingo] [BINGO] IsInActiveSession: False
[Info   :Zeepkist Bingo] [BINGO] Not in active session, skipping timer reset
[Info   :Zeepkist GTR] 18:05:44 Loading personal best...
[Info   :Zeepkist GTR] 18:05:44 Start processing HTTP request "POST" "https://graphql.zeepki.st/"
[Info   :Zeepkist GTR] 18:05:44 Sending HTTP request "POST" "https://graphql.zeepki.st/"
[Info   :Zeepkist GTR] 18:05:44 Stopping existing recorder if any
[Info   :Zeepkist GTR] 18:05:44 Creating new recorder
[Info   :Zeepkist GTR] 18:05:44 Start processing HTTP request "POST" "https://graphql.zeepki.st/"
[Info   :Zeepkist GTR] 18:05:44 Sending HTTP request "POST" "https://graphql.zeepki.st/"
[Info   :Zeepkist GTR] 18:05:44 Start processing HTTP request "POST" "https://graphql.zeepki.st/"
[Info   :Zeepkist GTR] 18:05:44 Sending HTTP request "POST" "https://graphql.zeepki.st/"
[Info   :Zeepkist GTR] 18:05:44 Received HTTP response headers after 180.1204ms - 200
[Info   :Zeepkist GTR] 18:05:44 End processing HTTP request after 180.3448ms - 200
[Info   :Zeepkist GTR] 18:05:44 Received HTTP response headers after 191.0128ms - 200
[Info   :Zeepkist GTR] 18:05:44 End processing HTTP request after 191.2396ms - 200
[Info   :Zeepkist GTR] 18:05:44 Ghost version: 5
[Info   :Zeepkist GTR] 18:05:44 Received HTTP response headers after 367.0043ms - 200
[Info   :Zeepkist GTR] 18:05:44 End processing HTTP request after 367.2442ms - 200
[Info   :Zeepkist GTR] 18:05:44 Start processing HTTP request "POST" "https://graphql.zeepki.st/"
[Info   :Zeepkist GTR] 18:05:44 Sending HTTP request "POST" "https://graphql.zeepki.st/"
[Info   :Zeepkist GTR] 18:05:44 Received HTTP response headers after 174.9204ms - 200
[Info   :Zeepkist GTR] 18:05:44 End processing HTTP request after 175.1449ms - 200
[Info   :Zeepkist GTR] 18:05:45 Starting recorder
[Info   :Zeepkist GTR] 18:06:36 Stopping recorder
[Info   :Zeepkist GTR] 18:06:36 Collecting extra information
[Info   :Zeepkist GTR] 18:06:36 Processing ghost data
[Info   :Zeepkist GTR] 18:06:36 Creating stream
[Info   :Zeepkist GTR] 18:06:36 Writing to stream
[Info   :Zeepkist GTR] 18:06:36 Closing stream
[Info   :Zeepkist GTR] 18:06:36 Getting buffer
[Info   :Zeepkist GTR] 18:06:36 Converting to base64
[Info   :Zeepkist GTR] 18:06:36 Creating resource
[Info   :Zeepkist GTR] 18:06:36 Start processing HTTP request "POST" "https://backend.zeepki.st/auth/refresh"
[Info   :Zeepkist GTR] 18:06:36 Sending HTTP request "POST" "https://backend.zeepki.st/auth/refresh"
[Info   :Zeepkist GTR] 18:06:37 Received HTTP response headers after 972.8497ms - 200
[Info   :Zeepkist GTR] 18:06:37 End processing HTTP request after 973.1066ms - 200
[Info   :Zeepkist GTR] 18:06:37 Start processing HTTP request "POST" "https://backend.zeepki.st/record/submit"
[Info   :Zeepkist GTR] 18:06:37 Sending HTTP request "POST" "https://backend.zeepki.st/record/submit"
[Info   :Zeepkist Bingo] [BINGO] === PLAYER SPAWNED ===
[Info   :Zeepkist Bingo] [BINGO] IsInActiveSession: False
[Info   :Zeepkist Bingo] [BINGO] Not in active session, skipping timer reset
[Info   :Zeepkist GTR] 18:06:37 Loading personal best...
[Info   :Zeepkist GTR] 18:06:37 Start processing HTTP request "POST" "https://graphql.zeepki.st/"
[Info   :Zeepkist GTR] 18:06:37 Sending HTTP request "POST" "https://graphql.zeepki.st/"
[Info   :Zeepkist GTR] 18:06:37 Stopping existing recorder if any
[Info   :Zeepkist GTR] 18:06:37 Creating new recorder
[Info   :Zeepkist GTR] 18:06:37 Start processing HTTP request "POST" "https://graphql.zeepki.st/"
[Info   :Zeepkist GTR] 18:06:37 Sending HTTP request "POST" "https://graphql.zeepki.st/"
[Info   :Zeepkist GTR] 18:06:37 Received HTTP response headers after 489.5329ms - 200
[Info   :Zeepkist GTR] 18:06:37 End processing HTTP request after 489.8059ms - 200
[Info   :Zeepkist GTR] 18:06:38 Start processing HTTP request "POST" "https://graphql.zeepki.st/"
[Info   :Zeepkist GTR] 18:06:38 Sending HTTP request "POST" "https://graphql.zeepki.st/"
[Info   :Zeepkist GTR] 18:06:38 Received HTTP response headers after 481.6503ms - 200
[Info   :Zeepkist GTR] 18:06:38 End processing HTTP request after 481.9482ms - 200
[Info   :Zeepkist GTR] 18:06:38 Received HTTP response headers after 481.1888ms - 200
[Info   :Zeepkist GTR] 18:06:38 End processing HTTP request after 481.3859ms - 200
[Info   :Zeepkist GTR] 18:06:38 Ghost version: 5
[Info   :Zeepkist GTR] 18:06:38 Received HTTP response headers after 507.2181ms - 200
[Info   :Zeepkist GTR] 18:06:38 End processing HTTP request after 507.4701ms - 200
[Info   :Zeepkist GTR] 18:06:38 Start processing HTTP request "POST" "https://graphql.zeepki.st/"
[Info   :Zeepkist GTR] 18:06:38 Sending HTTP request "POST" "https://graphql.zeepki.st/"
[Info   :Zeepkist GTR] 18:06:38 Received HTTP response headers after 195.1769ms - 200
[Info   :Zeepkist GTR] 18:06:38 End processing HTTP request after 195.4559ms - 200
[Info   :Zeepkist GTR] 18:06:39 Starting recorder
[Info   :Zeepkist Bingo] [BINGO] === PLAYER SPAWNED ===
[Info   :Zeepkist Bingo] [BINGO] IsInActiveSession: False
[Info   :Zeepkist Bingo] [BINGO] Not in active session, skipping timer reset
[Info   :Zeepkist GTR] 18:06:59 Loading personal best...
[Info   :Zeepkist GTR] 18:06:59 Start processing HTTP request "POST" "https://graphql.zeepki.st/"
[Info   :Zeepkist GTR] 18:06:59 Sending HTTP request "POST" "https://graphql.zeepki.st/"
[Info   :Zeepkist GTR] 18:06:59 Stopping existing recorder if any
[Info   :Zeepkist GTR] 18:06:59 Creating new recorder
[Info   :Zeepkist GTR] 18:06:59 Start processing HTTP request "POST" "https://graphql.zeepki.st/"
[Info   :Zeepkist GTR] 18:06:59 Sending HTTP request "POST" "https://graphql.zeepki.st/"
[Info   :Zeepkist GTR] 18:06:59 Start processing HTTP request "POST" "https://graphql.zeepki.st/"
[Info   :Zeepkist GTR] 18:06:59 Sending HTTP request "POST" "https://graphql.zeepki.st/"
[Info   :Zeepkist GTR] 18:06:59 Received HTTP response headers after 175.8296ms - 200
[Info   :Zeepkist GTR] 18:06:59 End processing HTTP request after 176.1055ms - 200
[Info   :Zeepkist GTR] 18:06:59 Received HTTP response headers after 179.5166ms - 200
[Info   :Zeepkist GTR] 18:06:59 End processing HTTP request after 179.7364ms - 200
[Info   :Zeepkist GTR] 18:06:59 Ghost version: 5
[Info   :Zeepkist GTR] 18:06:59 Received HTTP response headers after 362.9042ms - 200
[Info   :Zeepkist GTR] 18:06:59 End processing HTTP request after 363.1038ms - 200
[Info   :Zeepkist GTR] 18:06:59 Start processing HTTP request "POST" "https://graphql.zeepki.st/"
[Info   :Zeepkist GTR] 18:06:59 Sending HTTP request "POST" "https://graphql.zeepki.st/"
[Info   :Zeepkist GTR] 18:06:59 Received HTTP response headers after 174.4502ms - 200
[Info   :Zeepkist GTR] 18:06:59 End processing HTTP request after 174.7209ms - 200
[Info   :Zeepkist GTR] 18:07:01 Starting recorder
[Info   :Zeepkist Bingo] [BINGO] === PLAYER SPAWNED ===
[Info   :Zeepkist Bingo] [BINGO] IsInActiveSession: False
[Info   :Zeepkist Bingo] [BINGO] Not in active session, skipping timer reset
[Info   :Zeepkist GTR] 18:07:33 Loading personal best...
[Info   :Zeepkist GTR] 18:07:33 Start processing HTTP request "POST" "https://graphql.zeepki.st/"
[Info   :Zeepkist GTR] 18:07:33 Sending HTTP request "POST" "https://graphql.zeepki.st/"
[Info   :Zeepkist GTR] 18:07:33 Stopping existing recorder if any
[Info   :Zeepkist GTR] 18:07:33 Creating new recorder
[Info   :Zeepkist GTR] 18:07:33 Start processing HTTP request "POST" "https://graphql.zeepki.st/"
[Info   :Zeepkist GTR] 18:07:33 Sending HTTP request "POST" "https://graphql.zeepki.st/"
[Info   :Zeepkist GTR] 18:07:33 Start processing HTTP request "POST" "https://graphql.zeepki.st/"
[Info   :Zeepkist GTR] 18:07:33 Sending HTTP request "POST" "https://graphql.zeepki.st/"
[Info   :Zeepkist GTR] 18:07:34 Received HTTP response headers after 195.1421ms - 200
[Info   :Zeepkist GTR] 18:07:34 Received HTTP response headers after 194.7238ms - 200
[Info   :Zeepkist GTR] 18:07:34 End processing HTTP request after 195.3577ms - 200
[Info   :Zeepkist GTR] 18:07:34 End processing HTTP request after 194.91ms - 200
[Info   :Zeepkist GTR] 18:07:34 Ghost version: 5
[Info   :Zeepkist GTR] 18:07:34 Received HTTP response headers after 391.2948ms - 200
[Info   :Zeepkist GTR] 18:07:34 End processing HTTP request after 391.4703ms - 200
[Info   :Zeepkist GTR] 18:07:34 Start processing HTTP request "POST" "https://graphql.zeepki.st/"
[Info   :Zeepkist GTR] 18:07:34 Sending HTTP request "POST" "https://graphql.zeepki.st/"
[Info   :Zeepkist GTR] 18:07:34 Received HTTP response headers after 191.7203ms - 200
[Info   :Zeepkist GTR] 18:07:34 End processing HTTP request after 191.9265ms - 200
[Info   :Zeepkist GTR] 18:07:35 Starting recorder
[Info   :Zeepkist Bingo] [BINGO] === PLAYER SPAWNED ===
[Info   :Zeepkist Bingo] [BINGO] IsInActiveSession: False
[Info   :Zeepkist Bingo] [BINGO] Not in active session, skipping timer reset
[Info   :Zeepkist GTR] 18:07:40 Loading personal best...
[Info   :Zeepkist GTR] 18:07:40 Start processing HTTP request "POST" "https://graphql.zeepki.st/"
[Info   :Zeepkist GTR] 18:07:40 Sending HTTP request "POST" "https://graphql.zeepki.st/"
[Info   :Zeepkist GTR] 18:07:40 Stopping existing recorder if any
[Info   :Zeepkist GTR] 18:07:40 Creating new recorder
[Info   :Zeepkist GTR] 18:07:40 Start processing HTTP request "POST" "https://graphql.zeepki.st/"
[Info   :Zeepkist GTR] 18:07:40 Sending HTTP request "POST" "https://graphql.zeepki.st/"
[Info   :Zeepkist GTR] 18:07:40 Start processing HTTP request "POST" "https://graphql.zeepki.st/"
[Info   :Zeepkist GTR] 18:07:40 Sending HTTP request "POST" "https://graphql.zeepki.st/"
[Info   :Zeepkist GTR] 18:07:40 Received HTTP response headers after 189.4834ms - 200
[Info   :Zeepkist GTR] 18:07:40 End processing HTTP request after 189.6943ms - 200
[Info   :Zeepkist GTR] 18:07:40 Received HTTP response headers after 195.5093ms - 200
[Info   :Zeepkist GTR] 18:07:40 End processing HTTP request after 195.6966ms - 200
[Info   :Zeepkist GTR] 18:07:40 Ghost version: 5
[Info   :Zeepkist GTR] 18:07:40 Received HTTP response headers after 392.6161ms - 200
[Info   :Zeepkist GTR] 18:07:40 End processing HTTP request after 392.8522ms - 200
[Info   :Zeepkist GTR] 18:07:40 Start processing HTTP request "POST" "https://graphql.zeepki.st/"
[Info   :Zeepkist GTR] 18:07:40 Sending HTTP request "POST" "https://graphql.zeepki.st/"
[Info   :Zeepkist GTR] 18:07:40 Received HTTP response headers after 205.1119ms - 200
[Info   :Zeepkist GTR] 18:07:40 End processing HTTP request after 205.3264ms - 200
[Info   :Zeepkist GTR] 18:07:41 Starting recorder
[Info   :Zeepkist Bingo] [BINGO] === PLAYER SPAWNED ===
[Info   :Zeepkist Bingo] [BINGO] IsInActiveSession: False
[Info   :Zeepkist Bingo] [BINGO] Not in active session, skipping timer reset
[Info   :Zeepkist GTR] 18:07:52 Loading personal best...
[Info   :Zeepkist GTR] 18:07:52 Start processing HTTP request "POST" "https://graphql.zeepki.st/"
[Info   :Zeepkist GTR] 18:07:52 Sending HTTP request "POST" "https://graphql.zeepki.st/"
[Info   :Zeepkist GTR] 18:07:52 Stopping existing recorder if any
[Info   :Zeepkist GTR] 18:07:52 Creating new recorder
[Info   :Zeepkist GTR] 18:07:52 Start processing HTTP request "POST" "https://graphql.zeepki.st/"
[Info   :Zeepkist GTR] 18:07:52 Sending HTTP request "POST" "https://graphql.zeepki.st/"
[Info   :Zeepkist GTR] 18:07:52 Start processing HTTP request "POST" "https://graphql.zeepki.st/"
[Info   :Zeepkist GTR] 18:07:52 Sending HTTP request "POST" "https://graphql.zeepki.st/"
[Info   :Zeepkist GTR] 18:07:53 Received HTTP response headers after 193.6727ms - 200
[Info   :Zeepkist GTR] 18:07:53 Received HTTP response headers after 193.1218ms - 200
[Info   :Zeepkist GTR] 18:07:53 End processing HTTP request after 193.9759ms - 200
[Info   :Zeepkist GTR] 18:07:53 End processing HTTP request after 193.3583ms - 200
[Info   :Zeepkist GTR] 18:07:53 Ghost version: 5
[Info   :Zeepkist GTR] 18:07:53 Received HTTP response headers after 385.9514ms - 200
[Info   :Zeepkist GTR] 18:07:53 End processing HTTP request after 386.142ms - 200
[Info   :Zeepkist GTR] 18:07:53 Start processing HTTP request "POST" "https://graphql.zeepki.st/"
[Info   :Zeepkist GTR] 18:07:53 Sending HTTP request "POST" "https://graphql.zeepki.st/"
[Info   :Zeepkist GTR] 18:07:53 Received HTTP response headers after 180.0531ms - 200
[Info   :Zeepkist GTR] 18:07:53 End processing HTTP request after 180.2933ms - 200
[Info   :Zeepkist GTR] 18:07:54 Starting recorder
[Info   :Zeepkist Bingo] [BINGO] === PLAYER SPAWNED ===
[Info   :Zeepkist Bingo] [BINGO] IsInActiveSession: False
[Info   :Zeepkist Bingo] [BINGO] Not in active session, skipping timer reset
[Info   :Zeepkist GTR] 18:08:19 Loading personal best...
[Info   :Zeepkist GTR] 18:08:19 Start processing HTTP request "POST" "https://graphql.zeepki.st/"
[Info   :Zeepkist GTR] 18:08:19 Sending HTTP request "POST" "https://graphql.zeepki.st/"
[Info   :Zeepkist GTR] 18:08:19 Stopping existing recorder if any
[Info   :Zeepkist GTR] 18:08:19 Creating new recorder
[Info   :Zeepkist GTR] 18:08:19 Start processing HTTP request "POST" "https://graphql.zeepki.st/"
[Info   :Zeepkist GTR] 18:08:19 Sending HTTP request "POST" "https://graphql.zeepki.st/"
[Info   :Zeepkist GTR] 18:08:19 Start processing HTTP request "POST" "https://graphql.zeepki.st/"
[Info   :Zeepkist GTR] 18:08:19 Sending HTTP request "POST" "https://graphql.zeepki.st/"
[Info   :Zeepkist GTR] 18:08:19 Received HTTP response headers after 183.1999ms - 200
[Info   :Zeepkist GTR] 18:08:19 End processing HTTP request after 183.4344ms - 200
[Info   :Zeepkist GTR] 18:08:19 Received HTTP response headers after 182.7873ms - 200
[Info   :Zeepkist GTR] 18:08:19 End processing HTTP request after 183.0342ms - 200
[Info   :Zeepkist GTR] 18:08:19 Ghost version: 5
[Info   :Zeepkist GTR] 18:08:20 Received HTTP response headers after 374.0169ms - 200
[Info   :Zeepkist GTR] 18:08:20 End processing HTTP request after 374.2181ms - 200
[Info   :Zeepkist GTR] 18:08:20 Start processing HTTP request "POST" "https://graphql.zeepki.st/"
[Info   :Zeepkist GTR] 18:08:20 Sending HTTP request "POST" "https://graphql.zeepki.st/"
[Info   :Zeepkist GTR] 18:08:20 Received HTTP response headers after 176.3176ms - 200
[Info   :Zeepkist GTR] 18:08:20 End processing HTTP request after 176.5433ms - 200
[Info   :Zeepkist GTR] 18:08:21 Starting recorder
[Info   :Zeepkist Bingo] [BINGO] === PLAYER SPAWNED ===
[Info   :Zeepkist Bingo] [BINGO] IsInActiveSession: False
[Info   :Zeepkist Bingo] [BINGO] Not in active session, skipping timer reset
[Info   :Zeepkist GTR] 18:08:56 Loading personal best...
[Info   :Zeepkist GTR] 18:08:56 Start processing HTTP request "POST" "https://graphql.zeepki.st/"
[Info   :Zeepkist GTR] 18:08:56 Sending HTTP request "POST" "https://graphql.zeepki.st/"
[Info   :Zeepkist GTR] 18:08:56 Stopping existing recorder if any
[Info   :Zeepkist GTR] 18:08:56 Creating new recorder
[Info   :Zeepkist GTR] 18:08:56 Start processing HTTP request "POST" "https://graphql.zeepki.st/"
[Info   :Zeepkist GTR] 18:08:56 Sending HTTP request "POST" "https://graphql.zeepki.st/"
[Info   :Zeepkist GTR] 18:08:56 Start processing HTTP request "POST" "https://graphql.zeepki.st/"
[Info   :Zeepkist GTR] 18:08:56 Sending HTTP request "POST" "https://graphql.zeepki.st/"
[Info   :Zeepkist GTR] 18:08:57 Received HTTP response headers after 280.2499ms - 200
[Info   :Zeepkist GTR] 18:08:57 End processing HTTP request after 280.5725ms - 200
[Info   :Zeepkist GTR] 18:08:57 Ghost version: 5
[Info   :Zeepkist GTR] 18:08:57 Received HTTP response headers after 454.9145ms - 200
[Info   :Zeepkist GTR] 18:08:57 End processing HTTP request after 455.0965ms - 200
[Info   :Zeepkist GTR] 18:08:57 Received HTTP response headers after 700.5811ms - 200
[Info   :Zeepkist GTR] 18:08:57 End processing HTTP request after 700.7738ms - 200
[Info   :Zeepkist GTR] 18:08:57 Start processing HTTP request "POST" "https://graphql.zeepki.st/"
[Info   :Zeepkist GTR] 18:08:57 Sending HTTP request "POST" "https://graphql.zeepki.st/"
[Info   :Zeepkist GTR] 18:08:57 Received HTTP response headers after 172.6681ms - 200
[Info   :Zeepkist GTR] 18:08:57 End processing HTTP request after 172.8761ms - 200
[Info   :Zeepkist GTR] 18:08:58 Starting recorder
[Info   :Zeepkist Bingo] [BINGO] === PLAYER SPAWNED ===
[Info   :Zeepkist Bingo] [BINGO] IsInActiveSession: False
[Info   :Zeepkist Bingo] [BINGO] Not in active session, skipping timer reset
[Info   :Zeepkist GTR] 18:09:23 Loading personal best...
[Info   :Zeepkist GTR] 18:09:23 Start processing HTTP request "POST" "https://graphql.zeepki.st/"
[Info   :Zeepkist GTR] 18:09:23 Sending HTTP request "POST" "https://graphql.zeepki.st/"
[Info   :Zeepkist GTR] 18:09:23 Stopping existing recorder if any
[Info   :Zeepkist GTR] 18:09:23 Creating new recorder
[Info   :Zeepkist GTR] 18:09:23 Start processing HTTP request "POST" "https://graphql.zeepki.st/"
[Info   :Zeepkist GTR] 18:09:23 Sending HTTP request "POST" "https://graphql.zeepki.st/"
[Info   :Zeepkist GTR] 18:09:23 Start processing HTTP request "POST" "https://graphql.zeepki.st/"
[Info   :Zeepkist GTR] 18:09:23 Sending HTTP request "POST" "https://graphql.zeepki.st/"
[Info   :Zeepkist GTR] 18:09:23 Received HTTP response headers after 188.255ms - 200
[Info   :Zeepkist GTR] 18:09:23 End processing HTTP request after 188.4783ms - 200
[Info   :Zeepkist GTR] 18:09:23 Received HTTP response headers after 198.7378ms - 200
[Info   :Zeepkist GTR] 18:09:23 End processing HTTP request after 198.9506ms - 200
[Info   :Zeepkist GTR] 18:09:23 Ghost version: 5
[Info   :Zeepkist GTR] 18:09:24 Received HTTP response headers after 401.6288ms - 200
[Info   :Zeepkist GTR] 18:09:24 End processing HTTP request after 401.8244ms - 200
[Info   :Zeepkist GTR] 18:09:24 Start processing HTTP request "POST" "https://graphql.zeepki.st/"
[Info   :Zeepkist GTR] 18:09:24 Sending HTTP request "POST" "https://graphql.zeepki.st/"
[Info   :Zeepkist GTR] 18:09:24 Received HTTP response headers after 185.4565ms - 200
[Info   :Zeepkist GTR] 18:09:24 End processing HTTP request after 185.6787ms - 200
[Info   :Zeepkist GTR] 18:09:25 Starting recorder
[Info   :Zeepkist GTR] 18:09:30 Discarding recorder
[Info   :Zeepkist Bingo] [CHAT] Intercepted message: o/
[Info   :Zeepkist Bingo] [CHAT] Not relaying - no bingo session
[Info   :Zeepkist Bingo] [BINGO] Level loaded
[Info   :BetterSplits] getting gtr splits
[Info   :Zeepkist Bingo] [BINGO] === PLAYER SPAWNED ===
[Info   :Zeepkist Bingo] [BINGO] IsInActiveSession: False
[Info   :Zeepkist Bingo] [BINGO] Not in active session, skipping timer reset
[Info   :Zeepkist GTR] 18:09:44 Loading personal best...
[Info   :Zeepkist GTR] 18:09:44 Start processing HTTP request "POST" "https://graphql.zeepki.st/"
[Info   :Zeepkist GTR] 18:09:44 Sending HTTP request "POST" "https://graphql.zeepki.st/"
[Info   :Zeepkist GTR] 18:09:44 Stopping existing recorder if any
[Info   :Zeepkist GTR] 18:09:44 Creating new recorder
[Info   :Zeepkist GTR] 18:09:44 Start processing HTTP request "POST" "https://graphql.zeepki.st/"
[Info   :Zeepkist GTR] 18:09:44 Sending HTTP request "POST" "https://graphql.zeepki.st/"
[Info   :Zeepkist GTR] 18:09:44 Start processing HTTP request "POST" "https://graphql.zeepki.st/"
[Info   :Zeepkist GTR] 18:09:44 Sending HTTP request "POST" "https://graphql.zeepki.st/"
[Info   :Zeepkist GTR] 18:09:44 Received HTTP response headers after 170.9635ms - 200
[Info   :Zeepkist GTR] 18:09:44 End processing HTTP request after 171.1994ms - 200
[Info   :Zeepkist GTR] 18:09:45 Received HTTP response headers after 183.2516ms - 200
[Info   :Zeepkist GTR] 18:09:45 End processing HTTP request after 183.474ms - 200
[Info   :Zeepkist GTR] 18:09:45 Ghost version: 5
[Error  :BetterSplits] could not get splits
Response: StatusCode: 400, ReasonPhrase: 'Bad Request', Version: 1.1, Content: System.Net.Http.StreamContent, Headers:
{
Date: Fri, 15 May 2026 23:09:45 GMT
Connection: keep-alive
access-control-allow-headers: Origin, X-Requested-With, Accept, Authorization, X-Apollo-Tracing, Content-Type, Content-Length, X-PostGraphile-Explain
access-control-allow-methods: HEAD, GET, POST
access-control-allow-origin: *
access-control-expose-headers: X-GraphQL-Event-Stream
alt-svc: h3=":443"; ma=86400
vary: Origin
via: 1.1 Caddy
x-graphql-event-stream: /stream
x-query-cost: 115
cf-cache-status: DYNAMIC
x-xss-protection: 1; mode=block
Strict-Transport-Security: max-age=15552000; includeSubDomains; preload
x-content-type-options: nosniff
Server-Timing: cfCacheStatus;desc="DYNAMIC", cfEdge;dur=20,cfOrigin;dur=137
Report-To: {"group":"cf-nel","max_age":604800,"endpoints":[{"url":"https://a.nel.cloudflare.com/report/v4?s=c6yq8EERUSK62WOQeJpYMlvUsYeTQzUt%2BUfYdSp2TG5a3xl0VVbGpcvGP2PQ7TQMb%2FA6m%2F9l2QDAGCWVgoVA%2FVe6ZaAQtGC7pmErwT2tvj3Baxy8ls6qquYinkqPV6vcGt%2FxbBUl29ulpjfjz5WqQQ%3D%3D"}]}
Nel: {"report_to":"cf-nel","success_fraction":0.0,"max_age":604800}
expect-ct: max-age=86400, enforce
referrer-policy: same-origin
x-frame-options: SAMEORIGIN
Server: cloudflare
CF-RAY: 9fc5cfe86eaeacfc-MSP
Content-Type: application/json; charset=utf-8
Content-Length: 172
} 
Content: {"errors":[{"message":"Cannot query field \"personalBestGlobalsByIdLevel\" on type \"Level\". Did you mean \"personalBestGlobals\"?","locations":[{"line":1,"column":87}]}]}
Url: https://graphql.zeepki.st
Request: {"query":"query BetterSplitsPB($hash: String!, $steamId: BigFloat) { levelByHash(hash: $hash) { personalBestGlobalsByIdLevel(filter: {userByIdUser: {steamId: {equalTo: $steamId}}}) { nodes { recordByIdRecord { speeds splits time }}}}}","variables":{"hash":"263D72924D03C9003C7D659A72F68486119737E1","steamId":"76561199218214543"}}
[Info   :Zeepkist GTR] 18:09:45 Received HTTP response headers after 345.9927ms - 200
[Info   :Zeepkist GTR] 18:09:45 End processing HTTP request after 346.1991ms - 200
[Info   :Zeepkist GTR] 18:09:45 Start processing HTTP request "POST" "https://graphql.zeepki.st/"
[Info   :Zeepkist GTR] 18:09:45 Sending HTTP request "POST" "https://graphql.zeepki.st/"
[Info   :Zeepkist GTR] 18:09:45 Received HTTP response headers after 166.2563ms - 200
[Info   :Zeepkist GTR] 18:09:45 End processing HTTP request after 166.5114ms - 200
[Info   :Zeepkist GTR] 18:09:46 Starting recorder
[Info   :   Console] Download started for AppId: 1440670, FileId: 3409411101, Result: OK
[Info   :Zeepkist Bingo] [BINGO] === PLAYER SPAWNED ===
[Info   :Zeepkist Bingo] [BINGO] IsInActiveSession: False
[Info   :Zeepkist Bingo] [BINGO] Not in active session, skipping timer reset
[Info   :Zeepkist GTR] 18:09:51 Loading personal best...
[Info   :Zeepkist GTR] 18:09:51 Start processing HTTP request "POST" "https://graphql.zeepki.st/"
[Info   :Zeepkist GTR] 18:09:51 Sending HTTP request "POST" "https://graphql.zeepki.st/"
[Info   :Zeepkist GTR] 18:09:51 Stopping existing recorder if any
[Info   :Zeepkist GTR] 18:09:51 Creating new recorder
[Info   :Zeepkist GTR] 18:09:51 Start processing HTTP request "POST" "https://graphql.zeepki.st/"
[Info   :Zeepkist GTR] 18:09:51 Sending HTTP request "POST" "https://graphql.zeepki.st/"
[Info   :Zeepkist GTR] 18:09:51 Start processing HTTP request "POST" "https://graphql.zeepki.st/"
[Info   :Zeepkist GTR] 18:09:51 Sending HTTP request "POST" "https://graphql.zeepki.st/"
[Info   :Zeepkist GTR] 18:09:52 Received HTTP response headers after 177.3981ms - 200
[Info   :Zeepkist GTR] 18:09:52 End processing HTTP request after 177.6258ms - 200
[Info   :Zeepkist GTR] 18:09:52 Received HTTP response headers after 190.0886ms - 200
[Info   :Zeepkist GTR] 18:09:52 End processing HTTP request after 190.2848ms - 200
[Info   :Zeepkist GTR] 18:09:52 Ghost version: 5
[Info   :Zeepkist GTR] 18:09:52 Received HTTP response headers after 353.3108ms - 200
[Info   :Zeepkist GTR] 18:09:52 End processing HTTP request after 353.5422ms - 200
[Info   :Zeepkist GTR] 18:09:52 Start processing HTTP request "POST" "https://graphql.zeepki.st/"
[Info   :Zeepkist GTR] 18:09:52 Sending HTTP request "POST" "https://graphql.zeepki.st/"
[Info   :Zeepkist GTR] 18:09:52 Received HTTP response headers after 170.7637ms - 200
[Info   :Zeepkist GTR] 18:09:52 End processing HTTP request after 170.994ms - 200
[Info   :Zeepkist GTR] 18:09:53 Starting recorder
[Info   :Zeepkist Bingo] [BINGO] === PLAYER SPAWNED ===
[Info   :Zeepkist Bingo] [BINGO] IsInActiveSession: False
[Info   :Zeepkist Bingo] [BINGO] Not in active session, skipping timer reset
[Info   :Zeepkist GTR] 18:10:07 Loading personal best...
[Info   :Zeepkist GTR] 18:10:07 Start processing HTTP request "POST" "https://graphql.zeepki.st/"
[Info   :Zeepkist GTR] 18:10:07 Sending HTTP request "POST" "https://graphql.zeepki.st/"
[Info   :Zeepkist GTR] 18:10:07 Stopping existing recorder if any
[Info   :Zeepkist GTR] 18:10:07 Creating new recorder
[Info   :Zeepkist GTR] 18:10:07 Start processing HTTP request "POST" "https://graphql.zeepki.st/"
[Info   :Zeepkist GTR] 18:10:07 Sending HTTP request "POST" "https://graphql.zeepki.st/"
[Info   :Zeepkist GTR] 18:10:07 Start processing HTTP request "POST" "https://graphql.zeepki.st/"
[Info   :Zeepkist GTR] 18:10:07 Sending HTTP request "POST" "https://graphql.zeepki.st/"
[Info   :Zeepkist GTR] 18:10:08 Received HTTP response headers after 176.0077ms - 200
[Info   :Zeepkist GTR] 18:10:08 End processing HTTP request after 176.2346ms - 200
[Info   :Zeepkist GTR] 18:10:08 Received HTTP response headers after 188.5366ms - 200
[Info   :Zeepkist GTR] 18:10:08 End processing HTTP request after 188.7307ms - 200
[Info   :Zeepkist GTR] 18:10:08 Ghost version: 5
[Info   :Zeepkist GTR] 18:10:08 Received HTTP response headers after 351.4763ms - 200
[Info   :Zeepkist GTR] 18:10:08 End processing HTTP request after 351.7009ms - 200
[Info   :Zeepkist GTR] 18:10:08 Start processing HTTP request "POST" "https://graphql.zeepki.st/"
[Info   :Zeepkist GTR] 18:10:08 Sending HTTP request "POST" "https://graphql.zeepki.st/"
[Info   :Zeepkist GTR] 18:10:08 Received HTTP response headers after 171.8168ms - 200
[Info   :Zeepkist GTR] 18:10:08 End processing HTTP request after 172.0362ms - 200
[Info   :Zeepkist GTR] 18:10:09 Starting recorder
[Info   :Zeepkist Bingo] [BINGO] === PLAYER SPAWNED ===
[Info   :Zeepkist Bingo] [BINGO] IsInActiveSession: False
[Info   :Zeepkist Bingo] [BINGO] Not in active session, skipping timer reset
[Info   :Zeepkist GTR] 18:10:22 Loading personal best...
[Info   :Zeepkist GTR] 18:10:22 Start processing HTTP request "POST" "https://graphql.zeepki.st/"
[Info   :Zeepkist GTR] 18:10:22 Sending HTTP request "POST" "https://graphql.zeepki.st/"
[Info   :Zeepkist GTR] 18:10:22 Stopping existing recorder if any
[Info   :Zeepkist GTR] 18:10:22 Creating new recorder
[Info   :Zeepkist GTR] 18:10:22 Start processing HTTP request "POST" "https://graphql.zeepki.st/"
[Info   :Zeepkist GTR] 18:10:22 Sending HTTP request "POST" "https://graphql.zeepki.st/"
[Info   :Zeepkist GTR] 18:10:22 Start processing HTTP request "POST" "https://graphql.zeepki.st/"
[Info   :Zeepkist GTR] 18:10:22 Sending HTTP request "POST" "https://graphql.zeepki.st/"
[Info   :Zeepkist GTR] 18:10:22 Received HTTP response headers after 185.1435ms - 200
[Info   :Zeepkist GTR] 18:10:22 Received HTTP response headers after 184.7323ms - 200
[Info   :Zeepkist GTR] 18:10:22 End processing HTTP request after 185.4507ms - 200
[Info   :Zeepkist GTR] 18:10:22 End processing HTTP request after 184.9203ms - 200
[Info   :Zeepkist GTR] 18:10:22 Ghost version: 5
[Info   :Zeepkist GTR] 18:10:22 Received HTTP response headers after 363.9984ms - 200
[Info   :Zeepkist GTR] 18:10:22 End processing HTTP request after 364.2223ms - 200
[Info   :Zeepkist GTR] 18:10:22 Start processing HTTP request "POST" "https://graphql.zeepki.st/"
[Info   :Zeepkist GTR] 18:10:22 Sending HTTP request "POST" "https://graphql.zeepki.st/"
[Info   :Zeepkist GTR] 18:10:23 Received HTTP response headers after 183.0631ms - 200
[Info   :Zeepkist GTR] 18:10:23 End processing HTTP request after 183.2619ms - 200
[Info   :Zeepkist GTR] 18:10:24 Starting recorder
[Info   :Zeepkist Bingo] [BINGO] === PLAYER SPAWNED ===
[Info   :Zeepkist Bingo] [BINGO] IsInActiveSession: False
[Info   :Zeepkist Bingo] [BINGO] Not in active session, skipping timer reset
[Info   :Zeepkist GTR] 18:10:27 Loading personal best...
[Info   :Zeepkist GTR] 18:10:27 Start processing HTTP request "POST" "https://graphql.zeepki.st/"
[Info   :Zeepkist GTR] 18:10:27 Sending HTTP request "POST" "https://graphql.zeepki.st/"
[Info   :Zeepkist GTR] 18:10:27 Stopping existing recorder if any
[Info   :Zeepkist GTR] 18:10:27 Creating new recorder
[Info   :Zeepkist GTR] 18:10:27 Start processing HTTP request "POST" "https://graphql.zeepki.st/"
[Info   :Zeepkist GTR] 18:10:27 Sending HTTP request "POST" "https://graphql.zeepki.st/"
[Info   :Zeepkist GTR] 18:10:27 Start processing HTTP request "POST" "https://graphql.zeepki.st/"
[Info   :Zeepkist GTR] 18:10:27 Sending HTTP request "POST" "https://graphql.zeepki.st/"
[Info   :Zeepkist GTR] 18:10:27 Received HTTP response headers after 176.7101ms - 200
[Info   :Zeepkist GTR] 18:10:27 End processing HTTP request after 176.9396ms - 200
[Info   :Zeepkist GTR] 18:10:27 Received HTTP response headers after 193.3887ms - 200
[Info   :Zeepkist GTR] 18:10:27 End processing HTTP request after 193.6797ms - 200
[Info   :Zeepkist GTR] 18:10:27 Ghost version: 5
[Info   :Zeepkist GTR] 18:10:27 Received HTTP response headers after 355.3113ms - 200
[Info   :Zeepkist GTR] 18:10:27 End processing HTTP request after 355.5083ms - 200
[Info   :Zeepkist GTR] 18:10:27 Start processing HTTP request "POST" "https://graphql.zeepki.st/"
[Info   :Zeepkist GTR] 18:10:27 Sending HTTP request "POST" "https://graphql.zeepki.st/"
[Info   :Zeepkist GTR] 18:10:27 Received HTTP response headers after 171.8927ms - 200
[Info   :Zeepkist GTR] 18:10:27 End processing HTTP request after 172.1809ms - 200
[Info   :Zeepkist GTR] 18:10:29 Starting recorder
[Info   :Zeepkist Bingo] [BINGO] === PLAYER SPAWNED ===
[Info   :Zeepkist Bingo] [BINGO] IsInActiveSession: False
[Info   :Zeepkist Bingo] [BINGO] Not in active session, skipping timer reset
[Info   :Zeepkist GTR] 18:10:41 Loading personal best...
[Info   :Zeepkist GTR] 18:10:41 Start processing HTTP request "POST" "https://graphql.zeepki.st/"
[Info   :Zeepkist GTR] 18:10:41 Sending HTTP request "POST" "https://graphql.zeepki.st/"
[Info   :Zeepkist GTR] 18:10:41 Stopping existing recorder if any
[Info   :Zeepkist GTR] 18:10:41 Creating new recorder
[Info   :Zeepkist GTR] 18:10:41 Start processing HTTP request "POST" "https://graphql.zeepki.st/"
[Info   :Zeepkist GTR] 18:10:41 Sending HTTP request "POST" "https://graphql.zeepki.st/"
[Info   :Zeepkist GTR] 18:10:41 Start processing HTTP request "POST" "https://graphql.zeepki.st/"
[Info   :Zeepkist GTR] 18:10:41 Sending HTTP request "POST" "https://graphql.zeepki.st/"
[Info   :Zeepkist GTR] 18:10:42 Received HTTP response headers after 177.0533ms - 200
[Info   :Zeepkist GTR] 18:10:42 End processing HTTP request after 177.2696ms - 200
[Info   :Zeepkist GTR] 18:10:42 Ghost version: 5
[Info   :Zeepkist GTR] 18:10:42 Received HTTP response headers after 216.3083ms - 200
[Info   :Zeepkist GTR] 18:10:42 End processing HTTP request after 216.5686ms - 200
[Info   :Zeepkist GTR] 18:10:42 Received HTTP response headers after 357.8521ms - 200
[Info   :Zeepkist GTR] 18:10:42 End processing HTTP request after 358.0732ms - 200
[Info   :Zeepkist GTR] 18:10:42 Start processing HTTP request "POST" "https://graphql.zeepki.st/"
[Info   :Zeepkist GTR] 18:10:42 Sending HTTP request "POST" "https://graphql.zeepki.st/"
[Info   :Zeepkist GTR] 18:10:42 Received HTTP response headers after 252.511ms - 200
[Info   :Zeepkist GTR] 18:10:42 End processing HTTP request after 252.7143ms - 200
[Info   :Zeepkist GTR] 18:10:43 Starting recorder
[Info   :Zeepkist Bingo] [BINGO] === PLAYER SPAWNED ===
[Info   :Zeepkist Bingo] [BINGO] IsInActiveSession: False
[Info   :Zeepkist Bingo] [BINGO] Not in active session, skipping timer reset
[Info   :Zeepkist GTR] 18:10:57 Loading personal best...
[Info   :Zeepkist GTR] 18:10:57 Start processing HTTP request "POST" "https://graphql.zeepki.st/"
[Info   :Zeepkist GTR] 18:10:57 Sending HTTP request "POST" "https://graphql.zeepki.st/"
[Info   :Zeepkist GTR] 18:10:57 Stopping existing recorder if any
[Info   :Zeepkist GTR] 18:10:57 Creating new recorder
[Info   :Zeepkist GTR] 18:10:57 Start processing HTTP request "POST" "https://graphql.zeepki.st/"
[Info   :Zeepkist GTR] 18:10:57 Sending HTTP request "POST" "https://graphql.zeepki.st/"
[Info   :Zeepkist GTR] 18:10:57 Start processing HTTP request "POST" "https://graphql.zeepki.st/"
[Info   :Zeepkist GTR] 18:10:57 Sending HTTP request "POST" "https://graphql.zeepki.st/"
[Info   :Zeepkist GTR] 18:10:57 Received HTTP response headers after 334.2228ms - 200
[Info   :Zeepkist GTR] 18:10:57 Received HTTP response headers after 333.8577ms - 200
[Info   :Zeepkist GTR] 18:10:57 End processing HTTP request after 334.0134ms - 200
[Info   :Zeepkist GTR] 18:10:57 End processing HTTP request after 334.429ms - 200
[Info   :Zeepkist GTR] 18:10:57 Ghost version: 5
[Info   :Zeepkist GTR] 18:10:58 Received HTTP response headers after 517.7758ms - 200
[Info   :Zeepkist GTR] 18:10:58 End processing HTTP request after 517.9933ms - 200
[Info   :Zeepkist GTR] 18:10:58 Start processing HTTP request "POST" "https://graphql.zeepki.st/"
[Info   :Zeepkist GTR] 18:10:58 Sending HTTP request "POST" "https://graphql.zeepki.st/"
[Info   :Zeepkist GTR] 18:10:58 Received HTTP response headers after 177.329ms - 200
[Info   :Zeepkist GTR] 18:10:58 End processing HTTP request after 177.5616ms - 200
[Info   :Zeepkist GTR] 18:10:59 Starting recorder
[Info   :Zeepkist Bingo] [BINGO] === PLAYER SPAWNED ===
[Info   :Zeepkist Bingo] [BINGO] IsInActiveSession: False
[Info   :Zeepkist Bingo] [BINGO] Not in active session, skipping timer reset
[Info   :Zeepkist GTR] 18:11:30 Loading personal best...
[Info   :Zeepkist GTR] 18:11:30 Start processing HTTP request "POST" "https://graphql.zeepki.st/"
[Info   :Zeepkist GTR] 18:11:30 Sending HTTP request "POST" "https://graphql.zeepki.st/"
[Info   :Zeepkist GTR] 18:11:30 Stopping existing recorder if any
[Info   :Zeepkist GTR] 18:11:30 Creating new recorder
[Info   :Zeepkist GTR] 18:11:30 Start processing HTTP request "POST" "https://graphql.zeepki.st/"
[Info   :Zeepkist GTR] 18:11:30 Sending HTTP request "POST" "https://graphql.zeepki.st/"
[Info   :Zeepkist GTR] 18:11:30 Start processing HTTP request "POST" "https://graphql.zeepki.st/"
[Info   :Zeepkist GTR] 18:11:30 Sending HTTP request "POST" "https://graphql.zeepki.st/"
[Info   :Zeepkist GTR] 18:11:30 Received HTTP response headers after 195.3271ms - 200
[Info   :Zeepkist GTR] 18:11:30 End processing HTTP request after 195.5371ms - 200
[Info   :Zeepkist GTR] 18:11:30 Received HTTP response headers after 194.9249ms - 200
[Info   :Zeepkist GTR] 18:11:30 End processing HTTP request after 195.1959ms - 200
[Info   :Zeepkist GTR] 18:11:30 Ghost version: 5
[Info   :Zeepkist GTR] 18:11:30 Received HTTP response headers after 389.0899ms - 200
[Info   :Zeepkist GTR] 18:11:30 End processing HTTP request after 389.3183ms - 200
[Info   :Zeepkist GTR] 18:11:30 Start processing HTTP request "POST" "https://graphql.zeepki.st/"
[Info   :Zeepkist GTR] 18:11:30 Sending HTTP request "POST" "https://graphql.zeepki.st/"
[Info   :Zeepkist GTR] 18:11:30 Received HTTP response headers after 179.7168ms - 200
[Info   :Zeepkist GTR] 18:11:30 End processing HTTP request after 179.9232ms - 200
[Info   :Zeepkist GTR] 18:11:31 Starting recorder
[Info   :Zeepkist Bingo] [BINGO] === PLAYER SPAWNED ===
[Info   :Zeepkist Bingo] [BINGO] IsInActiveSession: False
[Info   :Zeepkist Bingo] [BINGO] Not in active session, skipping timer reset
[Info   :Zeepkist GTR] 18:11:37 Loading personal best...
[Info   :Zeepkist GTR] 18:11:37 Start processing HTTP request "POST" "https://graphql.zeepki.st/"
[Info   :Zeepkist GTR] 18:11:37 Sending HTTP request "POST" "https://graphql.zeepki.st/"
[Info   :Zeepkist GTR] 18:11:37 Stopping existing recorder if any
[Info   :Zeepkist GTR] 18:11:37 Creating new recorder
[Info   :Zeepkist GTR] 18:11:37 Start processing HTTP request "POST" "https://graphql.zeepki.st/"
[Info   :Zeepkist GTR] 18:11:37 Sending HTTP request "POST" "https://graphql.zeepki.st/"
[Info   :Zeepkist GTR] 18:11:37 Start processing HTTP request "POST" "https://graphql.zeepki.st/"
[Info   :Zeepkist GTR] 18:11:37 Sending HTTP request "POST" "https://graphql.zeepki.st/"
[Info   :Zeepkist GTR] 18:11:38 Received HTTP response headers after 189.2597ms - 200
[Info   :Zeepkist GTR] 18:11:38 End processing HTTP request after 189.5161ms - 200
[Info   :Zeepkist GTR] 18:11:38 Received HTTP response headers after 205.2811ms - 200
[Info   :Zeepkist GTR] 18:11:38 End processing HTTP request after 205.5424ms - 200
[Info   :Zeepkist GTR] 18:11:38 Ghost version: 5
[Info   :Zeepkist GTR] 18:11:38 Received HTTP response headers after 398.2995ms - 200
[Info   :Zeepkist GTR] 18:11:38 End processing HTTP request after 398.5215ms - 200
[Info   :Zeepkist GTR] 18:11:38 Start processing HTTP request "POST" "https://graphql.zeepki.st/"
[Info   :Zeepkist GTR] 18:11:38 Sending HTTP request "POST" "https://graphql.zeepki.st/"
[Info   :Zeepkist GTR] 18:11:38 Received HTTP response headers after 191.11ms - 200
[Info   :Zeepkist GTR] 18:11:38 End processing HTTP request after 191.3279ms - 200
[Info   :Zeepkist GTR] 18:11:39 Starting recorder
[Info   :Zeepkist Bingo] [BINGO] === PLAYER SPAWNED ===
[Info   :Zeepkist Bingo] [BINGO] IsInActiveSession: False
[Info   :Zeepkist Bingo] [BINGO] Not in active session, skipping timer reset
[Info   :Zeepkist GTR] 18:11:41 Loading personal best...
[Info   :Zeepkist GTR] 18:11:41 Start processing HTTP request "POST" "https://graphql.zeepki.st/"
[Info   :Zeepkist GTR] 18:11:41 Sending HTTP request "POST" "https://graphql.zeepki.st/"
[Info   :Zeepkist GTR] 18:11:41 Stopping existing recorder if any
[Info   :Zeepkist GTR] 18:11:41 Creating new recorder
[Info   :Zeepkist GTR] 18:11:41 Start processing HTTP request "POST" "https://graphql.zeepki.st/"
[Info   :Zeepkist GTR] 18:11:41 Sending HTTP request "POST" "https://graphql.zeepki.st/"
[Info   :Zeepkist GTR] 18:11:41 Start processing HTTP request "POST" "https://graphql.zeepki.st/"
[Info   :Zeepkist GTR] 18:11:41 Sending HTTP request "POST" "https://graphql.zeepki.st/"
[Info   :Zeepkist GTR] 18:11:41 Received HTTP response headers after 198.0994ms - 200
[Info   :Zeepkist GTR] 18:11:41 End processing HTTP request after 198.2794ms - 200
[Info   :Zeepkist GTR] 18:11:41 Ghost version: 5
[Info   :Zeepkist GTR] 18:11:41 Received HTTP response headers after 227.1471ms - 200
[Info   :Zeepkist GTR] 18:11:41 End processing HTTP request after 227.3289ms - 200
[Info   :Zeepkist GTR] 18:11:42 Received HTTP response headers after 389.399ms - 200
[Info   :Zeepkist GTR] 18:11:42 End processing HTTP request after 389.5979ms - 200
[Info   :Zeepkist GTR] 18:11:42 Start processing HTTP request "POST" "https://graphql.zeepki.st/"
[Info   :Zeepkist GTR] 18:11:42 Sending HTTP request "POST" "https://graphql.zeepki.st/"
[Info   :Zeepkist GTR] 18:11:42 Received HTTP response headers after 170.4124ms - 200
[Info   :Zeepkist GTR] 18:11:42 End processing HTTP request after 170.6179ms - 200
[Info   :Zeepkist GTR] 18:11:43 Starting recorder
[Info   :Zeepkist Bingo] [BINGO] === PLAYER SPAWNED ===
[Info   :Zeepkist Bingo] [BINGO] IsInActiveSession: False
[Info   :Zeepkist Bingo] [BINGO] Not in active session, skipping timer reset
[Info   :Zeepkist GTR] 18:12:13 Loading personal best...
[Info   :Zeepkist GTR] 18:12:13 Start processing HTTP request "POST" "https://graphql.zeepki.st/"
[Info   :Zeepkist GTR] 18:12:13 Sending HTTP request "POST" "https://graphql.zeepki.st/"
[Info   :Zeepkist GTR] 18:12:13 Stopping existing recorder if any
[Info   :Zeepkist GTR] 18:12:13 Creating new recorder
[Info   :Zeepkist GTR] 18:12:13 Start processing HTTP request "POST" "https://graphql.zeepki.st/"
[Info   :Zeepkist GTR] 18:12:13 Sending HTTP request "POST" "https://graphql.zeepki.st/"
[Info   :Zeepkist GTR] 18:12:13 Start processing HTTP request "POST" "https://graphql.zeepki.st/"
[Info   :Zeepkist GTR] 18:12:13 Sending HTTP request "POST" "https://graphql.zeepki.st/"
[Info   :Zeepkist GTR] 18:12:13 Received HTTP response headers after 183.0886ms - 200
[Info   :Zeepkist GTR] 18:12:13 Received HTTP response headers after 183.5818ms - 200
[Info   :Zeepkist GTR] 18:12:13 End processing HTTP request after 183.3261ms - 200
[Info   :Zeepkist GTR] 18:12:13 End processing HTTP request after 183.8216ms - 200
[Info   :Zeepkist GTR] 18:12:13 Ghost version: 5
[Info   :Zeepkist GTR] 18:12:13 Received HTTP response headers after 373.0017ms - 200
[Info   :Zeepkist GTR] 18:12:13 End processing HTTP request after 373.22ms - 200
[Info   :Zeepkist GTR] 18:12:13 Start processing HTTP request "POST" "https://graphql.zeepki.st/"
[Info   :Zeepkist GTR] 18:12:13 Sending HTTP request "POST" "https://graphql.zeepki.st/"
[Info   :Zeepkist GTR] 18:12:13 Received HTTP response headers after 183.2233ms - 200
[Info   :Zeepkist GTR] 18:12:13 End processing HTTP request after 183.449ms - 200
[Info   :Zeepkist GTR] 18:12:14 Starting recorder
[Info   :Zeepkist Bingo] [BINGO] === PLAYER SPAWNED ===
[Info   :Zeepkist Bingo] [BINGO] IsInActiveSession: False
[Info   :Zeepkist Bingo] [BINGO] Not in active session, skipping timer reset
[Info   :Zeepkist GTR] 18:12:29 Loading personal best...
[Info   :Zeepkist GTR] 18:12:29 Start processing HTTP request "POST" "https://graphql.zeepki.st/"
[Info   :Zeepkist GTR] 18:12:29 Sending HTTP request "POST" "https://graphql.zeepki.st/"
[Info   :Zeepkist GTR] 18:12:29 Stopping existing recorder if any
[Info   :Zeepkist GTR] 18:12:29 Creating new recorder
[Info   :Zeepkist GTR] 18:12:29 Start processing HTTP request "POST" "https://graphql.zeepki.st/"
[Info   :Zeepkist GTR] 18:12:29 Sending HTTP request "POST" "https://graphql.zeepki.st/"
[Info   :Zeepkist GTR] 18:12:29 Start processing HTTP request "POST" "https://graphql.zeepki.st/"
[Info   :Zeepkist GTR] 18:12:29 Sending HTTP request "POST" "https://graphql.zeepki.st/"
[Info   :Zeepkist GTR] 18:12:29 Received HTTP response headers after 220.3191ms - 200
[Info   :Zeepkist GTR] 18:12:29 End processing HTTP request after 220.515ms - 200
[Info   :Zeepkist GTR] 18:12:29 Received HTTP response headers after 231.6231ms - 200
[Info   :Zeepkist GTR] 18:12:29 End processing HTTP request after 231.812ms - 200
[Info   :Zeepkist GTR] 18:12:29 Ghost version: 5
[Info   :Zeepkist GTR] 18:12:30 Received HTTP response headers after 412.3118ms - 200
[Info   :Zeepkist GTR] 18:12:30 End processing HTTP request after 412.5083ms - 200
[Info   :Zeepkist GTR] 18:12:30 Start processing HTTP request "POST" "https://graphql.zeepki.st/"
[Info   :Zeepkist GTR] 18:12:30 Sending HTTP request "POST" "https://graphql.zeepki.st/"
[Info   :Zeepkist GTR] 18:12:30 Received HTTP response headers after 196.7058ms - 200
[Info   :Zeepkist GTR] 18:12:30 End processing HTTP request after 196.941ms - 200
[Info   :Zeepkist GTR] 18:12:31 Starting recorder
[Info   :Zeepkist Bingo] [BINGO] === PLAYER SPAWNED ===
[Info   :Zeepkist Bingo] [BINGO] IsInActiveSession: False
[Info   :Zeepkist Bingo] [BINGO] Not in active session, skipping timer reset
[Info   :Zeepkist GTR] 18:12:37 Loading personal best...
[Info   :Zeepkist GTR] 18:12:37 Start processing HTTP request "POST" "https://graphql.zeepki.st/"
[Info   :Zeepkist GTR] 18:12:37 Sending HTTP request "POST" "https://graphql.zeepki.st/"
[Info   :Zeepkist GTR] 18:12:37 Stopping existing recorder if any
[Info   :Zeepkist GTR] 18:12:37 Creating new recorder
[Info   :Zeepkist GTR] 18:12:37 Start processing HTTP request "POST" "https://graphql.zeepki.st/"
[Info   :Zeepkist GTR] 18:12:37 Sending HTTP request "POST" "https://graphql.zeepki.st/"
[Info   :Zeepkist GTR] 18:12:37 Start processing HTTP request "POST" "https://graphql.zeepki.st/"
[Info   :Zeepkist GTR] 18:12:37 Sending HTTP request "POST" "https://graphql.zeepki.st/"
[Info   :Zeepkist GTR] 18:12:37 Received HTTP response headers after 197.8091ms - 200
[Info   :Zeepkist GTR] 18:12:37 End processing HTTP request after 198.0374ms - 200
[Info   :Zeepkist GTR] 18:12:37 Received HTTP response headers after 207.8438ms - 200
[Info   :Zeepkist GTR] 18:12:37 End processing HTTP request after 208.0396ms - 200
[Info   :Zeepkist GTR] 18:12:37 Ghost version: 5
[Info   :Zeepkist GTR] 18:12:37 Received HTTP response headers after 394.4451ms - 200
[Info   :Zeepkist GTR] 18:12:37 End processing HTTP request after 394.639ms - 200
[Info   :Zeepkist GTR] 18:12:37 Start processing HTTP request "POST" "https://graphql.zeepki.st/"
[Info   :Zeepkist GTR] 18:12:37 Sending HTTP request "POST" "https://graphql.zeepki.st/"
[Info   :Zeepkist GTR] 18:12:37 Received HTTP response headers after 195.7005ms - 200
[Info   :Zeepkist GTR] 18:12:37 End processing HTTP request after 195.9265ms - 200
[Info   :Zeepkist GTR] 18:12:39 Starting recorder
[Info   :Zeepkist GTR] 18:13:16 Stopping recorder
[Info   :Zeepkist GTR] 18:13:16 Collecting extra information
[Info   :Zeepkist GTR] 18:13:16 Processing ghost data
[Info   :Zeepkist GTR] 18:13:16 Creating stream
[Info   :Zeepkist GTR] 18:13:16 Writing to stream
[Info   :Zeepkist GTR] 18:13:16 Closing stream
[Info   :Zeepkist GTR] 18:13:16 Getting buffer
[Info   :Zeepkist GTR] 18:13:16 Converting to base64
[Info   :Zeepkist GTR] 18:13:16 Creating resource
[Info   :Zeepkist GTR] 18:13:16 Start processing HTTP request "POST" "https://backend.zeepki.st/auth/refresh"
[Info   :Zeepkist GTR] 18:13:16 Sending HTTP request "POST" "https://backend.zeepki.st/auth/refresh"
[Info   :Zeepkist GTR] 18:13:17 Received HTTP response headers after 1013.912ms - 200
[Info   :Zeepkist GTR] 18:13:17 End processing HTTP request after 1014.0946ms - 200
[Info   :Zeepkist GTR] 18:13:17 Start processing HTTP request "POST" "https://backend.zeepki.st/record/submit"
[Info   :Zeepkist GTR] 18:13:17 Sending HTTP request "POST" "https://backend.zeepki.st/record/submit"
[Info   :Zeepkist GTR] 18:13:18 Received HTTP response headers after 466.5132ms - 200
[Info   :Zeepkist GTR] 18:13:18 End processing HTTP request after 466.704ms - 200
[Info   :Zeepkist Bingo] [BINGO] === PLAYER SPAWNED ===
[Info   :Zeepkist Bingo] [BINGO] IsInActiveSession: False
[Info   :Zeepkist Bingo] [BINGO] Not in active session, skipping timer reset
[Info   :Zeepkist GTR] 18:13:20 Loading personal best...
[Info   :Zeepkist GTR] 18:13:20 Start processing HTTP request "POST" "https://graphql.zeepki.st/"
[Info   :Zeepkist GTR] 18:13:20 Sending HTTP request "POST" "https://graphql.zeepki.st/"
[Info   :Zeepkist GTR] 18:13:20 Stopping existing recorder if any
[Info   :Zeepkist GTR] 18:13:20 Creating new recorder
[Info   :Zeepkist GTR] 18:13:20 Start processing HTTP request "POST" "https://graphql.zeepki.st/"
[Info   :Zeepkist GTR] 18:13:20 Sending HTTP request "POST" "https://graphql.zeepki.st/"
[Info   :Zeepkist GTR] 18:13:20 Start processing HTTP request "POST" "https://graphql.zeepki.st/"
[Info   :Zeepkist GTR] 18:13:20 Sending HTTP request "POST" "https://graphql.zeepki.st/"
[Info   :Zeepkist GTR] 18:13:20 Received HTTP response headers after 399.5186ms - 200
[Info   :Zeepkist GTR] 18:13:20 End processing HTTP request after 399.7447ms - 200
[Info   :Zeepkist GTR] 18:13:20 Start processing HTTP request "GET" "https://cdn.zeepki.st/ghosts/01KRPYMVRD6SBAYMXXR88REKDK.bin"
[Info   :Zeepkist GTR] 18:13:20 Sending HTTP request "GET" "https://cdn.zeepki.st/ghosts/01KRPYMVRD6SBAYMXXR88REKDK.bin"
[Info   :Zeepkist GTR] 18:13:21 Received HTTP response headers after 502.2146ms - 200
[Info   :Zeepkist GTR] 18:13:21 End processing HTTP request after 502.6818ms - 200
[Info   :Zeepkist GTR] 18:13:21 Received HTTP response headers after 750.9601ms - 200
[Info   :Zeepkist GTR] 18:13:21 End processing HTTP request after 751.1657ms - 200
[Info   :Zeepkist GTR] 18:13:21 Start processing HTTP request "POST" "https://graphql.zeepki.st/"
[Info   :Zeepkist GTR] 18:13:21 Sending HTTP request "POST" "https://graphql.zeepki.st/"
[Info   :Zeepkist GTR] 18:13:21 Received HTTP response headers after 187.688ms - 200
[Info   :Zeepkist GTR] 18:13:21 End processing HTTP request after 187.8974ms - 200
[Info   :Zeepkist GTR] 18:13:21 Received HTTP response headers after 812.5962ms - 200
[Info   :Zeepkist GTR] 18:13:21 End processing HTTP request after 812.7988ms - 200
[Info   :Zeepkist GTR] 18:13:21 Ghost version: 5
[Info   :Zeepkist GTR] 18:13:22 Starting recorder
[Info   :Zeepkist Bingo] [BINGO] === PLAYER SPAWNED ===
[Info   :Zeepkist Bingo] [BINGO] IsInActiveSession: False
[Info   :Zeepkist Bingo] [BINGO] Not in active session, skipping timer reset
[Info   :Zeepkist GTR] 18:13:24 Loading personal best...
[Info   :Zeepkist GTR] 18:13:24 Start processing HTTP request "POST" "https://graphql.zeepki.st/"
[Info   :Zeepkist GTR] 18:13:24 Sending HTTP request "POST" "https://graphql.zeepki.st/"
[Info   :Zeepkist GTR] 18:13:24 Stopping existing recorder if any
[Info   :Zeepkist GTR] 18:13:24 Creating new recorder
[Info   :Zeepkist GTR] 18:13:24 Start processing HTTP request "POST" "https://graphql.zeepki.st/"
[Info   :Zeepkist GTR] 18:13:24 Sending HTTP request "POST" "https://graphql.zeepki.st/"
[Info   :Zeepkist GTR] 18:13:24 Start processing HTTP request "POST" "https://graphql.zeepki.st/"
[Info   :Zeepkist GTR] 18:13:24 Sending HTTP request "POST" "https://graphql.zeepki.st/"
[Info   :Zeepkist GTR] 18:13:25 Received HTTP response headers after 183.1441ms - 200
[Info   :Zeepkist GTR] 18:13:25 Received HTTP response headers after 182.6237ms - 200
[Info   :Zeepkist GTR] 18:13:25 End processing HTTP request after 183.3783ms - 200
[Info   :Zeepkist GTR] 18:13:25 End processing HTTP request after 182.8527ms - 200
[Info   :Zeepkist GTR] 18:13:25 Ghost version: 5
[Info   :Zeepkist GTR] 18:13:25 Received HTTP response headers after 370.0045ms - 200
[Info   :Zeepkist GTR] 18:13:25 End processing HTTP request after 370.22ms - 200
[Info   :Zeepkist GTR] 18:13:25 Start processing HTTP request "POST" "https://graphql.zeepki.st/"
[Info   :Zeepkist GTR] 18:13:25 Sending HTTP request "POST" "https://graphql.zeepki.st/"
[Info   :Zeepkist GTR] 18:13:25 Received HTTP response headers after 188.5345ms - 200
[Info   :Zeepkist GTR] 18:13:25 End processing HTTP request after 188.7387ms - 200
[Info   :Zeepkist GTR] 18:13:26 Starting recorder
[Info   :Zeepkist Bingo] [BINGO] === PLAYER SPAWNED ===
[Info   :Zeepkist Bingo] [BINGO] IsInActiveSession: False
[Info   :Zeepkist Bingo] [BINGO] Not in active session, skipping timer reset
[Info   :Zeepkist GTR] 18:13:41 Loading personal best...
[Info   :Zeepkist GTR] 18:13:41 Start processing HTTP request "POST" "https://graphql.zeepki.st/"
[Info   :Zeepkist GTR] 18:13:41 Sending HTTP request "POST" "https://graphql.zeepki.st/"
[Info   :Zeepkist GTR] 18:13:41 Stopping existing recorder if any
[Info   :Zeepkist GTR] 18:13:41 Creating new recorder
[Info   :Zeepkist GTR] 18:13:41 Start processing HTTP request "POST" "https://graphql.zeepki.st/"
[Info   :Zeepkist GTR] 18:13:41 Sending HTTP request "POST" "https://graphql.zeepki.st/"
[Info   :Zeepkist GTR] 18:13:41 Start processing HTTP request "POST" "https://graphql.zeepki.st/"
[Info   :Zeepkist GTR] 18:13:41 Sending HTTP request "POST" "https://graphql.zeepki.st/"
[Info   :Zeepkist GTR] 18:13:42 Received HTTP response headers after 175.8192ms - 200
[Info   :Zeepkist GTR] 18:13:42 End processing HTTP request after 176.0415ms - 200
[Info   :Zeepkist GTR] 18:13:42 Received HTTP response headers after 204.0624ms - 200
[Info   :Zeepkist GTR] 18:13:42 End processing HTTP request after 204.3171ms - 200
[Info   :Zeepkist GTR] 18:13:42 Ghost version: 5
[Info   :Zeepkist GTR] 18:13:42 Received HTTP response headers after 351.4262ms - 200
[Info   :Zeepkist GTR] 18:13:42 End processing HTTP request after 351.6452ms - 200
[Info   :Zeepkist GTR] 18:13:42 Start processing HTTP request "POST" "https://graphql.zeepki.st/"
[Info   :Zeepkist GTR] 18:13:42 Sending HTTP request "POST" "https://graphql.zeepki.st/"
[Info   :Zeepkist GTR] 18:13:42 Received HTTP response headers after 224.927ms - 200
[Info   :Zeepkist GTR] 18:13:42 End processing HTTP request after 225.1563ms - 200
[Info   :Zeepkist GTR] 18:13:43 Starting recorder
[Info   :Zeepkist Bingo] [BINGO] === PLAYER SPAWNED ===
[Info   :Zeepkist Bingo] [BINGO] IsInActiveSession: False
[Info   :Zeepkist Bingo] [BINGO] Not in active session, skipping timer reset
[Info   :Zeepkist GTR] 18:13:49 Loading personal best...
[Info   :Zeepkist GTR] 18:13:49 Start processing HTTP request "POST" "https://graphql.zeepki.st/"
[Info   :Zeepkist GTR] 18:13:49 Sending HTTP request "POST" "https://graphql.zeepki.st/"
[Info   :Zeepkist GTR] 18:13:49 Stopping existing recorder if any
[Info   :Zeepkist GTR] 18:13:49 Creating new recorder
[Info   :Zeepkist GTR] 18:13:49 Start processing HTTP request "POST" "https://graphql.zeepki.st/"
[Info   :Zeepkist GTR] 18:13:49 Sending HTTP request "POST" "https://graphql.zeepki.st/"
[Info   :Zeepkist GTR] 18:13:49 Start processing HTTP request "POST" "https://graphql.zeepki.st/"
[Info   :Zeepkist GTR] 18:13:49 Sending HTTP request "POST" "https://graphql.zeepki.st/"
[Info   :Zeepkist GTR] 18:13:49 Received HTTP response headers after 176.3582ms - 200
[Info   :Zeepkist GTR] 18:13:49 End processing HTTP request after 176.5911ms - 200
[Info   :Zeepkist GTR] 18:13:49 Received HTTP response headers after 180.0078ms - 200
[Info   :Zeepkist GTR] 18:13:49 End processing HTTP request after 180.2205ms - 200
[Info   :Zeepkist GTR] 18:13:49 Ghost version: 5
[Info   :Zeepkist GTR] 18:13:50 Received HTTP response headers after 350.2575ms - 200
[Info   :Zeepkist GTR] 18:13:50 End processing HTTP request after 350.4722ms - 200
[Info   :Zeepkist GTR] 18:13:50 Start processing HTTP request "POST" "https://graphql.zeepki.st/"
[Info   :Zeepkist GTR] 18:13:50 Sending HTTP request "POST" "https://graphql.zeepki.st/"
[Info   :Zeepkist GTR] 18:13:50 Received HTTP response headers after 169.0124ms - 200
[Info   :Zeepkist GTR] 18:13:50 End processing HTTP request after 169.2306ms - 200
[Info   :Zeepkist GTR] 18:13:51 Starting recorder
[Info   :Zeepkist Bingo] [BINGO] === PLAYER SPAWNED ===
[Info   :Zeepkist Bingo] [BINGO] IsInActiveSession: False
[Info   :Zeepkist Bingo] [BINGO] Not in active session, skipping timer reset
[Info   :Zeepkist GTR] 18:14:09 Loading personal best...
[Info   :Zeepkist GTR] 18:14:09 Start processing HTTP request "POST" "https://graphql.zeepki.st/"
[Info   :Zeepkist GTR] 18:14:09 Sending HTTP request "POST" "https://graphql.zeepki.st/"
[Info   :Zeepkist GTR] 18:14:09 Stopping existing recorder if any
[Info   :Zeepkist GTR] 18:14:09 Creating new recorder
[Info   :Zeepkist GTR] 18:14:09 Start processing HTTP request "POST" "https://graphql.zeepki.st/"
[Info   :Zeepkist GTR] 18:14:09 Sending HTTP request "POST" "https://graphql.zeepki.st/"
[Info   :Zeepkist GTR] 18:14:09 Start processing HTTP request "POST" "https://graphql.zeepki.st/"
[Info   :Zeepkist GTR] 18:14:09 Sending HTTP request "POST" "https://graphql.zeepki.st/"
[Info   :Zeepkist GTR] 18:14:09 Received HTTP response headers after 181.8378ms - 200
[Info   :Zeepkist GTR] 18:14:09 End processing HTTP request after 182.032ms - 200
[Info   :Zeepkist GTR] 18:14:09 Received HTTP response headers after 185.295ms - 200
[Info   :Zeepkist GTR] 18:14:09 End processing HTTP request after 185.4896ms - 200
[Info   :Zeepkist GTR] 18:14:09 Ghost version: 5
[Info   :Zeepkist GTR] 18:14:10 Received HTTP response headers after 356.9904ms - 200
[Info   :Zeepkist GTR] 18:14:10 End processing HTTP request after 357.1902ms - 200
[Info   :Zeepkist GTR] 18:14:10 Start processing HTTP request "POST" "https://graphql.zeepki.st/"
[Info   :Zeepkist GTR] 18:14:10 Sending HTTP request "POST" "https://graphql.zeepki.st/"
[Info   :Zeepkist GTR] 18:14:10 Received HTTP response headers after 168.2901ms - 200
[Info   :Zeepkist GTR] 18:14:10 End processing HTTP request after 168.4957ms - 200
[Info   :Zeepkist GTR] 18:14:11 Starting recorder
[Info   :Zeepkist Bingo] [BINGO] === PLAYER SPAWNED ===
[Info   :Zeepkist Bingo] [BINGO] IsInActiveSession: False
[Info   :Zeepkist Bingo] [BINGO] Not in active session, skipping timer reset
[Info   :Zeepkist GTR] 18:14:15 Loading personal best...
[Info   :Zeepkist GTR] 18:14:15 Start processing HTTP request "POST" "https://graphql.zeepki.st/"
[Info   :Zeepkist GTR] 18:14:15 Sending HTTP request "POST" "https://graphql.zeepki.st/"
[Info   :Zeepkist GTR] 18:14:15 Stopping existing recorder if any
[Info   :Zeepkist GTR] 18:14:15 Creating new recorder
[Info   :Zeepkist GTR] 18:14:15 Start processing HTTP request "POST" "https://graphql.zeepki.st/"
[Info   :Zeepkist GTR] 18:14:15 Sending HTTP request "POST" "https://graphql.zeepki.st/"
[Info   :Zeepkist GTR] 18:14:15 Start processing HTTP request "POST" "https://graphql.zeepki.st/"
[Info   :Zeepkist GTR] 18:14:15 Sending HTTP request "POST" "https://graphql.zeepki.st/"
[Info   :Zeepkist GTR] 18:14:15 Received HTTP response headers after 178.5208ms - 200
[Info   :Zeepkist GTR] 18:14:15 End processing HTTP request after 178.7448ms - 200
[Info   :Zeepkist GTR] 18:14:15 Received HTTP response headers after 186.0212ms - 200
[Info   :Zeepkist GTR] 18:14:15 End processing HTTP request after 186.2321ms - 200
[Info   :Zeepkist GTR] 18:14:15 Ghost version: 5
[Info   :Zeepkist GTR] 18:14:15 Received HTTP response headers after 358.6364ms - 200
[Info   :Zeepkist GTR] 18:14:15 End processing HTTP request after 358.8802ms - 200
[Info   :Zeepkist GTR] 18:14:15 Start processing HTTP request "POST" "https://graphql.zeepki.st/"
[Info   :Zeepkist GTR] 18:14:15 Sending HTTP request "POST" "https://graphql.zeepki.st/"
[Info   :Zeepkist GTR] 18:14:16 Received HTTP response headers after 174.951ms - 200
[Info   :Zeepkist GTR] 18:14:16 End processing HTTP request after 175.1741ms - 200
[Info   :Zeepkist GTR] 18:14:17 Starting recorder
[Info   :Zeepkist Bingo] [BINGO] === PLAYER SPAWNED ===
[Info   :Zeepkist Bingo] [BINGO] IsInActiveSession: False
[Info   :Zeepkist Bingo] [BINGO] Not in active session, skipping timer reset
[Info   :Zeepkist GTR] 18:14:21 Loading personal best...
[Info   :Zeepkist GTR] 18:14:21 Start processing HTTP request "POST" "https://graphql.zeepki.st/"
[Info   :Zeepkist GTR] 18:14:21 Sending HTTP request "POST" "https://graphql.zeepki.st/"
[Info   :Zeepkist GTR] 18:14:21 Stopping existing recorder if any
[Info   :Zeepkist GTR] 18:14:21 Creating new recorder
[Info   :Zeepkist GTR] 18:14:21 Start processing HTTP request "POST" "https://graphql.zeepki.st/"
[Info   :Zeepkist GTR] 18:14:21 Sending HTTP request "POST" "https://graphql.zeepki.st/"
[Info   :Zeepkist GTR] 18:14:21 Start processing HTTP request "POST" "https://graphql.zeepki.st/"
[Info   :Zeepkist GTR] 18:14:21 Sending HTTP request "POST" "https://graphql.zeepki.st/"
[Info   :Zeepkist GTR] 18:14:21 Received HTTP response headers after 171.4361ms - 200
[Info   :Zeepkist GTR] 18:14:21 End processing HTTP request after 171.6293ms - 200
[Info   :Zeepkist GTR] 18:14:21 Received HTTP response headers after 171.9257ms - 200
[Info   :Zeepkist GTR] 18:14:21 End processing HTTP request after 172.1157ms - 200
[Info   :Zeepkist GTR] 18:14:21 Ghost version: 5
[Info   :Zeepkist GTR] 18:14:21 Received HTTP response headers after 347.4691ms - 200
[Info   :Zeepkist GTR] 18:14:21 End processing HTTP request after 347.6668ms - 200
[Info   :Zeepkist GTR] 18:14:21 Start processing HTTP request "POST" "https://graphql.zeepki.st/"
[Info   :Zeepkist GTR] 18:14:21 Sending HTTP request "POST" "https://graphql.zeepki.st/"
[Info   :Zeepkist GTR] 18:14:21 Received HTTP response headers after 170.2876ms - 200
[Info   :Zeepkist GTR] 18:14:21 End processing HTTP request after 170.5028ms - 200
[Info   :Zeepkist GTR] 18:14:23 Starting recorder
[Info   :Zeepkist GTR] 18:14:43 Discarding recorder
[Info   :Zeepkist Bingo] [CHAT] Intercepted message: o/
[Info   :Zeepkist Bingo] [CHAT] Not relaying - no bingo session
[Info   :Zeepkist Bingo] [BINGO] Level loaded
[Info   :BetterSplits] getting gtr splits
[Info   :Zeepkist Bingo] [BINGO] === PLAYER SPAWNED ===
[Info   :Zeepkist Bingo] [BINGO] IsInActiveSession: False
[Info   :Zeepkist Bingo] [BINGO] Not in active session, skipping timer reset
[Info   :Zeepkist GTR] 18:14:57 Loading personal best...
[Info   :Zeepkist GTR] 18:14:57 Start processing HTTP request "POST" "https://graphql.zeepki.st/"
[Info   :Zeepkist GTR] 18:14:57 Sending HTTP request "POST" "https://graphql.zeepki.st/"
[Info   :Zeepkist GTR] 18:14:57 Stopping existing recorder if any
[Info   :Zeepkist GTR] 18:14:57 Creating new recorder
[Info   :Zeepkist GTR] 18:14:57 Start processing HTTP request "POST" "https://graphql.zeepki.st/"
[Info   :Zeepkist GTR] 18:14:57 Sending HTTP request "POST" "https://graphql.zeepki.st/"
[Info   :Zeepkist GTR] 18:14:57 Start processing HTTP request "POST" "https://graphql.zeepki.st/"
[Info   :Zeepkist GTR] 18:14:57 Sending HTTP request "POST" "https://graphql.zeepki.st/"
[Info   :Zeepkist GTR] 18:14:57 Received HTTP response headers after 181.2975ms - 200
[Info   :Zeepkist GTR] 18:14:57 End processing HTTP request after 181.5261ms - 200
[Info   :Zeepkist GTR] 18:14:57 Received HTTP response headers after 184.6748ms - 200
[Info   :Zeepkist GTR] 18:14:57 End processing HTTP request after 184.8814ms - 200
[Info   :Zeepkist GTR] 18:14:57 Ghost version: 5
[Error  :BetterSplits] could not get splits
Response: StatusCode: 400, ReasonPhrase: 'Bad Request', Version: 1.1, Content: System.Net.Http.StreamContent, Headers:
{
Date: Fri, 15 May 2026 23:14:58 GMT
Connection: keep-alive
access-control-allow-headers: Origin, X-Requested-With, Accept, Authorization, X-Apollo-Tracing, Content-Type, Content-Length, X-PostGraphile-Explain
access-control-allow-methods: HEAD, GET, POST
access-control-allow-origin: *
access-control-expose-headers: X-GraphQL-Event-Stream
alt-svc: h3=":443"; ma=86400
vary: Origin
via: 1.1 Caddy
x-graphql-event-stream: /stream
x-query-cost: 115
cf-cache-status: DYNAMIC
x-xss-protection: 1; mode=block
Strict-Transport-Security: max-age=15552000; includeSubDomains; preload
x-content-type-options: nosniff
Server-Timing: cfCacheStatus;desc="DYNAMIC", cfEdge;dur=15,cfOrigin;dur=129
Report-To: {"group":"cf-nel","max_age":604800,"endpoints":[{"url":"https://a.nel.cloudflare.com/report/v4?s=VH%2FlGLb6htMMW2pG98IsBnNkl78baiOqoNfx9tXBxlTotJLLFOCjV9bP8mB9DbWEvKwk25Drsbiq%2Bt7Td44SV12tcs3rT9uu2A4G6nnpUngW69yfrCavhD1XTp6hyZxoA9K90DEr6CAY5SjlJXmofg%3D%3D"}]}
Nel: {"report_to":"cf-nel","success_fraction":0.0,"max_age":604800}
expect-ct: max-age=86400, enforce
referrer-policy: same-origin
x-frame-options: SAMEORIGIN
Server: cloudflare
CF-RAY: 9fc5d78c4f6bacee-MSP
Content-Type: application/json; charset=utf-8
Content-Length: 172
} 
Content: {"errors":[{"message":"Cannot query field \"personalBestGlobalsByIdLevel\" on type \"Level\". Did you mean \"personalBestGlobals\"?","locations":[{"line":1,"column":87}]}]}
Url: https://graphql.zeepki.st
Request: {"query":"query BetterSplitsPB($hash: String!, $steamId: BigFloat) { levelByHash(hash: $hash) { personalBestGlobalsByIdLevel(filter: {userByIdUser: {steamId: {equalTo: $steamId}}}) { nodes { recordByIdRecord { speeds splits time }}}}}","variables":{"hash":"F201CD7B39FD30BE3C496E4D978D51694B853357","steamId":"76561199218214543"}}
[Info   :Zeepkist GTR] 18:14:58 Received HTTP response headers after 359.9162ms - 200
[Info   :Zeepkist GTR] 18:14:58 End processing HTTP request after 360.1298ms - 200
[Info   :Zeepkist GTR] 18:14:58 Start processing HTTP request "POST" "https://graphql.zeepki.st/"
[Info   :Zeepkist GTR] 18:14:58 Sending HTTP request "POST" "https://graphql.zeepki.st/"
[Info   :Zeepkist GTR] 18:14:58 Received HTTP response headers after 171.4267ms - 200
[Info   :Zeepkist GTR] 18:14:58 End processing HTTP request after 171.6276ms - 200
[Info   :RoundLeaderboardTab] Drawing leaderboard -> forwarding to Instance.DrawTabLeaderboard()
[Info   :Zeepkist GTR] 18:14:59 Starting recorder
[Info   :Zeepkist Bingo] [BINGO] === PLAYER SPAWNED ===
[Info   :Zeepkist Bingo] [BINGO] IsInActiveSession: False
[Info   :Zeepkist Bingo] [BINGO] Not in active session, skipping timer reset
[Info   :Zeepkist GTR] 18:15:09 Loading personal best...
[Info   :Zeepkist GTR] 18:15:09 Start processing HTTP request "POST" "https://graphql.zeepki.st/"
[Info   :Zeepkist GTR] 18:15:09 Sending HTTP request "POST" "https://graphql.zeepki.st/"
[Info   :Zeepkist GTR] 18:15:09 Stopping existing recorder if any
[Info   :Zeepkist GTR] 18:15:09 Creating new recorder
[Info   :Zeepkist GTR] 18:15:09 Start processing HTTP request "POST" "https://graphql.zeepki.st/"
[Info   :Zeepkist GTR] 18:15:09 Sending HTTP request "POST" "https://graphql.zeepki.st/"
[Info   :Zeepkist GTR] 18:15:09 Start processing HTTP request "POST" "https://graphql.zeepki.st/"
[Info   :Zeepkist GTR] 18:15:09 Sending HTTP request "POST" "https://graphql.zeepki.st/"
[Info   :Zeepkist GTR] 18:15:09 Received HTTP response headers after 198.7656ms - 200
[Info   :Zeepkist GTR] 18:15:09 End processing HTTP request after 198.9757ms - 200
[Info   :Zeepkist GTR] 18:15:09 Received HTTP response headers after 206.0798ms - 200
[Info   :Zeepkist GTR] 18:15:09 End processing HTTP request after 206.2923ms - 200
[Info   :Zeepkist GTR] 18:15:09 Ghost version: 5
[Info   :Zeepkist GTR] 18:15:09 Received HTTP response headers after 373.7643ms - 200
[Info   :Zeepkist GTR] 18:15:09 End processing HTTP request after 373.9562ms - 200
[Info   :Zeepkist GTR] 18:15:09 Start processing HTTP request "POST" "https://graphql.zeepki.st/"
[Info   :Zeepkist GTR] 18:15:09 Sending HTTP request "POST" "https://graphql.zeepki.st/"
[Info   :Zeepkist GTR] 18:15:10 Received HTTP response headers after 169.349ms - 200
[Info   :Zeepkist GTR] 18:15:10 End processing HTTP request after 169.5493ms - 200
[Info   :Zeepkist GTR] 18:15:11 Starting recorder
[Info   :Zeepkist Bingo] [BINGO] === PLAYER SPAWNED ===
[Info   :Zeepkist Bingo] [BINGO] IsInActiveSession: False
[Info   :Zeepkist Bingo] [BINGO] Not in active session, skipping timer reset
[Info   :Zeepkist GTR] 18:15:18 Loading personal best...
[Info   :Zeepkist GTR] 18:15:18 Start processing HTTP request "POST" "https://graphql.zeepki.st/"
[Info   :Zeepkist GTR] 18:15:18 Sending HTTP request "POST" "https://graphql.zeepki.st/"
[Info   :Zeepkist GTR] 18:15:18 Stopping existing recorder if any
[Info   :Zeepkist GTR] 18:15:18 Creating new recorder
[Info   :Zeepkist GTR] 18:15:18 Start processing HTTP request "POST" "https://graphql.zeepki.st/"
[Info   :Zeepkist GTR] 18:15:18 Sending HTTP request "POST" "https://graphql.zeepki.st/"
[Info   :Zeepkist GTR] 18:15:18 Start processing HTTP request "POST" "https://graphql.zeepki.st/"
[Info   :Zeepkist GTR] 18:15:18 Sending HTTP request "POST" "https://graphql.zeepki.st/"
[Info   :Zeepkist GTR] 18:15:18 Received HTTP response headers after 177.1683ms - 200
[Info   :Zeepkist GTR] 18:15:18 End processing HTTP request after 177.4012ms - 200
[Info   :Zeepkist GTR] 18:15:18 Received HTTP response headers after 184.4589ms - 200
[Info   :Zeepkist GTR] 18:15:18 End processing HTTP request after 184.6724ms - 200
[Info   :Zeepkist GTR] 18:15:18 Ghost version: 5
[Info   :Zeepkist GTR] 18:15:18 Received HTTP response headers after 351.4745ms - 200
[Info   :Zeepkist GTR] 18:15:18 End processing HTTP request after 351.6738ms - 200
[Info   :Zeepkist GTR] 18:15:18 Start processing HTTP request "POST" "https://graphql.zeepki.st/"
[Info   :Zeepkist GTR] 18:15:18 Sending HTTP request "POST" "https://graphql.zeepki.st/"
[Info   :Zeepkist GTR] 18:15:18 Received HTTP response headers after 166.4686ms - 200
[Info   :Zeepkist GTR] 18:15:18 End processing HTTP request after 166.6627ms - 200
[Info   :Zeepkist GTR] 18:15:20 Starting recorder
[Info   :Zeepkist Bingo] [BINGO] === PLAYER SPAWNED ===
[Info   :Zeepkist Bingo] [BINGO] IsInActiveSession: False
[Info   :Zeepkist Bingo] [BINGO] Not in active session, skipping timer reset
[Info   :Zeepkist GTR] 18:15:29 Loading personal best...
[Info   :Zeepkist GTR] 18:15:29 Start processing HTTP request "POST" "https://graphql.zeepki.st/"
[Info   :Zeepkist GTR] 18:15:29 Sending HTTP request "POST" "https://graphql.zeepki.st/"
[Info   :Zeepkist GTR] 18:15:29 Stopping existing recorder if any
[Info   :Zeepkist GTR] 18:15:29 Creating new recorder
[Info   :Zeepkist GTR] 18:15:29 Start processing HTTP request "POST" "https://graphql.zeepki.st/"
[Info   :Zeepkist GTR] 18:15:29 Sending HTTP request "POST" "https://graphql.zeepki.st/"
[Info   :Zeepkist GTR] 18:15:29 Start processing HTTP request "POST" "https://graphql.zeepki.st/"
[Info   :Zeepkist GTR] 18:15:29 Sending HTTP request "POST" "https://graphql.zeepki.st/"
[Info   :Zeepkist GTR] 18:15:30 Received HTTP response headers after 279.2944ms - 200
[Info   :Zeepkist GTR] 18:15:30 End processing HTTP request after 279.4898ms - 200
[Info   :Zeepkist GTR] 18:15:30 Received HTTP response headers after 283.2012ms - 200
[Info   :Zeepkist GTR] 18:15:30 End processing HTTP request after 283.3881ms - 200
[Info   :Zeepkist GTR] 18:15:30 Ghost version: 5
[Info   :Zeepkist GTR] 18:15:30 Received HTTP response headers after 458.0471ms - 200
[Info   :Zeepkist GTR] 18:15:30 End processing HTTP request after 458.2382ms - 200
[Info   :Zeepkist GTR] 18:15:30 Start processing HTTP request "POST" "https://graphql.zeepki.st/"
[Info   :Zeepkist GTR] 18:15:30 Sending HTTP request "POST" "https://graphql.zeepki.st/"
[Info   :Zeepkist GTR] 18:15:30 Received HTTP response headers after 181.1377ms - 200
[Info   :Zeepkist GTR] 18:15:30 End processing HTTP request after 181.3359ms - 200
[Info   :Zeepkist GTR] 18:15:31 Starting recorder
[Info   :Zeepkist Bingo] [BINGO] === PLAYER SPAWNED ===
[Info   :Zeepkist Bingo] [BINGO] IsInActiveSession: False
[Info   :Zeepkist Bingo] [BINGO] Not in active session, skipping timer reset
[Info   :Zeepkist GTR] 18:15:39 Loading personal best...
[Info   :Zeepkist GTR] 18:15:39 Start processing HTTP request "POST" "https://graphql.zeepki.st/"
[Info   :Zeepkist GTR] 18:15:39 Sending HTTP request "POST" "https://graphql.zeepki.st/"
[Info   :Zeepkist GTR] 18:15:39 Stopping existing recorder if any
[Info   :Zeepkist GTR] 18:15:39 Creating new recorder
[Info   :Zeepkist GTR] 18:15:39 Start processing HTTP request "POST" "https://graphql.zeepki.st/"
[Info   :Zeepkist GTR] 18:15:39 Sending HTTP request "POST" "https://graphql.zeepki.st/"
[Info   :Zeepkist GTR] 18:15:39 Start processing HTTP request "POST" "https://graphql.zeepki.st/"
[Info   :Zeepkist GTR] 18:15:39 Sending HTTP request "POST" "https://graphql.zeepki.st/"
[Info   :Zeepkist GTR] 18:15:39 Received HTTP response headers after 181.8396ms - 200
[Info   :Zeepkist GTR] 18:15:39 End processing HTTP request after 182.0666ms - 200
[Info   :Zeepkist GTR] 18:15:39 Received HTTP response headers after 189.2672ms - 200
[Info   :Zeepkist GTR] 18:15:39 End processing HTTP request after 189.5294ms - 200
[Info   :Zeepkist GTR] 18:15:39 Ghost version: 5
[Info   :Zeepkist GTR] 18:15:39 Received HTTP response headers after 368.7564ms - 200
[Info   :Zeepkist GTR] 18:15:39 End processing HTTP request after 368.9766ms - 200
[Info   :Zeepkist GTR] 18:15:39 Start processing HTTP request "POST" "https://graphql.zeepki.st/"
[Info   :Zeepkist GTR] 18:15:39 Sending HTTP request "POST" "https://graphql.zeepki.st/"
[Info   :Zeepkist GTR] 18:15:39 Received HTTP response headers after 175.1551ms - 200
[Info   :Zeepkist GTR] 18:15:39 End processing HTTP request after 175.4559ms - 200
[Info   :Zeepkist GTR] 18:15:40 Starting recorder
[Info   :Zeepkist Bingo] [BINGO] === PLAYER SPAWNED ===
[Info   :Zeepkist Bingo] [BINGO] IsInActiveSession: False
[Info   :Zeepkist Bingo] [BINGO] Not in active session, skipping timer reset
[Info   :Zeepkist GTR] 18:15:44 Loading personal best...
[Info   :Zeepkist GTR] 18:15:44 Start processing HTTP request "POST" "https://graphql.zeepki.st/"
[Info   :Zeepkist GTR] 18:15:44 Sending HTTP request "POST" "https://graphql.zeepki.st/"
[Info   :Zeepkist GTR] 18:15:44 Stopping existing recorder if any
[Info   :Zeepkist GTR] 18:15:44 Creating new recorder
[Info   :Zeepkist GTR] 18:15:44 Start processing HTTP request "POST" "https://graphql.zeepki.st/"
[Info   :Zeepkist GTR] 18:15:44 Sending HTTP request "POST" "https://graphql.zeepki.st/"
[Info   :Zeepkist GTR] 18:15:44 Start processing HTTP request "POST" "https://graphql.zeepki.st/"
[Info   :Zeepkist GTR] 18:15:44 Sending HTTP request "POST" "https://graphql.zeepki.st/"
[Info   :Zeepkist GTR] 18:15:44 Received HTTP response headers after 187.6384ms - 200
[Info   :Zeepkist GTR] 18:15:44 End processing HTTP request after 187.8599ms - 200
[Info   :Zeepkist GTR] 18:15:44 Received HTTP response headers after 195.2715ms - 200
[Info   :Zeepkist GTR] 18:15:44 End processing HTTP request after 195.4691ms - 200
[Info   :Zeepkist GTR] 18:15:44 Ghost version: 5
[Info   :Zeepkist GTR] 18:15:45 Received HTTP response headers after 366.2619ms - 200
[Info   :Zeepkist GTR] 18:15:45 End processing HTTP request after 366.4579ms - 200
[Info   :Zeepkist GTR] 18:15:45 Start processing HTTP request "POST" "https://graphql.zeepki.st/"
[Info   :Zeepkist GTR] 18:15:45 Sending HTTP request "POST" "https://graphql.zeepki.st/"
[Info   :Zeepkist GTR] 18:15:45 Received HTTP response headers after 175.34ms - 200
[Info   :Zeepkist GTR] 18:15:45 End processing HTTP request after 175.6008ms - 200
[Info   :Zeepkist GTR] 18:15:46 Starting recorder
[Info   :Zeepkist Bingo] [BINGO] === PLAYER SPAWNED ===
[Info   :Zeepkist Bingo] [BINGO] IsInActiveSession: False
[Info   :Zeepkist Bingo] [BINGO] Not in active session, skipping timer reset
[Info   :Zeepkist GTR] 18:15:50 Loading personal best...
[Info   :Zeepkist GTR] 18:15:50 Start processing HTTP request "POST" "https://graphql.zeepki.st/"
[Info   :Zeepkist GTR] 18:15:50 Sending HTTP request "POST" "https://graphql.zeepki.st/"
[Info   :Zeepkist GTR] 18:15:50 Stopping existing recorder if any
[Info   :Zeepkist GTR] 18:15:50 Creating new recorder
[Info   :Zeepkist GTR] 18:15:50 Start processing HTTP request "POST" "https://graphql.zeepki.st/"
[Info   :Zeepkist GTR] 18:15:50 Sending HTTP request "POST" "https://graphql.zeepki.st/"
[Info   :Zeepkist GTR] 18:15:50 Start processing HTTP request "POST" "https://graphql.zeepki.st/"
[Info   :Zeepkist GTR] 18:15:50 Sending HTTP request "POST" "https://graphql.zeepki.st/"
[Info   :Zeepkist GTR] 18:15:50 Received HTTP response headers after 176.0278ms - 200
[Info   :Zeepkist GTR] 18:15:50 Received HTTP response headers after 176.6749ms - 200
[Info   :Zeepkist GTR] 18:15:50 End processing HTTP request after 176.9232ms - 200
[Info   :Zeepkist GTR] 18:15:50 End processing HTTP request after 176.3614ms - 200
[Info   :Zeepkist GTR] 18:15:50 Ghost version: 5
[Info   :Zeepkist GTR] 18:15:50 Received HTTP response headers after 355.1558ms - 200
[Info   :Zeepkist GTR] 18:15:50 End processing HTTP request after 355.3672ms - 200
[Info   :Zeepkist GTR] 18:15:50 Start processing HTTP request "POST" "https://graphql.zeepki.st/"
[Info   :Zeepkist GTR] 18:15:50 Sending HTTP request "POST" "https://graphql.zeepki.st/"
[Info   :Zeepkist GTR] 18:15:51 Received HTTP response headers after 177.224ms - 200
[Info   :Zeepkist GTR] 18:15:51 End processing HTTP request after 177.5151ms - 200
[Info   :Zeepkist GTR] 18:15:52 Starting recorder
[Info   :Zeepkist Bingo] [BINGO] === PLAYER SPAWNED ===
[Info   :Zeepkist Bingo] [BINGO] IsInActiveSession: False
[Info   :Zeepkist Bingo] [BINGO] Not in active session, skipping timer reset
[Info   :Zeepkist GTR] 18:16:22 Loading personal best...
[Info   :Zeepkist GTR] 18:16:22 Start processing HTTP request "POST" "https://graphql.zeepki.st/"
[Info   :Zeepkist GTR] 18:16:22 Sending HTTP request "POST" "https://graphql.zeepki.st/"
[Info   :Zeepkist GTR] 18:16:22 Stopping existing recorder if any
[Info   :Zeepkist GTR] 18:16:22 Creating new recorder
[Info   :Zeepkist GTR] 18:16:22 Start processing HTTP request "POST" "https://graphql.zeepki.st/"
[Info   :Zeepkist GTR] 18:16:22 Sending HTTP request "POST" "https://graphql.zeepki.st/"
[Info   :Zeepkist GTR] 18:16:22 Start processing HTTP request "POST" "https://graphql.zeepki.st/"
[Info   :Zeepkist GTR] 18:16:22 Sending HTTP request "POST" "https://graphql.zeepki.st/"
[Info   :Zeepkist GTR] 18:16:22 Received HTTP response headers after 187.9924ms - 200
[Info   :Zeepkist GTR] 18:16:22 Received HTTP response headers after 187.5267ms - 200
[Info   :Zeepkist GTR] 18:16:22 End processing HTTP request after 188.2069ms - 200
[Info   :Zeepkist GTR] 18:16:22 End processing HTTP request after 187.7258ms - 200
[Info   :Zeepkist GTR] 18:16:22 Ghost version: 5
[Info   :Zeepkist GTR] 18:16:23 Received HTTP response headers after 374.759ms - 200
[Info   :Zeepkist GTR] 18:16:23 End processing HTTP request after 374.9668ms - 200
[Info   :Zeepkist GTR] 18:16:23 Start processing HTTP request "POST" "https://graphql.zeepki.st/"
[Info   :Zeepkist GTR] 18:16:23 Sending HTTP request "POST" "https://graphql.zeepki.st/"
[Info   :Zeepkist GTR] 18:16:23 Received HTTP response headers after 187.7594ms - 200
[Info   :Zeepkist GTR] 18:16:23 End processing HTTP request after 187.982ms - 200
[Info   :Zeepkist GTR] 18:16:24 Starting recorder
[Info   :Zeepkist Bingo] [BINGO] === PLAYER SPAWNED ===
[Info   :Zeepkist Bingo] [BINGO] IsInActiveSession: False
[Info   :Zeepkist Bingo] [BINGO] Not in active session, skipping timer reset
[Info   :Zeepkist GTR] 18:16:37 Loading personal best...
[Info   :Zeepkist GTR] 18:16:37 Start processing HTTP request "POST" "https://graphql.zeepki.st/"
[Info   :Zeepkist GTR] 18:16:37 Sending HTTP request "POST" "https://graphql.zeepki.st/"
[Info   :Zeepkist GTR] 18:16:37 Stopping existing recorder if any
[Info   :Zeepkist GTR] 18:16:37 Creating new recorder
[Info   :Zeepkist GTR] 18:16:37 Start processing HTTP request "POST" "https://graphql.zeepki.st/"
[Info   :Zeepkist GTR] 18:16:37 Sending HTTP request "POST" "https://graphql.zeepki.st/"
[Info   :Zeepkist GTR] 18:16:37 Start processing HTTP request "POST" "https://graphql.zeepki.st/"
[Info   :Zeepkist GTR] 18:16:37 Sending HTTP request "POST" "https://graphql.zeepki.st/"
[Info   :Zeepkist GTR] 18:16:37 Received HTTP response headers after 185.4122ms - 200
[Info   :Zeepkist GTR] 18:16:37 End processing HTTP request after 185.6204ms - 200
[Info   :Zeepkist GTR] 18:16:37 Received HTTP response headers after 189.19ms - 200
[Info   :Zeepkist GTR] 18:16:37 End processing HTTP request after 189.4034ms - 200
[Info   :Zeepkist GTR] 18:16:37 Ghost version: 5
[Info   :Zeepkist GTR] 18:16:37 Received HTTP response headers after 365.5783ms - 200
[Info   :Zeepkist GTR] 18:16:37 End processing HTTP request after 365.7697ms - 200
[Info   :Zeepkist GTR] 18:16:37 Start processing HTTP request "POST" "https://graphql.zeepki.st/"
[Info   :Zeepkist GTR] 18:16:37 Sending HTTP request "POST" "https://graphql.zeepki.st/"
[Info   :Zeepkist GTR] 18:16:37 Received HTTP response headers after 192.1614ms - 200
[Info   :Zeepkist GTR] 18:16:37 End processing HTTP request after 192.4182ms - 200
[Info   :Zeepkist GTR] 18:16:38 Starting recorder
[Info   :Zeepkist Bingo] [BINGO] === PLAYER SPAWNED ===
[Info   :Zeepkist Bingo] [BINGO] IsInActiveSession: False
[Info   :Zeepkist Bingo] [BINGO] Not in active session, skipping timer reset
[Info   :Zeepkist GTR] 18:16:43 Loading personal best...
[Info   :Zeepkist GTR] 18:16:43 Start processing HTTP request "POST" "https://graphql.zeepki.st/"
[Info   :Zeepkist GTR] 18:16:43 Sending HTTP request "POST" "https://graphql.zeepki.st/"
[Info   :Zeepkist GTR] 18:16:43 Stopping existing recorder if any
[Info   :Zeepkist GTR] 18:16:43 Creating new recorder
[Info   :Zeepkist GTR] 18:16:43 Start processing HTTP request "POST" "https://graphql.zeepki.st/"
[Info   :Zeepkist GTR] 18:16:43 Sending HTTP request "POST" "https://graphql.zeepki.st/"
[Info   :Zeepkist GTR] 18:16:43 Start processing HTTP request "POST" "https://graphql.zeepki.st/"
[Info   :Zeepkist GTR] 18:16:43 Sending HTTP request "POST" "https://graphql.zeepki.st/"
[Info   :Zeepkist GTR] 18:16:43 Received HTTP response headers after 200.1218ms - 200
[Info   :Zeepkist GTR] 18:16:43 Received HTTP response headers after 200.6393ms - 200
[Info   :Zeepkist GTR] 18:16:43 End processing HTTP request after 200.3865ms - 200
[Info   :Zeepkist GTR] 18:16:43 End processing HTTP request after 200.8833ms - 200
[Info   :Zeepkist GTR] 18:16:43 Ghost version: 5
[Info   :Zeepkist GTR] 18:16:43 Received HTTP response headers after 407.539ms - 200
[Info   :Zeepkist GTR] 18:16:43 End processing HTTP request after 407.7504ms - 200
[Info   :Zeepkist GTR] 18:16:43 Start processing HTTP request "POST" "https://graphql.zeepki.st/"
[Info   :Zeepkist GTR] 18:16:43 Sending HTTP request "POST" "https://graphql.zeepki.st/"
[Info   :Zeepkist GTR] 18:16:43 Received HTTP response headers after 186.229ms - 200
[Info   :Zeepkist GTR] 18:16:43 End processing HTTP request after 186.4581ms - 200
[Info   :Zeepkist GTR] 18:16:44 Starting recorder
[Info   :Zeepkist GTR] 18:17:30 Stopping recorder
[Info   :Zeepkist GTR] 18:17:30 Collecting extra information
[Info   :Zeepkist GTR] 18:17:30 Processing ghost data
[Info   :Zeepkist GTR] 18:17:30 Creating stream
[Info   :Zeepkist GTR] 18:17:30 Writing to stream
[Info   :Zeepkist GTR] 18:17:31 Closing stream
[Info   :Zeepkist GTR] 18:17:31 Getting buffer
[Info   :Zeepkist GTR] 18:17:31 Converting to base64
[Info   :Zeepkist GTR] 18:17:31 Creating resource
[Info   :Zeepkist GTR] 18:17:31 Start processing HTTP request "POST" "https://backend.zeepki.st/auth/refresh"
[Info   :Zeepkist GTR] 18:17:31 Sending HTTP request "POST" "https://backend.zeepki.st/auth/refresh"
[Info   :Zeepkist GTR] 18:17:31 Received HTTP response headers after 455.6687ms - 200
[Info   :Zeepkist GTR] 18:17:31 End processing HTTP request after 455.8609ms - 200
[Info   :Zeepkist GTR] 18:17:31 Start processing HTTP request "POST" "https://backend.zeepki.st/record/submit"
[Info   :Zeepkist GTR] 18:17:31 Sending HTTP request "POST" "https://backend.zeepki.st/record/submit"
[Info   :Zeepkist GTR] 18:17:31 Received HTTP response headers after 414.564ms - 200
[Info   :Zeepkist GTR] 18:17:31 End processing HTTP request after 414.7668ms - 200
[Info   :Zeepkist Bingo] [BINGO] === PLAYER SPAWNED ===
[Info   :Zeepkist Bingo] [BINGO] IsInActiveSession: False
[Info   :Zeepkist Bingo] [BINGO] Not in active session, skipping timer reset
[Info   :Zeepkist GTR] 18:17:32 Loading personal best...
[Info   :Zeepkist GTR] 18:17:32 Start processing HTTP request "POST" "https://graphql.zeepki.st/"
[Info   :Zeepkist GTR] 18:17:32 Sending HTTP request "POST" "https://graphql.zeepki.st/"
[Info   :Zeepkist GTR] 18:17:32 Stopping existing recorder if any
[Info   :Zeepkist GTR] 18:17:32 Creating new recorder
[Info   :Zeepkist GTR] 18:17:32 Start processing HTTP request "POST" "https://graphql.zeepki.st/"
[Info   :Zeepkist GTR] 18:17:32 Sending HTTP request "POST" "https://graphql.zeepki.st/"
[Info   :Zeepkist GTR] 18:17:32 Start processing HTTP request "POST" "https://graphql.zeepki.st/"
[Info   :Zeepkist GTR] 18:17:32 Sending HTTP request "POST" "https://graphql.zeepki.st/"
[Info   :Zeepkist GTR] 18:17:32 Received HTTP response headers after 303.2578ms - 200
[Info   :Zeepkist GTR] 18:17:32 End processing HTTP request after 303.4582ms - 200
[Info   :Zeepkist GTR] 18:17:32 Received HTTP response headers after 313.4354ms - 200
[Info   :Zeepkist GTR] 18:17:32 End processing HTTP request after 313.6548ms - 200
[Info   :Zeepkist GTR] 18:17:32 Ghost version: 5
[Info   :Zeepkist GTR] 18:17:32 Received HTTP response headers after 483.5441ms - 200
[Info   :Zeepkist GTR] 18:17:32 End processing HTTP request after 483.7189ms - 200
[Info   :Zeepkist GTR] 18:17:32 Start processing HTTP request "POST" "https://graphql.zeepki.st/"
[Info   :Zeepkist GTR] 18:17:32 Sending HTTP request "POST" "https://graphql.zeepki.st/"
[Info   :Zeepkist GTR] 18:17:33 Received HTTP response headers after 170.4619ms - 200
[Info   :Zeepkist GTR] 18:17:33 End processing HTTP request after 170.6706ms - 200
[Info   :Zeepkist GTR] 18:17:34 Starting recorder
[Info   :Zeepkist Bingo] [BINGO] === PLAYER SPAWNED ===
[Info   :Zeepkist Bingo] [BINGO] IsInActiveSession: False
[Info   :Zeepkist Bingo] [BINGO] Not in active session, skipping timer reset
[Info   :Zeepkist GTR] 18:17:37 Loading personal best...
[Info   :Zeepkist GTR] 18:17:37 Start processing HTTP request "POST" "https://graphql.zeepki.st/"
[Info   :Zeepkist GTR] 18:17:37 Sending HTTP request "POST" "https://graphql.zeepki.st/"
[Info   :Zeepkist GTR] 18:17:37 Stopping existing recorder if any
[Info   :Zeepkist GTR] 18:17:37 Creating new recorder
[Info   :Zeepkist GTR] 18:17:37 Start processing HTTP request "POST" "https://graphql.zeepki.st/"
[Info   :Zeepkist GTR] 18:17:37 Sending HTTP request "POST" "https://graphql.zeepki.st/"
[Info   :Zeepkist GTR] 18:17:37 Start processing HTTP request "POST" "https://graphql.zeepki.st/"
[Info   :Zeepkist GTR] 18:17:37 Sending HTTP request "POST" "https://graphql.zeepki.st/"
[Info   :Zeepkist GTR] 18:17:37 Received HTTP response headers after 195.6919ms - 200
[Info   :Zeepkist GTR] 18:17:37 End processing HTTP request after 195.9004ms - 200
[Info   :Zeepkist GTR] 18:17:37 Received HTTP response headers after 200.0562ms - 200
[Info   :Zeepkist GTR] 18:17:37 End processing HTTP request after 200.2388ms - 200
[Info   :Zeepkist GTR] 18:17:37 Ghost version: 5
[Info   :Zeepkist GTR] 18:17:37 Received HTTP response headers after 391.7869ms - 200
[Info   :Zeepkist GTR] 18:17:37 End processing HTTP request after 391.9733ms - 200
[Info   :Zeepkist GTR] 18:17:37 Start processing HTTP request "POST" "https://graphql.zeepki.st/"
[Info   :Zeepkist GTR] 18:17:37 Sending HTTP request "POST" "https://graphql.zeepki.st/"
[Info   :Zeepkist GTR] 18:17:37 Received HTTP response headers after 193.9664ms - 200
[Info   :Zeepkist GTR] 18:17:37 End processing HTTP request after 194.1733ms - 200
[Info   :Zeepkist GTR] 18:17:38 Starting recorder
[Info   :Zeepkist Bingo] [BINGO] === PLAYER SPAWNED ===
[Info   :Zeepkist Bingo] [BINGO] IsInActiveSession: False
[Info   :Zeepkist Bingo] [BINGO] Not in active session, skipping timer reset
[Info   :Zeepkist GTR] 18:18:06 Loading personal best...
[Info   :Zeepkist GTR] 18:18:06 Start processing HTTP request "POST" "https://graphql.zeepki.st/"
[Info   :Zeepkist GTR] 18:18:06 Sending HTTP request "POST" "https://graphql.zeepki.st/"
[Info   :Zeepkist GTR] 18:18:06 Stopping existing recorder if any
[Info   :Zeepkist GTR] 18:18:06 Creating new recorder
[Info   :Zeepkist GTR] 18:18:06 Start processing HTTP request "POST" "https://graphql.zeepki.st/"
[Info   :Zeepkist GTR] 18:18:06 Sending HTTP request "POST" "https://graphql.zeepki.st/"
[Info   :Zeepkist GTR] 18:18:06 Start processing HTTP request "POST" "https://graphql.zeepki.st/"
[Info   :Zeepkist GTR] 18:18:06 Sending HTTP request "POST" "https://graphql.zeepki.st/"
[Info   :Zeepkist GTR] 18:18:07 Received HTTP response headers after 596.2969ms - 200
[Info   :Zeepkist GTR] 18:18:07 Received HTTP response headers after 596.9213ms - 200
[Info   :Zeepkist GTR] 18:18:07 End processing HTTP request after 596.5357ms - 200
[Info   :Zeepkist GTR] 18:18:07 End processing HTTP request after 597.1051ms - 200
[Info   :Zeepkist GTR] 18:18:07 Ghost version: 5
[Info   :Zeepkist GTR] 18:18:07 Received HTTP response headers after 783.7805ms - 200
[Info   :Zeepkist GTR] 18:18:07 End processing HTTP request after 783.9664ms - 200
[Info   :Zeepkist GTR] 18:18:07 Start processing HTTP request "POST" "https://graphql.zeepki.st/"
[Info   :Zeepkist GTR] 18:18:07 Sending HTTP request "POST" "https://graphql.zeepki.st/"
[Info   :Zeepkist GTR] 18:18:07 Received HTTP response headers after 188.6138ms - 200
[Info   :Zeepkist GTR] 18:18:07 End processing HTTP request after 188.8249ms - 200
[Info   :Zeepkist GTR] 18:18:08 Starting recorder
[Info   :Zeepkist Bingo] [BINGO] === PLAYER SPAWNED ===
[Info   :Zeepkist Bingo] [BINGO] IsInActiveSession: False
[Info   :Zeepkist Bingo] [BINGO] Not in active session, skipping timer reset
[Info   :Zeepkist GTR] 18:18:17 Loading personal best...
[Info   :Zeepkist GTR] 18:18:17 Start processing HTTP request "POST" "https://graphql.zeepki.st/"
[Info   :Zeepkist GTR] 18:18:17 Sending HTTP request "POST" "https://graphql.zeepki.st/"
[Info   :Zeepkist GTR] 18:18:17 Stopping existing recorder if any
[Info   :Zeepkist GTR] 18:18:17 Creating new recorder
[Info   :Zeepkist GTR] 18:18:17 Start processing HTTP request "POST" "https://graphql.zeepki.st/"
[Info   :Zeepkist GTR] 18:18:17 Sending HTTP request "POST" "https://graphql.zeepki.st/"
[Info   :Zeepkist GTR] 18:18:17 Start processing HTTP request "POST" "https://graphql.zeepki.st/"
[Info   :Zeepkist GTR] 18:18:17 Sending HTTP request "POST" "https://graphql.zeepki.st/"
[Info   :Zeepkist GTR] 18:18:17 Received HTTP response headers after 205.0966ms - 200
[Info   :Zeepkist GTR] 18:18:17 End processing HTTP request after 205.3268ms - 200
[Info   :Zeepkist GTR] 18:18:17 Received HTTP response headers after 213.3776ms - 200
[Info   :Zeepkist GTR] 18:18:17 End processing HTTP request after 213.5849ms - 200
[Info   :Zeepkist GTR] 18:18:17 Ghost version: 5
[Info   :Zeepkist GTR] 18:18:18 Received HTTP response headers after 396.3787ms - 200
[Info   :Zeepkist GTR] 18:18:18 End processing HTTP request after 396.6166ms - 200
[Info   :Zeepkist GTR] 18:18:18 Start processing HTTP request "POST" "https://graphql.zeepki.st/"
[Info   :Zeepkist GTR] 18:18:18 Sending HTTP request "POST" "https://graphql.zeepki.st/"
[Info   :Zeepkist GTR] 18:18:18 Received HTTP response headers after 186.9332ms - 200
[Info   :Zeepkist GTR] 18:18:18 End processing HTTP request after 187.1508ms - 200
[Info   :Zeepkist GTR] 18:18:19 Starting recorder
[Info   :Zeepkist Bingo] [BINGO] === PLAYER SPAWNED ===
[Info   :Zeepkist Bingo] [BINGO] IsInActiveSession: False
[Info   :Zeepkist Bingo] [BINGO] Not in active session, skipping timer reset
[Info   :Zeepkist GTR] 18:18:25 Loading personal best...
[Info   :Zeepkist GTR] 18:18:25 Start processing HTTP request "POST" "https://graphql.zeepki.st/"
[Info   :Zeepkist GTR] 18:18:25 Sending HTTP request "POST" "https://graphql.zeepki.st/"
[Info   :Zeepkist GTR] 18:18:25 Stopping existing recorder if any
[Info   :Zeepkist GTR] 18:18:25 Creating new recorder
[Info   :Zeepkist GTR] 18:18:25 Start processing HTTP request "POST" "https://graphql.zeepki.st/"
[Info   :Zeepkist GTR] 18:18:25 Sending HTTP request "POST" "https://graphql.zeepki.st/"
[Info   :Zeepkist GTR] 18:18:25 Start processing HTTP request "POST" "https://graphql.zeepki.st/"
[Info   :Zeepkist GTR] 18:18:25 Sending HTTP request "POST" "https://graphql.zeepki.st/"
[Info   :Zeepkist GTR] 18:18:25 Received HTTP response headers after 190.1625ms - 200
[Info   :Zeepkist GTR] 18:18:25 Received HTTP response headers after 189.6809ms - 200
[Info   :Zeepkist GTR] 18:18:25 End processing HTTP request after 189.8625ms - 200
[Info   :Zeepkist GTR] 18:18:25 End processing HTTP request after 190.4359ms - 200
[Info   :Zeepkist GTR] 18:18:25 Ghost version: 5
[Info   :Zeepkist GTR] 18:18:25 Received HTTP response headers after 393.0737ms - 200
[Info   :Zeepkist GTR] 18:18:25 End processing HTTP request after 393.266ms - 200
[Info   :Zeepkist GTR] 18:18:25 Start processing HTTP request "POST" "https://graphql.zeepki.st/"
[Info   :Zeepkist GTR] 18:18:25 Sending HTTP request "POST" "https://graphql.zeepki.st/"
[Info   :Zeepkist GTR] 18:18:25 Received HTTP response headers after 200.187ms - 200
[Info   :Zeepkist GTR] 18:18:25 End processing HTTP request after 200.3971ms - 200
[Info   :Zeepkist GTR] 18:18:26 Starting recorder
[Info   :Zeepkist Bingo] [BINGO] === PLAYER SPAWNED ===
[Info   :Zeepkist Bingo] [BINGO] IsInActiveSession: False
[Info   :Zeepkist Bingo] [BINGO] Not in active session, skipping timer reset
[Info   :Zeepkist GTR] 18:18:36 Loading personal best...
[Info   :Zeepkist GTR] 18:18:36 Start processing HTTP request "POST" "https://graphql.zeepki.st/"
[Info   :Zeepkist GTR] 18:18:36 Sending HTTP request "POST" "https://graphql.zeepki.st/"
[Info   :Zeepkist GTR] 18:18:36 Stopping existing recorder if any
[Info   :Zeepkist GTR] 18:18:36 Creating new recorder
[Info   :Zeepkist GTR] 18:18:36 Start processing HTTP request "POST" "https://graphql.zeepki.st/"
[Info   :Zeepkist GTR] 18:18:36 Sending HTTP request "POST" "https://graphql.zeepki.st/"
[Info   :Zeepkist GTR] 18:18:36 Start processing HTTP request "POST" "https://graphql.zeepki.st/"
[Info   :Zeepkist GTR] 18:18:36 Sending HTTP request "POST" "https://graphql.zeepki.st/"
[Info   :Zeepkist GTR] 18:18:36 Received HTTP response headers after 200.9958ms - 200
[Info   :Zeepkist GTR] 18:18:36 Received HTTP response headers after 200.5752ms - 200
[Info   :Zeepkist GTR] 18:18:36 End processing HTTP request after 201.2164ms - 200
[Info   :Zeepkist GTR] 18:18:36 End processing HTTP request after 200.7877ms - 200
[Info   :Zeepkist GTR] 18:18:36 Ghost version: 5
[Info   :Zeepkist GTR] 18:18:36 Received HTTP response headers after 393.8712ms - 200
[Info   :Zeepkist GTR] 18:18:36 End processing HTTP request after 394.0781ms - 200
[Info   :Zeepkist GTR] 18:18:36 Start processing HTTP request "POST" "https://graphql.zeepki.st/"
[Info   :Zeepkist GTR] 18:18:36 Sending HTTP request "POST" "https://graphql.zeepki.st/"
[Info   :Zeepkist GTR] 18:18:37 Received HTTP response headers after 190.4325ms - 200
[Info   :Zeepkist GTR] 18:18:37 End processing HTTP request after 190.6614ms - 200
[Info   :Zeepkist GTR] 18:18:38 Starting recorder
[Info   :Zeepkist Bingo] [BINGO] === PLAYER SPAWNED ===
[Info   :Zeepkist Bingo] [BINGO] IsInActiveSession: False
[Info   :Zeepkist Bingo] [BINGO] Not in active session, skipping timer reset
[Info   :Zeepkist GTR] 18:19:08 Loading personal best...
[Info   :Zeepkist GTR] 18:19:08 Start processing HTTP request "POST" "https://graphql.zeepki.st/"
[Info   :Zeepkist GTR] 18:19:08 Sending HTTP request "POST" "https://graphql.zeepki.st/"
[Info   :Zeepkist GTR] 18:19:08 Stopping existing recorder if any
[Info   :Zeepkist GTR] 18:19:08 Creating new recorder
[Info   :Zeepkist GTR] 18:19:08 Start processing HTTP request "POST" "https://graphql.zeepki.st/"
[Info   :Zeepkist GTR] 18:19:08 Sending HTTP request "POST" "https://graphql.zeepki.st/"
[Info   :Zeepkist GTR] 18:19:08 Start processing HTTP request "POST" "https://graphql.zeepki.st/"
[Info   :Zeepkist GTR] 18:19:08 Sending HTTP request "POST" "https://graphql.zeepki.st/"
[Info   :Zeepkist GTR] 18:19:08 Received HTTP response headers after 208.7741ms - 200
[Info   :Zeepkist GTR] 18:19:08 End processing HTTP request after 208.9747ms - 200
[Info   :Zeepkist GTR] 18:19:08 Received HTTP response headers after 213.5979ms - 200
[Info   :Zeepkist GTR] 18:19:08 End processing HTTP request after 213.7767ms - 200
[Info   :Zeepkist GTR] 18:19:08 Ghost version: 5
[Info   :Zeepkist GTR] 18:19:08 Received HTTP response headers after 415.8852ms - 200
[Info   :Zeepkist GTR] 18:19:08 End processing HTTP request after 416.0767ms - 200
[Info   :Zeepkist GTR] 18:19:08 Start processing HTTP request "POST" "https://graphql.zeepki.st/"
[Info   :Zeepkist GTR] 18:19:08 Sending HTTP request "POST" "https://graphql.zeepki.st/"
[Info   :Zeepkist GTR] 18:19:09 Received HTTP response headers after 191.8253ms - 200
[Info   :Zeepkist GTR] 18:19:09 End processing HTTP request after 192.0228ms - 200
[Info   :Zeepkist GTR] 18:19:10 Starting recorder
[Info   :Zeepkist Bingo] [BINGO] === PLAYER SPAWNED ===
[Info   :Zeepkist Bingo] [BINGO] IsInActiveSession: False
[Info   :Zeepkist Bingo] [BINGO] Not in active session, skipping timer reset
[Info   :Zeepkist GTR] 18:19:19 Loading personal best...
[Info   :Zeepkist GTR] 18:19:19 Start processing HTTP request "POST" "https://graphql.zeepki.st/"
[Info   :Zeepkist GTR] 18:19:19 Sending HTTP request "POST" "https://graphql.zeepki.st/"
[Info   :Zeepkist GTR] 18:19:19 Stopping existing recorder if any
[Info   :Zeepkist GTR] 18:19:19 Creating new recorder
[Info   :Zeepkist GTR] 18:19:19 Start processing HTTP request "POST" "https://graphql.zeepki.st/"
[Info   :Zeepkist GTR] 18:19:19 Sending HTTP request "POST" "https://graphql.zeepki.st/"
[Info   :Zeepkist GTR] 18:19:19 Start processing HTTP request "POST" "https://graphql.zeepki.st/"
[Info   :Zeepkist GTR] 18:19:19 Sending HTTP request "POST" "https://graphql.zeepki.st/"
[Info   :Zeepkist GTR] 18:19:19 Received HTTP response headers after 231.9717ms - 200
[Info   :Zeepkist GTR] 18:19:19 Received HTTP response headers after 231.6021ms - 200
[Info   :Zeepkist GTR] 18:19:19 End processing HTTP request after 232.1931ms - 200
[Info   :Zeepkist GTR] 18:19:19 End processing HTTP request after 231.7762ms - 200
[Info   :Zeepkist GTR] 18:19:19 Ghost version: 5
[Info   :Zeepkist GTR] 18:19:20 Received HTTP response headers after 436.8971ms - 200
[Info   :Zeepkist GTR] 18:19:20 End processing HTTP request after 437.0899ms - 200
[Info   :Zeepkist GTR] 18:19:20 Start processing HTTP request "POST" "https://graphql.zeepki.st/"
[Info   :Zeepkist GTR] 18:19:20 Sending HTTP request "POST" "https://graphql.zeepki.st/"
[Info   :Zeepkist GTR] 18:19:20 Received HTTP response headers after 185.2398ms - 200
[Info   :Zeepkist GTR] 18:19:20 End processing HTTP request after 185.4497ms - 200
[Info   :Zeepkist GTR] 18:19:21 Starting recorder
[Info   :Zeepkist Bingo] [CHAT] Intercepted message: hi
[Info   :Zeepkist Bingo] [CHAT] Not relaying - no bingo session
[Info   :Zeepkist GTR] 18:19:56 Discarding recorder
[Info   :Zeepkist Bingo] [BINGO] Level loaded
[Info   :BetterSplits] getting gtr splits
[Info   :Zeepkist Bingo] [BINGO] === PLAYER SPAWNED ===
[Info   :Zeepkist Bingo] [BINGO] IsInActiveSession: False
[Info   :Zeepkist Bingo] [BINGO] Not in active session, skipping timer reset
[Info   :Zeepkist GTR] 18:20:10 Loading personal best...
[Info   :Zeepkist GTR] 18:20:10 Start processing HTTP request "POST" "https://graphql.zeepki.st/"
[Info   :Zeepkist GTR] 18:20:10 Sending HTTP request "POST" "https://graphql.zeepki.st/"
[Info   :Zeepkist GTR] 18:20:10 Stopping existing recorder if any
[Info   :Zeepkist GTR] 18:20:10 Creating new recorder
[Info   :Zeepkist GTR] 18:20:10 Start processing HTTP request "POST" "https://graphql.zeepki.st/"
[Info   :Zeepkist GTR] 18:20:10 Sending HTTP request "POST" "https://graphql.zeepki.st/"
[Info   :Zeepkist GTR] 18:20:10 Start processing HTTP request "POST" "https://graphql.zeepki.st/"
[Info   :Zeepkist GTR] 18:20:10 Sending HTTP request "POST" "https://graphql.zeepki.st/"
[Error  :BetterSplits] could not get splits
Response: StatusCode: 400, ReasonPhrase: 'Bad Request', Version: 1.1, Content: System.Net.Http.StreamContent, Headers:
{
Date: Fri, 15 May 2026 23:20:12 GMT
Connection: keep-alive
access-control-allow-headers: Origin, X-Requested-With, Accept, Authorization, X-Apollo-Tracing, Content-Type, Content-Length, X-PostGraphile-Explain
access-control-allow-methods: HEAD, GET, POST
access-control-allow-origin: *
access-control-expose-headers: X-GraphQL-Event-Stream
alt-svc: h3=":443"; ma=86400
vary: Origin
via: 1.1 Caddy
x-graphql-event-stream: /stream
x-query-cost: 115
cf-cache-status: DYNAMIC
x-xss-protection: 1; mode=block
Strict-Transport-Security: max-age=15552000; includeSubDomains; preload
x-content-type-options: nosniff
Server-Timing: cfCacheStatus;desc="DYNAMIC", cfEdge;dur=12,cfOrigin;dur=140
Report-To: {"group":"cf-nel","max_age":604800,"endpoints":[{"url":"https://a.nel.cloudflare.com/report/v4?s=sYRwMAn4cqHvXtf7frX1XJBIdtBNszMhvPoSsx42LBLTrs8HEAn3r8cJ497KU0H6We0n1QEDTkVPPLA3HcOAf2jATTZezH8qW014D5xMpyI6h9T%2BzAYYK%2FGZYdLLWgYvulSZiIJTAUz1bjwdaT4oqA%3D%3D"}]}
Nel: {"report_to":"cf-nel","success_fraction":0.0,"max_age":604800}
expect-ct: max-age=86400, enforce
referrer-policy: same-origin
x-frame-options: SAMEORIGIN
Server: cloudflare
CF-RAY: 9fc5df327f8fa21f-MSP
Content-Type: application/json; charset=utf-8
Content-Length: 172
} 
Content: {"errors":[{"message":"Cannot query field \"personalBestGlobalsByIdLevel\" on type \"Level\". Did you mean \"personalBestGlobals\"?","locations":[{"line":1,"column":87}]}]}
Url: https://graphql.zeepki.st
Request: {"query":"query BetterSplitsPB($hash: String!, $steamId: BigFloat) { levelByHash(hash: $hash) { personalBestGlobalsByIdLevel(filter: {userByIdUser: {steamId: {equalTo: $steamId}}}) { nodes { recordByIdRecord { speeds splits time }}}}}","variables":{"hash":"5DD1D51C8E2242CF1457AD5DBD3DD4D96185202B","steamId":"76561199218214543"}}
[Info   :Zeepkist GTR] 18:20:11 Received HTTP response headers after 501.8512ms - 200
[Info   :Zeepkist GTR] 18:20:11 End processing HTTP request after 502.0922ms - 200
[Info   :Zeepkist GTR] 18:20:11 Received HTTP response headers after 379.7702ms - 200
[Info   :Zeepkist GTR] 18:20:11 End processing HTTP request after 379.9585ms - 200
[Info   :Zeepkist GTR] 18:20:11 Ghost version: 5
[Info   :Zeepkist GTR] 18:20:11 Received HTTP response headers after 555.6571ms - 200
[Info   :Zeepkist GTR] 18:20:11 End processing HTTP request after 555.8556ms - 200
[Info   :Zeepkist GTR] 18:20:11 Start processing HTTP request "POST" "https://graphql.zeepki.st/"
[Info   :Zeepkist GTR] 18:20:11 Sending HTTP request "POST" "https://graphql.zeepki.st/"
[Info   :Zeepkist GTR] 18:20:11 Received HTTP response headers after 189.9688ms - 200
[Info   :Zeepkist GTR] 18:20:11 End processing HTTP request after 190.197ms - 200
[Info   :Zeepkist GTR] 18:20:12 Starting recorder
[Info   :Zeepkist Bingo] [BINGO] === PLAYER SPAWNED ===
[Info   :Zeepkist Bingo] [BINGO] IsInActiveSession: False
[Info   :Zeepkist Bingo] [BINGO] Not in active session, skipping timer reset
[Info   :Zeepkist GTR] 18:20:26 Loading personal best...
[Info   :Zeepkist GTR] 18:20:26 Start processing HTTP request "POST" "https://graphql.zeepki.st/"
[Info   :Zeepkist GTR] 18:20:26 Sending HTTP request "POST" "https://graphql.zeepki.st/"
[Info   :Zeepkist GTR] 18:20:26 Stopping existing recorder if any
[Info   :Zeepkist GTR] 18:20:26 Creating new recorder
[Info   :Zeepkist GTR] 18:20:26 Start processing HTTP request "POST" "https://graphql.zeepki.st/"
[Info   :Zeepkist GTR] 18:20:26 Sending HTTP request "POST" "https://graphql.zeepki.st/"
[Info   :Zeepkist GTR] 18:20:26 Start processing HTTP request "POST" "https://graphql.zeepki.st/"
[Info   :Zeepkist GTR] 18:20:26 Sending HTTP request "POST" "https://graphql.zeepki.st/"
[Info   :Zeepkist GTR] 18:20:26 Received HTTP response headers after 198.8895ms - 200
[Info   :Zeepkist GTR] 18:20:26 Received HTTP response headers after 198.2397ms - 200
[Info   :Zeepkist GTR] 18:20:26 End processing HTTP request after 198.4694ms - 200
[Info   :Zeepkist GTR] 18:20:26 End processing HTTP request after 199.1467ms - 200
[Info   :Zeepkist GTR] 18:20:26 Ghost version: 5
[Info   :Zeepkist GTR] 18:20:26 Received HTTP response headers after 406.2089ms - 200
[Info   :Zeepkist GTR] 18:20:26 End processing HTTP request after 406.4432ms - 200
[Info   :Zeepkist GTR] 18:20:26 Start processing HTTP request "POST" "https://graphql.zeepki.st/"
[Info   :Zeepkist GTR] 18:20:26 Sending HTTP request "POST" "https://graphql.zeepki.st/"
[Info   :Zeepkist GTR] 18:20:26 Received HTTP response headers after 201.1093ms - 200
[Info   :Zeepkist GTR] 18:20:26 End processing HTTP request after 201.3106ms - 200
[Info   :Zeepkist GTR] 18:20:27 Starting recorder
[Info   :Zeepkist GTR] 18:21:03 Stopping recorder
[Info   :Zeepkist GTR] 18:21:03 Collecting extra information
[Info   :Zeepkist GTR] 18:21:03 Processing ghost data
[Info   :Zeepkist GTR] 18:21:03 Creating stream
[Info   :Zeepkist GTR] 18:21:03 Writing to stream
[Info   :Zeepkist GTR] 18:21:03 Closing stream
[Info   :Zeepkist GTR] 18:21:03 Getting buffer
[Info   :Zeepkist GTR] 18:21:03 Converting to base64
[Info   :Zeepkist GTR] 18:21:03 Creating resource
[Info   :Zeepkist GTR] 18:21:03 Start processing HTTP request "POST" "https://backend.zeepki.st/auth/refresh"
[Info   :Zeepkist GTR] 18:21:03 Sending HTTP request "POST" "https://backend.zeepki.st/auth/refresh"
[Info   :Zeepkist GTR] 18:21:03 Received HTTP response headers after 574.5765ms - 200
[Info   :Zeepkist GTR] 18:21:03 End processing HTTP request after 574.7891ms - 200
[Info   :Zeepkist GTR] 18:21:03 Start processing HTTP request "POST" "https://backend.zeepki.st/record/submit"
[Info   :Zeepkist GTR] 18:21:03 Sending HTTP request "POST" "https://backend.zeepki.st/record/submit"
[Info   :Zeepkist GTR] 18:21:04 Received HTTP response headers after 370.2426ms - 200
[Info   :Zeepkist GTR] 18:21:04 End processing HTTP request after 370.4628ms - 200
[Info   :Zeepkist Bingo] [BINGO] === PLAYER SPAWNED ===
[Info   :Zeepkist Bingo] [BINGO] IsInActiveSession: False
[Info   :Zeepkist Bingo] [BINGO] Not in active session, skipping timer reset
[Info   :Zeepkist GTR] 18:21:05 Loading personal best...
[Info   :Zeepkist GTR] 18:21:05 Start processing HTTP request "POST" "https://graphql.zeepki.st/"
[Info   :Zeepkist GTR] 18:21:05 Sending HTTP request "POST" "https://graphql.zeepki.st/"
[Info   :Zeepkist GTR] 18:21:05 Stopping existing recorder if any
[Info   :Zeepkist GTR] 18:21:05 Creating new recorder
[Info   :Zeepkist GTR] 18:21:05 Start processing HTTP request "POST" "https://graphql.zeepki.st/"
[Info   :Zeepkist GTR] 18:21:05 Sending HTTP request "POST" "https://graphql.zeepki.st/"
[Info   :Zeepkist GTR] 18:21:05 Start processing HTTP request "POST" "https://graphql.zeepki.st/"
[Info   :Zeepkist GTR] 18:21:05 Sending HTTP request "POST" "https://graphql.zeepki.st/"
[Info   :Zeepkist GTR] 18:21:06 Received HTTP response headers after 185.1058ms - 200
[Info   :Zeepkist GTR] 18:21:06 End processing HTTP request after 185.3297ms - 200
[Info   :Zeepkist GTR] 18:21:06 Received HTTP response headers after 188.7885ms - 200
[Info   :Zeepkist GTR] 18:21:06 End processing HTTP request after 188.9545ms - 200
[Info   :Zeepkist GTR] 18:21:06 Start processing HTTP request "GET" "https://cdn.zeepki.st/ghosts/01KRPZ32J0PN22BF4HRXDM06F1.bin"
[Info   :Zeepkist GTR] 18:21:06 Sending HTTP request "GET" "https://cdn.zeepki.st/ghosts/01KRPZ32J0PN22BF4HRXDM06F1.bin"
[Info   :Zeepkist GTR] 18:21:06 Received HTTP response headers after 376.2733ms - 200
[Info   :Zeepkist GTR] 18:21:06 End processing HTTP request after 376.4569ms - 200
[Info   :Zeepkist GTR] 18:21:06 Start processing HTTP request "POST" "https://graphql.zeepki.st/"
[Info   :Zeepkist GTR] 18:21:06 Sending HTTP request "POST" "https://graphql.zeepki.st/"
[Info   :Zeepkist GTR] 18:21:06 Received HTTP response headers after 187.4243ms - 200
[Info   :Zeepkist GTR] 18:21:06 End processing HTTP request after 187.6403ms - 200
[Info   :Zeepkist GTR] 18:21:07 Received HTTP response headers after 873.454ms - 200
[Info   :Zeepkist GTR] 18:21:07 End processing HTTP request after 873.7043ms - 200
[Info   :Zeepkist GTR] 18:21:07 Ghost version: 5
[Info   :Zeepkist GTR] 18:21:07 Starting recorder
[Info   :RoundLeaderboardTab] Drawing leaderboard -> forwarding to Instance.DrawTabLeaderboard()
[Info   :ChampionshipLeaderboardTab] Drawing leaderboard -> forwarding to Instance.DrawTabLeaderboard()
[Info   :Zeepkist GTR] 18:21:09 Start processing HTTP request "POST" "https://graphql.zeepki.st/"
[Info   :Zeepkist GTR] 18:21:09 Sending HTTP request "POST" "https://graphql.zeepki.st/"
[Info   :Zeepkist GTR] 18:21:09 Received HTTP response headers after 184.2846ms - 200
[Info   :Zeepkist GTR] 18:21:09 End processing HTTP request after 184.596ms - 200
[Info   :Zeepkist GTR] 18:21:09 Start processing HTTP request "POST" "https://graphql.zeepki.st/"
[Info   :Zeepkist GTR] 18:21:09 Sending HTTP request "POST" "https://graphql.zeepki.st/"
[Info   :Zeepkist GTR] 18:21:09 Received HTTP response headers after 184.3956ms - 200
[Info   :Zeepkist GTR] 18:21:09 End processing HTTP request after 184.6154ms - 200
[Info   :Zeepkist GTR] 18:21:09 Start processing HTTP request "POST" "https://graphql.zeepki.st/"
[Info   :Zeepkist GTR] 18:21:09 Sending HTTP request "POST" "https://graphql.zeepki.st/"
[Info   :Zeepkist GTR] 18:21:09 Start processing HTTP request "POST" "https://graphql.zeepki.st/"
[Info   :Zeepkist GTR] 18:21:09 Sending HTTP request "POST" "https://graphql.zeepki.st/"
[Info   :Zeepkist GTR] 18:21:09 Received HTTP response headers after 194.5718ms - 200
[Info   :Zeepkist GTR] 18:21:09 End processing HTTP request after 194.7829ms - 200
[Info   :Zeepkist GTR] 18:21:09 Received HTTP response headers after 233.4324ms - 200
[Info   :Zeepkist GTR] 18:21:09 End processing HTTP request after 233.6557ms - 200
[Info   :RoundLeaderboardTab] Drawing leaderboard -> forwarding to Instance.DrawTabLeaderboard()
[Info   :Zeepkist Bingo] [CHAT] Intercepted message: o/
[Info   :Zeepkist Bingo] [CHAT] Not relaying - no bingo session
[Info   :RoundLeaderboardTab] Drawing leaderboard -> forwarding to Instance.DrawTabLeaderboard()
[Info   :Zeepkist Bingo] [BINGO] === PLAYER SPAWNED ===
[Info   :Zeepkist Bingo] [BINGO] IsInActiveSession: False
[Info   :Zeepkist Bingo] [BINGO] Not in active session, skipping timer reset
[Info   :Zeepkist GTR] 18:21:29 Loading personal best...
[Info   :Zeepkist GTR] 18:21:29 Start processing HTTP request "POST" "https://graphql.zeepki.st/"
[Info   :Zeepkist GTR] 18:21:29 Sending HTTP request "POST" "https://graphql.zeepki.st/"
[Info   :Zeepkist GTR] 18:21:29 Stopping existing recorder if any
[Info   :Zeepkist GTR] 18:21:29 Creating new recorder
[Info   :Zeepkist GTR] 18:21:29 Start processing HTTP request "POST" "https://graphql.zeepki.st/"
[Info   :Zeepkist GTR] 18:21:29 Sending HTTP request "POST" "https://graphql.zeepki.st/"
[Info   :Zeepkist GTR] 18:21:29 Start processing HTTP request "POST" "https://graphql.zeepki.st/"
[Info   :Zeepkist GTR] 18:21:29 Sending HTTP request "POST" "https://graphql.zeepki.st/"
[Info   :Zeepkist GTR] 18:21:29 Received HTTP response headers after 195.9147ms - 200
[Info   :Zeepkist GTR] 18:21:29 End processing HTTP request after 196.1085ms - 200
[Info   :Zeepkist GTR] 18:21:29 Received HTTP response headers after 211.3318ms - 200
[Info   :Zeepkist GTR] 18:21:29 End processing HTTP request after 211.5149ms - 200
[Info   :Zeepkist GTR] 18:21:29 Ghost version: 5
[Info   :Zeepkist GTR] 18:21:29 Received HTTP response headers after 386.3221ms - 200
[Info   :Zeepkist GTR] 18:21:29 End processing HTTP request after 386.5536ms - 200
[Info   :Zeepkist GTR] 18:21:29 Start processing HTTP request "POST" "https://graphql.zeepki.st/"
[Info   :Zeepkist GTR] 18:21:29 Sending HTTP request "POST" "https://graphql.zeepki.st/"
[Info   :Zeepkist GTR] 18:21:30 Received HTTP response headers after 186.7142ms - 200
[Info   :Zeepkist GTR] 18:21:30 End processing HTTP request after 186.9189ms - 200
[Info   :Zeepkist GTR] 18:21:31 Starting recorder
[Info   :Zeepkist GTR] 18:22:05 Stopping recorder
[Info   :Zeepkist GTR] 18:22:05 Collecting extra information
[Info   :Zeepkist GTR] 18:22:05 Processing ghost data
[Info   :Zeepkist GTR] 18:22:05 Creating stream
[Info   :Zeepkist GTR] 18:22:05 Writing to stream
[Info   :Zeepkist GTR] 18:22:06 Closing stream
[Info   :Zeepkist GTR] 18:22:06 Getting buffer
[Info   :Zeepkist GTR] 18:22:06 Converting to base64
[Info   :Zeepkist GTR] 18:22:06 Creating resource
[Info   :Zeepkist GTR] 18:22:06 Start processing HTTP request "POST" "https://backend.zeepki.st/auth/refresh"
[Info   :Zeepkist GTR] 18:22:06 Sending HTTP request "POST" "https://backend.zeepki.st/auth/refresh"
[Info   :Zeepkist GTR] 18:22:06 Received HTTP response headers after 314.4324ms - 200
[Info   :Zeepkist GTR] 18:22:06 End processing HTTP request after 314.6285ms - 200
[Info   :Zeepkist GTR] 18:22:06 Start processing HTTP request "POST" "https://backend.zeepki.st/record/submit"
[Info   :Zeepkist GTR] 18:22:06 Sending HTTP request "POST" "https://backend.zeepki.st/record/submit"
[Info   :Zeepkist GTR] 18:22:06 Received HTTP response headers after 308.1799ms - 200
[Info   :Zeepkist GTR] 18:22:06 End processing HTTP request after 308.3875ms - 200
[Info   :Zeepkist Bingo] [BINGO] === PLAYER SPAWNED ===
[Info   :Zeepkist Bingo] [BINGO] IsInActiveSession: False
[Info   :Zeepkist Bingo] [BINGO] Not in active session, skipping timer reset
[Info   :Zeepkist GTR] 18:22:08 Loading personal best...
[Info   :Zeepkist GTR] 18:22:08 Start processing HTTP request "POST" "https://graphql.zeepki.st/"
[Info   :Zeepkist GTR] 18:22:08 Sending HTTP request "POST" "https://graphql.zeepki.st/"
[Info   :Zeepkist GTR] 18:22:08 Stopping existing recorder if any
[Info   :Zeepkist GTR] 18:22:08 Creating new recorder
[Info   :Zeepkist GTR] 18:22:08 Start processing HTTP request "POST" "https://graphql.zeepki.st/"
[Info   :Zeepkist GTR] 18:22:08 Sending HTTP request "POST" "https://graphql.zeepki.st/"
[Info   :Zeepkist GTR] 18:22:08 Start processing HTTP request "POST" "https://graphql.zeepki.st/"
[Info   :Zeepkist GTR] 18:22:08 Sending HTTP request "POST" "https://graphql.zeepki.st/"
[Info   :Zeepkist GTR] 18:22:08 Received HTTP response headers after 183.4081ms - 200
[Info   :Zeepkist GTR] 18:22:08 End processing HTTP request after 183.6271ms - 200
[Info   :Zeepkist GTR] 18:22:08 Received HTTP response headers after 186.8073ms - 200
[Info   :Zeepkist GTR] 18:22:08 End processing HTTP request after 186.9908ms - 200
[Info   :Zeepkist GTR] 18:22:08 Start processing HTTP request "GET" "https://cdn.zeepki.st/ghosts/01KRPZ4ZN2VHC4MWAMS4XYVH4Y.bin"
[Info   :Zeepkist GTR] 18:22:08 Sending HTTP request "GET" "https://cdn.zeepki.st/ghosts/01KRPZ4ZN2VHC4MWAMS4XYVH4Y.bin"
[Info   :Zeepkist GTR] 18:22:08 Received HTTP response headers after 373.9596ms - 200
[Info   :Zeepkist GTR] 18:22:08 End processing HTTP request after 374.1475ms - 200
[Info   :Zeepkist GTR] 18:22:08 Start processing HTTP request "POST" "https://graphql.zeepki.st/"
[Info   :Zeepkist GTR] 18:22:08 Sending HTTP request "POST" "https://graphql.zeepki.st/"
[Info   :Zeepkist GTR] 18:22:08 Received HTTP response headers after 183.6867ms - 200
[Info   :Zeepkist GTR] 18:22:08 End processing HTTP request after 183.8911ms - 200
[Info   :Zeepkist GTR] 18:22:09 Received HTTP response headers after 569.9495ms - 200
[Info   :Zeepkist GTR] 18:22:09 End processing HTTP request after 570.1521ms - 200
[Info   :Zeepkist GTR] 18:22:09 Ghost version: 5
[Info   :Zeepkist GTR] 18:22:10 Starting recorder
[Info   :RoundLeaderboardTab] Drawing leaderboard -> forwarding to Instance.DrawTabLeaderboard()
[Info   :Zeepkist Bingo] [BINGO] === PLAYER SPAWNED ===
[Info   :Zeepkist Bingo] [BINGO] IsInActiveSession: False
[Info   :Zeepkist Bingo] [BINGO] Not in active session, skipping timer reset
[Info   :Zeepkist GTR] 18:22:19 Loading personal best...
[Info   :Zeepkist GTR] 18:22:19 Start processing HTTP request "POST" "https://graphql.zeepki.st/"
[Info   :Zeepkist GTR] 18:22:19 Sending HTTP request "POST" "https://graphql.zeepki.st/"
[Info   :Zeepkist GTR] 18:22:19 Stopping existing recorder if any
[Info   :Zeepkist GTR] 18:22:19 Creating new recorder
[Info   :Zeepkist GTR] 18:22:19 Start processing HTTP request "POST" "https://graphql.zeepki.st/"
[Info   :Zeepkist GTR] 18:22:19 Sending HTTP request "POST" "https://graphql.zeepki.st/"
[Info   :Zeepkist GTR] 18:22:19 Start processing HTTP request "POST" "https://graphql.zeepki.st/"
[Info   :Zeepkist GTR] 18:22:19 Sending HTTP request "POST" "https://graphql.zeepki.st/"
[Info   :Zeepkist GTR] 18:22:19 Received HTTP response headers after 279.4606ms - 200
[Info   :Zeepkist GTR] 18:22:19 End processing HTTP request after 279.6596ms - 200
[Info   :Zeepkist GTR] 18:22:19 Received HTTP response headers after 283.7712ms - 200
[Info   :Zeepkist GTR] 18:22:19 End processing HTTP request after 283.9821ms - 200
[Info   :Zeepkist GTR] 18:22:19 Ghost version: 5
[Info   :Zeepkist GTR] 18:22:19 Received HTTP response headers after 470.7042ms - 200
[Info   :Zeepkist GTR] 18:22:19 End processing HTTP request after 470.8897ms - 200
[Info   :Zeepkist GTR] 18:22:19 Start processing HTTP request "POST" "https://graphql.zeepki.st/"
[Info   :Zeepkist GTR] 18:22:19 Sending HTTP request "POST" "https://graphql.zeepki.st/"
[Info   :Zeepkist GTR] 18:22:20 Received HTTP response headers after 178.4389ms - 200
[Info   :Zeepkist GTR] 18:22:20 End processing HTTP request after 178.6495ms - 200
[Info   :Zeepkist GTR] 18:22:21 Starting recorder
[Info   :Zeepkist GTR] 18:22:56 Stopping recorder
[Info   :Zeepkist GTR] 18:22:56 Collecting extra information
[Info   :Zeepkist GTR] 18:22:56 Discarding any % record
[Info   :Zeepkist Bingo] [BINGO] === PLAYER SPAWNED ===
[Info   :Zeepkist Bingo] [BINGO] IsInActiveSession: False
[Info   :Zeepkist Bingo] [BINGO] Not in active session, skipping timer reset
[Info   :Zeepkist GTR] 18:22:58 Loading personal best...
[Info   :Zeepkist GTR] 18:22:58 Start processing HTTP request "POST" "https://graphql.zeepki.st/"
[Info   :Zeepkist GTR] 18:22:58 Sending HTTP request "POST" "https://graphql.zeepki.st/"
[Info   :Zeepkist GTR] 18:22:58 Stopping existing recorder if any
[Info   :Zeepkist GTR] 18:22:58 Creating new recorder
[Info   :Zeepkist GTR] 18:22:58 Start processing HTTP request "POST" "https://graphql.zeepki.st/"
[Info   :Zeepkist GTR] 18:22:58 Sending HTTP request "POST" "https://graphql.zeepki.st/"
[Info   :Zeepkist GTR] 18:22:58 Start processing HTTP request "POST" "https://graphql.zeepki.st/"
[Info   :Zeepkist GTR] 18:22:58 Sending HTTP request "POST" "https://graphql.zeepki.st/"
[Info   :Zeepkist GTR] 18:22:58 Received HTTP response headers after 190.5464ms - 200
[Info   :Zeepkist GTR] 18:22:58 End processing HTTP request after 190.7835ms - 200
[Info   :Zeepkist GTR] 18:22:58 Received HTTP response headers after 193.8561ms - 200
[Info   :Zeepkist GTR] 18:22:58 End processing HTTP request after 194.0655ms - 200
[Info   :Zeepkist GTR] 18:22:58 Ghost version: 5
[Info   :Zeepkist GTR] 18:22:58 Received HTTP response headers after 377.7341ms - 200
[Info   :Zeepkist GTR] 18:22:58 End processing HTTP request after 377.947ms - 200
[Info   :Zeepkist GTR] 18:22:58 Start processing HTTP request "POST" "https://graphql.zeepki.st/"
[Info   :Zeepkist GTR] 18:22:58 Sending HTTP request "POST" "https://graphql.zeepki.st/"
[Info   :Zeepkist GTR] 18:22:58 Received HTTP response headers after 191.867ms - 200
[Info   :Zeepkist GTR] 18:22:58 End processing HTTP request after 192.0773ms - 200
[Info   :Zeepkist GTR] 18:22:59 Starting recorder
[Info   :Zeepkist GTR] 18:23:34 Stopping recorder
[Info   :Zeepkist GTR] 18:23:34 Collecting extra information
[Info   :Zeepkist GTR] 18:23:34 Discarding any % record
[Info   :Zeepkist Bingo] [BINGO] === PLAYER SPAWNED ===
[Info   :Zeepkist Bingo] [BINGO] IsInActiveSession: False
[Info   :Zeepkist Bingo] [BINGO] Not in active session, skipping timer reset
[Info   :Zeepkist GTR] 18:23:36 Loading personal best...
[Info   :Zeepkist GTR] 18:23:36 Start processing HTTP request "POST" "https://graphql.zeepki.st/"
[Info   :Zeepkist GTR] 18:23:36 Sending HTTP request "POST" "https://graphql.zeepki.st/"
[Info   :Zeepkist GTR] 18:23:36 Stopping existing recorder if any
[Info   :Zeepkist GTR] 18:23:36 Creating new recorder
[Info   :Zeepkist GTR] 18:23:36 Start processing HTTP request "POST" "https://graphql.zeepki.st/"
[Info   :Zeepkist GTR] 18:23:36 Sending HTTP request "POST" "https://graphql.zeepki.st/"
[Info   :Zeepkist GTR] 18:23:36 Start processing HTTP request "POST" "https://graphql.zeepki.st/"
[Info   :Zeepkist GTR] 18:23:36 Sending HTTP request "POST" "https://graphql.zeepki.st/"
[Info   :Zeepkist GTR] 18:23:36 Received HTTP response headers after 195.0509ms - 200
[Info   :Zeepkist GTR] 18:23:36 End processing HTTP request after 195.2582ms - 200
[Info   :Zeepkist GTR] 18:23:36 Received HTTP response headers after 204.285ms - 200
[Info   :Zeepkist GTR] 18:23:36 End processing HTTP request after 204.4827ms - 200
[Info   :Zeepkist GTR] 18:23:36 Ghost version: 5
[Info   :Zeepkist GTR] 18:23:37 Received HTTP response headers after 394.2177ms - 200
[Info   :Zeepkist GTR] 18:23:37 End processing HTTP request after 394.454ms - 200
[Info   :Zeepkist GTR] 18:23:37 Start processing HTTP request "POST" "https://graphql.zeepki.st/"
[Info   :Zeepkist GTR] 18:23:37 Sending HTTP request "POST" "https://graphql.zeepki.st/"
[Info   :Zeepkist GTR] 18:23:37 Received HTTP response headers after 210.176ms - 200
[Info   :Zeepkist GTR] 18:23:37 End processing HTTP request after 212.0238ms - 200
[Info   :Zeepkist GTR] 18:23:38 Starting recorder
[Info   :Zeepkist GTR] 18:24:19 Stopping recorder
[Info   :Zeepkist GTR] 18:24:19 Collecting extra information
[Info   :Zeepkist GTR] 18:24:19 Processing ghost data
[Info   :Zeepkist GTR] 18:24:19 Creating stream
[Info   :Zeepkist GTR] 18:24:19 Writing to stream
[Info   :Zeepkist GTR] 18:24:20 Closing stream
[Info   :Zeepkist GTR] 18:24:20 Getting buffer
[Info   :Zeepkist GTR] 18:24:20 Converting to base64
[Info   :Zeepkist GTR] 18:24:20 Creating resource
[Info   :Zeepkist GTR] 18:24:20 Start processing HTTP request "POST" "https://backend.zeepki.st/auth/refresh"
[Info   :Zeepkist GTR] 18:24:20 Sending HTTP request "POST" "https://backend.zeepki.st/auth/refresh"
[Info   :Zeepkist GTR] 18:24:20 Received HTTP response headers after 422.8336ms - 200
[Info   :Zeepkist GTR] 18:24:20 End processing HTTP request after 423.0743ms - 200
[Info   :Zeepkist GTR] 18:24:20 Start processing HTTP request "POST" "https://backend.zeepki.st/record/submit"
[Info   :Zeepkist GTR] 18:24:20 Sending HTTP request "POST" "https://backend.zeepki.st/record/submit"
[Info   :Zeepkist GTR] 18:24:20 Received HTTP response headers after 335.1967ms - 200
[Info   :Zeepkist GTR] 18:24:20 End processing HTTP request after 335.4095ms - 200
[Info   :Zeepkist Bingo] [CHAT] Intercepted message: o/
[Info   :Zeepkist Bingo] [CHAT] Not relaying - no bingo session
[Info   :RoundLeaderboardTab] Drawing leaderboard -> forwarding to Instance.DrawTabLeaderboard()
[Info   :RoundLeaderboardTab] Drawing leaderboard -> forwarding to Instance.DrawTabLeaderboard()
[Info   :Zeepkist GTR] 18:25:09 Discarding recorder
[Info   :Zeepkist Bingo] [CHAT] Intercepted message: nt
[Info   :Zeepkist Bingo] [CHAT] Not relaying - no bingo session
[Info   :Zeepkist Bingo] [BINGO] Level loaded
[Info   :BetterSplits] getting gtr splits
[Info   :Zeepkist Bingo] [BINGO] === PLAYER SPAWNED ===
[Info   :Zeepkist Bingo] [BINGO] IsInActiveSession: False
[Info   :Zeepkist Bingo] [BINGO] Not in active session, skipping timer reset
[Info   :Zeepkist GTR] 18:25:23 Loading personal best...
[Info   :Zeepkist GTR] 18:25:23 Start processing HTTP request "POST" "https://graphql.zeepki.st/"
[Info   :Zeepkist GTR] 18:25:23 Sending HTTP request "POST" "https://graphql.zeepki.st/"
[Info   :Zeepkist GTR] 18:25:23 Stopping existing recorder if any
[Info   :Zeepkist GTR] 18:25:23 Creating new recorder
[Info   :Zeepkist GTR] 18:25:23 Start processing HTTP request "POST" "https://graphql.zeepki.st/"
[Info   :Zeepkist GTR] 18:25:23 Sending HTTP request "POST" "https://graphql.zeepki.st/"
[Info   :Zeepkist GTR] 18:25:23 Start processing HTTP request "POST" "https://graphql.zeepki.st/"
[Info   :Zeepkist GTR] 18:25:23 Sending HTTP request "POST" "https://graphql.zeepki.st/"
[Info   :Zeepkist GTR] 18:25:24 Received HTTP response headers after 367.802ms - 200
[Info   :Zeepkist GTR] 18:25:24 Received HTTP response headers after 298.7261ms - 200
[Info   :Zeepkist GTR] 18:25:24 End processing HTTP request after 368.0829ms - 200
[Info   :Zeepkist GTR] 18:25:24 End processing HTTP request after 298.9215ms - 200
[Error  :BetterSplits] could not get splits
Response: StatusCode: 400, ReasonPhrase: 'Bad Request', Version: 1.1, Content: System.Net.Http.StreamContent, Headers:
{
Date: Fri, 15 May 2026 23:25:24 GMT
Connection: keep-alive
access-control-allow-headers: Origin, X-Requested-With, Accept, Authorization, X-Apollo-Tracing, Content-Type, Content-Length, X-PostGraphile-Explain
access-control-allow-methods: HEAD, GET, POST
access-control-allow-origin: *
access-control-expose-headers: X-GraphQL-Event-Stream
alt-svc: h3=":443"; ma=86400
vary: Origin
via: 1.1 Caddy
x-graphql-event-stream: /stream
x-query-cost: 115
cf-cache-status: DYNAMIC
x-xss-protection: 1; mode=block
Strict-Transport-Security: max-age=15552000; includeSubDomains; preload
x-content-type-options: nosniff
Server-Timing: cfCacheStatus;desc="DYNAMIC", cfEdge;dur=18,cfOrigin;dur=138
Report-To: {"group":"cf-nel","max_age":604800,"endpoints":[{"url":"https://a.nel.cloudflare.com/report/v4?s=jycVWC%2FmYWM4s%2BPOBxU38eqhZCejhRCklgjq9Bq7j7j2hF1TDS7o0q%2BUpZVJt1XAnfG7v8K49DYVUi5QnuAF2909tz%2F7W%2FgdeLkhjoZilWNfNdmLtrQZ%2B%2BgzNVmWN%2B3DuGwA5L56%2FqJTeIcEWmjdeg%3D%3D"}]}
Nel: {"report_to":"cf-nel","success_fraction":0.0,"max_age":604800}
expect-ct: max-age=86400, enforce
referrer-policy: same-origin
x-frame-options: SAMEORIGIN
Server: cloudflare
CF-RAY: 9fc5e6d5ac15ad1e-MSP
Content-Type: application/json; charset=utf-8
Content-Length: 172
} 
Content: {"errors":[{"message":"Cannot query field \"personalBestGlobalsByIdLevel\" on type \"Level\". Did you mean \"personalBestGlobals\"?","locations":[{"line":1,"column":87}]}]}
Url: https://graphql.zeepki.st
Request: {"query":"query BetterSplitsPB($hash: String!, $steamId: BigFloat) { levelByHash(hash: $hash) { personalBestGlobalsByIdLevel(filter: {userByIdUser: {steamId: {equalTo: $steamId}}}) { nodes { recordByIdRecord { speeds splits time }}}}}","variables":{"hash":"764F1D79C9B2FC286238E69147D77D0F7ADAC577","steamId":"76561199218214543"}}
[Info   :Zeepkist GTR] 18:25:24 Ghost version: 5
[Info   :Zeepkist GTR] 18:25:24 Received HTTP response headers after 501.2942ms - 200
[Info   :Zeepkist GTR] 18:25:24 End processing HTTP request after 501.4632ms - 200
[Info   :Zeepkist GTR] 18:25:24 Start processing HTTP request "POST" "https://graphql.zeepki.st/"
[Info   :Zeepkist GTR] 18:25:24 Sending HTTP request "POST" "https://graphql.zeepki.st/"
[Info   :Zeepkist GTR] 18:25:24 Received HTTP response headers after 188.8051ms - 200
[Info   :Zeepkist GTR] 18:25:24 End processing HTTP request after 189.0617ms - 200
[Info   :Zeepkist GTR] 18:25:25 Starting recorder
[Info   :Zeepkist Bingo] [BINGO] === PLAYER SPAWNED ===
[Info   :Zeepkist Bingo] [BINGO] IsInActiveSession: False
[Info   :Zeepkist Bingo] [BINGO] Not in active session, skipping timer reset
[Info   :Zeepkist GTR] 18:25:54 Loading personal best...
[Info   :Zeepkist GTR] 18:25:54 Start processing HTTP request "POST" "https://graphql.zeepki.st/"
[Info   :Zeepkist GTR] 18:25:54 Sending HTTP request "POST" "https://graphql.zeepki.st/"
[Info   :Zeepkist GTR] 18:25:54 Stopping existing recorder if any
[Info   :Zeepkist GTR] 18:25:54 Creating new recorder
[Info   :Zeepkist GTR] 18:25:54 Start processing HTTP request "POST" "https://graphql.zeepki.st/"
[Info   :Zeepkist GTR] 18:25:54 Sending HTTP request "POST" "https://graphql.zeepki.st/"
[Info   :Zeepkist GTR] 18:25:54 Start processing HTTP request "POST" "https://graphql.zeepki.st/"
[Info   :Zeepkist GTR] 18:25:54 Sending HTTP request "POST" "https://graphql.zeepki.st/"
[Info   :Zeepkist GTR] 18:25:54 Received HTTP response headers after 196.2558ms - 200
[Info   :Zeepkist GTR] 18:25:54 Received HTTP response headers after 196.8342ms - 200
[Info   :Zeepkist GTR] 18:25:54 End processing HTTP request after 196.4765ms - 200
[Info   :Zeepkist GTR] 18:25:54 End processing HTTP request after 197.0592ms - 200
[Info   :Zeepkist GTR] 18:25:54 Ghost version: 5
[Info   :Zeepkist GTR] 18:25:54 Received HTTP response headers after 394.7918ms - 200
[Info   :Zeepkist GTR] 18:25:54 End processing HTTP request after 395.0031ms - 200
[Info   :Zeepkist GTR] 18:25:54 Start processing HTTP request "POST" "https://graphql.zeepki.st/"
[Info   :Zeepkist GTR] 18:25:54 Sending HTTP request "POST" "https://graphql.zeepki.st/"
[Info   :Zeepkist GTR] 18:25:54 Received HTTP response headers after 190.5953ms - 200
[Info   :Zeepkist GTR] 18:25:54 End processing HTTP request after 190.8051ms - 200
[Info   :Zeepkist GTR] 18:25:55 Starting recorder
[Info   :Zeepkist GTR] 18:26:33 Stopping recorder
[Info   :Zeepkist GTR] 18:26:33 Collecting extra information
[Info   :Zeepkist GTR] 18:26:33 Processing ghost data
[Info   :Zeepkist GTR] 18:26:33 Creating stream
[Info   :Zeepkist GTR] 18:26:33 Writing to stream
[Info   :Zeepkist GTR] 18:26:33 Closing stream
[Info   :Zeepkist GTR] 18:26:33 Getting buffer
[Info   :Zeepkist GTR] 18:26:33 Converting to base64
[Info   :Zeepkist GTR] 18:26:33 Creating resource
[Info   :Zeepkist GTR] 18:26:33 Start processing HTTP request "POST" "https://backend.zeepki.st/auth/refresh"
[Info   :Zeepkist GTR] 18:26:33 Sending HTTP request "POST" "https://backend.zeepki.st/auth/refresh"
[Info   :Zeepkist GTR] 18:26:34 Received HTTP response headers after 526.8128ms - 200
[Info   :Zeepkist GTR] 18:26:34 End processing HTTP request after 527.0276ms - 200
[Info   :Zeepkist GTR] 18:26:34 Start processing HTTP request "POST" "https://backend.zeepki.st/record/submit"
[Info   :Zeepkist GTR] 18:26:34 Sending HTTP request "POST" "https://backend.zeepki.st/record/submit"
[Info   :Zeepkist GTR] 18:26:34 Received HTTP response headers after 338.5283ms - 200
[Info   :Zeepkist GTR] 18:26:34 End processing HTTP request after 338.7427ms - 200
[Info   :Zeepkist Bingo] [BINGO] === PLAYER SPAWNED ===
[Info   :Zeepkist Bingo] [BINGO] IsInActiveSession: False
[Info   :Zeepkist Bingo] [BINGO] Not in active session, skipping timer reset
[Info   :Zeepkist GTR] 18:26:35 Loading personal best...
[Info   :Zeepkist GTR] 18:26:35 Start processing HTTP request "POST" "https://graphql.zeepki.st/"
[Info   :Zeepkist GTR] 18:26:35 Sending HTTP request "POST" "https://graphql.zeepki.st/"
[Info   :Zeepkist GTR] 18:26:35 Stopping existing recorder if any
[Info   :Zeepkist GTR] 18:26:35 Creating new recorder
[Info   :Zeepkist GTR] 18:26:35 Start processing HTTP request "POST" "https://graphql.zeepki.st/"
[Info   :Zeepkist GTR] 18:26:35 Sending HTTP request "POST" "https://graphql.zeepki.st/"
[Info   :Zeepkist GTR] 18:26:35 Start processing HTTP request "POST" "https://graphql.zeepki.st/"
[Info   :Zeepkist GTR] 18:26:35 Sending HTTP request "POST" "https://graphql.zeepki.st/"
[Info   :Zeepkist GTR] 18:26:35 Received HTTP response headers after 196.4715ms - 200
[Info   :Zeepkist GTR] 18:26:35 End processing HTTP request after 196.7253ms - 200
[Info   :Zeepkist GTR] 18:26:35 Received HTTP response headers after 200.1837ms - 200
[Info   :Zeepkist GTR] 18:26:35 End processing HTTP request after 200.3706ms - 200
[Info   :Zeepkist GTR] 18:26:35 Ghost version: 5
[Info   :Zeepkist GTR] 18:26:36 Received HTTP response headers after 387.4519ms - 200
[Info   :Zeepkist GTR] 18:26:36 End processing HTTP request after 387.7391ms - 200
[Info   :Zeepkist GTR] 18:26:36 Start processing HTTP request "POST" "https://graphql.zeepki.st/"
[Info   :Zeepkist GTR] 18:26:36 Sending HTTP request "POST" "https://graphql.zeepki.st/"
[Info   :Zeepkist GTR] 18:26:36 Received HTTP response headers after 183.6402ms - 200
[Info   :Zeepkist GTR] 18:26:36 End processing HTTP request after 183.8616ms - 200
[Info   :Zeepkist GTR] 18:26:37 Starting recorder
[Info   :Zeepkist GTR] 18:27:15 Stopping recorder
[Info   :Zeepkist GTR] 18:27:15 Collecting extra information
[Info   :Zeepkist GTR] 18:27:15 Processing ghost data
[Info   :Zeepkist GTR] 18:27:15 Creating stream
[Info   :Zeepkist GTR] 18:27:15 Writing to stream
[Info   :Zeepkist GTR] 18:27:15 Closing stream
[Info   :Zeepkist GTR] 18:27:15 Getting buffer
[Info   :Zeepkist GTR] 18:27:15 Converting to base64
[Info   :Zeepkist GTR] 18:27:15 Creating resource
[Info   :Zeepkist GTR] 18:27:15 Start processing HTTP request "POST" "https://backend.zeepki.st/auth/refresh"
[Info   :Zeepkist GTR] 18:27:15 Sending HTTP request "POST" "https://backend.zeepki.st/auth/refresh"
[Info   :Zeepkist GTR] 18:27:16 Received HTTP response headers after 326.1278ms - 200
[Info   :Zeepkist GTR] 18:27:16 End processing HTTP request after 326.3616ms - 200
[Info   :Zeepkist GTR] 18:27:16 Start processing HTTP request "POST" "https://backend.zeepki.st/record/submit"
[Info   :Zeepkist GTR] 18:27:16 Sending HTTP request "POST" "https://backend.zeepki.st/record/submit"
[Info   :Zeepkist GTR] 18:27:16 Received HTTP response headers after 293.5037ms - 200
[Info   :Zeepkist GTR] 18:27:16 End processing HTTP request after 293.7084ms - 200
[Info   :Zeepkist Bingo] [BINGO] === PLAYER SPAWNED ===
[Info   :Zeepkist Bingo] [BINGO] IsInActiveSession: False
[Info   :Zeepkist Bingo] [BINGO] Not in active session, skipping timer reset
[Info   :Zeepkist GTR] 18:27:26 Loading personal best...
[Info   :Zeepkist GTR] 18:27:26 Start processing HTTP request "POST" "https://graphql.zeepki.st/"
[Info   :Zeepkist GTR] 18:27:26 Sending HTTP request "POST" "https://graphql.zeepki.st/"
[Info   :Zeepkist GTR] 18:27:26 Stopping existing recorder if any
[Info   :Zeepkist GTR] 18:27:26 Creating new recorder
[Info   :Zeepkist GTR] 18:27:26 Start processing HTTP request "POST" "https://graphql.zeepki.st/"
[Info   :Zeepkist GTR] 18:27:26 Sending HTTP request "POST" "https://graphql.zeepki.st/"
[Info   :Zeepkist GTR] 18:27:26 Start processing HTTP request "POST" "https://graphql.zeepki.st/"
[Info   :Zeepkist GTR] 18:27:26 Sending HTTP request "POST" "https://graphql.zeepki.st/"
[Info   :Zeepkist GTR] 18:27:26 Received HTTP response headers after 284.002ms - 200
[Info   :Zeepkist GTR] 18:27:26 End processing HTTP request after 284.2019ms - 200
[Info   :Zeepkist GTR] 18:27:26 Received HTTP response headers after 288.0839ms - 200
[Info   :Zeepkist GTR] 18:27:26 End processing HTTP request after 288.2828ms - 200
[Info   :Zeepkist GTR] 18:27:26 Ghost version: 5
[Info   :Zeepkist GTR] 18:27:27 Received HTTP response headers after 476.8094ms - 200
[Info   :Zeepkist GTR] 18:27:27 End processing HTTP request after 477.0608ms - 200
[Info   :Zeepkist GTR] 18:27:27 Start processing HTTP request "POST" "https://graphql.zeepki.st/"
[Info   :Zeepkist GTR] 18:27:27 Sending HTTP request "POST" "https://graphql.zeepki.st/"
[Info   :Zeepkist GTR] 18:27:27 Received HTTP response headers after 191.7781ms - 200
[Info   :Zeepkist GTR] 18:27:27 End processing HTTP request after 192.0148ms - 200
[Info   :Zeepkist GTR] 18:27:28 Starting recorder
[Info   :Zeepkist Bingo] [BINGO] === PLAYER SPAWNED ===
[Info   :Zeepkist Bingo] [BINGO] IsInActiveSession: False
[Info   :Zeepkist Bingo] [BINGO] Not in active session, skipping timer reset
[Info   :Zeepkist GTR] 18:28:37 Loading personal best...
[Info   :Zeepkist GTR] 18:28:37 Start processing HTTP request "POST" "https://graphql.zeepki.st/"
[Info   :Zeepkist GTR] 18:28:37 Sending HTTP request "POST" "https://graphql.zeepki.st/"
[Info   :Zeepkist GTR] 18:28:37 Stopping existing recorder if any
[Info   :Zeepkist GTR] 18:28:37 Creating new recorder
[Info   :Zeepkist GTR] 18:28:37 Start processing HTTP request "POST" "https://graphql.zeepki.st/"
[Info   :Zeepkist GTR] 18:28:37 Sending HTTP request "POST" "https://graphql.zeepki.st/"
[Info   :Zeepkist GTR] 18:28:37 Start processing HTTP request "POST" "https://graphql.zeepki.st/"
[Info   :Zeepkist GTR] 18:28:37 Sending HTTP request "POST" "https://graphql.zeepki.st/"
[Info   :Zeepkist GTR] 18:28:37 Received HTTP response headers after 185.1087ms - 200
[Info   :Zeepkist GTR] 18:28:37 End processing HTTP request after 185.3933ms - 200
[Info   :Zeepkist GTR] 18:28:37 Received HTTP response headers after 188.6285ms - 200
[Info   :Zeepkist GTR] 18:28:37 End processing HTTP request after 188.837ms - 200
[Info   :Zeepkist GTR] 18:28:37 Ghost version: 5
[Info   :Zeepkist GTR] 18:28:38 Received HTTP response headers after 371.9174ms - 200
[Info   :Zeepkist GTR] 18:28:38 End processing HTTP request after 372.1188ms - 200
[Info   :Zeepkist GTR] 18:28:38 Start processing HTTP request "POST" "https://graphql.zeepki.st/"
[Info   :Zeepkist GTR] 18:28:38 Sending HTTP request "POST" "https://graphql.zeepki.st/"
[Info   :Zeepkist GTR] 18:28:38 Received HTTP response headers after 188.2789ms - 200
[Info   :Zeepkist GTR] 18:28:38 End processing HTTP request after 188.5121ms - 200
[Info   :Zeepkist GTR] 18:28:39 Starting recorder
[Info   :Zeepkist Bingo] [BINGO] === PLAYER SPAWNED ===
[Info   :Zeepkist Bingo] [BINGO] IsInActiveSession: False
[Info   :Zeepkist Bingo] [BINGO] Not in active session, skipping timer reset
[Info   :Zeepkist GTR] 18:29:03 Loading personal best...
[Info   :Zeepkist GTR] 18:29:03 Start processing HTTP request "POST" "https://graphql.zeepki.st/"
[Info   :Zeepkist GTR] 18:29:03 Sending HTTP request "POST" "https://graphql.zeepki.st/"
[Info   :Zeepkist GTR] 18:29:03 Stopping existing recorder if any
[Info   :Zeepkist GTR] 18:29:03 Creating new recorder
[Info   :Zeepkist GTR] 18:29:03 Start processing HTTP request "POST" "https://graphql.zeepki.st/"
[Info   :Zeepkist GTR] 18:29:03 Sending HTTP request "POST" "https://graphql.zeepki.st/"
[Info   :Zeepkist GTR] 18:29:03 Start processing HTTP request "POST" "https://graphql.zeepki.st/"
[Info   :Zeepkist GTR] 18:29:03 Sending HTTP request "POST" "https://graphql.zeepki.st/"
[Info   :Zeepkist GTR] 18:29:04 Received HTTP response headers after 193.9535ms - 200
[Info   :Zeepkist GTR] 18:29:04 End processing HTTP request after 194.1725ms - 200
[Info   :Zeepkist GTR] 18:29:04 Received HTTP response headers after 198.668ms - 200
[Info   :Zeepkist GTR] 18:29:04 End processing HTTP request after 198.9428ms - 200
[Info   :Zeepkist GTR] 18:29:04 Ghost version: 5
[Info   :Zeepkist GTR] 18:29:04 Received HTTP response headers after 381.5454ms - 200
[Info   :Zeepkist GTR] 18:29:04 End processing HTTP request after 381.7788ms - 200
[Info   :Zeepkist GTR] 18:29:04 Start processing HTTP request "POST" "https://graphql.zeepki.st/"
[Info   :Zeepkist GTR] 18:29:04 Sending HTTP request "POST" "https://graphql.zeepki.st/"
[Info   :Zeepkist GTR] 18:29:04 Received HTTP response headers after 192.5717ms - 200
[Info   :Zeepkist GTR] 18:29:04 End processing HTTP request after 192.7929ms - 200
[Info   :Zeepkist Bingo] [BINGO] === PLAYER SPAWNED ===
[Info   :Zeepkist Bingo] [BINGO] IsInActiveSession: False
[Info   :Zeepkist Bingo] [BINGO] Not in active session, skipping timer reset
[Info   :Zeepkist GTR] 18:29:05 Loading personal best...
[Info   :Zeepkist GTR] 18:29:05 Start processing HTTP request "POST" "https://graphql.zeepki.st/"
[Info   :Zeepkist GTR] 18:29:05 Sending HTTP request "POST" "https://graphql.zeepki.st/"
[Info   :Zeepkist GTR] 18:29:05 Stopping existing recorder if any
[Info   :Zeepkist GTR] 18:29:05 Creating new recorder
[Info   :Zeepkist GTR] 18:29:05 Start processing HTTP request "POST" "https://graphql.zeepki.st/"
[Info   :Zeepkist GTR] 18:29:05 Sending HTTP request "POST" "https://graphql.zeepki.st/"
[Info   :Zeepkist GTR] 18:29:05 Start processing HTTP request "POST" "https://graphql.zeepki.st/"
[Info   :Zeepkist GTR] 18:29:05 Sending HTTP request "POST" "https://graphql.zeepki.st/"
[Info   :Zeepkist GTR] 18:29:05 Received HTTP response headers after 202.9862ms - 200
[Info   :Zeepkist GTR] 18:29:05 End processing HTTP request after 203.2005ms - 200
[Info   :Zeepkist GTR] 18:29:05 Received HTTP response headers after 204.0557ms - 200
[Info   :Zeepkist GTR] 18:29:05 End processing HTTP request after 204.2576ms - 200
[Info   :Zeepkist GTR] 18:29:05 Ghost version: 5
[Info   :Zeepkist GTR] 18:29:05 Received HTTP response headers after 402.9118ms - 200
[Info   :Zeepkist GTR] 18:29:05 End processing HTTP request after 403.1537ms - 200
[Info   :Zeepkist GTR] 18:29:05 Start processing HTTP request "POST" "https://graphql.zeepki.st/"
[Info   :Zeepkist GTR] 18:29:05 Sending HTTP request "POST" "https://graphql.zeepki.st/"
[Info   :Zeepkist GTR] 18:29:05 Received HTTP response headers after 190.9562ms - 200
[Info   :Zeepkist GTR] 18:29:05 End processing HTTP request after 191.1891ms - 200
[Info   :Zeepkist GTR] 18:29:07 Starting recorder
[Info   :Zeepkist Bingo] [BINGO] === PLAYER SPAWNED ===
[Info   :Zeepkist Bingo] [BINGO] IsInActiveSession: False
[Info   :Zeepkist Bingo] [BINGO] Not in active session, skipping timer reset
[Info   :Zeepkist GTR] 18:29:24 Loading personal best...
[Info   :Zeepkist GTR] 18:29:24 Start processing HTTP request "POST" "https://graphql.zeepki.st/"
[Info   :Zeepkist GTR] 18:29:24 Sending HTTP request "POST" "https://graphql.zeepki.st/"
[Info   :Zeepkist GTR] 18:29:24 Stopping existing recorder if any
[Info   :Zeepkist GTR] 18:29:24 Creating new recorder
[Info   :Zeepkist GTR] 18:29:24 Start processing HTTP request "POST" "https://graphql.zeepki.st/"
[Info   :Zeepkist GTR] 18:29:24 Sending HTTP request "POST" "https://graphql.zeepki.st/"
[Info   :Zeepkist GTR] 18:29:24 Start processing HTTP request "POST" "https://graphql.zeepki.st/"
[Info   :Zeepkist GTR] 18:29:24 Sending HTTP request "POST" "https://graphql.zeepki.st/"
[Info   :Zeepkist GTR] 18:29:24 Received HTTP response headers after 205.6052ms - 200
[Info   :Zeepkist GTR] 18:29:24 Received HTTP response headers after 206.0849ms - 200
[Info   :Zeepkist GTR] 18:29:24 End processing HTTP request after 205.8557ms - 200
[Info   :Zeepkist GTR] 18:29:24 End processing HTTP request after 206.3047ms - 200
[Info   :Zeepkist GTR] 18:29:24 Ghost version: 5
[Info   :Zeepkist GTR] 18:29:25 Received HTTP response headers after 407.8468ms - 200
[Info   :Zeepkist GTR] 18:29:25 End processing HTTP request after 408.0415ms - 200
[Info   :Zeepkist GTR] 18:29:25 Start processing HTTP request "POST" "https://graphql.zeepki.st/"
[Info   :Zeepkist GTR] 18:29:25 Sending HTTP request "POST" "https://graphql.zeepki.st/"
[Info   :Zeepkist GTR] 18:29:25 Received HTTP response headers after 203.0603ms - 200
[Info   :Zeepkist GTR] 18:29:25 End processing HTTP request after 203.3003ms - 200
[Info   :Zeepkist GTR] 18:29:26 Starting recorder
[Info   :Zeepkist Bingo] [BINGO] === PLAYER SPAWNED ===
[Info   :Zeepkist Bingo] [BINGO] IsInActiveSession: False
[Info   :Zeepkist Bingo] [BINGO] Not in active session, skipping timer reset
[Info   :Zeepkist GTR] 18:29:32 Loading personal best...
[Info   :Zeepkist GTR] 18:29:32 Start processing HTTP request "POST" "https://graphql.zeepki.st/"
[Info   :Zeepkist GTR] 18:29:32 Sending HTTP request "POST" "https://graphql.zeepki.st/"
[Info   :Zeepkist GTR] 18:29:32 Stopping existing recorder if any
[Info   :Zeepkist GTR] 18:29:32 Creating new recorder
[Info   :Zeepkist GTR] 18:29:32 Start processing HTTP request "POST" "https://graphql.zeepki.st/"
[Info   :Zeepkist GTR] 18:29:32 Sending HTTP request "POST" "https://graphql.zeepki.st/"
[Info   :Zeepkist GTR] 18:29:32 Start processing HTTP request "POST" "https://graphql.zeepki.st/"
[Info   :Zeepkist GTR] 18:29:32 Sending HTTP request "POST" "https://graphql.zeepki.st/"
[Info   :Zeepkist GTR] 18:29:32 Received HTTP response headers after 286.0541ms - 200
[Info   :Zeepkist GTR] 18:29:32 End processing HTTP request after 286.305ms - 200
[Info   :Zeepkist GTR] 18:29:32 Received HTTP response headers after 298.5738ms - 200
[Info   :Zeepkist GTR] 18:29:32 End processing HTTP request after 298.8052ms - 200
[Info   :Zeepkist GTR] 18:29:32 Ghost version: 5
[Info   :Zeepkist GTR] 18:29:32 Received HTTP response headers after 474.04ms - 200
[Info   :Zeepkist GTR] 18:29:32 End processing HTTP request after 474.2598ms - 200
[Info   :Zeepkist GTR] 18:29:32 Start processing HTTP request "POST" "https://graphql.zeepki.st/"
[Info   :Zeepkist GTR] 18:29:32 Sending HTTP request "POST" "https://graphql.zeepki.st/"
[Info   :Zeepkist GTR] 18:29:32 Received HTTP response headers after 188.4059ms - 200
[Info   :Zeepkist GTR] 18:29:32 End processing HTTP request after 188.6132ms - 200
[Info   :Zeepkist GTR] 18:29:33 Starting recorder
[Info   :Zeepkist Bingo] [BINGO] === PLAYER SPAWNED ===
[Info   :Zeepkist Bingo] [BINGO] IsInActiveSession: False
[Info   :Zeepkist Bingo] [BINGO] Not in active session, skipping timer reset
[Info   :Zeepkist GTR] 18:29:52 Loading personal best...
[Info   :Zeepkist GTR] 18:29:52 Start processing HTTP request "POST" "https://graphql.zeepki.st/"
[Info   :Zeepkist GTR] 18:29:52 Sending HTTP request "POST" "https://graphql.zeepki.st/"
[Info   :Zeepkist GTR] 18:29:52 Stopping existing recorder if any
[Info   :Zeepkist GTR] 18:29:52 Creating new recorder
[Info   :Zeepkist GTR] 18:29:52 Start processing HTTP request "POST" "https://graphql.zeepki.st/"
[Info   :Zeepkist GTR] 18:29:52 Sending HTTP request "POST" "https://graphql.zeepki.st/"
[Info   :Zeepkist GTR] 18:29:52 Start processing HTTP request "POST" "https://graphql.zeepki.st/"
[Info   :Zeepkist GTR] 18:29:52 Sending HTTP request "POST" "https://graphql.zeepki.st/"
[Info   :Zeepkist GTR] 18:29:52 Received HTTP response headers after 186.0373ms - 200
[Info   :Zeepkist GTR] 18:29:52 Received HTTP response headers after 186.5378ms - 200
[Info   :Zeepkist GTR] 18:29:52 End processing HTTP request after 186.2851ms - 200
[Info   :Zeepkist GTR] 18:29:52 End processing HTTP request after 186.7808ms - 200
[Info   :Zeepkist GTR] 18:29:52 Ghost version: 5
[Info   :Zeepkist GTR] 18:29:52 Received HTTP response headers after 373.8534ms - 200
[Info   :Zeepkist GTR] 18:29:52 End processing HTTP request after 374.0575ms - 200
[Info   :Zeepkist GTR] 18:29:52 Start processing HTTP request "POST" "https://graphql.zeepki.st/"
[Info   :Zeepkist GTR] 18:29:52 Sending HTTP request "POST" "https://graphql.zeepki.st/"
[Info   :Zeepkist GTR] 18:29:52 Received HTTP response headers after 187.0029ms - 200
[Info   :Zeepkist GTR] 18:29:52 End processing HTTP request after 187.2331ms - 200
[Info   :Zeepkist GTR] 18:29:53 Starting recorder
[Info   :Zeepkist GTR] 18:30:22 Discarding recorder
[Info   :   Console] Download started for AppId: 1440670, FileId: 3726711300, Result: AccessDenied
[Info   :RoundLeaderboardTab] Drawing leaderboard -> forwarding to Instance.DrawTabLeaderboard()
[Info   :Zeepkist Bingo] [CHAT] Intercepted message: uhhh
[Info   :Zeepkist Bingo] [CHAT] Not relaying - no bingo session
[Info   :Zeepkist Bingo] [CHAT] Intercepted message: :yannicsmile:
[Info   :Zeepkist Bingo] [CHAT] Not relaying - no bingo session
[Info   :Zeepkist Bingo] [BINGO] Level loaded
[Info   :BetterSplits] getting gtr splits
[Info   :Zeepkist Bingo] [BINGO] === PLAYER SPAWNED ===
[Info   :Zeepkist Bingo] [BINGO] IsInActiveSession: False
[Info   :Zeepkist Bingo] [BINGO] Not in active session, skipping timer reset
[Info   :Zeepkist GTR] 18:31:27 Loading personal best...
[Info   :Zeepkist GTR] 18:31:27 Start processing HTTP request "POST" "https://graphql.zeepki.st/"
[Info   :Zeepkist GTR] 18:31:27 Sending HTTP request "POST" "https://graphql.zeepki.st/"
[Info   :Zeepkist GTR] 18:31:27 Stopping existing recorder if any
[Info   :Zeepkist GTR] 18:31:27 Creating new recorder
[Info   :Zeepkist GTR] 18:31:27 Start processing HTTP request "POST" "https://graphql.zeepki.st/"
[Info   :Zeepkist GTR] 18:31:27 Sending HTTP request "POST" "https://graphql.zeepki.st/"
[Info   :Zeepkist GTR] 18:31:27 Start processing HTTP request "POST" "https://graphql.zeepki.st/"
[Info   :Zeepkist GTR] 18:31:27 Sending HTTP request "POST" "https://graphql.zeepki.st/"
[Info   :Zeepkist GTR] 18:31:27 Received HTTP response headers after 250.0955ms - 200
[Info   :Zeepkist GTR] 18:31:27 End processing HTTP request after 250.3676ms - 200
[Error  :BetterSplits] could not get splits
Response: StatusCode: 400, ReasonPhrase: 'Bad Request', Version: 1.1, Content: System.Net.Http.StreamContent, Headers:
{
Date: Fri, 15 May 2026 23:31:28 GMT
Connection: keep-alive
access-control-allow-headers: Origin, X-Requested-With, Accept, Authorization, X-Apollo-Tracing, Content-Type, Content-Length, X-PostGraphile-Explain
access-control-allow-methods: HEAD, GET, POST
access-control-allow-origin: *
access-control-expose-headers: X-GraphQL-Event-Stream
alt-svc: h3=":443"; ma=86400
vary: Origin
via: 1.1 Caddy
x-graphql-event-stream: /stream
x-query-cost: 115
cf-cache-status: DYNAMIC
x-xss-protection: 1; mode=block
Strict-Transport-Security: max-age=15552000; includeSubDomains; preload
x-content-type-options: nosniff
Server-Timing: cfCacheStatus;desc="DYNAMIC", cfEdge;dur=17,cfOrigin;dur=147
Report-To: {"group":"cf-nel","max_age":604800,"endpoints":[{"url":"https://a.nel.cloudflare.com/report/v4?s=TRZvFJ6BxP8ujAF4mCgGKMVuTu6uFV05UBXDsJUkVMn5yhv9o6rg7aL3F7PVYWuB3PJGum75kBZ9SXD45zFYiCPTlan7eHR3XneyptZd1BsPRuFxVjALc2WA8EBKCmI1%2FdvEFZz7pXeOGKdwSxS%2BsQ%3D%3D"}]}
Nel: {"report_to":"cf-nel","success_fraction":0.0,"max_age":604800}
expect-ct: max-age=86400, enforce
referrer-policy: same-origin
x-frame-options: SAMEORIGIN
Server: cloudflare
CF-RAY: 9fc5efb74e3bad26-MSP
Content-Type: application/json; charset=utf-8
Content-Length: 172
} 
Content: {"errors":[{"message":"Cannot query field \"personalBestGlobalsByIdLevel\" on type \"Level\". Did you mean \"personalBestGlobals\"?","locations":[{"line":1,"column":87}]}]}
Url: https://graphql.zeepki.st
Request: {"query":"query BetterSplitsPB($hash: String!, $steamId: BigFloat) { levelByHash(hash: $hash) { personalBestGlobalsByIdLevel(filter: {userByIdUser: {steamId: {equalTo: $steamId}}}) { nodes { recordByIdRecord { speeds splits time }}}}}","variables":{"hash":"ea5","steamId":"76561199218214543"}}
[Info   :Zeepkist GTR] 18:31:28 Received HTTP response headers after 353.5981ms - 200
[Info   :Zeepkist GTR] 18:31:28 End processing HTTP request after 353.8689ms - 200
[Info   :Zeepkist GTR] 18:31:28 Ghost version: 5
[Info   :Zeepkist GTR] 18:31:28 Received HTTP response headers after 465.7582ms - 200
[Info   :Zeepkist GTR] 18:31:28 End processing HTTP request after 465.9798ms - 200
[Info   :Zeepkist GTR] 18:31:28 Start processing HTTP request "POST" "https://graphql.zeepki.st/"
[Info   :Zeepkist GTR] 18:31:28 Sending HTTP request "POST" "https://graphql.zeepki.st/"
[Info   :Zeepkist GTR] 18:31:28 Received HTTP response headers after 197.957ms - 200
[Info   :Zeepkist GTR] 18:31:28 End processing HTTP request after 198.1929ms - 200
[Info   :Zeepkist GTR] 18:31:29 Starting recorder
[Info   :Zeepkist GTR] 18:31:32 Discarding recorder
[Info   :   Console] Download started for AppId: 1440670, FileId: 3726711300, Result: AccessDenied
[Info   :Zeepkist Bingo] [CHAT] Intercepted message: nooo
[Info   :Zeepkist Bingo] [CHAT] Not relaying - no bingo session
[Info   :Zeepkist Bingo] [BINGO] Level loaded
[Info   :BetterSplits] getting gtr splits
[Info   :Zeepkist Bingo] [BINGO] === PLAYER SPAWNED ===
[Info   :Zeepkist Bingo] [BINGO] IsInActiveSession: False
[Info   :Zeepkist Bingo] [BINGO] Not in active session, skipping timer reset
[Info   :Zeepkist GTR] 18:32:28 Loading personal best...
[Info   :Zeepkist GTR] 18:32:28 Start processing HTTP request "POST" "https://graphql.zeepki.st/"
[Info   :Zeepkist GTR] 18:32:28 Sending HTTP request "POST" "https://graphql.zeepki.st/"
[Info   :Zeepkist GTR] 18:32:28 Stopping existing recorder if any
[Info   :Zeepkist GTR] 18:32:28 Creating new recorder
[Info   :Zeepkist GTR] 18:32:28 Start processing HTTP request "POST" "https://graphql.zeepki.st/"
[Info   :Zeepkist GTR] 18:32:28 Sending HTTP request "POST" "https://graphql.zeepki.st/"
[Info   :Zeepkist GTR] 18:32:28 Start processing HTTP request "POST" "https://graphql.zeepki.st/"
[Info   :Zeepkist GTR] 18:32:28 Sending HTTP request "POST" "https://graphql.zeepki.st/"
[Error  :BetterSplits] could not get splits
Response: StatusCode: 400, ReasonPhrase: 'Bad Request', Version: 1.1, Content: System.Net.Http.StreamContent, Headers:
{
Date: Fri, 15 May 2026 23:32:29 GMT
Connection: keep-alive
access-control-allow-headers: Origin, X-Requested-With, Accept, Authorization, X-Apollo-Tracing, Content-Type, Content-Length, X-PostGraphile-Explain
access-control-allow-methods: HEAD, GET, POST
access-control-allow-origin: *
access-control-expose-headers: X-GraphQL-Event-Stream
alt-svc: h3=":443"; ma=86400
vary: Origin
via: 1.1 Caddy
x-graphql-event-stream: /stream
x-query-cost: 115
cf-cache-status: DYNAMIC
x-xss-protection: 1; mode=block
Strict-Transport-Security: max-age=15552000; includeSubDomains; preload
x-content-type-options: nosniff
Server-Timing: cfCacheStatus;desc="DYNAMIC", cfEdge;dur=17,cfOrigin;dur=139
Report-To: {"group":"cf-nel","max_age":604800,"endpoints":[{"url":"https://a.nel.cloudflare.com/report/v4?s=c%2FrQ7QBGez6xrf62ag75bGepvXWra2PqkqR0ZtH8XJCQw0ofTrEGR1gQ%2FXJONORBptuVECTsD5hevYW5OtdfkB23XFvZ1ajNbUJ0Nf9To7B6oz7dUDsFe3OqpMSEmJrvgeLiy9tLj26JHAtsW0FCkg%3D%3D"}]}
Nel: {"report_to":"cf-nel","success_fraction":0.0,"max_age":604800}
expect-ct: max-age=86400, enforce
referrer-policy: same-origin
x-frame-options: SAMEORIGIN
Server: cloudflare
CF-RAY: 9fc5f1307d2dad26-MSP
Content-Type: application/json; charset=utf-8
Content-Length: 172
} 
Content: {"errors":[{"message":"Cannot query field \"personalBestGlobalsByIdLevel\" on type \"Level\". Did you mean \"personalBestGlobals\"?","locations":[{"line":1,"column":87}]}]}
Url: https://graphql.zeepki.st
Request: {"query":"query BetterSplitsPB($hash: String!, $steamId: BigFloat) { levelByHash(hash: $hash) { personalBestGlobalsByIdLevel(filter: {userByIdUser: {steamId: {equalTo: $steamId}}}) { nodes { recordByIdRecord { speeds splits time }}}}}","variables":{"hash":"ea5","steamId":"76561199218214543"}}
[Info   :Zeepkist GTR] 18:32:28 Received HTTP response headers after 426.9465ms - 200
[Info   :Zeepkist GTR] 18:32:28 End processing HTTP request after 427.1576ms - 200
[Info   :Zeepkist GTR] 18:32:28 Received HTTP response headers after 436.6423ms - 200
[Info   :Zeepkist GTR] 18:32:28 End processing HTTP request after 436.8225ms - 200
[Info   :Zeepkist GTR] 18:32:28 Ghost version: 5
[Info   :Zeepkist GTR] 18:32:28 Received HTTP response headers after 564.0471ms - 200
[Info   :Zeepkist GTR] 18:32:28 End processing HTTP request after 564.2852ms - 200
[Info   :Zeepkist GTR] 18:32:28 Start processing HTTP request "POST" "https://graphql.zeepki.st/"
[Info   :Zeepkist GTR] 18:32:28 Sending HTTP request "POST" "https://graphql.zeepki.st/"
[Info   :Zeepkist GTR] 18:32:28 Received HTTP response headers after 226.7364ms - 200
[Info   :Zeepkist GTR] 18:32:28 End processing HTTP request after 227.1859ms - 200
[Info   :Zeepkist GTR] 18:32:29 Starting recorder
[Info   :RoundLeaderboardTab] Drawing leaderboard -> forwarding to Instance.DrawTabLeaderboard()
[Info   :RoundLeaderboardTab] Drawing leaderboard -> forwarding to Instance.DrawTabLeaderboard()
[Info   :RoundLeaderboardTab] Drawing leaderboard -> forwarding to Instance.DrawTabLeaderboard()
[Info   :Zeepkist Bingo] [BINGO] === PLAYER SPAWNED ===
[Info   :Zeepkist Bingo] [BINGO] IsInActiveSession: False
[Info   :Zeepkist Bingo] [BINGO] Not in active session, skipping timer reset
[Info   :Zeepkist GTR] 18:32:46 Loading personal best...
[Info   :Zeepkist GTR] 18:32:46 Start processing HTTP request "POST" "https://graphql.zeepki.st/"
[Info   :Zeepkist GTR] 18:32:46 Sending HTTP request "POST" "https://graphql.zeepki.st/"
[Info   :Zeepkist GTR] 18:32:46 Stopping existing recorder if any
[Info   :Zeepkist GTR] 18:32:46 Creating new recorder
[Info   :Zeepkist GTR] 18:32:46 Start processing HTTP request "POST" "https://graphql.zeepki.st/"
[Info   :Zeepkist GTR] 18:32:46 Sending HTTP request "POST" "https://graphql.zeepki.st/"
[Info   :Zeepkist GTR] 18:32:46 Start processing HTTP request "POST" "https://graphql.zeepki.st/"
[Info   :Zeepkist GTR] 18:32:46 Sending HTTP request "POST" "https://graphql.zeepki.st/"
[Info   :Zeepkist GTR] 18:32:47 Received HTTP response headers after 191.9484ms - 200
[Info   :Zeepkist GTR] 18:32:47 End processing HTTP request after 192.2463ms - 200
[Info   :Zeepkist GTR] 18:32:47 Ghost version: 5
[Info   :Zeepkist GTR] 18:32:47 Received HTTP response headers after 236.3283ms - 200
[Info   :Zeepkist GTR] 18:32:47 End processing HTTP request after 236.6077ms - 200
[Info   :Zeepkist GTR] 18:32:47 Discarding recorder
[Info   :Zeepkist GTR] 18:32:47 Received HTTP response headers after 379.4327ms - 200
[Info   :Zeepkist GTR] 18:32:47 End processing HTTP request after 379.6429ms - 200
[Info   :Zeepkist GTR] 18:32:47 Start processing HTTP request "POST" "https://graphql.zeepki.st/"
[Info   :Zeepkist GTR] 18:32:47 Sending HTTP request "POST" "https://graphql.zeepki.st/"
[Info   :Zeepkist GTR] 18:32:47 Received HTTP response headers after 199.8315ms - 200
[Info   :Zeepkist GTR] 18:32:47 End processing HTTP request after 200.1013ms - 200
[Info   :Zeepkist GTR] 18:32:48 Starting recorder
[Error  :RecordingService] Unhandled exception in OnRoundStarted: System.Reflection.TargetInvocationException: Exception has been thrown by the target of an invocation. ---> System.NullReferenceException: Object reference not set to an instance of an object
  at TNRD.Zeepkist.GTR.Ghosting.Recording.RecordingService.OnRoundStarted () [0x00026] in C:\a\Zeepkist.GTR.Mod\Zeepkist.GTR.Mod\Ghosting\Recording\RecordingService.cs:72 
  at (wrapper managed-to-native) System.Reflection.RuntimeMethodInfo.InternalInvoke(System.Reflection.RuntimeMethodInfo,object,object[],System.Exception&)
  at System.Reflection.RuntimeMethodInfo.Invoke (System.Object obj, System.Reflection.BindingFlags invokeAttr, System.Reflection.Binder binder, System.Object[] parameters, System.Globalization.CultureInfo culture) [0x0006a] in <9aad1b3a47484d63ba2b3985692d80e9>:0 
   --- End of inner exception stack trace ---
  at System.Reflection.RuntimeMethodInfo.Invoke (System.Object obj, System.Reflection.BindingFlags invokeAttr, System.Reflection.Binder binder, System.Object[] parameters, System.Globalization.CultureInfo culture) [0x00083] in <9aad1b3a47484d63ba2b3985692d80e9>:0 
  at System.Reflection.MethodBase.Invoke (System.Object obj, System.Object[] parameters) [0x00000] in <9aad1b3a47484d63ba2b3985692d80e9>:0 
  at System.Delegate.DynamicInvokeImpl (System.Object[] args) [0x000e7] in <9aad1b3a47484d63ba2b3985692d80e9>:0 
  at System.MulticastDelegate.DynamicInvokeImpl (System.Object[] args) [0x00008] in <9aad1b3a47484d63ba2b3985692d80e9>:0 
  at System.Delegate.DynamicInvoke (System.Object[] args) [0x00000] in <9aad1b3a47484d63ba2b3985692d80e9>:0 
  at ZeepSDK.Extensions.DelegateExtensions.InvokeSafe (System.Delegate d, System.Object[] args) [0x00031] in D:\a\ZeepSDK\ZeepSDK\ZeepSDK\Extensions\DelegateExtensions.cs:22 
[Info   :Zeepkist Bingo] [BINGO] Level loaded
[Info   :BetterSplits] getting gtr splits
[Info   :Zeepkist Bingo] [BINGO] === PLAYER SPAWNED ===
[Info   :Zeepkist Bingo] [BINGO] IsInActiveSession: False
[Info   :Zeepkist Bingo] [BINGO] Not in active session, skipping timer reset
[Info   :Zeepkist GTR] 18:33:01 Loading personal best...
[Info   :Zeepkist GTR] 18:33:01 Start processing HTTP request "POST" "https://graphql.zeepki.st/"
[Info   :Zeepkist GTR] 18:33:01 Sending HTTP request "POST" "https://graphql.zeepki.st/"
[Info   :Zeepkist GTR] 18:33:01 Stopping existing recorder if any
[Info   :Zeepkist GTR] 18:33:01 Creating new recorder
[Info   :Zeepkist GTR] 18:33:01 Start processing HTTP request "POST" "https://graphql.zeepki.st/"
[Info   :Zeepkist GTR] 18:33:01 Sending HTTP request "POST" "https://graphql.zeepki.st/"
[Info   :Zeepkist GTR] 18:33:01 Start processing HTTP request "POST" "https://graphql.zeepki.st/"
[Info   :Zeepkist GTR] 18:33:01 Sending HTTP request "POST" "https://graphql.zeepki.st/"
[Error  :BetterSplits] could not get splits
Response: StatusCode: 400, ReasonPhrase: 'Bad Request', Version: 1.1, Content: System.Net.Http.StreamContent, Headers:
{
Date: Fri, 15 May 2026 23:33:02 GMT
Connection: keep-alive
access-control-allow-headers: Origin, X-Requested-With, Accept, Authorization, X-Apollo-Tracing, Content-Type, Content-Length, X-PostGraphile-Explain
access-control-allow-methods: HEAD, GET, POST
access-control-allow-origin: *
access-control-expose-headers: X-GraphQL-Event-Stream
alt-svc: h3=":443"; ma=86400
vary: Origin
via: 1.1 Caddy
x-graphql-event-stream: /stream
x-query-cost: 115
cf-cache-status: DYNAMIC
x-xss-protection: 1; mode=block
Strict-Transport-Security: max-age=15552000; includeSubDomains; preload
x-content-type-options: nosniff
Server-Timing: cfCacheStatus;desc="DYNAMIC", cfEdge;dur=15,cfOrigin;dur=141
Report-To: {"group":"cf-nel","max_age":604800,"endpoints":[{"url":"https://a.nel.cloudflare.com/report/v4?s=0Xw2dZH8ChSeEfGGhawa2o3D6SV%2BjG4ReKRuOdiXdIbeCbJJAfUAWnZX9%2BssxjSxoqKRSf7GUcvxpV6OzDVt5lsVzMVJEVuglIxOh0kvMVWm5xzAlcLkfDrIo%2FRzlKg8MUjgUsJ7ZydHykROeGqiTw%3D%3D"}]}
Nel: {"report_to":"cf-nel","success_fraction":0.0,"max_age":604800}
expect-ct: max-age=86400, enforce
referrer-policy: same-origin
x-frame-options: SAMEORIGIN
Server: cloudflare
CF-RAY: 9fc5f2011e25ad26-MSP
Content-Type: application/json; charset=utf-8
Content-Length: 172
} 
Content: {"errors":[{"message":"Cannot query field \"personalBestGlobalsByIdLevel\" on type \"Level\". Did you mean \"personalBestGlobals\"?","locations":[{"line":1,"column":87}]}]}
Url: https://graphql.zeepki.st
Request: {"query":"query BetterSplitsPB($hash: String!, $steamId: BigFloat) { levelByHash(hash: $hash) { personalBestGlobalsByIdLevel(filter: {userByIdUser: {steamId: {equalTo: $steamId}}}) { nodes { recordByIdRecord { speeds splits time }}}}}","variables":{"hash":"AC2C7F449775CCB59C911B336B40721C2CAAD862-3","steamId":"76561199218214543"}}
[Info   :Zeepkist GTR] 18:33:01 Received HTTP response headers after 207.9384ms - 200
[Info   :Zeepkist GTR] 18:33:01 End processing HTTP request after 208.1789ms - 200
[Info   :Zeepkist GTR] 18:33:01 Received HTTP response headers after 207.4811ms - 200
[Info   :Zeepkist GTR] 18:33:01 End processing HTTP request after 207.666ms - 200
[Info   :Zeepkist GTR] 18:33:01 Received HTTP response headers after 458.022ms - 200
[Info   :Zeepkist GTR] 18:33:01 End processing HTTP request after 458.2326ms - 200
[Info   :   Console] Download started for AppId: 1440670, FileId: 3726711300, Result: OK
[Info   :Zeepkist GTR] 18:33:03 Starting recorder
[Info   :Zeepkist Bingo] [BINGO] === PLAYER SPAWNED ===
[Info   :Zeepkist Bingo] [BINGO] IsInActiveSession: False
[Info   :Zeepkist Bingo] [BINGO] Not in active session, skipping timer reset
[Info   :Zeepkist GTR] 18:33:05 Loading personal best...
[Info   :Zeepkist GTR] 18:33:05 Start processing HTTP request "POST" "https://graphql.zeepki.st/"
[Info   :Zeepkist GTR] 18:33:05 Sending HTTP request "POST" "https://graphql.zeepki.st/"
[Info   :Zeepkist GTR] 18:33:05 Stopping existing recorder if any
[Info   :Zeepkist GTR] 18:33:05 Creating new recorder
[Info   :Zeepkist GTR] 18:33:05 Start processing HTTP request "POST" "https://graphql.zeepki.st/"
[Info   :Zeepkist GTR] 18:33:05 Sending HTTP request "POST" "https://graphql.zeepki.st/"
[Info   :Zeepkist GTR] 18:33:05 Start processing HTTP request "POST" "https://graphql.zeepki.st/"
[Info   :Zeepkist GTR] 18:33:05 Sending HTTP request "POST" "https://graphql.zeepki.st/"
[Info   :Zeepkist GTR] 18:33:06 Received HTTP response headers after 212.5682ms - 200
[Info   :Zeepkist GTR] 18:33:06 Received HTTP response headers after 213.1779ms - 200
[Info   :Zeepkist GTR] 18:33:06 End processing HTTP request after 212.8041ms - 200
[Info   :Zeepkist GTR] 18:33:06 End processing HTTP request after 213.4946ms - 200
[Info   :Zeepkist GTR] 18:33:06 Received HTTP response headers after 408.9527ms - 200
[Info   :Zeepkist GTR] 18:33:06 End processing HTTP request after 409.159ms - 200
[Info   :Zeepkist GTR] 18:33:07 Starting recorder
[Info   :Zeepkist Bingo] [BINGO] === PLAYER SPAWNED ===
[Info   :Zeepkist Bingo] [BINGO] IsInActiveSession: False
[Info   :Zeepkist Bingo] [BINGO] Not in active session, skipping timer reset
[Info   :Zeepkist GTR] 18:33:22 Loading personal best...
[Info   :Zeepkist GTR] 18:33:22 Start processing HTTP request "POST" "https://graphql.zeepki.st/"
[Info   :Zeepkist GTR] 18:33:22 Sending HTTP request "POST" "https://graphql.zeepki.st/"
[Info   :Zeepkist GTR] 18:33:22 Stopping existing recorder if any
[Info   :Zeepkist GTR] 18:33:22 Creating new recorder
[Info   :Zeepkist GTR] 18:33:22 Start processing HTTP request "POST" "https://graphql.zeepki.st/"
[Info   :Zeepkist GTR] 18:33:22 Sending HTTP request "POST" "https://graphql.zeepki.st/"
[Info   :Zeepkist GTR] 18:33:22 Start processing HTTP request "POST" "https://graphql.zeepki.st/"
[Info   :Zeepkist GTR] 18:33:22 Sending HTTP request "POST" "https://graphql.zeepki.st/"
[Info   :Zeepkist GTR] 18:33:22 Received HTTP response headers after 202.8657ms - 200
[Info   :Zeepkist GTR] 18:33:22 End processing HTTP request after 203.1015ms - 200
[Info   :Zeepkist GTR] 18:33:22 Received HTTP response headers after 223.5901ms - 200
[Info   :Zeepkist GTR] 18:33:22 End processing HTTP request after 223.7983ms - 200
[Info   :Zeepkist GTR] 18:33:22 Received HTTP response headers after 408.8279ms - 200
[Info   :Zeepkist GTR] 18:33:22 End processing HTTP request after 409.0606ms - 200
[Info   :Zeepkist GTR] 18:33:23 Starting recorder
[Info   :Zeepkist Bingo] [BINGO] === PLAYER SPAWNED ===
[Info   :Zeepkist Bingo] [BINGO] IsInActiveSession: False
[Info   :Zeepkist Bingo] [BINGO] Not in active session, skipping timer reset
[Info   :Zeepkist GTR] 18:33:36 Loading personal best...
[Info   :Zeepkist GTR] 18:33:36 Start processing HTTP request "POST" "https://graphql.zeepki.st/"
[Info   :Zeepkist GTR] 18:33:36 Sending HTTP request "POST" "https://graphql.zeepki.st/"
[Info   :Zeepkist GTR] 18:33:36 Stopping existing recorder if any
[Info   :Zeepkist GTR] 18:33:36 Creating new recorder
[Info   :Zeepkist GTR] 18:33:36 Start processing HTTP request "POST" "https://graphql.zeepki.st/"
[Info   :Zeepkist GTR] 18:33:36 Sending HTTP request "POST" "https://graphql.zeepki.st/"
[Info   :Zeepkist GTR] 18:33:36 Start processing HTTP request "POST" "https://graphql.zeepki.st/"
[Info   :Zeepkist GTR] 18:33:36 Sending HTTP request "POST" "https://graphql.zeepki.st/"
[Info   :Zeepkist GTR] 18:33:36 Received HTTP response headers after 198.0109ms - 200
[Info   :Zeepkist GTR] 18:33:36 End processing HTTP request after 198.3519ms - 200
[Info   :Zeepkist GTR] 18:33:36 Received HTTP response headers after 205.334ms - 200
[Info   :Zeepkist GTR] 18:33:36 End processing HTTP request after 205.5562ms - 200
[Info   :Zeepkist GTR] 18:33:36 Received HTTP response headers after 396.7187ms - 200
[Info   :Zeepkist GTR] 18:33:36 End processing HTTP request after 396.9307ms - 200
[Info   :Zeepkist GTR] 18:33:38 Starting recorder
[Info   :Zeepkist GTR] 18:34:33 Stopping recorder
[Info   :Zeepkist GTR] 18:34:33 Collecting extra information
[Info   :Zeepkist GTR] 18:34:33 Processing ghost data
[Info   :Zeepkist GTR] 18:34:33 Creating stream
[Info   :Zeepkist GTR] 18:34:33 Writing to stream
[Info   :Zeepkist GTR] 18:34:33 Closing stream
[Info   :Zeepkist GTR] 18:34:33 Getting buffer
[Info   :Zeepkist GTR] 18:34:33 Converting to base64
[Info   :Zeepkist GTR] 18:34:33 Creating resource
[Info   :Zeepkist GTR] 18:34:33 Start processing HTTP request "POST" "https://backend.zeepki.st/auth/refresh"
[Info   :Zeepkist GTR] 18:34:33 Sending HTTP request "POST" "https://backend.zeepki.st/auth/refresh"
[Info   :Zeepkist GTR] 18:34:34 Received HTTP response headers after 943.9607ms - 200
[Info   :Zeepkist GTR] 18:34:34 End processing HTTP request after 944.1906ms - 200
[Info   :Zeepkist GTR] 18:34:34 Start processing HTTP request "POST" "https://backend.zeepki.st/record/submit"
[Info   :Zeepkist GTR] 18:34:34 Sending HTTP request "POST" "https://backend.zeepki.st/record/submit"
[Info   :Zeepkist GTR] 18:34:35 Received HTTP response headers after 509.3043ms - 200
[Info   :Zeepkist GTR] 18:34:35 End processing HTTP request after 509.5082ms - 200
[Info   :Zeepkist Bingo] [BINGO] === PLAYER SPAWNED ===
[Info   :Zeepkist Bingo] [BINGO] IsInActiveSession: False
[Info   :Zeepkist Bingo] [BINGO] Not in active session, skipping timer reset
[Info   :Zeepkist GTR] 18:34:36 Loading personal best...
[Info   :Zeepkist GTR] 18:34:36 Start processing HTTP request "POST" "https://graphql.zeepki.st/"
[Info   :Zeepkist GTR] 18:34:36 Sending HTTP request "POST" "https://graphql.zeepki.st/"
[Info   :Zeepkist GTR] 18:34:36 Stopping existing recorder if any
[Info   :Zeepkist GTR] 18:34:36 Creating new recorder
[Info   :Zeepkist GTR] 18:34:36 Start processing HTTP request "POST" "https://graphql.zeepki.st/"
[Info   :Zeepkist GTR] 18:34:36 Sending HTTP request "POST" "https://graphql.zeepki.st/"
[Info   :Zeepkist GTR] 18:34:36 Start processing HTTP request "POST" "https://graphql.zeepki.st/"
[Info   :Zeepkist GTR] 18:34:36 Sending HTTP request "POST" "https://graphql.zeepki.st/"
[Info   :Zeepkist GTR] 18:34:36 Received HTTP response headers after 282.6903ms - 200
[Info   :Zeepkist GTR] 18:34:36 End processing HTTP request after 282.9209ms - 200
[Info   :Zeepkist GTR] 18:34:36 Received HTTP response headers after 295.4827ms - 200
[Info   :Zeepkist GTR] 18:34:36 End processing HTTP request after 295.6889ms - 200
[Info   :Zeepkist GTR] 18:34:36 Start processing HTTP request "GET" "https://cdn.zeepki.st/ghosts/01KRPZVTQSD005FDHQY2DEKSGS.bin"
[Info   :Zeepkist GTR] 18:34:36 Sending HTTP request "GET" "https://cdn.zeepki.st/ghosts/01KRPZVTQSD005FDHQY2DEKSGS.bin"
[Info   :Zeepkist GTR] 18:34:36 Received HTTP response headers after 470.8725ms - 200
[Info   :Zeepkist GTR] 18:34:36 End processing HTTP request after 471.1083ms - 200
[Info   :Zeepkist GTR] 18:34:36 Start processing HTTP request "POST" "https://graphql.zeepki.st/"
[Info   :Zeepkist GTR] 18:34:36 Sending HTTP request "POST" "https://graphql.zeepki.st/"
[Info   :Zeepkist GTR] 18:34:36 Received HTTP response headers after 187.5115ms - 200
[Info   :Zeepkist GTR] 18:34:36 End processing HTTP request after 187.7781ms - 200
[Info   :Zeepkist GTR] 18:34:37 Received HTTP response headers after 806.3121ms - 200
[Info   :Zeepkist GTR] 18:34:37 End processing HTTP request after 806.5602ms - 200
[Info   :Zeepkist GTR] 18:34:37 Ghost version: 5
[Info   :Zeepkist GTR] 18:34:37 Starting recorder
[Info   :Zeepkist Bingo] [BINGO] === PLAYER SPAWNED ===
[Info   :Zeepkist Bingo] [BINGO] IsInActiveSession: False
[Info   :Zeepkist Bingo] [BINGO] Not in active session, skipping timer reset
[Info   :Zeepkist GTR] 18:35:01 Loading personal best...
[Info   :Zeepkist GTR] 18:35:01 Start processing HTTP request "POST" "https://graphql.zeepki.st/"
[Info   :Zeepkist GTR] 18:35:01 Sending HTTP request "POST" "https://graphql.zeepki.st/"
[Info   :Zeepkist GTR] 18:35:01 Stopping existing recorder if any
[Info   :Zeepkist GTR] 18:35:01 Creating new recorder
[Info   :Zeepkist GTR] 18:35:01 Start processing HTTP request "POST" "https://graphql.zeepki.st/"
[Info   :Zeepkist GTR] 18:35:01 Sending HTTP request "POST" "https://graphql.zeepki.st/"
[Info   :Zeepkist GTR] 18:35:01 Start processing HTTP request "POST" "https://graphql.zeepki.st/"
[Info   :Zeepkist GTR] 18:35:01 Sending HTTP request "POST" "https://graphql.zeepki.st/"
[Info   :Zeepkist GTR] 18:35:01 Received HTTP response headers after 259.1183ms - 200
[Info   :Zeepkist GTR] 18:35:01 End processing HTTP request after 259.4356ms - 200
[Info   :Zeepkist GTR] 18:35:01 Received HTTP response headers after 277.4771ms - 200
[Info   :Zeepkist GTR] 18:35:01 End processing HTTP request after 277.7103ms - 200
[Info   :Zeepkist GTR] 18:35:01 Ghost version: 5
[Info   :Zeepkist GTR] 18:35:01 Received HTTP response headers after 464.6281ms - 200
[Info   :Zeepkist GTR] 18:35:01 End processing HTTP request after 464.8598ms - 200
[Info   :Zeepkist GTR] 18:35:01 Start processing HTTP request "POST" "https://graphql.zeepki.st/"
[Info   :Zeepkist GTR] 18:35:01 Sending HTTP request "POST" "https://graphql.zeepki.st/"
[Info   :Zeepkist GTR] 18:35:01 Received HTTP response headers after 195.4105ms - 200
[Info   :Zeepkist GTR] 18:35:01 End processing HTTP request after 195.6612ms - 200
[Info   :Zeepkist GTR] 18:35:02 Starting recorder
[Info   :Zeepkist Bingo] [BINGO] === PLAYER SPAWNED ===
[Info   :Zeepkist Bingo] [BINGO] IsInActiveSession: False
[Info   :Zeepkist Bingo] [BINGO] Not in active session, skipping timer reset
[Info   :Zeepkist GTR] 18:35:25 Loading personal best...
[Info   :Zeepkist GTR] 18:35:25 Start processing HTTP request "POST" "https://graphql.zeepki.st/"
[Info   :Zeepkist GTR] 18:35:25 Sending HTTP request "POST" "https://graphql.zeepki.st/"
[Info   :Zeepkist GTR] 18:35:25 Stopping existing recorder if any
[Info   :Zeepkist GTR] 18:35:25 Creating new recorder
[Info   :Zeepkist GTR] 18:35:25 Start processing HTTP request "POST" "https://graphql.zeepki.st/"
[Info   :Zeepkist GTR] 18:35:25 Sending HTTP request "POST" "https://graphql.zeepki.st/"
[Info   :Zeepkist GTR] 18:35:25 Start processing HTTP request "POST" "https://graphql.zeepki.st/"
[Info   :Zeepkist GTR] 18:35:25 Sending HTTP request "POST" "https://graphql.zeepki.st/"
[Info   :Zeepkist GTR] 18:35:25 Received HTTP response headers after 186.6229ms - 200
[Info   :Zeepkist GTR] 18:35:25 End processing HTTP request after 186.9624ms - 200
[Info   :Zeepkist GTR] 18:35:25 Received HTTP response headers after 209.1543ms - 200
[Info   :Zeepkist GTR] 18:35:25 End processing HTTP request after 209.403ms - 200
[Info   :Zeepkist GTR] 18:35:25 Ghost version: 5
[Info   :Zeepkist GTR] 18:35:25 Received HTTP response headers after 392.8732ms - 200
[Info   :Zeepkist GTR] 18:35:25 End processing HTTP request after 393.0996ms - 200
[Info   :Zeepkist GTR] 18:35:25 Start processing HTTP request "POST" "https://graphql.zeepki.st/"
[Info   :Zeepkist GTR] 18:35:25 Sending HTTP request "POST" "https://graphql.zeepki.st/"
[Info   :Zeepkist GTR] 18:35:25 Received HTTP response headers after 185.1056ms - 200
[Info   :Zeepkist GTR] 18:35:25 End processing HTTP request after 185.3438ms - 200
[Info   :Zeepkist GTR] 18:35:26 Starting recorder
[Info   :Zeepkist Bingo] [BINGO] === PLAYER SPAWNED ===
[Info   :Zeepkist Bingo] [BINGO] IsInActiveSession: False
[Info   :Zeepkist Bingo] [BINGO] Not in active session, skipping timer reset
[Info   :Zeepkist GTR] 18:35:52 Loading personal best...
[Info   :Zeepkist GTR] 18:35:52 Start processing HTTP request "POST" "https://graphql.zeepki.st/"
[Info   :Zeepkist GTR] 18:35:52 Sending HTTP request "POST" "https://graphql.zeepki.st/"
[Info   :Zeepkist GTR] 18:35:52 Stopping existing recorder if any
[Info   :Zeepkist GTR] 18:35:52 Creating new recorder
[Info   :Zeepkist GTR] 18:35:52 Start processing HTTP request "POST" "https://graphql.zeepki.st/"
[Info   :Zeepkist GTR] 18:35:52 Sending HTTP request "POST" "https://graphql.zeepki.st/"
[Info   :Zeepkist GTR] 18:35:52 Start processing HTTP request "POST" "https://graphql.zeepki.st/"
[Info   :Zeepkist GTR] 18:35:52 Sending HTTP request "POST" "https://graphql.zeepki.st/"
[Info   :Zeepkist GTR] 18:35:52 Received HTTP response headers after 221.0155ms - 200
[Info   :Zeepkist GTR] 18:35:52 Received HTTP response headers after 220.3525ms - 200
[Info   :Zeepkist GTR] 18:35:52 End processing HTTP request after 221.3007ms - 200
[Info   :Zeepkist GTR] 18:35:52 End processing HTTP request after 220.6504ms - 200
[Info   :Zeepkist GTR] 18:35:52 Ghost version: 5
[Info   :Zeepkist GTR] 18:35:52 Received HTTP response headers after 437.5435ms - 200
[Info   :Zeepkist GTR] 18:35:52 End processing HTTP request after 437.7761ms - 200
[Info   :Zeepkist GTR] 18:35:52 Start processing HTTP request "POST" "https://graphql.zeepki.st/"
[Info   :Zeepkist GTR] 18:35:52 Sending HTTP request "POST" "https://graphql.zeepki.st/"
[Info   :Zeepkist GTR] 18:35:53 Received HTTP response headers after 197.2677ms - 200
[Info   :Zeepkist GTR] 18:35:53 End processing HTTP request after 197.5419ms - 200
[Info   :Zeepkist GTR] 18:35:54 Starting recorder
[Info   :Zeepkist Bingo] [BINGO] === PLAYER SPAWNED ===
[Info   :Zeepkist Bingo] [BINGO] IsInActiveSession: False
[Info   :Zeepkist Bingo] [BINGO] Not in active session, skipping timer reset
[Info   :Zeepkist GTR] 18:36:17 Loading personal best...
[Info   :Zeepkist GTR] 18:36:17 Start processing HTTP request "POST" "https://graphql.zeepki.st/"
[Info   :Zeepkist GTR] 18:36:17 Sending HTTP request "POST" "https://graphql.zeepki.st/"
[Info   :Zeepkist GTR] 18:36:17 Stopping existing recorder if any
[Info   :Zeepkist GTR] 18:36:17 Creating new recorder
[Info   :Zeepkist GTR] 18:36:17 Start processing HTTP request "POST" "https://graphql.zeepki.st/"
[Info   :Zeepkist GTR] 18:36:17 Sending HTTP request "POST" "https://graphql.zeepki.st/"
[Info   :Zeepkist GTR] 18:36:17 Start processing HTTP request "POST" "https://graphql.zeepki.st/"
[Info   :Zeepkist GTR] 18:36:17 Sending HTTP request "POST" "https://graphql.zeepki.st/"
[Info   :Zeepkist GTR] 18:36:18 Received HTTP response headers after 216.0717ms - 200
[Info   :Zeepkist GTR] 18:36:18 Received HTTP response headers after 215.4724ms - 200
[Info   :Zeepkist GTR] 18:36:18 End processing HTTP request after 216.3127ms - 200
[Info   :Zeepkist GTR] 18:36:18 End processing HTTP request after 215.707ms - 200
[Info   :Zeepkist GTR] 18:36:18 Ghost version: 5
[Info   :Zeepkist GTR] 18:36:18 Received HTTP response headers after 432.5602ms - 200
[Info   :Zeepkist GTR] 18:36:18 End processing HTTP request after 432.8194ms - 200
[Info   :Zeepkist GTR] 18:36:18 Start processing HTTP request "POST" "https://graphql.zeepki.st/"
[Info   :Zeepkist GTR] 18:36:18 Sending HTTP request "POST" "https://graphql.zeepki.st/"
[Info   :Zeepkist GTR] 18:36:18 Received HTTP response headers after 198.7926ms - 200
[Info   :Zeepkist GTR] 18:36:18 End processing HTTP request after 199.0205ms - 200
[Info   :Zeepkist GTR] 18:36:19 Starting recorder
[Info   :Zeepkist Bingo] [BINGO] === PLAYER SPAWNED ===
[Info   :Zeepkist Bingo] [BINGO] IsInActiveSession: False
[Info   :Zeepkist Bingo] [BINGO] Not in active session, skipping timer reset
[Info   :Zeepkist GTR] 18:36:41 Loading personal best...
[Info   :Zeepkist GTR] 18:36:41 Start processing HTTP request "POST" "https://graphql.zeepki.st/"
[Info   :Zeepkist GTR] 18:36:41 Sending HTTP request "POST" "https://graphql.zeepki.st/"
[Info   :Zeepkist GTR] 18:36:41 Stopping existing recorder if any
[Info   :Zeepkist GTR] 18:36:41 Creating new recorder
[Info   :Zeepkist GTR] 18:36:41 Start processing HTTP request "POST" "https://graphql.zeepki.st/"
[Info   :Zeepkist GTR] 18:36:41 Sending HTTP request "POST" "https://graphql.zeepki.st/"
[Info   :Zeepkist GTR] 18:36:41 Start processing HTTP request "POST" "https://graphql.zeepki.st/"
[Info   :Zeepkist GTR] 18:36:41 Sending HTTP request "POST" "https://graphql.zeepki.st/"
[Info   :Zeepkist GTR] 18:36:41 Received HTTP response headers after 367.5662ms - 200
[Info   :Zeepkist GTR] 18:36:41 End processing HTTP request after 367.9424ms - 200
[Info   :Zeepkist GTR] 18:36:41 Received HTTP response headers after 374.6814ms - 200
[Info   :Zeepkist GTR] 18:36:41 End processing HTTP request after 374.936ms - 200
[Info   :Zeepkist GTR] 18:36:41 Ghost version: 5
[Info   :Zeepkist GTR] 18:36:42 Received HTTP response headers after 561.6942ms - 200
[Info   :Zeepkist GTR] 18:36:42 End processing HTTP request after 561.9253ms - 200
[Info   :Zeepkist GTR] 18:36:42 Start processing HTTP request "POST" "https://graphql.zeepki.st/"
[Info   :Zeepkist GTR] 18:36:42 Sending HTTP request "POST" "https://graphql.zeepki.st/"
[Info   :Zeepkist GTR] 18:36:42 Received HTTP response headers after 191.3196ms - 200
[Info   :Zeepkist GTR] 18:36:42 End processing HTTP request after 191.5595ms - 200
[Info   :Zeepkist GTR] 18:36:43 Starting recorder
[Info   :Zeepkist Bingo] [BINGO] === PLAYER SPAWNED ===
[Info   :Zeepkist Bingo] [BINGO] IsInActiveSession: False
[Info   :Zeepkist Bingo] [BINGO] Not in active session, skipping timer reset
[Info   :Zeepkist GTR] 18:37:24 Loading personal best...
[Info   :Zeepkist GTR] 18:37:24 Start processing HTTP request "POST" "https://graphql.zeepki.st/"
[Info   :Zeepkist GTR] 18:37:24 Sending HTTP request "POST" "https://graphql.zeepki.st/"
[Info   :Zeepkist GTR] 18:37:24 Stopping existing recorder if any
[Info   :Zeepkist GTR] 18:37:24 Creating new recorder
[Info   :Zeepkist GTR] 18:37:24 Start processing HTTP request "POST" "https://graphql.zeepki.st/"
[Info   :Zeepkist GTR] 18:37:24 Sending HTTP request "POST" "https://graphql.zeepki.st/"
[Info   :Zeepkist GTR] 18:37:24 Start processing HTTP request "POST" "https://graphql.zeepki.st/"
[Info   :Zeepkist GTR] 18:37:24 Sending HTTP request "POST" "https://graphql.zeepki.st/"
[Info   :Zeepkist GTR] 18:37:24 Received HTTP response headers after 205.9697ms - 200
[Info   :Zeepkist GTR] 18:37:24 Received HTTP response headers after 205.4391ms - 200
[Info   :Zeepkist GTR] 18:37:24 End processing HTTP request after 206.2786ms - 200
[Info   :Zeepkist GTR] 18:37:24 End processing HTTP request after 205.7031ms - 200
[Info   :Zeepkist GTR] 18:37:24 Ghost version: 5
[Info   :Zeepkist GTR] 18:37:24 Received HTTP response headers after 405.1548ms - 200
[Info   :Zeepkist GTR] 18:37:24 End processing HTTP request after 405.3789ms - 200
[Info   :Zeepkist GTR] 18:37:24 Start processing HTTP request "POST" "https://graphql.zeepki.st/"
[Info   :Zeepkist GTR] 18:37:24 Sending HTTP request "POST" "https://graphql.zeepki.st/"
[Info   :Zeepkist GTR] 18:37:24 Received HTTP response headers after 194.9688ms - 200
[Info   :Zeepkist GTR] 18:37:24 End processing HTTP request after 195.2448ms - 200
[Info   :Zeepkist GTR] 18:37:25 Starting recorder
[Info   :Zeepkist Bingo] [BINGO] === PLAYER SPAWNED ===
[Info   :Zeepkist Bingo] [BINGO] IsInActiveSession: False
[Info   :Zeepkist Bingo] [BINGO] Not in active session, skipping timer reset
[Info   :Zeepkist GTR] 18:37:49 Loading personal best...
[Info   :Zeepkist GTR] 18:37:49 Start processing HTTP request "POST" "https://graphql.zeepki.st/"
[Info   :Zeepkist GTR] 18:37:49 Sending HTTP request "POST" "https://graphql.zeepki.st/"
[Info   :Zeepkist GTR] 18:37:49 Stopping existing recorder if any
[Info   :Zeepkist GTR] 18:37:49 Creating new recorder
[Info   :Zeepkist GTR] 18:37:49 Start processing HTTP request "POST" "https://graphql.zeepki.st/"
[Info   :Zeepkist GTR] 18:37:49 Sending HTTP request "POST" "https://graphql.zeepki.st/"
[Info   :Zeepkist GTR] 18:37:49 Start processing HTTP request "POST" "https://graphql.zeepki.st/"
[Info   :Zeepkist GTR] 18:37:49 Sending HTTP request "POST" "https://graphql.zeepki.st/"
[Info   :Zeepkist GTR] 18:37:49 Received HTTP response headers after 219.6116ms - 200
[Info   :Zeepkist GTR] 18:37:49 End processing HTTP request after 219.9147ms - 200
[Info   :Zeepkist GTR] 18:37:49 Received HTTP response headers after 229.3484ms - 200
[Info   :Zeepkist GTR] 18:37:49 End processing HTTP request after 229.5774ms - 200
[Info   :Zeepkist GTR] 18:37:49 Ghost version: 5
[Info   :Zeepkist GTR] 18:37:49 Received HTTP response headers after 425.6963ms - 200
[Info   :Zeepkist GTR] 18:37:49 End processing HTTP request after 425.9276ms - 200
[Info   :Zeepkist GTR] 18:37:49 Start processing HTTP request "POST" "https://graphql.zeepki.st/"
[Info   :Zeepkist GTR] 18:37:49 Sending HTTP request "POST" "https://graphql.zeepki.st/"
[Info   :Zeepkist GTR] 18:37:50 Received HTTP response headers after 187.9927ms - 200
[Info   :Zeepkist GTR] 18:37:50 End processing HTTP request after 188.2606ms - 200
[Info   :Zeepkist GTR] 18:37:51 Starting recorder
[Info   :Zeepkist Bingo] [BINGO] === PLAYER SPAWNED ===
[Info   :Zeepkist Bingo] [BINGO] IsInActiveSession: False
[Info   :Zeepkist Bingo] [BINGO] Not in active session, skipping timer reset
[Info   :Zeepkist GTR] 18:38:15 Loading personal best...
[Info   :Zeepkist GTR] 18:38:15 Start processing HTTP request "POST" "https://graphql.zeepki.st/"
[Info   :Zeepkist GTR] 18:38:15 Sending HTTP request "POST" "https://graphql.zeepki.st/"
[Info   :Zeepkist GTR] 18:38:15 Stopping existing recorder if any
[Info   :Zeepkist GTR] 18:38:15 Creating new recorder
[Info   :Zeepkist GTR] 18:38:15 Start processing HTTP request "POST" "https://graphql.zeepki.st/"
[Info   :Zeepkist GTR] 18:38:15 Sending HTTP request "POST" "https://graphql.zeepki.st/"
[Info   :Zeepkist GTR] 18:38:15 Start processing HTTP request "POST" "https://graphql.zeepki.st/"
[Info   :Zeepkist GTR] 18:38:15 Sending HTTP request "POST" "https://graphql.zeepki.st/"
[Info   :Zeepkist GTR] 18:38:15 Received HTTP response headers after 200.9771ms - 200
[Info   :Zeepkist GTR] 18:38:15 End processing HTTP request after 201.276ms - 200
[Info   :Zeepkist GTR] 18:38:15 Received HTTP response headers after 205.7933ms - 200
[Info   :Zeepkist GTR] 18:38:15 End processing HTTP request after 206.0715ms - 200
[Info   :Zeepkist GTR] 18:38:15 Ghost version: 5
[Info   :Zeepkist GTR] 18:38:15 Received HTTP response headers after 398.9345ms - 200
[Info   :Zeepkist GTR] 18:38:15 End processing HTTP request after 399.1743ms - 200
[Info   :Zeepkist GTR] 18:38:15 Start processing HTTP request "POST" "https://graphql.zeepki.st/"
[Info   :Zeepkist GTR] 18:38:15 Sending HTTP request "POST" "https://graphql.zeepki.st/"
[Info   :Zeepkist GTR] 18:38:15 Received HTTP response headers after 193.7716ms - 200
[Info   :Zeepkist GTR] 18:38:15 End processing HTTP request after 194.0326ms - 200
[Info   :Zeepkist GTR] 18:38:16 Starting recorder
[Info   :Zeepkist Bingo] [BINGO] === PLAYER SPAWNED ===
[Info   :Zeepkist Bingo] [BINGO] IsInActiveSession: False
[Info   :Zeepkist Bingo] [BINGO] Not in active session, skipping timer reset
[Info   :Zeepkist GTR] 18:38:39 Loading personal best...
[Info   :Zeepkist GTR] 18:38:39 Start processing HTTP request "POST" "https://graphql.zeepki.st/"
[Info   :Zeepkist GTR] 18:38:39 Sending HTTP request "POST" "https://graphql.zeepki.st/"
[Info   :Zeepkist GTR] 18:38:39 Stopping existing recorder if any
[Info   :Zeepkist GTR] 18:38:39 Creating new recorder
[Info   :Zeepkist GTR] 18:38:39 Start processing HTTP request "POST" "https://graphql.zeepki.st/"
[Info   :Zeepkist GTR] 18:38:39 Sending HTTP request "POST" "https://graphql.zeepki.st/"
[Info   :Zeepkist GTR] 18:38:39 Start processing HTTP request "POST" "https://graphql.zeepki.st/"
[Info   :Zeepkist GTR] 18:38:39 Sending HTTP request "POST" "https://graphql.zeepki.st/"
[Info   :Zeepkist GTR] 18:38:39 Received HTTP response headers after 190.61ms - 200
[Info   :Zeepkist GTR] 18:38:39 End processing HTTP request after 190.8706ms - 200
[Info   :Zeepkist GTR] 18:38:39 Ghost version: 5
[Info   :Zeepkist GTR] 18:38:39 Received HTTP response headers after 269.1774ms - 200
[Info   :Zeepkist GTR] 18:38:39 End processing HTTP request after 269.4145ms - 200
[Info   :Zeepkist GTR] 18:38:39 Received HTTP response headers after 397.5701ms - 200
[Info   :Zeepkist GTR] 18:38:39 End processing HTTP request after 397.8519ms - 200
[Info   :Zeepkist GTR] 18:38:39 Start processing HTTP request "POST" "https://graphql.zeepki.st/"
[Info   :Zeepkist GTR] 18:38:39 Sending HTTP request "POST" "https://graphql.zeepki.st/"
[Info   :Zeepkist GTR] 18:38:40 Received HTTP response headers after 197.0556ms - 200
[Info   :Zeepkist GTR] 18:38:40 End processing HTTP request after 197.287ms - 200
[Info   :Zeepkist GTR] 18:38:41 Starting recorder
[Info   :Zeepkist Bingo] [BINGO] === PLAYER SPAWNED ===
[Info   :Zeepkist Bingo] [BINGO] IsInActiveSession: False
[Info   :Zeepkist Bingo] [BINGO] Not in active session, skipping timer reset
[Info   :Zeepkist GTR] 18:39:22 Loading personal best...
[Info   :Zeepkist GTR] 18:39:22 Start processing HTTP request "POST" "https://graphql.zeepki.st/"
[Info   :Zeepkist GTR] 18:39:22 Sending HTTP request "POST" "https://graphql.zeepki.st/"
[Info   :Zeepkist GTR] 18:39:22 Stopping existing recorder if any
[Info   :Zeepkist GTR] 18:39:22 Creating new recorder
[Info   :Zeepkist GTR] 18:39:22 Start processing HTTP request "POST" "https://graphql.zeepki.st/"
[Info   :Zeepkist GTR] 18:39:22 Sending HTTP request "POST" "https://graphql.zeepki.st/"
[Info   :Zeepkist GTR] 18:39:22 Start processing HTTP request "POST" "https://graphql.zeepki.st/"
[Info   :Zeepkist GTR] 18:39:22 Sending HTTP request "POST" "https://graphql.zeepki.st/"
[Info   :Zeepkist GTR] 18:39:23 Received HTTP response headers after 421.3197ms - 200
[Info   :Zeepkist GTR] 18:39:23 End processing HTTP request after 421.593ms - 200
[Info   :Zeepkist GTR] 18:39:23 Received HTTP response headers after 424.331ms - 200
[Info   :Zeepkist GTR] 18:39:23 End processing HTTP request after 424.5443ms - 200
[Info   :Zeepkist GTR] 18:39:23 Ghost version: 5
[Info   :Zeepkist GTR] 18:39:23 Received HTTP response headers after 554.9467ms - 200
[Info   :Zeepkist GTR] 18:39:23 End processing HTTP request after 555.2303ms - 200
[Info   :Zeepkist GTR] 18:39:23 Start processing HTTP request "POST" "https://graphql.zeepki.st/"
[Info   :Zeepkist GTR] 18:39:23 Sending HTTP request "POST" "https://graphql.zeepki.st/"
[Info   :Zeepkist GTR] 18:39:23 Received HTTP response headers after 193.823ms - 200
[Info   :Zeepkist GTR] 18:39:23 End processing HTTP request after 194.058ms - 200
[Info   :Zeepkist GTR] 18:39:24 Starting recorder
[Info   :Zeepkist Bingo] [BINGO] === PLAYER SPAWNED ===
[Info   :Zeepkist Bingo] [BINGO] IsInActiveSession: False
[Info   :Zeepkist Bingo] [BINGO] Not in active session, skipping timer reset
[Info   :Zeepkist GTR] 18:39:46 Loading personal best...
[Info   :Zeepkist GTR] 18:39:46 Start processing HTTP request "POST" "https://graphql.zeepki.st/"
[Info   :Zeepkist GTR] 18:39:46 Sending HTTP request "POST" "https://graphql.zeepki.st/"
[Info   :Zeepkist GTR] 18:39:46 Stopping existing recorder if any
[Info   :Zeepkist GTR] 18:39:46 Creating new recorder
[Info   :Zeepkist GTR] 18:39:46 Start processing HTTP request "POST" "https://graphql.zeepki.st/"
[Info   :Zeepkist GTR] 18:39:46 Sending HTTP request "POST" "https://graphql.zeepki.st/"
[Info   :Zeepkist GTR] 18:39:46 Start processing HTTP request "POST" "https://graphql.zeepki.st/"
[Info   :Zeepkist GTR] 18:39:46 Sending HTTP request "POST" "https://graphql.zeepki.st/"
[Info   :Zeepkist GTR] 18:39:46 Received HTTP response headers after 199.9682ms - 200
[Info   :Zeepkist GTR] 18:39:46 Received HTTP response headers after 199.3336ms - 200
[Info   :Zeepkist GTR] 18:39:46 End processing HTTP request after 200.2136ms - 200
[Info   :Zeepkist GTR] 18:39:47 End processing HTTP request after 199.5998ms - 200
[Info   :Zeepkist GTR] 18:39:47 Ghost version: 5
[Info   :Zeepkist GTR] 18:39:47 Received HTTP response headers after 399.5883ms - 200
[Info   :Zeepkist GTR] 18:39:47 End processing HTTP request after 399.8605ms - 200
[Info   :Zeepkist GTR] 18:39:47 Start processing HTTP request "POST" "https://graphql.zeepki.st/"
[Info   :Zeepkist GTR] 18:39:47 Sending HTTP request "POST" "https://graphql.zeepki.st/"
[Info   :Zeepkist GTR] 18:39:47 Received HTTP response headers after 195.9165ms - 200
[Info   :Zeepkist GTR] 18:39:47 End processing HTTP request after 196.1641ms - 200
[Info   :Zeepkist GTR] 18:39:48 Starting recorder
[Info   :Zeepkist Bingo] [BINGO] === PLAYER SPAWNED ===
[Info   :Zeepkist Bingo] [BINGO] IsInActiveSession: False
[Info   :Zeepkist Bingo] [BINGO] Not in active session, skipping timer reset
[Info   :Zeepkist GTR] 18:40:31 Loading personal best...
[Info   :Zeepkist GTR] 18:40:31 Start processing HTTP request "POST" "https://graphql.zeepki.st/"
[Info   :Zeepkist GTR] 18:40:31 Sending HTTP request "POST" "https://graphql.zeepki.st/"
[Info   :Zeepkist GTR] 18:40:31 Stopping existing recorder if any
[Info   :Zeepkist GTR] 18:40:31 Creating new recorder
[Info   :Zeepkist GTR] 18:40:31 Start processing HTTP request "POST" "https://graphql.zeepki.st/"
[Info   :Zeepkist GTR] 18:40:31 Sending HTTP request "POST" "https://graphql.zeepki.st/"
[Info   :Zeepkist GTR] 18:40:31 Start processing HTTP request "POST" "https://graphql.zeepki.st/"
[Info   :Zeepkist GTR] 18:40:31 Sending HTTP request "POST" "https://graphql.zeepki.st/"
[Info   :Zeepkist GTR] 18:40:32 Received HTTP response headers after 195.9264ms - 200
[Info   :Zeepkist GTR] 18:40:32 Received HTTP response headers after 196.4457ms - 200
[Info   :Zeepkist GTR] 18:40:32 End processing HTTP request after 196.1718ms - 200
[Info   :Zeepkist GTR] 18:40:32 End processing HTTP request after 196.7158ms - 200
[Info   :Zeepkist GTR] 18:40:32 Ghost version: 5
[Info   :Zeepkist GTR] 18:40:32 Received HTTP response headers after 799.3194ms - 200
[Info   :Zeepkist GTR] 18:40:32 End processing HTTP request after 799.5535ms - 200
[Info   :Zeepkist GTR] 18:40:32 Start processing HTTP request "POST" "https://graphql.zeepki.st/"
[Info   :Zeepkist GTR] 18:40:32 Sending HTTP request "POST" "https://graphql.zeepki.st/"
[Info   :Zeepkist GTR] 18:40:32 Received HTTP response headers after 183.58ms - 200
[Info   :Zeepkist GTR] 18:40:32 End processing HTTP request after 183.8164ms - 200
[Info   :Zeepkist GTR] 18:40:33 Starting recorder
[Info   :Zeepkist GTR] 18:41:26 Stopping recorder
[Info   :Zeepkist GTR] 18:41:26 Collecting extra information
[Info   :Zeepkist GTR] 18:41:26 Processing ghost data
[Info   :Zeepkist GTR] 18:41:26 Creating stream
[Info   :Zeepkist GTR] 18:41:26 Writing to stream
[Info   :Zeepkist GTR] 18:41:27 Closing stream
[Info   :Zeepkist GTR] 18:41:27 Getting buffer
[Info   :Zeepkist GTR] 18:41:27 Converting to base64
[Info   :Zeepkist GTR] 18:41:27 Creating resource
[Info   :Zeepkist GTR] 18:41:27 Start processing HTTP request "POST" "https://backend.zeepki.st/auth/refresh"
[Info   :Zeepkist GTR] 18:41:27 Sending HTTP request "POST" "https://backend.zeepki.st/auth/refresh"
[Info   :Zeepkist GTR] 18:41:27 Received HTTP response headers after 528.4164ms - 200
[Info   :Zeepkist GTR] 18:41:27 End processing HTTP request after 528.6358ms - 200
[Info   :Zeepkist GTR] 18:41:27 Start processing HTTP request "POST" "https://backend.zeepki.st/record/submit"
[Info   :Zeepkist GTR] 18:41:27 Sending HTTP request "POST" "https://backend.zeepki.st/record/submit"
[Info   :Zeepkist GTR] 18:41:28 Received HTTP response headers after 559.9137ms - 200
[Info   :Zeepkist GTR] 18:41:28 End processing HTTP request after 560.197ms - 200
[Info   :Zeepkist Bingo] [BINGO] === PLAYER SPAWNED ===
[Info   :Zeepkist Bingo] [BINGO] IsInActiveSession: False
[Info   :Zeepkist Bingo] [BINGO] Not in active session, skipping timer reset
[Info   :Zeepkist GTR] 18:41:30 Loading personal best...
[Info   :Zeepkist GTR] 18:41:30 Start processing HTTP request "POST" "https://graphql.zeepki.st/"
[Info   :Zeepkist GTR] 18:41:30 Sending HTTP request "POST" "https://graphql.zeepki.st/"
[Info   :Zeepkist GTR] 18:41:30 Stopping existing recorder if any
[Info   :Zeepkist GTR] 18:41:30 Creating new recorder
[Info   :Zeepkist GTR] 18:41:30 Start processing HTTP request "POST" "https://graphql.zeepki.st/"
[Info   :Zeepkist GTR] 18:41:30 Sending HTTP request "POST" "https://graphql.zeepki.st/"
[Info   :Zeepkist GTR] 18:41:30 Start processing HTTP request "POST" "https://graphql.zeepki.st/"
[Info   :Zeepkist GTR] 18:41:30 Sending HTTP request "POST" "https://graphql.zeepki.st/"
[Info   :Zeepkist GTR] 18:41:30 Received HTTP response headers after 299.2234ms - 200
[Info   :Zeepkist GTR] 18:41:30 Received HTTP response headers after 298.773ms - 200
[Info   :Zeepkist GTR] 18:41:30 End processing HTTP request after 299.4644ms - 200
[Info   :Zeepkist GTR] 18:41:30 End processing HTTP request after 298.9682ms - 200
[Info   :Zeepkist GTR] 18:41:30 Start processing HTTP request "GET" "https://cdn.zeepki.st/ghosts/01KRQ08DWMVWK9FQK9KRS840JG.bin"
[Info   :Zeepkist GTR] 18:41:30 Sending HTTP request "GET" "https://cdn.zeepki.st/ghosts/01KRQ08DWMVWK9FQK9KRS840JG.bin"
[Info   :Zeepkist GTR] 18:41:30 Received HTTP response headers after 510.7265ms - 200
[Info   :Zeepkist GTR] 18:41:30 End processing HTTP request after 510.9482ms - 200
[Info   :Zeepkist GTR] 18:41:30 Start processing HTTP request "POST" "https://graphql.zeepki.st/"
[Info   :Zeepkist GTR] 18:41:30 Sending HTTP request "POST" "https://graphql.zeepki.st/"
[Info   :Zeepkist GTR] 18:41:30 Received HTTP response headers after 199.7801ms - 200
[Info   :Zeepkist GTR] 18:41:30 End processing HTTP request after 200.1019ms - 200
[Info   :Zeepkist GTR] 18:41:31 Received HTTP response headers after 840.9756ms - 200
[Info   :Zeepkist GTR] 18:41:31 End processing HTTP request after 841.2064ms - 200
[Info   :Zeepkist GTR] 18:41:31 Ghost version: 5
[Info   :Zeepkist GTR] 18:41:31 Starting recorder
[Info   :Zeepkist GTR] 18:42:24 Stopping recorder
[Info   :Zeepkist GTR] 18:42:24 Collecting extra information
[Info   :Zeepkist GTR] 18:42:24 Processing ghost data
[Info   :Zeepkist GTR] 18:42:24 Creating stream
[Info   :Zeepkist GTR] 18:42:24 Writing to stream
[Info   :Zeepkist GTR] 18:42:24 Closing stream
[Info   :Zeepkist GTR] 18:42:24 Getting buffer
[Info   :Zeepkist GTR] 18:42:24 Converting to base64
[Info   :Zeepkist GTR] 18:42:24 Creating resource
[Info   :Zeepkist GTR] 18:42:24 Start processing HTTP request "POST" "https://backend.zeepki.st/auth/refresh"
[Info   :Zeepkist GTR] 18:42:24 Sending HTTP request "POST" "https://backend.zeepki.st/auth/refresh"
[Info   :Zeepkist GTR] 18:42:24 Received HTTP response headers after 297.7911ms - 200
[Info   :Zeepkist GTR] 18:42:24 End processing HTTP request after 298.0762ms - 200
[Info   :Zeepkist GTR] 18:42:24 Start processing HTTP request "POST" "https://backend.zeepki.st/record/submit"
[Info   :Zeepkist GTR] 18:42:24 Sending HTTP request "POST" "https://backend.zeepki.st/record/submit"
[Info   :Zeepkist GTR] 18:42:25 Received HTTP response headers after 358.5232ms - 200
[Info   :Zeepkist GTR] 18:42:25 End processing HTTP request after 358.7649ms - 200
[Info   :Zeepkist Bingo] [BINGO] === PLAYER SPAWNED ===
[Info   :Zeepkist Bingo] [BINGO] IsInActiveSession: False
[Info   :Zeepkist Bingo] [BINGO] Not in active session, skipping timer reset
[Info   :Zeepkist GTR] 18:42:26 Loading personal best...
[Info   :Zeepkist GTR] 18:42:26 Start processing HTTP request "POST" "https://graphql.zeepki.st/"
[Info   :Zeepkist GTR] 18:42:26 Sending HTTP request "POST" "https://graphql.zeepki.st/"
[Info   :Zeepkist GTR] 18:42:26 Stopping existing recorder if any
[Info   :Zeepkist GTR] 18:42:26 Creating new recorder
[Info   :Zeepkist GTR] 18:42:26 Start processing HTTP request "POST" "https://graphql.zeepki.st/"
[Info   :Zeepkist GTR] 18:42:26 Sending HTTP request "POST" "https://graphql.zeepki.st/"
[Info   :Zeepkist GTR] 18:42:26 Start processing HTTP request "POST" "https://graphql.zeepki.st/"
[Info   :Zeepkist GTR] 18:42:26 Sending HTTP request "POST" "https://graphql.zeepki.st/"
[Info   :Zeepkist GTR] 18:42:26 Received HTTP response headers after 200.2498ms - 200
[Info   :Zeepkist GTR] 18:42:26 End processing HTTP request after 200.4488ms - 200
[Info   :Zeepkist GTR] 18:42:26 Received HTTP response headers after 212.0615ms - 200
[Info   :Zeepkist GTR] 18:42:26 End processing HTTP request after 212.2754ms - 200
[Info   :Zeepkist GTR] 18:42:26 Start processing HTTP request "GET" "https://cdn.zeepki.st/ghosts/01KRQ0A5G6SVSJ7KX96HYDTNWP.bin"
[Info   :Zeepkist GTR] 18:42:26 Sending HTTP request "GET" "https://cdn.zeepki.st/ghosts/01KRQ0A5G6SVSJ7KX96HYDTNWP.bin"
[Info   :Zeepkist GTR] 18:42:26 Received HTTP response headers after 391.8557ms - 200
[Info   :Zeepkist GTR] 18:42:26 End processing HTTP request after 392.0592ms - 200
[Info   :Zeepkist GTR] 18:42:26 Start processing HTTP request "POST" "https://graphql.zeepki.st/"
[Info   :Zeepkist GTR] 18:42:26 Sending HTTP request "POST" "https://graphql.zeepki.st/"
[Info   :Zeepkist GTR] 18:42:26 Received HTTP response headers after 190.5481ms - 200
[Info   :Zeepkist GTR] 18:42:26 End processing HTTP request after 190.788ms - 200
[Info   :Zeepkist GTR] 18:42:27 Received HTTP response headers after 544.6053ms - 200
[Info   :Zeepkist GTR] 18:42:27 End processing HTTP request after 544.827ms - 200
[Info   :Zeepkist GTR] 18:42:27 Ghost version: 5
[Info   :Zeepkist GTR] 18:42:28 Starting recorder
[Info   :Zeepkist Bingo] [BINGO] === PLAYER SPAWNED ===
[Info   :Zeepkist Bingo] [BINGO] IsInActiveSession: False
[Info   :Zeepkist Bingo] [BINGO] Not in active session, skipping timer reset
[Info   :Zeepkist GTR] 18:42:49 Loading personal best...
[Info   :Zeepkist GTR] 18:42:49 Start processing HTTP request "POST" "https://graphql.zeepki.st/"
[Info   :Zeepkist GTR] 18:42:49 Sending HTTP request "POST" "https://graphql.zeepki.st/"
[Info   :Zeepkist GTR] 18:42:49 Stopping existing recorder if any
[Info   :Zeepkist GTR] 18:42:49 Creating new recorder
[Info   :Zeepkist GTR] 18:42:49 Start processing HTTP request "POST" "https://graphql.zeepki.st/"
[Info   :Zeepkist GTR] 18:42:49 Sending HTTP request "POST" "https://graphql.zeepki.st/"
[Info   :Zeepkist GTR] 18:42:49 Start processing HTTP request "POST" "https://graphql.zeepki.st/"
[Info   :Zeepkist GTR] 18:42:49 Sending HTTP request "POST" "https://graphql.zeepki.st/"
[Info   :Zeepkist GTR] 18:42:49 Received HTTP response headers after 198.6181ms - 200
[Info   :Zeepkist GTR] 18:42:49 End processing HTTP request after 199.0217ms - 200
[Info   :Zeepkist GTR] 18:42:49 Received HTTP response headers after 201.2592ms - 200
[Info   :Zeepkist GTR] 18:42:49 End processing HTTP request after 201.5041ms - 200
[Info   :Zeepkist GTR] 18:42:49 Ghost version: 5
[Info   :Zeepkist GTR] 18:42:49 Received HTTP response headers after 392.6806ms - 200
[Info   :Zeepkist GTR] 18:42:49 End processing HTTP request after 392.9278ms - 200
[Info   :Zeepkist GTR] 18:42:49 Start processing HTTP request "POST" "https://graphql.zeepki.st/"
[Info   :Zeepkist GTR] 18:42:49 Sending HTTP request "POST" "https://graphql.zeepki.st/"
[Info   :Zeepkist GTR] 18:42:49 Received HTTP response headers after 191.3782ms - 200
[Info   :Zeepkist GTR] 18:42:49 End processing HTTP request after 191.6388ms - 200
[Info   :Zeepkist GTR] 18:42:51 Starting recorder
[Info   :Zeepkist GTR] 18:43:00 Discarding recorder
[Info   :Zeepkist Bingo] [CHAT] Intercepted message: oops i forgot mod'
[Info   :Zeepkist Bingo] [CHAT] Not relaying - no bingo session
[Info   :Zeepkist Bingo] [BINGO] Level loaded
[Info   :BetterSplits] getting gtr splits
[Info   :Zeepkist Bingo] [BINGO] === PLAYER SPAWNED ===
[Info   :Zeepkist Bingo] [BINGO] IsInActiveSession: False
[Info   :Zeepkist Bingo] [BINGO] Not in active session, skipping timer reset
[Info   :Zeepkist GTR] 18:43:14 Loading personal best...
[Info   :Zeepkist GTR] 18:43:14 Start processing HTTP request "POST" "https://graphql.zeepki.st/"
[Info   :Zeepkist GTR] 18:43:14 Sending HTTP request "POST" "https://graphql.zeepki.st/"
[Info   :Zeepkist GTR] 18:43:14 Stopping existing recorder if any
[Info   :Zeepkist GTR] 18:43:14 Creating new recorder
[Info   :Zeepkist GTR] 18:43:14 Start processing HTTP request "POST" "https://graphql.zeepki.st/"
[Info   :Zeepkist GTR] 18:43:14 Sending HTTP request "POST" "https://graphql.zeepki.st/"
[Info   :Zeepkist GTR] 18:43:14 Start processing HTTP request "POST" "https://graphql.zeepki.st/"
[Info   :Zeepkist GTR] 18:43:14 Sending HTTP request "POST" "https://graphql.zeepki.st/"
[Info   :Zeepkist GTR] 18:43:14 Received HTTP response headers after 187.7575ms - 200
[Info   :Zeepkist GTR] 18:43:14 End processing HTTP request after 187.9712ms - 200
[Info   :Zeepkist GTR] 18:43:14 Received HTTP response headers after 199.7034ms - 200
[Info   :Zeepkist GTR] 18:43:14 End processing HTTP request after 199.9691ms - 200
[Info   :Zeepkist GTR] 18:43:14 Ghost version: 5
[Error  :BetterSplits] could not get splits
Response: StatusCode: 400, ReasonPhrase: 'Bad Request', Version: 1.1, Content: System.Net.Http.StreamContent, Headers:
{
Date: Fri, 15 May 2026 23:43:15 GMT
Connection: keep-alive
access-control-allow-headers: Origin, X-Requested-With, Accept, Authorization, X-Apollo-Tracing, Content-Type, Content-Length, X-PostGraphile-Explain
access-control-allow-methods: HEAD, GET, POST
access-control-allow-origin: *
access-control-expose-headers: X-GraphQL-Event-Stream
alt-svc: h3=":443"; ma=86400
vary: Origin
via: 1.1 Caddy
x-graphql-event-stream: /stream
x-query-cost: 115
cf-cache-status: DYNAMIC
x-xss-protection: 1; mode=block
Strict-Transport-Security: max-age=15552000; includeSubDomains; preload
x-content-type-options: nosniff
Server-Timing: cfCacheStatus;desc="DYNAMIC", cfEdge;dur=15,cfOrigin;dur=141
Report-To: {"group":"cf-nel","max_age":604800,"endpoints":[{"url":"https://a.nel.cloudflare.com/report/v4?s=rU98B0nL2Z3OCxOP450QVyPxoV68PcXgvEBt2eZQgr%2BGYg14BqcRuYuEV2FfHU4rvnBLS%2FPsIaktxbSgPCwpafx87KCIyti0mdp6RaJyIns5PJPjlfofaE5aCU8t8%2Fn1g6nqJQvzvzB1pAPIUDXnTg%3D%3D"}]}
Nel: {"report_to":"cf-nel","success_fraction":0.0,"max_age":604800}
expect-ct: max-age=86400, enforce
referrer-policy: same-origin
x-frame-options: SAMEORIGIN
Server: cloudflare
CF-RAY: 9fc600f99b5ba1e2-MSP
Content-Type: application/json; charset=utf-8
Content-Length: 172
} 
Content: {"errors":[{"message":"Cannot query field \"personalBestGlobalsByIdLevel\" on type \"Level\". Did you mean \"personalBestGlobals\"?","locations":[{"line":1,"column":87}]}]}
Url: https://graphql.zeepki.st
Request: {"query":"query BetterSplitsPB($hash: String!, $steamId: BigFloat) { levelByHash(hash: $hash) { personalBestGlobalsByIdLevel(filter: {userByIdUser: {steamId: {equalTo: $steamId}}}) { nodes { recordByIdRecord { speeds splits time }}}}}","variables":{"hash":"AC2C7F449775CCB59C911B336B40721C2CAAD862-3","steamId":"76561199218214543"}}
[Info   :Zeepkist GTR] 18:43:14 Received HTTP response headers after 385.8905ms - 200
[Info   :Zeepkist GTR] 18:43:14 End processing HTTP request after 386.0956ms - 200
[Info   :Zeepkist GTR] 18:43:15 Start processing HTTP request "POST" "https://graphql.zeepki.st/"
[Info   :Zeepkist GTR] 18:43:15 Sending HTTP request "POST" "https://graphql.zeepki.st/"
[Info   :Zeepkist GTR] 18:43:15 Received HTTP response headers after 204.6387ms - 200
[Info   :Zeepkist GTR] 18:43:15 End processing HTTP request after 204.9039ms - 200
[Info   :Zeepkist GTR] 18:43:16 Starting recorder
[Info   :Zeepkist Bingo] [CHAT] Intercepted message: !cotd startcup
[Info   :Zeepkist Bingo] [CHAT] Not relaying - no bingo session
[Info   :COTDTracker] Starting cup with exclude list: 
[Info   :Zeepkist GTR] 18:43:22 Discarding recorder
[Info   :COTDTracker] Doing eliminations with leaderboard:
[Info   :COTDTracker] Player [ZET] Wheelie: Time: DNF
[Info   :COTDTracker] Player [ZET]maskeddog: Time: DNF
[Info   :COTDTracker] Player [CCC]Shinikage221: Time: DNF
[Info   :COTDTracker] Player Savage Package: Time: DNF
[Info   :COTDTracker] Player Noxitu: Time: DNF
[Info   :COTDTracker] Player Minkus: Time: DNF
[Info   :COTDTracker] Player [ZET]Stick: Time: DNF
[Info   :COTDTracker] Player [ZET]vectortrajector: Time: DNF
[Info   :COTDTracker] Player MackCheesy: Time: DNF
[Info   :COTDTracker] Player JakeAdjacent: Time: DNF
[Info   :COTDTracker] Player [AUz] bjenk4: Time: DNF
[Info   :COTDTracker] Player Gimpel: Time: DNF
[Info   :COTDTracker] Player Azrael: Time: DNF
[Info   :COTDTracker] Player 𝒱V𝑜o𝒾i𝒹d𝒱: Time: DNF
[Info   :COTDTracker] Player GoateeGuy: Time: DNF
[Info   :COTDTracker] Player [Quac] microways: Time: DNF
[Info   :COTDTracker] Player graysonvitek88: Time: DNF
[Info   :COTDTracker] Kicking eliminated players
[Info   :Zeepkist Bingo] [BINGO] Level loaded
[Info   :BetterSplits] getting gtr splits
[Info   :Zeepkist Bingo] [BINGO] === PLAYER SPAWNED ===
[Info   :Zeepkist Bingo] [BINGO] IsInActiveSession: False
[Info   :Zeepkist Bingo] [BINGO] Not in active session, skipping timer reset
[Info   :Zeepkist GTR] 18:43:36 Loading personal best...
[Info   :Zeepkist GTR] 18:43:36 Start processing HTTP request "POST" "https://graphql.zeepki.st/"
[Info   :Zeepkist GTR] 18:43:36 Sending HTTP request "POST" "https://graphql.zeepki.st/"
[Info   :Zeepkist GTR] 18:43:36 Stopping existing recorder if any
[Info   :Zeepkist GTR] 18:43:36 Creating new recorder
[Info   :Zeepkist GTR] 18:43:36 Start processing HTTP request "POST" "https://graphql.zeepki.st/"
[Info   :Zeepkist GTR] 18:43:36 Sending HTTP request "POST" "https://graphql.zeepki.st/"
[Info   :Zeepkist GTR] 18:43:36 Start processing HTTP request "POST" "https://graphql.zeepki.st/"
[Info   :Zeepkist GTR] 18:43:36 Sending HTTP request "POST" "https://graphql.zeepki.st/"
[Error  :BetterSplits] could not get splits
Response: StatusCode: 400, ReasonPhrase: 'Bad Request', Version: 1.1, Content: System.Net.Http.StreamContent, Headers:
{
Date: Fri, 15 May 2026 23:43:37 GMT
Connection: keep-alive
access-control-allow-headers: Origin, X-Requested-With, Accept, Authorization, X-Apollo-Tracing, Content-Type, Content-Length, X-PostGraphile-Explain
access-control-allow-methods: HEAD, GET, POST
access-control-allow-origin: *
access-control-expose-headers: X-GraphQL-Event-Stream
alt-svc: h3=":443"; ma=86400
vary: Origin
via: 1.1 Caddy
x-graphql-event-stream: /stream
x-query-cost: 115
cf-cache-status: DYNAMIC
x-xss-protection: 1; mode=block
Strict-Transport-Security: max-age=15552000; includeSubDomains; preload
x-content-type-options: nosniff
Server-Timing: cfCacheStatus;desc="DYNAMIC", cfEdge;dur=7,cfOrigin;dur=138
Report-To: {"group":"cf-nel","max_age":604800,"endpoints":[{"url":"https://a.nel.cloudflare.com/report/v4?s=r90P2k4O56AraYOGeM5WviPhRwzwx1Z4Wty3fuXKmTtOl4v72aM6rXmu9RdsfnK3z1ZnsiChPs8EZeeLOxveHPvyLAK%2BzOKR12NcWJZiiALs%2B47jI36753%2B37%2FqhGBucEURXU1BmN5OCdlGtSCs8aQ%3D%3D"}]}
Nel: {"report_to":"cf-nel","success_fraction":0.0,"max_age":604800}
expect-ct: max-age=86400, enforce
referrer-policy: same-origin
x-frame-options: SAMEORIGIN
Server: cloudflare
CF-RAY: 9fc60182fd14a1e2-MSP
Content-Type: application/json; charset=utf-8
Content-Length: 172
} 
Content: {"errors":[{"message":"Cannot query field \"personalBestGlobalsByIdLevel\" on type \"Level\". Did you mean \"personalBestGlobals\"?","locations":[{"line":1,"column":87}]}]}
Url: https://graphql.zeepki.st
Request: {"query":"query BetterSplitsPB($hash: String!, $steamId: BigFloat) { levelByHash(hash: $hash) { personalBestGlobalsByIdLevel(filter: {userByIdUser: {steamId: {equalTo: $steamId}}}) { nodes { recordByIdRecord { speeds splits time }}}}}","variables":{"hash":"AC2C7F449775CCB59C911B336B40721C2CAAD862-3","steamId":"76561199218214543"}}
[Info   :Zeepkist GTR] 18:43:36 Received HTTP response headers after 299.0751ms - 200
[Info   :Zeepkist GTR] 18:43:36 End processing HTTP request after 299.2646ms - 200
[Info   :Zeepkist GTR] 18:43:36 Received HTTP response headers after 303.9022ms - 200
[Info   :Zeepkist GTR] 18:43:36 End processing HTTP request after 304.0905ms - 200
[Info   :Zeepkist GTR] 18:43:36 Ghost version: 5
[Info   :Zeepkist GTR] 18:43:37 Received HTTP response headers after 492.1821ms - 200
[Info   :Zeepkist GTR] 18:43:37 End processing HTTP request after 492.3783ms - 200
[Info   :Zeepkist GTR] 18:43:37 Start processing HTTP request "POST" "https://graphql.zeepki.st/"
[Info   :Zeepkist GTR] 18:43:37 Sending HTTP request "POST" "https://graphql.zeepki.st/"
[Info   :Zeepkist GTR] 18:43:37 Received HTTP response headers after 186.9794ms - 200
[Info   :Zeepkist GTR] 18:43:37 End processing HTTP request after 187.3024ms - 200
[Info   :Zeepkist GTR] 18:43:38 Starting recorder
[Info   :Zeepkist Bingo] [BINGO] === PLAYER SPAWNED ===
[Info   :Zeepkist Bingo] [BINGO] IsInActiveSession: False
[Info   :Zeepkist Bingo] [BINGO] Not in active session, skipping timer reset
[Info   :Zeepkist GTR] 18:44:03 Loading personal best...
[Info   :Zeepkist GTR] 18:44:03 Start processing HTTP request "POST" "https://graphql.zeepki.st/"
[Info   :Zeepkist GTR] 18:44:03 Sending HTTP request "POST" "https://graphql.zeepki.st/"
[Info   :Zeepkist GTR] 18:44:03 Stopping existing recorder if any
[Info   :Zeepkist GTR] 18:44:03 Creating new recorder
[Info   :Zeepkist GTR] 18:44:03 Start processing HTTP request "POST" "https://graphql.zeepki.st/"
[Info   :Zeepkist GTR] 18:44:03 Sending HTTP request "POST" "https://graphql.zeepki.st/"
[Info   :Zeepkist GTR] 18:44:03 Start processing HTTP request "POST" "https://graphql.zeepki.st/"
[Info   :Zeepkist GTR] 18:44:03 Sending HTTP request "POST" "https://graphql.zeepki.st/"
[Info   :Zeepkist GTR] 18:44:03 Received HTTP response headers after 204.8618ms - 200
[Info   :Zeepkist GTR] 18:44:03 End processing HTTP request after 205.092ms - 200
[Info   :Zeepkist GTR] 18:44:03 Received HTTP response headers after 205.6165ms - 200
[Info   :Zeepkist GTR] 18:44:03 End processing HTTP request after 205.8297ms - 200
[Info   :Zeepkist GTR] 18:44:03 Ghost version: 5
[Info   :Zeepkist GTR] 18:44:03 Received HTTP response headers after 412.6237ms - 200
[Info   :Zeepkist GTR] 18:44:03 End processing HTTP request after 412.8205ms - 200
[Info   :Zeepkist GTR] 18:44:03 Start processing HTTP request "POST" "https://graphql.zeepki.st/"
[Info   :Zeepkist GTR] 18:44:03 Sending HTTP request "POST" "https://graphql.zeepki.st/"
[Info   :Zeepkist GTR] 18:44:03 Received HTTP response headers after 204.2991ms - 200
[Info   :Zeepkist GTR] 18:44:03 End processing HTTP request after 204.5153ms - 200
[Info   :Zeepkist GTR] 18:44:04 Starting recorder
[Info   :Zeepkist GTR] 18:44:59 Stopping recorder
[Info   :Zeepkist GTR] 18:44:59 Collecting extra information
[Info   :Zeepkist GTR] 18:44:59 Processing ghost data
[Info   :Zeepkist GTR] 18:44:59 Creating stream
[Info   :Zeepkist GTR] 18:44:59 Writing to stream
[Info   :Zeepkist GTR] 18:44:59 Closing stream
[Info   :Zeepkist GTR] 18:44:59 Getting buffer
[Info   :Zeepkist GTR] 18:44:59 Converting to base64
[Info   :Zeepkist GTR] 18:44:59 Creating resource
[Info   :Zeepkist GTR] 18:44:59 Start processing HTTP request "POST" "https://backend.zeepki.st/auth/refresh"
[Info   :Zeepkist GTR] 18:44:59 Sending HTTP request "POST" "https://backend.zeepki.st/auth/refresh"
[Info   :Zeepkist GTR] 18:44:59 Received HTTP response headers after 509.1258ms - 200
[Info   :Zeepkist GTR] 18:44:59 End processing HTTP request after 509.479ms - 200
[Info   :Zeepkist GTR] 18:44:59 Start processing HTTP request "POST" "https://backend.zeepki.st/record/submit"
[Info   :Zeepkist GTR] 18:44:59 Sending HTTP request "POST" "https://backend.zeepki.st/record/submit"
[Info   :Zeepkist GTR] 18:45:00 Received HTTP response headers after 385.8055ms - 200
[Info   :Zeepkist GTR] 18:45:00 End processing HTTP request after 386.1424ms - 200
[Info   :Zeepkist Bingo] [BINGO] === PLAYER SPAWNED ===
[Info   :Zeepkist Bingo] [BINGO] IsInActiveSession: False
[Info   :Zeepkist Bingo] [BINGO] Not in active session, skipping timer reset
[Info   :Zeepkist GTR] 18:45:02 Loading personal best...
[Info   :Zeepkist GTR] 18:45:02 Start processing HTTP request "POST" "https://graphql.zeepki.st/"
[Info   :Zeepkist GTR] 18:45:02 Sending HTTP request "POST" "https://graphql.zeepki.st/"
[Info   :Zeepkist GTR] 18:45:02 Stopping existing recorder if any
[Info   :Zeepkist GTR] 18:45:02 Creating new recorder
[Info   :Zeepkist GTR] 18:45:02 Start processing HTTP request "POST" "https://graphql.zeepki.st/"
[Info   :Zeepkist GTR] 18:45:02 Sending HTTP request "POST" "https://graphql.zeepki.st/"
[Info   :Zeepkist GTR] 18:45:02 Start processing HTTP request "POST" "https://graphql.zeepki.st/"
[Info   :Zeepkist GTR] 18:45:02 Sending HTTP request "POST" "https://graphql.zeepki.st/"
[Info   :Zeepkist GTR] 18:45:02 Received HTTP response headers after 221.9033ms - 200
[Info   :Zeepkist GTR] 18:45:02 End processing HTTP request after 222.1145ms - 200
[Info   :Zeepkist GTR] 18:45:02 Received HTTP response headers after 241.5621ms - 200
[Info   :Zeepkist GTR] 18:45:02 End processing HTTP request after 241.8004ms - 200
[Info   :Zeepkist GTR] 18:45:02 Ghost version: 5
[Info   :Zeepkist GTR] 18:45:02 Received HTTP response headers after 408.726ms - 200
[Info   :Zeepkist GTR] 18:45:02 End processing HTTP request after 408.9148ms - 200
[Info   :Zeepkist GTR] 18:45:02 Start processing HTTP request "POST" "https://graphql.zeepki.st/"
[Info   :Zeepkist GTR] 18:45:02 Sending HTTP request "POST" "https://graphql.zeepki.st/"
[Info   :Zeepkist GTR] 18:45:02 Received HTTP response headers after 188.4054ms - 200
[Info   :Zeepkist GTR] 18:45:02 End processing HTTP request after 188.6125ms - 200
[Info   :Zeepkist GTR] 18:45:04 Starting recorder
[Info   :COTDTracker] Running update tab leaderboard function
[Info   :Zeepkist GTR] 18:45:37 Discarding recorder
[Info   :COTDTracker] Doing eliminations with leaderboard:
[Info   :COTDTracker] Player [ZET]Stick: Time: 52.32766
[Info   :COTDTracker] Player JakeAdjacent: Time: 52.33221
[Info   :COTDTracker] Player [Quac] microways: Time: 52.52732
[Info   :COTDTracker] Player Gimpel: Time: 52.99277
[Info   :COTDTracker] Player Minkus: Time: 53.23328
[Info   :COTDTracker] Player Savage Package: Time: 53.92913
[Info   :COTDTracker] Player [ZET]maskeddog: Time: 54.0758
[Info   :COTDTracker] Player [ZET] Wheelie: Time: 54.47135
[Info   :COTDTracker] Player MackCheesy: Time: 54.72929
[Info   :COTDTracker] Player graysonvitek88: Time: 55.71956
[Info   :COTDTracker] Player [CCC]Shinikage221: Time: 57.55256
[Info   :COTDTracker] Player [AUz] bjenk4: Time: 59.14596
[Info   :COTDTracker] Player Noxitu: Time: DNF
[Info   :COTDTracker] Player [ZET]vectortrajector: Time: DNF
[Info   :COTDTracker] Player Azrael: Time: DNF
[Info   :COTDTracker] Player 𝒱V𝑜o𝒾i𝒹d𝒱: Time: DNF
[Info   :COTDTracker] Player GoateeGuy: Time: DNF
[Info   :COTDTracker] Eliminating DNF: GoateeGuy
[Info   :COTDTracker] Eliminating DNF: 𝒱V𝑜o𝒾i𝒹d𝒱
[Info   :COTDTracker] Eliminating DNF: Azrael
[Info   :COTDTracker] Eliminating DNF: [ZET]vectortrajector
[Info   :COTDTracker] Eliminating DNF: Noxitu
[Info   :COTDTracker] Eliminated 5 DNF players
[Info   :COTDTracker] Eliminating 5 players: 
[Info   :COTDTracker] GoateeGuy
[Info   :COTDTracker] 𝒱V𝑜o𝒾i𝒹d𝒱
[Info   :COTDTracker] Azrael
[Info   :COTDTracker] [ZET]vectortrajector
[Info   :COTDTracker] Noxitu
[Info   :COTDTracker] Running update tab leaderboard function
[Info   :COTDTracker] Kicking eliminated players
[Info   :Zeepkist Bingo] [BINGO] Level loaded
[Info   :BetterSplits] getting gtr splits
[Info   :Zeepkist Bingo] [BINGO] === PLAYER SPAWNED ===
[Info   :Zeepkist Bingo] [BINGO] IsInActiveSession: False
[Info   :Zeepkist Bingo] [BINGO] Not in active session, skipping timer reset
[Info   :Zeepkist GTR] 18:45:51 Loading personal best...
[Info   :Zeepkist GTR] 18:45:51 Start processing HTTP request "POST" "https://graphql.zeepki.st/"
[Info   :Zeepkist GTR] 18:45:51 Sending HTTP request "POST" "https://graphql.zeepki.st/"
[Info   :Zeepkist GTR] 18:45:51 Stopping existing recorder if any
[Info   :Zeepkist GTR] 18:45:51 Creating new recorder
[Info   :Zeepkist GTR] 18:45:51 Start processing HTTP request "POST" "https://graphql.zeepki.st/"
[Info   :Zeepkist GTR] 18:45:51 Sending HTTP request "POST" "https://graphql.zeepki.st/"
[Info   :Zeepkist GTR] 18:45:51 Start processing HTTP request "POST" "https://graphql.zeepki.st/"
[Info   :Zeepkist GTR] 18:45:51 Sending HTTP request "POST" "https://graphql.zeepki.st/"
[Error  :BetterSplits] could not get splits
Response: StatusCode: 400, ReasonPhrase: 'Bad Request', Version: 1.1, Content: System.Net.Http.StreamContent, Headers:
{
Date: Fri, 15 May 2026 23:45:52 GMT
Connection: keep-alive
access-control-allow-headers: Origin, X-Requested-With, Accept, Authorization, X-Apollo-Tracing, Content-Type, Content-Length, X-PostGraphile-Explain
access-control-allow-methods: HEAD, GET, POST
access-control-allow-origin: *
access-control-expose-headers: X-GraphQL-Event-Stream
alt-svc: h3=":443"; ma=86400
vary: Origin
via: 1.1 Caddy
x-graphql-event-stream: /stream
x-query-cost: 115
cf-cache-status: DYNAMIC
x-xss-protection: 1; mode=block
Strict-Transport-Security: max-age=15552000; includeSubDomains; preload
x-content-type-options: nosniff
Server-Timing: cfCacheStatus;desc="DYNAMIC", cfEdge;dur=29,cfOrigin;dur=150
Report-To: {"group":"cf-nel","max_age":604800,"endpoints":[{"url":"https://a.nel.cloudflare.com/report/v4?s=kQ5bcEbnYpO8FWJfTAuOOBpUWNHBbWronQSdVrZm1RwTCubgVBQqHNhKdXIHZ2Ypok4xREV8DX0cztHTAYPJYcwOVwNTwjhpKVzIfq7QNAXBQIP%2FBfRQP59IoVc4iC6%2F3%2Fxb%2BxsablTpRNpgZYwD2A%3D%3D"}]}
Nel: {"report_to":"cf-nel","success_fraction":0.0,"max_age":604800}
expect-ct: max-age=86400, enforce
referrer-policy: same-origin
x-frame-options: SAMEORIGIN
Server: cloudflare
CF-RAY: 9fc604cdad2ba215-MSP
Content-Type: application/json; charset=utf-8
Content-Length: 172
} 
Content: {"errors":[{"message":"Cannot query field \"personalBestGlobalsByIdLevel\" on type \"Level\". Did you mean \"personalBestGlobals\"?","locations":[{"line":1,"column":87}]}]}
Url: https://graphql.zeepki.st
Request: {"query":"query BetterSplitsPB($hash: String!, $steamId: BigFloat) { levelByHash(hash: $hash) { personalBestGlobalsByIdLevel(filter: {userByIdUser: {steamId: {equalTo: $steamId}}}) { nodes { recordByIdRecord { speeds splits time }}}}}","variables":{"hash":"AC2C7F449775CCB59C911B336B40721C2CAAD862-3","steamId":"76561199218214543"}}
[Info   :Zeepkist GTR] 18:45:51 Received HTTP response headers after 367.4238ms - 200
[Info   :Zeepkist GTR] 18:45:51 End processing HTTP request after 367.6827ms - 200
[Info   :Zeepkist GTR] 18:45:51 Received HTTP response headers after 394.189ms - 200
[Info   :Zeepkist GTR] 18:45:51 End processing HTTP request after 394.4899ms - 200
[Info   :Zeepkist GTR] 18:45:51 Ghost version: 5
[Info   :Zeepkist GTR] 18:45:51 Received HTTP response headers after 574.9052ms - 200
[Info   :Zeepkist GTR] 18:45:51 End processing HTTP request after 575.1184ms - 200
[Info   :Zeepkist GTR] 18:45:51 Start processing HTTP request "POST" "https://graphql.zeepki.st/"
[Info   :Zeepkist GTR] 18:45:51 Sending HTTP request "POST" "https://graphql.zeepki.st/"
[Info   :Zeepkist Bingo] [CHAT] Intercepted message: 5 players eliminated: GoateeGuy, 𝒱V𝑜o𝒾i𝒹d𝒱, Azrael, [ZET]vectortrajector, Noxitu
[Info   :Zeepkist Bingo] [CHAT] Not relaying - no bingo session
[Info   :Zeepkist GTR] 18:45:52 Received HTTP response headers after 198.2775ms - 200
[Info   :Zeepkist GTR] 18:45:52 End processing HTTP request after 198.5504ms - 200
[Info   :Zeepkist GTR] 18:45:53 Starting recorder
[Info   :Zeepkist Bingo] [BINGO] === PLAYER SPAWNED ===
[Info   :Zeepkist Bingo] [BINGO] IsInActiveSession: False
[Info   :Zeepkist Bingo] [BINGO] Not in active session, skipping timer reset
[Info   :Zeepkist GTR] 18:46:15 Loading personal best...
[Info   :Zeepkist GTR] 18:46:15 Start processing HTTP request "POST" "https://graphql.zeepki.st/"
[Info   :Zeepkist GTR] 18:46:15 Sending HTTP request "POST" "https://graphql.zeepki.st/"
[Info   :Zeepkist GTR] 18:46:15 Stopping existing recorder if any
[Info   :Zeepkist GTR] 18:46:15 Creating new recorder
[Info   :Zeepkist GTR] 18:46:15 Start processing HTTP request "POST" "https://graphql.zeepki.st/"
[Info   :Zeepkist GTR] 18:46:15 Sending HTTP request "POST" "https://graphql.zeepki.st/"
[Info   :Zeepkist GTR] 18:46:15 Start processing HTTP request "POST" "https://graphql.zeepki.st/"
[Info   :Zeepkist GTR] 18:46:15 Sending HTTP request "POST" "https://graphql.zeepki.st/"
[Info   :Zeepkist GTR] 18:46:15 Received HTTP response headers after 186.9949ms - 200
[Info   :Zeepkist GTR] 18:46:15 End processing HTTP request after 187.3166ms - 200
[Info   :Zeepkist GTR] 18:46:15 Received HTTP response headers after 195.8709ms - 200
[Info   :Zeepkist GTR] 18:46:15 End processing HTTP request after 196.0777ms - 200
[Info   :Zeepkist GTR] 18:46:15 Ghost version: 5
[Info   :Zeepkist GTR] 18:46:16 Received HTTP response headers after 378.5693ms - 200
[Info   :Zeepkist GTR] 18:46:16 End processing HTTP request after 378.8632ms - 200
[Info   :Zeepkist GTR] 18:46:16 Start processing HTTP request "POST" "https://graphql.zeepki.st/"
[Info   :Zeepkist GTR] 18:46:16 Sending HTTP request "POST" "https://graphql.zeepki.st/"
[Info   :Zeepkist GTR] 18:46:16 Received HTTP response headers after 191.9782ms - 200
[Info   :Zeepkist GTR] 18:46:16 End processing HTTP request after 192.2194ms - 200
[Info   :Zeepkist GTR] 18:46:17 Starting recorder
[Info   :Zeepkist GTR] 18:47:12 Stopping recorder
[Info   :Zeepkist GTR] 18:47:12 Collecting extra information
[Info   :Zeepkist GTR] 18:47:12 Processing ghost data
[Info   :Zeepkist GTR] 18:47:12 Creating stream
[Info   :Zeepkist GTR] 18:47:12 Writing to stream
[Info   :Zeepkist GTR] 18:47:12 Closing stream
[Info   :Zeepkist GTR] 18:47:12 Getting buffer
[Info   :Zeepkist GTR] 18:47:12 Converting to base64
[Info   :Zeepkist GTR] 18:47:12 Creating resource
[Info   :Zeepkist GTR] 18:47:12 Start processing HTTP request "POST" "https://backend.zeepki.st/auth/refresh"
[Info   :Zeepkist GTR] 18:47:12 Sending HTTP request "POST" "https://backend.zeepki.st/auth/refresh"
[Info   :Zeepkist GTR] 18:47:13 Received HTTP response headers after 503.9944ms - 200
[Info   :Zeepkist GTR] 18:47:13 End processing HTTP request after 504.2162ms - 200
[Info   :Zeepkist GTR] 18:47:13 Start processing HTTP request "POST" "https://backend.zeepki.st/record/submit"
[Info   :Zeepkist GTR] 18:47:13 Sending HTTP request "POST" "https://backend.zeepki.st/record/submit"
[Info   :Zeepkist GTR] 18:47:13 Received HTTP response headers after 437.0759ms - 200
[Info   :Zeepkist GTR] 18:47:13 End processing HTTP request after 437.3211ms - 200
[Info   :Zeepkist Bingo] [BINGO] === PLAYER SPAWNED ===
[Info   :Zeepkist Bingo] [BINGO] IsInActiveSession: False
[Info   :Zeepkist Bingo] [BINGO] Not in active session, skipping timer reset
[Info   :Zeepkist GTR] 18:47:16 Loading personal best...
[Info   :Zeepkist GTR] 18:47:16 Start processing HTTP request "POST" "https://graphql.zeepki.st/"
[Info   :Zeepkist GTR] 18:47:16 Sending HTTP request "POST" "https://graphql.zeepki.st/"
[Info   :Zeepkist GTR] 18:47:16 Stopping existing recorder if any
[Info   :Zeepkist GTR] 18:47:16 Creating new recorder
[Info   :Zeepkist GTR] 18:47:16 Start processing HTTP request "POST" "https://graphql.zeepki.st/"
[Info   :Zeepkist GTR] 18:47:16 Sending HTTP request "POST" "https://graphql.zeepki.st/"
[Info   :Zeepkist GTR] 18:47:16 Start processing HTTP request "POST" "https://graphql.zeepki.st/"
[Info   :Zeepkist GTR] 18:47:16 Sending HTTP request "POST" "https://graphql.zeepki.st/"
[Info   :Zeepkist GTR] 18:47:16 Received HTTP response headers after 201.6808ms - 200
[Info   :Zeepkist GTR] 18:47:16 End processing HTTP request after 202.0014ms - 200
[Info   :Zeepkist GTR] 18:47:16 Received HTTP response headers after 212.7969ms - 200
[Info   :Zeepkist GTR] 18:47:16 End processing HTTP request after 213.0804ms - 200
[Info   :Zeepkist GTR] 18:47:16 Ghost version: 5
[Info   :Zeepkist GTR] 18:47:16 Received HTTP response headers after 403.613ms - 200
[Info   :Zeepkist GTR] 18:47:16 End processing HTTP request after 403.9113ms - 200
[Info   :Zeepkist GTR] 18:47:16 Start processing HTTP request "POST" "https://graphql.zeepki.st/"
[Info   :Zeepkist GTR] 18:47:16 Sending HTTP request "POST" "https://graphql.zeepki.st/"
[Info   :Zeepkist GTR] 18:47:17 Received HTTP response headers after 192.7895ms - 200
[Info   :Zeepkist GTR] 18:47:17 End processing HTTP request after 193.016ms - 200
[Info   :Zeepkist GTR] 18:47:18 Starting recorder
[Info   :Zeepkist GTR] 18:47:50 Discarding recorder
[Info   :COTDTracker] Doing eliminations with leaderboard:
[Info   :COTDTracker] Player JakeAdjacent: Time: 52.27979
[Info   :COTDTracker] Player Minkus: Time: 52.40918
[Info   :COTDTracker] Player [ZET]Stick: Time: 52.46469
[Info   :COTDTracker] Player [Quac] microways: Time: 52.67484
[Info   :COTDTracker] Player Savage Package: Time: 53.26097
[Info   :COTDTracker] Player Gimpel: Time: 53.52158
[Info   :COTDTracker] Player [ZET]maskeddog: Time: 53.54196
[Info   :COTDTracker] Player graysonvitek88: Time: 53.60825
[Info   :COTDTracker] Player [ZET] Wheelie: Time: 55.0131
[Info   :COTDTracker] Player [CCC]Shinikage221: Time: 57.12032
[Info   :COTDTracker] Player MackCheesy: Time: DNF
[Info   :COTDTracker] Player [AUz] bjenk4: Time: DNF
[Info   :COTDTracker] Eliminating DNF: [AUz] bjenk4
[Info   :COTDTracker] Eliminating DNF: MackCheesy
[Info   :COTDTracker] Eliminated 2 DNF players
[Info   :COTDTracker] Eliminating 2 players: 
[Info   :COTDTracker] [AUz] bjenk4
[Info   :COTDTracker] MackCheesy
[Info   :COTDTracker] Kicking eliminated players
[Info   :Zeepkist Bingo] [BINGO] Level loaded
[Info   :BetterSplits] getting gtr splits
[Info   :Zeepkist Bingo] [BINGO] === PLAYER SPAWNED ===
[Info   :Zeepkist Bingo] [BINGO] IsInActiveSession: False
[Info   :Zeepkist Bingo] [BINGO] Not in active session, skipping timer reset
[Info   :Zeepkist GTR] 18:48:04 Loading personal best...
[Info   :Zeepkist GTR] 18:48:04 Start processing HTTP request "POST" "https://graphql.zeepki.st/"
[Info   :Zeepkist GTR] 18:48:04 Sending HTTP request "POST" "https://graphql.zeepki.st/"
[Info   :Zeepkist GTR] 18:48:04 Stopping existing recorder if any
[Info   :Zeepkist GTR] 18:48:04 Creating new recorder
[Info   :Zeepkist GTR] 18:48:04 Start processing HTTP request "POST" "https://graphql.zeepki.st/"
[Info   :Zeepkist GTR] 18:48:04 Sending HTTP request "POST" "https://graphql.zeepki.st/"
[Info   :Zeepkist GTR] 18:48:04 Start processing HTTP request "POST" "https://graphql.zeepki.st/"
[Info   :Zeepkist GTR] 18:48:04 Sending HTTP request "POST" "https://graphql.zeepki.st/"
[Error  :BetterSplits] could not get splits
Response: StatusCode: 400, ReasonPhrase: 'Bad Request', Version: 1.1, Content: System.Net.Http.StreamContent, Headers:
{
Date: Fri, 15 May 2026 23:48:05 GMT
Connection: keep-alive
access-control-allow-headers: Origin, X-Requested-With, Accept, Authorization, X-Apollo-Tracing, Content-Type, Content-Length, X-PostGraphile-Explain
access-control-allow-methods: HEAD, GET, POST
access-control-allow-origin: *
access-control-expose-headers: X-GraphQL-Event-Stream
alt-svc: h3=":443"; ma=86400
vary: Origin
via: 1.1 Caddy
x-graphql-event-stream: /stream
x-query-cost: 115
cf-cache-status: DYNAMIC
x-xss-protection: 1; mode=block
Strict-Transport-Security: max-age=15552000; includeSubDomains; preload
x-content-type-options: nosniff
Server-Timing: cfCacheStatus;desc="DYNAMIC", cfEdge;dur=16,cfOrigin;dur=140
Report-To: {"group":"cf-nel","max_age":604800,"endpoints":[{"url":"https://a.nel.cloudflare.com/report/v4?s=6McNz4vf99lKFO%2BtVUR0GjTvGIz0bmsTJKak1nDI9QdN88ljrTd%2FI9zqbK92RXAsw4M9YiU%2F9Xys19zc9YI3LUNum4mky2%2B2ULXRslcIyG%2B1MraWWYZWW7rS19hp0lzhgvkN9ghfU1S%2FB3sB5HxyRQ%3D%3D"}]}
Nel: {"report_to":"cf-nel","success_fraction":0.0,"max_age":604800}
expect-ct: max-age=86400, enforce
referrer-policy: same-origin
x-frame-options: SAMEORIGIN
Server: cloudflare
CF-RAY: 9fc6080ce8e04cbc-MSP
Content-Type: application/json; charset=utf-8
Content-Length: 172
} 
Content: {"errors":[{"message":"Cannot query field \"personalBestGlobalsByIdLevel\" on type \"Level\". Did you mean \"personalBestGlobals\"?","locations":[{"line":1,"column":87}]}]}
Url: https://graphql.zeepki.st
Request: {"query":"query BetterSplitsPB($hash: String!, $steamId: BigFloat) { levelByHash(hash: $hash) { personalBestGlobalsByIdLevel(filter: {userByIdUser: {steamId: {equalTo: $steamId}}}) { nodes { recordByIdRecord { speeds splits time }}}}}","variables":{"hash":"AC2C7F449775CCB59C911B336B40721C2CAAD862-3","steamId":"76561199218214543"}}
[Info   :Zeepkist GTR] 18:48:04 Received HTTP response headers after 296.8039ms - 200
[Info   :Zeepkist GTR] 18:48:04 Received HTTP response headers after 297.3594ms - 200
[Info   :Zeepkist GTR] 18:48:04 End processing HTTP request after 297.0478ms - 200
[Info   :Zeepkist GTR] 18:48:04 End processing HTTP request after 297.6004ms - 200
[Info   :Zeepkist GTR] 18:48:04 Ghost version: 5
[Info   :Zeepkist GTR] 18:48:04 Received HTTP response headers after 483.6678ms - 200
[Info   :Zeepkist GTR] 18:48:04 End processing HTTP request after 483.8781ms - 200
[Info   :Zeepkist GTR] 18:48:04 Start processing HTTP request "POST" "https://graphql.zeepki.st/"
[Info   :Zeepkist GTR] 18:48:04 Sending HTTP request "POST" "https://graphql.zeepki.st/"
[Info   :Zeepkist GTR] 18:48:05 Received HTTP response headers after 188.5143ms - 200
[Info   :Zeepkist GTR] 18:48:05 End processing HTTP request after 188.7617ms - 200
[Info   :Zeepkist Bingo] [CHAT] Intercepted message: 2 players eliminated: [AUz] bjenk4, MackCheesy
[Info   :Zeepkist Bingo] [CHAT] Not relaying - no bingo session
[Info   :Zeepkist GTR] 18:48:06 Starting recorder
[Info   :Zeepkist GTR] 18:49:00 Stopping recorder
[Info   :Zeepkist GTR] 18:49:00 Collecting extra information
[Info   :Zeepkist GTR] 18:49:00 Processing ghost data
[Info   :Zeepkist GTR] 18:49:00 Creating stream
[Info   :Zeepkist GTR] 18:49:00 Writing to stream
[Info   :Zeepkist GTR] 18:49:00 Closing stream
[Info   :Zeepkist GTR] 18:49:00 Getting buffer
[Info   :Zeepkist GTR] 18:49:00 Converting to base64
[Info   :Zeepkist GTR] 18:49:00 Creating resource
[Info   :Zeepkist GTR] 18:49:00 Start processing HTTP request "POST" "https://backend.zeepki.st/auth/refresh"
[Info   :Zeepkist GTR] 18:49:00 Sending HTTP request "POST" "https://backend.zeepki.st/auth/refresh"
[Info   :Zeepkist GTR] 18:49:00 Received HTTP response headers after 374.3797ms - 200
[Info   :Zeepkist GTR] 18:49:00 End processing HTTP request after 374.6425ms - 200
[Info   :Zeepkist GTR] 18:49:00 Start processing HTTP request "POST" "https://backend.zeepki.st/record/submit"
[Info   :Zeepkist GTR] 18:49:00 Sending HTTP request "POST" "https://backend.zeepki.st/record/submit"
[Info   :Zeepkist GTR] 18:49:00 Received HTTP response headers after 423.7443ms - 200
[Info   :Zeepkist GTR] 18:49:00 End processing HTTP request after 423.9851ms - 200
[Info   :Zeepkist Bingo] [BINGO] === PLAYER SPAWNED ===
[Info   :Zeepkist Bingo] [BINGO] IsInActiveSession: False
[Info   :Zeepkist Bingo] [BINGO] Not in active session, skipping timer reset
[Info   :Zeepkist GTR] 18:49:02 Loading personal best...
[Info   :Zeepkist GTR] 18:49:02 Start processing HTTP request "POST" "https://graphql.zeepki.st/"
[Info   :Zeepkist GTR] 18:49:02 Sending HTTP request "POST" "https://graphql.zeepki.st/"
[Info   :Zeepkist GTR] 18:49:02 Stopping existing recorder if any
[Info   :Zeepkist GTR] 18:49:02 Creating new recorder
[Info   :Zeepkist GTR] 18:49:02 Start processing HTTP request "POST" "https://graphql.zeepki.st/"
[Info   :Zeepkist GTR] 18:49:02 Sending HTTP request "POST" "https://graphql.zeepki.st/"
[Info   :Zeepkist GTR] 18:49:02 Start processing HTTP request "POST" "https://graphql.zeepki.st/"
[Info   :Zeepkist GTR] 18:49:02 Sending HTTP request "POST" "https://graphql.zeepki.st/"
[Info   :Zeepkist GTR] 18:49:02 Received HTTP response headers after 187.0774ms - 200
[Info   :Zeepkist GTR] 18:49:02 End processing HTTP request after 187.291ms - 200
[Info   :Zeepkist GTR] 18:49:02 Received HTTP response headers after 190.8849ms - 200
[Info   :Zeepkist GTR] 18:49:02 End processing HTTP request after 191.1605ms - 200
[Info   :Zeepkist GTR] 18:49:02 Ghost version: 5
[Info   :Zeepkist GTR] 18:49:02 Received HTTP response headers after 382.3038ms - 200
[Info   :Zeepkist GTR] 18:49:02 End processing HTTP request after 382.5297ms - 200
[Info   :Zeepkist GTR] 18:49:02 Start processing HTTP request "POST" "https://graphql.zeepki.st/"
[Info   :Zeepkist GTR] 18:49:02 Sending HTTP request "POST" "https://graphql.zeepki.st/"
[Info   :Zeepkist GTR] 18:49:02 Received HTTP response headers after 194.419ms - 200
[Info   :Zeepkist GTR] 18:49:02 End processing HTTP request after 194.7013ms - 200
[Info   :Zeepkist GTR] 18:49:03 Starting recorder
[Info   :Zeepkist Bingo] [BINGO] === PLAYER SPAWNED ===
[Info   :Zeepkist Bingo] [BINGO] IsInActiveSession: False
[Info   :Zeepkist Bingo] [BINGO] Not in active session, skipping timer reset
[Info   :Zeepkist GTR] 18:49:33 Loading personal best...
[Info   :Zeepkist GTR] 18:49:33 Start processing HTTP request "POST" "https://graphql.zeepki.st/"
[Info   :Zeepkist GTR] 18:49:33 Sending HTTP request "POST" "https://graphql.zeepki.st/"
[Info   :Zeepkist GTR] 18:49:33 Stopping existing recorder if any
[Info   :Zeepkist GTR] 18:49:33 Creating new recorder
[Info   :Zeepkist GTR] 18:49:33 Start processing HTTP request "POST" "https://graphql.zeepki.st/"
[Info   :Zeepkist GTR] 18:49:33 Sending HTTP request "POST" "https://graphql.zeepki.st/"
[Info   :Zeepkist GTR] 18:49:33 Start processing HTTP request "POST" "https://graphql.zeepki.st/"
[Info   :Zeepkist GTR] 18:49:33 Sending HTTP request "POST" "https://graphql.zeepki.st/"
[Info   :Zeepkist GTR] 18:49:33 Received HTTP response headers after 205.0009ms - 200
[Info   :Zeepkist GTR] 18:49:33 Received HTTP response headers after 204.3274ms - 200
[Info   :Zeepkist GTR] 18:49:33 End processing HTTP request after 204.5864ms - 200
[Info   :Zeepkist GTR] 18:49:33 End processing HTTP request after 205.2749ms - 200
[Info   :Zeepkist GTR] 18:49:33 Ghost version: 5
[Info   :Zeepkist GTR] 18:49:33 Received HTTP response headers after 404.1704ms - 200
[Info   :Zeepkist GTR] 18:49:33 End processing HTTP request after 404.3902ms - 200
[Info   :Zeepkist GTR] 18:49:33 Start processing HTTP request "POST" "https://graphql.zeepki.st/"
[Info   :Zeepkist GTR] 18:49:33 Sending HTTP request "POST" "https://graphql.zeepki.st/"
[Info   :Zeepkist GTR] 18:49:33 Received HTTP response headers after 206.4202ms - 200
[Info   :Zeepkist GTR] 18:49:33 End processing HTTP request after 206.6743ms - 200
[Info   :Zeepkist GTR] 18:49:34 Starting recorder
[Info   :Zeepkist GTR] 18:50:03 Discarding recorder
[Info   :COTDTracker] Doing eliminations with leaderboard:
[Info   :COTDTracker] Player JakeAdjacent: Time: 52.22741
[Info   :COTDTracker] Player [ZET]Stick: Time: 52.41644
[Info   :COTDTracker] Player [Quac] microways: Time: 52.79456
[Info   :COTDTracker] Player Minkus: Time: 52.81404
[Info   :COTDTracker] Player Gimpel: Time: 53.09989
[Info   :COTDTracker] Player Savage Package: Time: 53.57278
[Info   :COTDTracker] Player [ZET] Wheelie: Time: 53.93017
[Info   :COTDTracker] Player [ZET]maskeddog: Time: 54.09723
[Info   :COTDTracker] Player graysonvitek88: Time: DNF
[Info   :COTDTracker] Player [CCC]Shinikage221: Time: DNF
[Info   :COTDTracker] Eliminating DNF: [CCC]Shinikage221
[Info   :COTDTracker] Eliminating DNF: graysonvitek88
[Info   :COTDTracker] Eliminated 2 DNF players
[Info   :COTDTracker] Eliminating 2 players: 
[Info   :COTDTracker] [CCC]Shinikage221
[Info   :COTDTracker] graysonvitek88
[Info   :COTDTracker] Running update tab leaderboard function
[Info   :COTDTracker] Running update tab leaderboard function
[Info   :COTDTracker] Kicking eliminated players
[Info   :Zeepkist Bingo] [BINGO] Level loaded
[Info   :BetterSplits] getting gtr splits
[Info   :Zeepkist Bingo] [BINGO] === PLAYER SPAWNED ===
[Info   :Zeepkist Bingo] [BINGO] IsInActiveSession: False
[Info   :Zeepkist Bingo] [BINGO] Not in active session, skipping timer reset
[Info   :Zeepkist GTR] 18:50:17 Loading personal best...
[Info   :Zeepkist GTR] 18:50:17 Start processing HTTP request "POST" "https://graphql.zeepki.st/"
[Info   :Zeepkist GTR] 18:50:17 Sending HTTP request "POST" "https://graphql.zeepki.st/"
[Info   :Zeepkist GTR] 18:50:17 Stopping existing recorder if any
[Info   :Zeepkist GTR] 18:50:17 Creating new recorder
[Info   :Zeepkist GTR] 18:50:17 Start processing HTTP request "POST" "https://graphql.zeepki.st/"
[Info   :Zeepkist GTR] 18:50:17 Sending HTTP request "POST" "https://graphql.zeepki.st/"
[Info   :Zeepkist GTR] 18:50:17 Start processing HTTP request "POST" "https://graphql.zeepki.st/"
[Info   :Zeepkist GTR] 18:50:17 Sending HTTP request "POST" "https://graphql.zeepki.st/"
[Error  :BetterSplits] could not get splits
Response: StatusCode: 400, ReasonPhrase: 'Bad Request', Version: 1.1, Content: System.Net.Http.StreamContent, Headers:
{
Date: Fri, 15 May 2026 23:50:18 GMT
Connection: keep-alive
access-control-allow-headers: Origin, X-Requested-With, Accept, Authorization, X-Apollo-Tracing, Content-Type, Content-Length, X-PostGraphile-Explain
access-control-allow-methods: HEAD, GET, POST
access-control-allow-origin: *
access-control-expose-headers: X-GraphQL-Event-Stream
alt-svc: h3=":443"; ma=86400
vary: Origin
via: 1.1 Caddy
x-graphql-event-stream: /stream
x-query-cost: 115
cf-cache-status: DYNAMIC
x-xss-protection: 1; mode=block
Strict-Transport-Security: max-age=15552000; includeSubDomains; preload
x-content-type-options: nosniff
Server-Timing: cfCacheStatus;desc="DYNAMIC", cfEdge;dur=27,cfOrigin;dur=140
Report-To: {"group":"cf-nel","max_age":604800,"endpoints":[{"url":"https://a.nel.cloudflare.com/report/v4?s=zgOGYCKyaZQEz4NOPP4KjdnKHD7UlpMLbg%2BSZCUGwh4LjfoNqS%2FgemKRnwyaumdus8oSLOEBbc3fG3ogKs%2Bp5oNYFqtwVxJSwxFXNSSnLUg4%2BAOjR5shStZmcoGrHGXLtstOa4v0DMSKAupQWoCDDg%3D%3D"}]}
Nel: {"report_to":"cf-nel","success_fraction":0.0,"max_age":604800}
expect-ct: max-age=86400, enforce
referrer-policy: same-origin
x-frame-options: SAMEORIGIN
Server: cloudflare
CF-RAY: 9fc60b4b796a4ca9-MSP
Content-Type: application/json; charset=utf-8
Content-Length: 172
} 
Content: {"errors":[{"message":"Cannot query field \"personalBestGlobalsByIdLevel\" on type \"Level\". Did you mean \"personalBestGlobals\"?","locations":[{"line":1,"column":87}]}]}
Url: https://graphql.zeepki.st
Request: {"query":"query BetterSplitsPB($hash: String!, $steamId: BigFloat) { levelByHash(hash: $hash) { personalBestGlobalsByIdLevel(filter: {userByIdUser: {steamId: {equalTo: $steamId}}}) { nodes { recordByIdRecord { speeds splits time }}}}}","variables":{"hash":"AC2C7F449775CCB59C911B336B40721C2CAAD862-3","steamId":"76561199218214543"}}
[Info   :Zeepkist GTR] 18:50:17 Received HTTP response headers after 303.36ms - 200
[Info   :Zeepkist GTR] 18:50:17 Received HTTP response headers after 303.9156ms - 200
[Info   :Zeepkist GTR] 18:50:17 End processing HTTP request after 303.6226ms - 200
[Info   :Zeepkist GTR] 18:50:17 End processing HTTP request after 304.1951ms - 200
[Info   :Zeepkist GTR] 18:50:17 Ghost version: 5
[Info   :Zeepkist GTR] 18:50:17 Received HTTP response headers after 509.7708ms - 200
[Info   :Zeepkist GTR] 18:50:17 End processing HTTP request after 509.9772ms - 200
[Info   :Zeepkist GTR] 18:50:17 Start processing HTTP request "POST" "https://graphql.zeepki.st/"
[Info   :Zeepkist GTR] 18:50:17 Sending HTTP request "POST" "https://graphql.zeepki.st/"
[Info   :Zeepkist GTR] 18:50:18 Received HTTP response headers after 188.3704ms - 200
[Info   :Zeepkist GTR] 18:50:18 End processing HTTP request after 188.5973ms - 200
[Info   :Zeepkist Bingo] [CHAT] Intercepted message: 2 players eliminated: [CCC]Shinikage221, graysonvitek88
[Info   :Zeepkist Bingo] [CHAT] Not relaying - no bingo session
[Info   :Zeepkist GTR] 18:50:19 Starting recorder
[Info   :Zeepkist Bingo] [BINGO] === PLAYER SPAWNED ===
[Info   :Zeepkist Bingo] [BINGO] IsInActiveSession: False
[Info   :Zeepkist Bingo] [BINGO] Not in active session, skipping timer reset
[Info   :Zeepkist GTR] 18:50:41 Loading personal best...
[Info   :Zeepkist GTR] 18:50:41 Start processing HTTP request "POST" "https://graphql.zeepki.st/"
[Info   :Zeepkist GTR] 18:50:41 Sending HTTP request "POST" "https://graphql.zeepki.st/"
[Info   :Zeepkist GTR] 18:50:41 Stopping existing recorder if any
[Info   :Zeepkist GTR] 18:50:41 Creating new recorder
[Info   :Zeepkist GTR] 18:50:41 Start processing HTTP request "POST" "https://graphql.zeepki.st/"
[Info   :Zeepkist GTR] 18:50:41 Sending HTTP request "POST" "https://graphql.zeepki.st/"
[Info   :Zeepkist GTR] 18:50:41 Start processing HTTP request "POST" "https://graphql.zeepki.st/"
[Info   :Zeepkist GTR] 18:50:41 Sending HTTP request "POST" "https://graphql.zeepki.st/"
[Info   :Zeepkist GTR] 18:50:41 Received HTTP response headers after 206.0675ms - 200
[Info   :Zeepkist GTR] 18:50:41 End processing HTTP request after 206.3722ms - 200
[Info   :Zeepkist GTR] 18:50:41 Received HTTP response headers after 208.6146ms - 200
[Info   :Zeepkist GTR] 18:50:41 End processing HTTP request after 208.9834ms - 200
[Info   :Zeepkist GTR] 18:50:41 Ghost version: 5
[Info   :Zeepkist GTR] 18:50:42 Received HTTP response headers after 395.7447ms - 200
[Info   :Zeepkist GTR] 18:50:42 End processing HTTP request after 396.1256ms - 200
[Info   :Zeepkist GTR] 18:50:42 Start processing HTTP request "POST" "https://graphql.zeepki.st/"
[Info   :Zeepkist GTR] 18:50:42 Sending HTTP request "POST" "https://graphql.zeepki.st/"
[Info   :Zeepkist GTR] 18:50:42 Received HTTP response headers after 187.2698ms - 200
[Info   :Zeepkist GTR] 18:50:42 End processing HTTP request after 187.5012ms - 200
[Info   :Zeepkist GTR] 18:50:43 Starting recorder
[Info   :Zeepkist Bingo] [BINGO] === PLAYER SPAWNED ===
[Info   :Zeepkist Bingo] [BINGO] IsInActiveSession: False
[Info   :Zeepkist Bingo] [BINGO] Not in active session, skipping timer reset
[Info   :Zeepkist GTR] 18:51:36 Loading personal best...
[Info   :Zeepkist GTR] 18:51:36 Start processing HTTP request "POST" "https://graphql.zeepki.st/"
[Info   :Zeepkist GTR] 18:51:36 Sending HTTP request "POST" "https://graphql.zeepki.st/"
[Info   :Zeepkist GTR] 18:51:36 Stopping existing recorder if any
[Info   :Zeepkist GTR] 18:51:36 Creating new recorder
[Info   :Zeepkist GTR] 18:51:36 Start processing HTTP request "POST" "https://graphql.zeepki.st/"
[Info   :Zeepkist GTR] 18:51:36 Sending HTTP request "POST" "https://graphql.zeepki.st/"
[Info   :Zeepkist GTR] 18:51:36 Start processing HTTP request "POST" "https://graphql.zeepki.st/"
[Info   :Zeepkist GTR] 18:51:36 Sending HTTP request "POST" "https://graphql.zeepki.st/"
[Info   :Zeepkist GTR] 18:51:36 Received HTTP response headers after 200.0433ms - 200
[Info   :Zeepkist GTR] 18:51:36 End processing HTTP request after 200.3614ms - 200
[Info   :Zeepkist GTR] 18:51:36 Received HTTP response headers after 209.9096ms - 200
[Info   :Zeepkist GTR] 18:51:36 End processing HTTP request after 210.2396ms - 200
[Info   :Zeepkist GTR] 18:51:36 Ghost version: 5
[Info   :Zeepkist GTR] 18:51:37 Received HTTP response headers after 394.8311ms - 200
[Info   :Zeepkist GTR] 18:51:37 End processing HTTP request after 395.1547ms - 200
[Info   :Zeepkist GTR] 18:51:37 Start processing HTTP request "POST" "https://graphql.zeepki.st/"
[Info   :Zeepkist GTR] 18:51:37 Sending HTTP request "POST" "https://graphql.zeepki.st/"
[Info   :Zeepkist GTR] 18:51:37 Received HTTP response headers after 190.8405ms - 200
[Info   :Zeepkist GTR] 18:51:37 End processing HTTP request after 191.1206ms - 200
[Info   :Zeepkist GTR] 18:51:38 Starting recorder
[Info   :Zeepkist GTR] 18:52:16 Discarding recorder
[Info   :COTDTracker] Doing eliminations with leaderboard:
[Info   :COTDTracker] Player JakeAdjacent: Time: 52.06012
[Info   :COTDTracker] Player Minkus: Time: 52.5127
[Info   :COTDTracker] Player [ZET]Stick: Time: 52.54455
[Info   :COTDTracker] Player [Quac] microways: Time: 52.73026
[Info   :COTDTracker] Player [ZET]maskeddog: Time: 54.2985
[Info   :COTDTracker] Player Gimpel: Time: DNF
[Info   :COTDTracker] Player Savage Package: Time: DNF
[Info   :COTDTracker] Player [ZET] Wheelie: Time: DNF
[Info   :COTDTracker] Eliminating DNF: [ZET] Wheelie
[Info   :COTDTracker] Eliminating DNF: Savage Package
[Info   :COTDTracker] Eliminating DNF: Gimpel
[Info   :COTDTracker] Eliminated 3 DNF players
[Info   :COTDTracker] Eliminating 3 players: 
[Info   :COTDTracker] [ZET] Wheelie
[Info   :COTDTracker] Savage Package
[Info   :COTDTracker] Gimpel
[Info   :COTDTracker] Kicking eliminated players
[Info   :Zeepkist Bingo] [BINGO] Level loaded
[Info   :BetterSplits] getting gtr splits
[Info   :Zeepkist Bingo] [BINGO] === PLAYER SPAWNED ===
[Info   :Zeepkist Bingo] [BINGO] IsInActiveSession: False
[Info   :Zeepkist Bingo] [BINGO] Not in active session, skipping timer reset
[Info   :Zeepkist GTR] 18:52:30 Loading personal best...
[Info   :Zeepkist GTR] 18:52:30 Start processing HTTP request "POST" "https://graphql.zeepki.st/"
[Info   :Zeepkist GTR] 18:52:30 Sending HTTP request "POST" "https://graphql.zeepki.st/"
[Info   :Zeepkist GTR] 18:52:30 Stopping existing recorder if any
[Info   :Zeepkist GTR] 18:52:30 Creating new recorder
[Info   :Zeepkist GTR] 18:52:30 Start processing HTTP request "POST" "https://graphql.zeepki.st/"
[Info   :Zeepkist GTR] 18:52:30 Sending HTTP request "POST" "https://graphql.zeepki.st/"
[Info   :Zeepkist GTR] 18:52:30 Start processing HTTP request "POST" "https://graphql.zeepki.st/"
[Info   :Zeepkist GTR] 18:52:30 Sending HTTP request "POST" "https://graphql.zeepki.st/"
[Info   :Zeepkist GTR] 18:52:30 Received HTTP response headers after 303.2734ms - 200
[Info   :Zeepkist GTR] 18:52:30 End processing HTTP request after 303.4859ms - 200
[Error  :BetterSplits] could not get splits
Response: StatusCode: 400, ReasonPhrase: 'Bad Request', Version: 1.1, Content: System.Net.Http.StreamContent, Headers:
{
Date: Fri, 15 May 2026 23:52:31 GMT
Connection: keep-alive
access-control-allow-headers: Origin, X-Requested-With, Accept, Authorization, X-Apollo-Tracing, Content-Type, Content-Length, X-PostGraphile-Explain
access-control-allow-methods: HEAD, GET, POST
access-control-allow-origin: *
access-control-expose-headers: X-GraphQL-Event-Stream
alt-svc: h3=":443"; ma=86400
vary: Origin
via: 1.1 Caddy
x-graphql-event-stream: /stream
x-query-cost: 115
cf-cache-status: DYNAMIC
x-xss-protection: 1; mode=block
Strict-Transport-Security: max-age=15552000; includeSubDomains; preload
x-content-type-options: nosniff
Server-Timing: cfCacheStatus;desc="DYNAMIC", cfEdge;dur=17,cfOrigin;dur=142
Report-To: {"group":"cf-nel","max_age":604800,"endpoints":[{"url":"https://a.nel.cloudflare.com/report/v4?s=%2FwyrC0DbqyxUFIqNaUWcnx24R3KkAU2KIrkL%2F0oiFt4H3bkJa2IPMTkCPOHWUhyRcG2lrhpcf3gpRrAM%2Bfh4Vj8gTcrhy1N2q9u3lvalgndSoOYgCFZJ5wxstyqigjzDA9cUdOiULv0bRZVg92IsAw%3D%3D"}]}
Nel: {"report_to":"cf-nel","success_fraction":0.0,"max_age":604800}
expect-ct: max-age=86400, enforce
referrer-policy: same-origin
x-frame-options: SAMEORIGIN
Server: cloudflare
CF-RAY: 9fc60e8b5be2acd5-MSP
Content-Type: application/json; charset=utf-8
Content-Length: 172
} 
Content: {"errors":[{"message":"Cannot query field \"personalBestGlobalsByIdLevel\" on type \"Level\". Did you mean \"personalBestGlobals\"?","locations":[{"line":1,"column":87}]}]}
Url: https://graphql.zeepki.st
Request: {"query":"query BetterSplitsPB($hash: String!, $steamId: BigFloat) { levelByHash(hash: $hash) { personalBestGlobalsByIdLevel(filter: {userByIdUser: {steamId: {equalTo: $steamId}}}) { nodes { recordByIdRecord { speeds splits time }}}}}","variables":{"hash":"AC2C7F449775CCB59C911B336B40721C2CAAD862-3","steamId":"76561199218214543"}}
[Info   :Zeepkist GTR] 18:52:30 Received HTTP response headers after 343.8071ms - 200
[Info   :Zeepkist GTR] 18:52:30 End processing HTTP request after 344.0592ms - 200
[Info   :Zeepkist GTR] 18:52:30 Ghost version: 5
[Info   :Zeepkist GTR] 18:52:30 Received HTTP response headers after 507.4521ms - 200
[Info   :Zeepkist GTR] 18:52:30 End processing HTTP request after 507.6898ms - 200
[Info   :Zeepkist GTR] 18:52:30 Start processing HTTP request "POST" "https://graphql.zeepki.st/"
[Info   :Zeepkist GTR] 18:52:30 Sending HTTP request "POST" "https://graphql.zeepki.st/"
[Info   :Zeepkist GTR] 18:52:31 Received HTTP response headers after 180.2959ms - 200
[Info   :Zeepkist GTR] 18:52:31 End processing HTTP request after 180.5598ms - 200
[Info   :Zeepkist Bingo] [CHAT] Intercepted message: 3 players eliminated: [ZET] Wheelie, Savage Package, Gimpel
[Info   :Zeepkist Bingo] [CHAT] Not relaying - no bingo session
[Info   :Zeepkist GTR] 18:52:32 Starting recorder
[Info   :Zeepkist Bingo] [CHAT] Intercepted message: gg
[Info   :Zeepkist Bingo] [CHAT] Not relaying - no bingo session
[Info   :COTDTracker] Running update tab leaderboard function
[Info   :COTDTracker] Running update tab leaderboard function
[Info   :Zeepkist GTR] 18:54:29 Discarding recorder
[Info   :COTDTracker] Doing eliminations with leaderboard:
[Info   :COTDTracker] Player [Quac] microways: Time: 52.26093
[Info   :COTDTracker] Player JakeAdjacent: Time: 52.43979
[Info   :COTDTracker] Player [ZET]Stick: Time: 52.46467
[Info   :COTDTracker] Player Minkus: Time: 52.9961
[Info   :COTDTracker] Player [ZET]maskeddog: Time: 54.52531
[Info   :COTDTracker] Eliminated 0 DNF players
[Info   :COTDTracker] Eliminating on time: [ZET]maskeddog
[Info   :COTDTracker] Eliminating 1 players: 
[Info   :COTDTracker] [ZET]maskeddog
[Info   :COTDTracker] Kicking eliminated players
[Info   :Zeepkist Bingo] [BINGO] Level loaded
[Info   :BetterSplits] getting gtr splits
[Info   :Zeepkist Bingo] [BINGO] === PLAYER SPAWNED ===
[Info   :Zeepkist Bingo] [BINGO] IsInActiveSession: False
[Info   :Zeepkist Bingo] [BINGO] Not in active session, skipping timer reset
[Info   :Zeepkist GTR] 18:54:43 Loading personal best...
[Info   :Zeepkist GTR] 18:54:43 Start processing HTTP request "POST" "https://graphql.zeepki.st/"
[Info   :Zeepkist GTR] 18:54:43 Sending HTTP request "POST" "https://graphql.zeepki.st/"
[Info   :Zeepkist GTR] 18:54:43 Stopping existing recorder if any
[Info   :Zeepkist GTR] 18:54:43 Creating new recorder
[Info   :Zeepkist GTR] 18:54:43 Start processing HTTP request "POST" "https://graphql.zeepki.st/"
[Info   :Zeepkist GTR] 18:54:43 Sending HTTP request "POST" "https://graphql.zeepki.st/"
[Info   :Zeepkist GTR] 18:54:43 Start processing HTTP request "POST" "https://graphql.zeepki.st/"
[Info   :Zeepkist GTR] 18:54:43 Sending HTTP request "POST" "https://graphql.zeepki.st/"
[Error  :BetterSplits] could not get splits
Response: StatusCode: 400, ReasonPhrase: 'Bad Request', Version: 1.1, Content: System.Net.Http.StreamContent, Headers:
{
Date: Fri, 15 May 2026 23:54:44 GMT
Connection: keep-alive
access-control-allow-headers: Origin, X-Requested-With, Accept, Authorization, X-Apollo-Tracing, Content-Type, Content-Length, X-PostGraphile-Explain
access-control-allow-methods: HEAD, GET, POST
access-control-allow-origin: *
access-control-expose-headers: X-GraphQL-Event-Stream
alt-svc: h3=":443"; ma=86400
vary: Origin
via: 1.1 Caddy
x-graphql-event-stream: /stream
x-query-cost: 115
cf-cache-status: DYNAMIC
x-xss-protection: 1; mode=block
Strict-Transport-Security: max-age=15552000; includeSubDomains; preload
x-content-type-options: nosniff
Server-Timing: cfCacheStatus;desc="DYNAMIC", cfEdge;dur=16,cfOrigin;dur=140
Report-To: {"group":"cf-nel","max_age":604800,"endpoints":[{"url":"https://a.nel.cloudflare.com/report/v4?s=UvHL35j3DaCaN5EICW7VvmZhIjUinRiK9Nj2r2IHgBFGfOTRY4axf5zKUyzNkEKfCHlMCdwqj2oc%2Fviq3q%2Fyj%2FStWbtNPPsAwCj%2BHSt15qe67jzwxTD1kO05xH1Ce8EjzPRnFKja7BzBe6aS5eAMsQ%3D%3D"}]}
Nel: {"report_to":"cf-nel","success_fraction":0.0,"max_age":604800}
expect-ct: max-age=86400, enforce
referrer-policy: same-origin
x-frame-options: SAMEORIGIN
Server: cloudflare
CF-RAY: 9fc611ca0eefa227-MSP
Content-Type: application/json; charset=utf-8
Content-Length: 172
} 
Content: {"errors":[{"message":"Cannot query field \"personalBestGlobalsByIdLevel\" on type \"Level\". Did you mean \"personalBestGlobals\"?","locations":[{"line":1,"column":87}]}]}
Url: https://graphql.zeepki.st
Request: {"query":"query BetterSplitsPB($hash: String!, $steamId: BigFloat) { levelByHash(hash: $hash) { personalBestGlobalsByIdLevel(filter: {userByIdUser: {steamId: {equalTo: $steamId}}}) { nodes { recordByIdRecord { speeds splits time }}}}}","variables":{"hash":"AC2C7F449775CCB59C911B336B40721C2CAAD862-3","steamId":"76561199218214543"}}
[Info   :Zeepkist GTR] 18:54:43 Received HTTP response headers after 278.5214ms - 200
[Info   :Zeepkist GTR] 18:54:43 End processing HTTP request after 278.7704ms - 200
[Info   :Zeepkist GTR] 18:54:43 Received HTTP response headers after 280.7865ms - 200
[Info   :Zeepkist GTR] 18:54:43 End processing HTTP request after 280.9678ms - 200
[Info   :Zeepkist GTR] 18:54:43 Ghost version: 5
[Info   :Zeepkist GTR] 18:54:43 Received HTTP response headers after 473.9484ms - 200
[Info   :Zeepkist GTR] 18:54:43 End processing HTTP request after 474.1688ms - 200
[Info   :Zeepkist GTR] 18:54:43 Start processing HTTP request "POST" "https://graphql.zeepki.st/"
[Info   :Zeepkist GTR] 18:54:43 Sending HTTP request "POST" "https://graphql.zeepki.st/"
[Info   :Zeepkist GTR] 18:54:43 Received HTTP response headers after 187.9698ms - 200
[Info   :Zeepkist GTR] 18:54:43 End processing HTTP request after 188.2793ms - 200
[Info   :Zeepkist Bingo] [CHAT] Intercepted message: 1 player eliminated: [ZET]maskeddog
[Info   :Zeepkist Bingo] [CHAT] Not relaying - no bingo session
[Info   :Zeepkist GTR] 18:54:45 Starting recorder
[Info   :Zeepkist Bingo] [CHAT] Intercepted message: lol
[Info   :Zeepkist Bingo] [CHAT] Not relaying - no bingo session
[Info   :Zeepkist GTR] 18:56:42 Discarding recorder
[Info   :COTDTracker] Doing eliminations with leaderboard:
[Info   :COTDTracker] Player JakeAdjacent: Time: 52.17391
[Info   :COTDTracker] Player [ZET]Stick: Time: 52.56831
[Info   :COTDTracker] Player [Quac] microways: Time: 52.59978
[Info   :COTDTracker] Player Minkus: Time: 52.91511
[Info   :COTDTracker] Eliminated 0 DNF players
[Info   :COTDTracker] Eliminating on time: Minkus
[Info   :COTDTracker] Eliminating 1 players: 
[Info   :COTDTracker] Minkus
[Info   :COTDTracker] Kicking eliminated players
[Info   :Zeepkist Bingo] [BINGO] Level loaded
[Info   :BetterSplits] getting gtr splits
[Info   :Zeepkist Bingo] [BINGO] === PLAYER SPAWNED ===
[Info   :Zeepkist Bingo] [BINGO] IsInActiveSession: False
[Info   :Zeepkist Bingo] [BINGO] Not in active session, skipping timer reset
[Info   :Zeepkist GTR] 18:56:56 Loading personal best...
[Info   :Zeepkist GTR] 18:56:56 Start processing HTTP request "POST" "https://graphql.zeepki.st/"
[Info   :Zeepkist GTR] 18:56:56 Sending HTTP request "POST" "https://graphql.zeepki.st/"
[Info   :Zeepkist GTR] 18:56:56 Stopping existing recorder if any
[Info   :Zeepkist GTR] 18:56:56 Creating new recorder
[Info   :Zeepkist GTR] 18:56:56 Start processing HTTP request "POST" "https://graphql.zeepki.st/"
[Info   :Zeepkist GTR] 18:56:56 Sending HTTP request "POST" "https://graphql.zeepki.st/"
[Info   :Zeepkist GTR] 18:56:56 Start processing HTTP request "POST" "https://graphql.zeepki.st/"
[Info   :Zeepkist GTR] 18:56:56 Sending HTTP request "POST" "https://graphql.zeepki.st/"
[Error  :BetterSplits] could not get splits
Response: StatusCode: 400, ReasonPhrase: 'Bad Request', Version: 1.1, Content: System.Net.Http.StreamContent, Headers:
{
Date: Fri, 15 May 2026 23:56:57 GMT
Connection: keep-alive
access-control-allow-headers: Origin, X-Requested-With, Accept, Authorization, X-Apollo-Tracing, Content-Type, Content-Length, X-PostGraphile-Explain
access-control-allow-methods: HEAD, GET, POST
access-control-allow-origin: *
access-control-expose-headers: X-GraphQL-Event-Stream
alt-svc: h3=":443"; ma=86400
vary: Origin
via: 1.1 Caddy
x-graphql-event-stream: /stream
x-query-cost: 115
cf-cache-status: DYNAMIC
x-xss-protection: 1; mode=block
Strict-Transport-Security: max-age=15552000; includeSubDomains; preload
x-content-type-options: nosniff
Server-Timing: cfCacheStatus;desc="DYNAMIC", cfEdge;dur=39,cfOrigin;dur=142
Report-To: {"group":"cf-nel","max_age":604800,"endpoints":[{"url":"https://a.nel.cloudflare.com/report/v4?s=Ilg%2B8ZIb0eAXpyBXttekJouMzZ8MDjm5aMG%2FnTjytOD9qI84Zasg5iyR4FtvjSold1Ml%2FIcKDwBIQQ5b8IRylhWQ40W2wVOUA6PFjzllZKN0KxI5iloFn4xhIzMlRvAlzAhkmCVnHOq0CqGshSkRXw%3D%3D"}]}
Nel: {"report_to":"cf-nel","success_fraction":0.0,"max_age":604800}
expect-ct: max-age=86400, enforce
referrer-policy: same-origin
x-frame-options: SAMEORIGIN
Server: cloudflare
CF-RAY: 9fc61509688f5120-MSP
Content-Type: application/json; charset=utf-8
Content-Length: 172
} 
Content: {"errors":[{"message":"Cannot query field \"personalBestGlobalsByIdLevel\" on type \"Level\". Did you mean \"personalBestGlobals\"?","locations":[{"line":1,"column":87}]}]}
Url: https://graphql.zeepki.st
Request: {"query":"query BetterSplitsPB($hash: String!, $steamId: BigFloat) { levelByHash(hash: $hash) { personalBestGlobalsByIdLevel(filter: {userByIdUser: {steamId: {equalTo: $steamId}}}) { nodes { recordByIdRecord { speeds splits time }}}}}","variables":{"hash":"AC2C7F449775CCB59C911B336B40721C2CAAD862-3","steamId":"76561199218214543"}}
[Info   :Zeepkist GTR] 18:56:56 Received HTTP response headers after 364.1226ms - 200
[Info   :Zeepkist GTR] 18:56:56 End processing HTTP request after 364.3835ms - 200
[Info   :Zeepkist GTR] 18:56:56 Received HTTP response headers after 373.5169ms - 200
[Info   :Zeepkist GTR] 18:56:56 End processing HTTP request after 373.7054ms - 200
[Info   :Zeepkist GTR] 18:56:56 Ghost version: 5
[Info   :Zeepkist GTR] 18:56:56 Received HTTP response headers after 575.2985ms - 200
[Info   :Zeepkist GTR] 18:56:56 End processing HTTP request after 575.5674ms - 200
[Info   :Zeepkist GTR] 18:56:56 Start processing HTTP request "POST" "https://graphql.zeepki.st/"
[Info   :Zeepkist GTR] 18:56:56 Sending HTTP request "POST" "https://graphql.zeepki.st/"
[Info   :Zeepkist Bingo] [CHAT] Intercepted message: 1 player eliminated: Minkus
[Info   :Zeepkist Bingo] [CHAT] Not relaying - no bingo session
[Info   :Zeepkist GTR] 18:56:57 Received HTTP response headers after 194.8768ms - 200
[Info   :Zeepkist GTR] 18:56:57 End processing HTTP request after 195.1079ms - 200
[Info   :Zeepkist GTR] 18:56:58 Starting recorder
[Info   :Zeepkist Bingo] [CHAT] Intercepted message: ahh micro knows it now
[Info   :Zeepkist Bingo] [CHAT] Not relaying - no bingo session
[Info   :Zeepkist Bingo] [CHAT] Intercepted message: i knew it btw
[Info   :Zeepkist Bingo] [CHAT] Not relaying - no bingo session
[Info   :Zeepkist GTR] 18:58:55 Discarding recorder
[Info   :COTDTracker] Doing eliminations with leaderboard:
[Info   :COTDTracker] Player [Quac] microways: Time: 50.3676
[Info   :COTDTracker] Player [ZET]Stick: Time: 52.07022
[Info   :COTDTracker] Player JakeAdjacent: Time: 52.53602
[Info   :COTDTracker] Eliminated 0 DNF players
[Info   :COTDTracker] Eliminating on time: JakeAdjacent
[Info   :COTDTracker] Eliminating 1 players: 
[Info   :COTDTracker] JakeAdjacent
[Info   :Zeepkist Bingo] [CHAT] Intercepted message: HEHE
[Info   :Zeepkist Bingo] [CHAT] Not relaying - no bingo session
[Info   :COTDTracker] Kicking eliminated players
[Info   :Zeepkist Bingo] [BINGO] Level loaded
[Info   :BetterSplits] getting gtr splits
[Info   :Zeepkist Bingo] [BINGO] === PLAYER SPAWNED ===
[Info   :Zeepkist Bingo] [BINGO] IsInActiveSession: False
[Info   :Zeepkist Bingo] [BINGO] Not in active session, skipping timer reset
[Info   :Zeepkist GTR] 18:59:09 Loading personal best...
[Info   :Zeepkist GTR] 18:59:09 Start processing HTTP request "POST" "https://graphql.zeepki.st/"
[Info   :Zeepkist GTR] 18:59:09 Sending HTTP request "POST" "https://graphql.zeepki.st/"
[Info   :Zeepkist GTR] 18:59:09 Stopping existing recorder if any
[Info   :Zeepkist GTR] 18:59:09 Creating new recorder
[Info   :Zeepkist GTR] 18:59:09 Start processing HTTP request "POST" "https://graphql.zeepki.st/"
[Info   :Zeepkist GTR] 18:59:09 Sending HTTP request "POST" "https://graphql.zeepki.st/"
[Info   :Zeepkist GTR] 18:59:09 Start processing HTTP request "POST" "https://graphql.zeepki.st/"
[Info   :Zeepkist GTR] 18:59:09 Sending HTTP request "POST" "https://graphql.zeepki.st/"
[Error  :BetterSplits] could not get splits
Response: StatusCode: 400, ReasonPhrase: 'Bad Request', Version: 1.1, Content: System.Net.Http.StreamContent, Headers:
{
Date: Fri, 15 May 2026 23:59:10 GMT
Connection: keep-alive
access-control-allow-headers: Origin, X-Requested-With, Accept, Authorization, X-Apollo-Tracing, Content-Type, Content-Length, X-PostGraphile-Explain
access-control-allow-methods: HEAD, GET, POST
access-control-allow-origin: *
access-control-expose-headers: X-GraphQL-Event-Stream
alt-svc: h3=":443"; ma=86400
vary: Origin
via: 1.1 Caddy
x-graphql-event-stream: /stream
x-query-cost: 115
cf-cache-status: DYNAMIC
x-xss-protection: 1; mode=block
Strict-Transport-Security: max-age=15552000; includeSubDomains; preload
x-content-type-options: nosniff
Server-Timing: cfCacheStatus;desc="DYNAMIC", cfEdge;dur=10,cfOrigin;dur=142
Report-To: {"group":"cf-nel","max_age":604800,"endpoints":[{"url":"https://a.nel.cloudflare.com/report/v4?s=IOGAkkpEjg44J%2BhmbF5pKv2Hh%2FtxSYn8FDkFMAd8NXETNIa036Y1of8C5FiAtBbSqaOruzzpkdjZVAsNPqynpKkm3M3%2BufGT%2BTmt6urKVv3ArUnX22QF7BE6BfCzMbV6tDgdFoHeYTQlzTT9%2FC3vhg%3D%3D"}]}
Nel: {"report_to":"cf-nel","success_fraction":0.0,"max_age":604800}
expect-ct: max-age=86400, enforce
referrer-policy: same-origin
x-frame-options: SAMEORIGIN
Server: cloudflare
CF-RAY: 9fc61849387aa20f-MSP
Content-Type: application/json; charset=utf-8
Content-Length: 172
} 
Content: {"errors":[{"message":"Cannot query field \"personalBestGlobalsByIdLevel\" on type \"Level\". Did you mean \"personalBestGlobals\"?","locations":[{"line":1,"column":87}]}]}
Url: https://graphql.zeepki.st
Request: {"query":"query BetterSplitsPB($hash: String!, $steamId: BigFloat) { levelByHash(hash: $hash) { personalBestGlobalsByIdLevel(filter: {userByIdUser: {steamId: {equalTo: $steamId}}}) { nodes { recordByIdRecord { speeds splits time }}}}}","variables":{"hash":"AC2C7F449775CCB59C911B336B40721C2CAAD862-3","steamId":"76561199218214543"}}
[Info   :Zeepkist GTR] 18:59:09 Received HTTP response headers after 384.4255ms - 200
[Info   :Zeepkist GTR] 18:59:09 End processing HTTP request after 384.7139ms - 200
[Info   :Zeepkist GTR] 18:59:09 Ghost version: 5
[Info   :Zeepkist GTR] 18:59:09 Received HTTP response headers after 368.9288ms - 200
[Info   :Zeepkist GTR] 18:59:09 End processing HTTP request after 369.1908ms - 200
[Info   :Zeepkist GTR] 18:59:09 Received HTTP response headers after 543.1748ms - 200
[Info   :Zeepkist GTR] 18:59:09 End processing HTTP request after 543.4452ms - 200
[Info   :Zeepkist GTR] 18:59:09 Start processing HTTP request "POST" "https://graphql.zeepki.st/"
[Info   :Zeepkist GTR] 18:59:09 Sending HTTP request "POST" "https://graphql.zeepki.st/"
[Info   :Zeepkist Bingo] [CHAT] Intercepted message: 1 player eliminated: JakeAdjacent
[Info   :Zeepkist Bingo] [CHAT] Not relaying - no bingo session
[Info   :Zeepkist GTR] 18:59:10 Received HTTP response headers after 201.0171ms - 200
[Info   :Zeepkist GTR] 18:59:10 End processing HTTP request after 201.2548ms - 200
[Info   :Zeepkist GTR] 18:59:11 Starting recorder
[Info   :Zeepkist Bingo] [CHAT] Intercepted message: at the fan put 2 tires on the siude of the road
[Info   :Zeepkist Bingo] [CHAT] Not relaying - no bingo session
[Info   :Zeepkist Bingo] [CHAT] Intercepted message: gooo stick
[Info   :Zeepkist Bingo] [CHAT] Not relaying - no bingo session
[Info   :Zeepkist Bingo] [CHAT] Intercepted message: lol
[Info   :Zeepkist Bingo] [CHAT] Not relaying - no bingo session
[Info   :Zeepkist Bingo] [CHAT] Intercepted message: bc the fan is under the track
[Info   :Zeepkist Bingo] [CHAT] Not relaying - no bingo session
[Info   :Zeepkist Bingo] [CHAT] Intercepted message: idk
[Info   :Zeepkist Bingo] [CHAT] Not relaying - no bingo session
[Info   :Zeepkist Bingo] [CHAT] Intercepted message: oooh
[Info   :Zeepkist Bingo] [CHAT] Not relaying - no bingo session
[Info   :Zeepkist GTR] 19:01:08 Discarding recorder
[Info   :Zeepkist Bingo] [CHAT] Intercepted message: gg
[Info   :Zeepkist Bingo] [CHAT] Not relaying - no bingo session
[Info   :COTDTracker] Doing eliminations with leaderboard:
[Info   :COTDTracker] Player [ZET]Stick: Time: 51.08877
[Info   :COTDTracker] Player [Quac] microways: Time: 51.34001
[Info   :COTDTracker] Eliminated 0 DNF players
[Info   :COTDTracker] Eliminating on time: [Quac] microways
[Info   :COTDTracker] Eliminating 1 players: 
[Info   :COTDTracker] [Quac] microways
[Info   :COTDTracker] Kicking eliminated players
[Info   :Zeepkist Bingo] [BINGO] Level loaded
[Info   :BetterSplits] getting gtr splits
[Info   :Zeepkist Bingo] [BINGO] === PLAYER SPAWNED ===
[Info   :Zeepkist Bingo] [BINGO] IsInActiveSession: False
[Info   :Zeepkist Bingo] [BINGO] Not in active session, skipping timer reset
[Info   :Zeepkist GTR] 19:01:22 Loading personal best...
[Info   :Zeepkist GTR] 19:01:22 Start processing HTTP request "POST" "https://graphql.zeepki.st/"
[Info   :Zeepkist GTR] 19:01:22 Sending HTTP request "POST" "https://graphql.zeepki.st/"
[Info   :Zeepkist GTR] 19:01:22 Stopping existing recorder if any
[Info   :Zeepkist GTR] 19:01:22 Creating new recorder
[Info   :Zeepkist GTR] 19:01:22 Start processing HTTP request "POST" "https://graphql.zeepki.st/"
[Info   :Zeepkist GTR] 19:01:22 Sending HTTP request "POST" "https://graphql.zeepki.st/"
[Info   :Zeepkist GTR] 19:01:22 Start processing HTTP request "POST" "https://graphql.zeepki.st/"
[Info   :Zeepkist GTR] 19:01:22 Sending HTTP request "POST" "https://graphql.zeepki.st/"
[Info   :Zeepkist GTR] 19:01:22 Received HTTP response headers after 690.8793ms - 200
[Info   :Zeepkist GTR] 19:01:22 End processing HTTP request after 691.0982ms - 200
[Error  :BetterSplits] could not get splits
Response: StatusCode: 400, ReasonPhrase: 'Bad Request', Version: 1.1, Content: System.Net.Http.StreamContent, Headers:
{
Date: Sat, 16 May 2026 00:01:23 GMT
Connection: keep-alive
access-control-allow-headers: Origin, X-Requested-With, Accept, Authorization, X-Apollo-Tracing, Content-Type, Content-Length, X-PostGraphile-Explain
access-control-allow-methods: HEAD, GET, POST
access-control-allow-origin: *
access-control-expose-headers: X-GraphQL-Event-Stream
alt-svc: h3=":443"; ma=86400
vary: Origin
via: 1.1 Caddy
x-graphql-event-stream: /stream
x-query-cost: 115
cf-cache-status: DYNAMIC
x-xss-protection: 1; mode=block
Strict-Transport-Security: max-age=15552000; includeSubDomains; preload
x-content-type-options: nosniff
Server-Timing: cfCacheStatus;desc="DYNAMIC", cfEdge;dur=17,cfOrigin;dur=507
Report-To: {"group":"cf-nel","max_age":604800,"endpoints":[{"url":"https://a.nel.cloudflare.com/report/v4?s=RUqCccBLcvpcH7rJA8CXX6Y95z4L5OBsjmq%2Ffw1%2FSzTFTw1Rtm8XMm9Hd%2Fnl34vyrA62BQoKTHtLeX77gSIlMZx3PpoAFqgsys8pZcyH5GLdoL2bmYosQ8QTGxeuVU604wF9FDaYIeoxqbpY7XzqmA%3D%3D"}]}
Nel: {"report_to":"cf-nel","success_fraction":0.0,"max_age":604800}
expect-ct: max-age=86400, enforce
referrer-policy: same-origin
x-frame-options: SAMEORIGIN
Server: cloudflare
CF-RAY: 9fc61b883e8b86db-ORD
Content-Type: application/json; charset=utf-8
Content-Length: 172
} 
Content: {"errors":[{"message":"Cannot query field \"personalBestGlobalsByIdLevel\" on type \"Level\". Did you mean \"personalBestGlobals\"?","locations":[{"line":1,"column":87}]}]}
Url: https://graphql.zeepki.st
Request: {"query":"query BetterSplitsPB($hash: String!, $steamId: BigFloat) { levelByHash(hash: $hash) { personalBestGlobalsByIdLevel(filter: {userByIdUser: {steamId: {equalTo: $steamId}}}) { nodes { recordByIdRecord { speeds splits time }}}}}","variables":{"hash":"AC2C7F449775CCB59C911B336B40721C2CAAD862-3","steamId":"76561199218214543"}}
[Info   :Zeepkist Bingo] [CHAT] Intercepted message: 1 player eliminated: [Quac] microways
[Info   :Zeepkist Bingo] [CHAT] Not relaying - no bingo session
[Info   :Zeepkist GTR] 19:01:23 Received HTTP response headers after 777.6462ms - 200
[Info   :Zeepkist GTR] 19:01:23 End processing HTTP request after 777.9001ms - 200
[Info   :Zeepkist GTR] 19:01:23 Ghost version: 5
[Info   :Zeepkist GTR] 19:01:23 Received HTTP response headers after 883.4015ms - 200
[Info   :Zeepkist GTR] 19:01:23 End processing HTTP request after 883.6017ms - 200
[Info   :Zeepkist GTR] 19:01:23 Start processing HTTP request "POST" "https://graphql.zeepki.st/"
[Info   :Zeepkist GTR] 19:01:23 Sending HTTP request "POST" "https://graphql.zeepki.st/"
[Info   :Zeepkist GTR] 19:01:23 Received HTTP response headers after 189.6448ms - 200
[Info   :Zeepkist GTR] 19:01:23 End processing HTTP request after 189.9035ms - 200
[Info   :Zeepkist GTR] 19:01:24 Starting recorder
[Info   :Zeepkist Bingo] [CHAT] Intercepted message: lol np
[Info   :Zeepkist Bingo] [CHAT] Not relaying - no bingo session
[Info   :Zeepkist Bingo] [CHAT] Intercepted message: !cotd end cup
[Info   :Zeepkist Bingo] [CHAT] Not relaying - no bingo session
[Info   :Zeepkist Bingo] [CHAT] Intercepted message: !cotd endcup
[Info   :Zeepkist Bingo] [CHAT] Not relaying - no bingo session
[Info   :Zeepkist Bingo] [BINGO] === PLAYER SPAWNED ===
[Info   :Zeepkist Bingo] [BINGO] IsInActiveSession: False
[Info   :Zeepkist Bingo] [BINGO] Not in active session, skipping timer reset
[Info   :Zeepkist GTR] 19:02:07 Loading personal best...
[Info   :Zeepkist GTR] 19:02:07 Start processing HTTP request "POST" "https://graphql.zeepki.st/"
[Info   :Zeepkist GTR] 19:02:07 Sending HTTP request "POST" "https://graphql.zeepki.st/"
[Info   :Zeepkist GTR] 19:02:07 Stopping existing recorder if any
[Info   :Zeepkist GTR] 19:02:07 Creating new recorder
[Info   :Zeepkist GTR] 19:02:07 Start processing HTTP request "POST" "https://graphql.zeepki.st/"
[Info   :Zeepkist GTR] 19:02:07 Sending HTTP request "POST" "https://graphql.zeepki.st/"
[Info   :Zeepkist GTR] 19:02:07 Start processing HTTP request "POST" "https://graphql.zeepki.st/"
[Info   :Zeepkist GTR] 19:02:07 Sending HTTP request "POST" "https://graphql.zeepki.st/"
[Info   :Zeepkist GTR] 19:02:07 Received HTTP response headers after 178.5673ms - 200
[Info   :Zeepkist GTR] 19:02:07 Received HTTP response headers after 178.2253ms - 200
[Info   :Zeepkist GTR] 19:02:07 End processing HTTP request after 178.7712ms - 200
[Info   :Zeepkist GTR] 19:02:07 End processing HTTP request after 178.367ms - 200
[Info   :Zeepkist GTR] 19:02:07 Ghost version: 5
[Info   :Zeepkist GTR] 19:02:07 Received HTTP response headers after 365.5994ms - 200
[Info   :Zeepkist GTR] 19:02:07 End processing HTTP request after 365.8692ms - 200
[Info   :Zeepkist GTR] 19:02:07 Start processing HTTP request "POST" "https://graphql.zeepki.st/"
[Info   :Zeepkist GTR] 19:02:07 Sending HTTP request "POST" "https://graphql.zeepki.st/"
[Info   :Zeepkist GTR] 19:02:07 Received HTTP response headers after 180.2394ms - 200
[Info   :Zeepkist GTR] 19:02:07 End processing HTTP request after 180.4646ms - 200
[Info   :Zeepkist GTR] 19:02:08 Starting recorder
[Info   :Zeepkist Bingo] [BINGO] === PLAYER SPAWNED ===
[Info   :Zeepkist Bingo] [BINGO] IsInActiveSession: False
[Info   :Zeepkist Bingo] [BINGO] Not in active session, skipping timer reset
[Info   :Zeepkist GTR] 19:02:34 Loading personal best...
[Info   :Zeepkist GTR] 19:02:34 Start processing HTTP request "POST" "https://graphql.zeepki.st/"
[Info   :Zeepkist GTR] 19:02:34 Sending HTTP request "POST" "https://graphql.zeepki.st/"
[Info   :Zeepkist GTR] 19:02:34 Stopping existing recorder if any
[Info   :Zeepkist GTR] 19:02:34 Creating new recorder
[Info   :Zeepkist GTR] 19:02:34 Start processing HTTP request "POST" "https://graphql.zeepki.st/"
[Info   :Zeepkist GTR] 19:02:34 Sending HTTP request "POST" "https://graphql.zeepki.st/"
[Info   :Zeepkist GTR] 19:02:34 Start processing HTTP request "POST" "https://graphql.zeepki.st/"
[Info   :Zeepkist GTR] 19:02:34 Sending HTTP request "POST" "https://graphql.zeepki.st/"
[Info   :Zeepkist GTR] 19:02:34 Received HTTP response headers after 174.3367ms - 200
[Info   :Zeepkist GTR] 19:02:34 End processing HTTP request after 174.5472ms - 200
[Info   :Zeepkist GTR] 19:02:34 Received HTTP response headers after 181.7538ms - 200
[Info   :Zeepkist GTR] 19:02:34 End processing HTTP request after 181.9511ms - 200
[Info   :Zeepkist GTR] 19:02:34 Ghost version: 5
[Info   :Zeepkist GTR] 19:02:34 Received HTTP response headers after 354.0765ms - 200
[Info   :Zeepkist GTR] 19:02:34 End processing HTTP request after 354.2869ms - 200
[Info   :Zeepkist GTR] 19:02:34 Start processing HTTP request "POST" "https://graphql.zeepki.st/"
[Info   :Zeepkist GTR] 19:02:34 Sending HTTP request "POST" "https://graphql.zeepki.st/"
[Info   :Zeepkist GTR] 19:02:35 Received HTTP response headers after 178.3243ms - 200
[Info   :Zeepkist GTR] 19:02:35 End processing HTTP request after 178.5581ms - 200
[Info   :Zeepkist GTR] 19:02:36 Starting recorder
[Info   :RoundLeaderboardTab] Drawing leaderboard -> forwarding to Instance.DrawTabLeaderboard()
[Info   :Zeepkist Bingo] [BINGO] === PLAYER SPAWNED ===
[Info   :Zeepkist Bingo] [BINGO] IsInActiveSession: False
[Info   :Zeepkist Bingo] [BINGO] Not in active session, skipping timer reset
[Info   :Zeepkist GTR] 19:02:55 Loading personal best...
[Info   :Zeepkist GTR] 19:02:55 Start processing HTTP request "POST" "https://graphql.zeepki.st/"
[Info   :Zeepkist GTR] 19:02:55 Sending HTTP request "POST" "https://graphql.zeepki.st/"
[Info   :Zeepkist GTR] 19:02:55 Stopping existing recorder if any
[Info   :Zeepkist GTR] 19:02:55 Creating new recorder
[Info   :Zeepkist GTR] 19:02:55 Start processing HTTP request "POST" "https://graphql.zeepki.st/"
[Info   :Zeepkist GTR] 19:02:55 Sending HTTP request "POST" "https://graphql.zeepki.st/"
[Info   :Zeepkist GTR] 19:02:55 Start processing HTTP request "POST" "https://graphql.zeepki.st/"
[Info   :Zeepkist GTR] 19:02:55 Sending HTTP request "POST" "https://graphql.zeepki.st/"
[Info   :Zeepkist GTR] 19:02:56 Received HTTP response headers after 184.752ms - 200
[Info   :Zeepkist GTR] 19:02:56 End processing HTTP request after 184.9754ms - 200
[Info   :Zeepkist GTR] 19:02:56 Received HTTP response headers after 200.8786ms - 200
[Info   :Zeepkist GTR] 19:02:56 End processing HTTP request after 201.0868ms - 200
[Info   :Zeepkist GTR] 19:02:56 Ghost version: 5
[Info   :Zeepkist GTR] 19:02:56 Received HTTP response headers after 375.4131ms - 200
[Info   :Zeepkist GTR] 19:02:56 End processing HTTP request after 375.6147ms - 200
[Info   :Zeepkist GTR] 19:02:56 Start processing HTTP request "POST" "https://graphql.zeepki.st/"
[Info   :Zeepkist GTR] 19:02:56 Sending HTTP request "POST" "https://graphql.zeepki.st/"
[Info   :Zeepkist GTR] 19:02:56 Received HTTP response headers after 186.092ms - 200
[Info   :Zeepkist GTR] 19:02:56 End processing HTTP request after 186.3206ms - 200
[Info   :Zeepkist GTR] 19:02:57 Starting recorder
[Info   :Zeepkist Bingo] [CHAT] Intercepted message: how
[Info   :Zeepkist Bingo] [CHAT] Not relaying - no bingo session
[Info   :Zeepkist Bingo] [BINGO] === PLAYER SPAWNED ===
[Info   :Zeepkist Bingo] [BINGO] IsInActiveSession: False
[Info   :Zeepkist Bingo] [BINGO] Not in active session, skipping timer reset
[Info   :Zeepkist GTR] 19:03:20 Loading personal best...
[Info   :Zeepkist GTR] 19:03:20 Start processing HTTP request "POST" "https://graphql.zeepki.st/"
[Info   :Zeepkist GTR] 19:03:20 Sending HTTP request "POST" "https://graphql.zeepki.st/"
[Info   :Zeepkist GTR] 19:03:20 Stopping existing recorder if any
[Info   :Zeepkist GTR] 19:03:20 Creating new recorder
[Info   :Zeepkist GTR] 19:03:20 Start processing HTTP request "POST" "https://graphql.zeepki.st/"
[Info   :Zeepkist GTR] 19:03:20 Sending HTTP request "POST" "https://graphql.zeepki.st/"
[Info   :Zeepkist GTR] 19:03:20 Start processing HTTP request "POST" "https://graphql.zeepki.st/"
[Info   :Zeepkist GTR] 19:03:20 Sending HTTP request "POST" "https://graphql.zeepki.st/"
[Info   :Zeepkist GTR] 19:03:20 Received HTTP response headers after 188.7521ms - 200
[Info   :Zeepkist GTR] 19:03:20 End processing HTTP request after 188.9598ms - 200
[Info   :Zeepkist GTR] 19:03:20 Received HTTP response headers after 192.8447ms - 200
[Info   :Zeepkist GTR] 19:03:20 End processing HTTP request after 193.0435ms - 200
[Info   :Zeepkist GTR] 19:03:20 Ghost version: 5
[Info   :Zeepkist GTR] 19:03:20 Received HTTP response headers after 376.3404ms - 200
[Info   :Zeepkist GTR] 19:03:20 End processing HTTP request after 376.5865ms - 200
[Info   :Zeepkist GTR] 19:03:20 Start processing HTTP request "POST" "https://graphql.zeepki.st/"
[Info   :Zeepkist GTR] 19:03:20 Sending HTTP request "POST" "https://graphql.zeepki.st/"
[Info   :Zeepkist GTR] 19:03:21 Received HTTP response headers after 185.7229ms - 200
[Info   :Zeepkist GTR] 19:03:21 End processing HTTP request after 185.9484ms - 200
[Info   :Zeepkist GTR] 19:03:22 Starting recorder
