[Message:   BepInEx] BepInEx 5.4.22.0 - Zeepkist (1/15/2026 3:08:57 PM)
[Info   :   BepInEx] Running under Unity v2021.3.10.1867021
[Info   :   BepInEx] CLR runtime version: 4.0.30319.42000
[Info   :   BepInEx] Supports SRE: True
[Info   :   BepInEx] System platform: Bits64, Windows
[Message:   BepInEx] Preloader started
[Info   :   BepInEx] Loaded 1 patcher method from [BepInEx.Preloader 5.4.22.0]
[Info   :   BepInEx] 1 patcher plugin loaded
[Info   :   BepInEx] Patching [UnityEngine.CoreModule] with [BepInEx.Chainloader]
[Message:   BepInEx] Preloader finished
[Message:   BepInEx] Chainloader ready
[Message:   BepInEx] Chainloader started
[Info   :   BepInEx] 11 plugins to load
[Info   :   BepInEx] Loading [Zeep SDK 2.6.1]
[Info   :  Zeep SDK] Plugin ZeepSDK is loaded!
[Info   :   BepInEx] Loading [AuthorTimeHunting 1.17.6]
[Info   :AuthorTimeHunting] StateMachine: Transitioning from null to StateMasterOff
[Info   :AuthorTimeHunting] Plugin AuthorTimeHunting is loaded!
[Info   :   BepInEx] Loading [BetterSplits 0.2.5]
[Info   :BetterSplits] Plugin BetterSplits is loaded!
[Info   :   BepInEx] Loading [TeamX 2.1]
[Info   :   BepInEx] Loading [FastStart 1.0.0]
[Info   : FastStart] Plugin FastStart is loaded!
[Info   :   BepInEx] Loading [Zeepkist Bingo 1.1.5]
[Info   :Zeepkist Bingo] Zeepkist Bingo v1.1.5 is loading...
[Info   :Zeepkist Bingo] [BINGO] Loaded 0 muted players
[Info   :Zeepkist Bingo] [BingoTTS] Initialized. Cache: C:/Users/joshs/AppData/Local/Temp/Steelpan Interactive/Zeepkist\ZeepkistBingo_TTS
[Info   :Zeepkist Bingo] [BingoTTS] Available voices: Microsoft David Desktop, Microsoft Zira Desktop
[Info   :Zeepkist Bingo] [BINGO UI] Menu initialized
[Info   :Zeepkist Bingo] [BINGO UI] Mini board initialized
[Info   :Zeepkist Bingo] [BINGO UI] Team status initialized
[Info   :Zeepkist Bingo] [BINGO] V2 UI components initialized
[Info   :Zeepkist Bingo] [InstantLoader] Initialized
[Info   :Zeepkist Bingo] Bingo commands registered
[Info   :Zeepkist Bingo] [BINGO TEST] Test commands registered (/bt0 - /bt50)
[Info   :Zeepkist Bingo] Event hooks registered
[Info   :Zeepkist Bingo] [WEBSOCKET] Base URL set to: wss://zeepkist-bingo.chrisleiter.workers.dev
[Info   :Zeepkist Bingo] Zeepkist Bingo loaded successfully!
[Info   :   BepInEx] Loading [COTDTracker 0.11.1]
[Info   :COTDTracker] Plugin COTDTracker is loaded!
[Info   :   BepInEx] Loading [Level Editor Trails 4.0.3]
[Info   :Level Editor Trails] Plugin LevelEditorTrails is loaded!
[Info   :   BepInEx] Loading [Zeepkist GTR 1.2.2]
[Info   :   BepInEx] Loading [Medal Times 5.3.1]
[Info   :Medal Times] Plugin net.tnrd.zeepkist.medaltimes is loaded!
[Info   :   BepInEx] Loading [ZeepTourney 0.0.9]
[Info   :ZeepTourney] Plugin ZeepTourney is loaded!
[Message:   BepInEx] Chainloader startup complete
[Info   :Zeepkist Bingo] [BINGO AUDIO] Generating custom sounds...
[Info   :Zeepkist Bingo] [BINGO AUDIO] All custom sounds generated!
[Info   :Zeepkist Bingo] [BINGO AUDIO] Custom FMOD audio system initialized!
[Fatal  :Zeepkist GTR] 17:59:16 Unable to load UI assembly
[Info   :Zeepkist GTR] 17:59:16 Loaded 4 shaders from gtr-shaders asset bundle
[Info   :Zeepkist GTR] 17:59:16 Patching
[Info   :Zeepkist GTR] 17:59:17 Found 19 eager services
[Info   :Zeepkist GTR] Plugin net.tnrd.zeepkist.gtr is loaded!
[Info   :     TeamX]  [TEAMX] Initializing TeamX...
[Info   :Zeepkist GTR] 17:59:38 Start processing HTTP request "POST" https://backend.zeepki.st/auth/login
[Info   :Zeepkist GTR] 17:59:38 Sending HTTP request "POST" https://backend.zeepki.st/auth/login
[Info   :CrashlyticsApi] Initializing bugsnag
[Info   :CrashlyticsApi] Bugsnag initialized
[Info   :Zeepkist GTR] 17:59:39 Received HTTP response headers after 1212.4307ms - 200
[Info   :Zeepkist GTR] 17:59:39 End processing HTTP request after 1226.3982ms - 200
[Info   :Zeepkist Bingo] [BINGO] Level loaded
[Info   :Zeepkist GTR] 18:00:11 Skipping level request because workshop ID or hash is missing
[Info   :BetterSplits] getting gtr splits
[Info   :Zeepkist Bingo] [BINGO] === PLAYER SPAWNED ===
[Info   :Zeepkist Bingo] [BINGO] IsInActiveSession: False
[Info   :Zeepkist Bingo] [BINGO] Not in active session, skipping timer reset
[Info   :Zeepkist GTR] 18:00:11 Loading personal best...
[Info   :Zeepkist GTR] 18:00:11 Start processing HTTP request "POST" https://graphql.zeepki.st/
[Info   :Zeepkist GTR] 18:00:11 Sending HTTP request "POST" https://graphql.zeepki.st/
[Info   :Zeepkist GTR] 18:00:11 Stopping existing recorder if any
[Info   :Zeepkist GTR] 18:00:11 Creating new recorder
[Info   :Zeepkist GTR] 18:00:11 Start processing HTTP request "POST" https://graphql.zeepki.st/
[Info   :Zeepkist GTR] 18:00:11 Sending HTTP request "POST" https://graphql.zeepki.st/
[Info   :Zeepkist GTR] 18:00:11 Start processing HTTP request "POST" https://graphql.zeepki.st/
[Info   :Zeepkist GTR] 18:00:11 Sending HTTP request "POST" https://graphql.zeepki.st/
[Info   :BetterSplits] got gtr splits
[Info   :Zeepkist GTR] 18:00:11 Received HTTP response headers after 305.2527ms - 200
[Info   :Zeepkist GTR] 18:00:11 End processing HTTP request after 305.575ms - 200
[Info   :Zeepkist GTR] 18:00:11 Received HTTP response headers after 329.1899ms - 200
[Info   :Zeepkist GTR] 18:00:11 End processing HTTP request after 329.5151ms - 200
[Info   :Zeepkist GTR] 18:00:12 Received HTTP response headers after 501.0286ms - 200
[Info   :Zeepkist GTR] 18:00:12 End processing HTTP request after 527.8482ms - 200
[Info   :Zeepkist GTR] 18:00:12 Start processing HTTP request "POST" https://graphql.zeepki.st/
[Info   :Zeepkist GTR] 18:00:12 Sending HTTP request "POST" https://graphql.zeepki.st/
[Info   :Zeepkist GTR] 18:00:12 Received HTTP response headers after 345.7824ms - 200
[Info   :Zeepkist GTR] 18:00:12 End processing HTTP request after 346.2009ms - 200
[Info   :Zeepkist GTR] 18:00:13 Starting recorder
[Info   :Zeepkist Bingo] [BINGO] === PLAYER SPAWNED ===
[Info   :Zeepkist Bingo] [BINGO] IsInActiveSession: False
[Info   :Zeepkist Bingo] [BINGO] Not in active session, skipping timer reset
[Info   :Zeepkist GTR] 18:00:20 Loading personal best...
[Info   :Zeepkist GTR] 18:00:20 Start processing HTTP request "POST" https://graphql.zeepki.st/
[Info   :Zeepkist GTR] 18:00:20 Sending HTTP request "POST" https://graphql.zeepki.st/
[Info   :Zeepkist GTR] 18:00:20 Stopping existing recorder if any
[Info   :Zeepkist GTR] 18:00:20 Creating new recorder
[Info   :Zeepkist GTR] 18:00:20 Start processing HTTP request "POST" https://graphql.zeepki.st/
[Info   :Zeepkist GTR] 18:00:20 Sending HTTP request "POST" https://graphql.zeepki.st/
[Info   :Zeepkist GTR] 18:00:20 Start processing HTTP request "POST" https://graphql.zeepki.st/
[Info   :Zeepkist GTR] 18:00:20 Sending HTTP request "POST" https://graphql.zeepki.st/
[Info   :Zeepkist GTR] 18:00:21 Received HTTP response headers after 711.8042ms - 200
[Info   :Zeepkist GTR] 18:00:21 End processing HTTP request after 712.0554ms - 200
[Info   :Zeepkist GTR] 18:00:21 Received HTTP response headers after 749.3058ms - 200
[Info   :Zeepkist GTR] 18:00:21 End processing HTTP request after 749.6039ms - 200
[Info   :Zeepkist GTR] 18:00:21 Received HTTP response headers after 915.4985ms - 200
[Info   :Zeepkist GTR] 18:00:21 End processing HTTP request after 915.7757ms - 200
[Info   :Zeepkist GTR] 18:00:21 Start processing HTTP request "POST" https://graphql.zeepki.st/
[Info   :Zeepkist GTR] 18:00:21 Sending HTTP request "POST" https://graphql.zeepki.st/
[Info   :Zeepkist GTR] 18:00:21 Received HTTP response headers after 246.1572ms - 200
[Info   :Zeepkist GTR] 18:00:21 End processing HTTP request after 246.4804ms - 200
[Info   :Zeepkist GTR] 18:00:22 Starting recorder
[Info   :Zeepkist GTR] 18:00:23 Discarding recorder
[Info   :Zeepkist Bingo] [BINGO] Level loaded
[Info   :Zeepkist GTR] 18:00:38 Start processing HTTP request "POST" https://backend.zeepki.st/level/request
[Info   :Zeepkist GTR] 18:00:38 Sending HTTP request "POST" https://backend.zeepki.st/level/request
[Info   :BetterSplits] getting gtr splits
[Info   :Zeepkist Bingo] [BINGO] === PLAYER SPAWNED ===
[Info   :Zeepkist Bingo] [BINGO] IsInActiveSession: False
[Info   :Zeepkist Bingo] [BINGO] Not in active session, skipping timer reset
[Info   :Zeepkist GTR] 18:00:38 Loading personal best...
[Info   :Zeepkist GTR] 18:00:38 Start processing HTTP request "POST" https://graphql.zeepki.st/
[Info   :Zeepkist GTR] 18:00:38 Sending HTTP request "POST" https://graphql.zeepki.st/
[Info   :Zeepkist GTR] 18:00:38 Stopping existing recorder if any
[Info   :Zeepkist GTR] 18:00:38 Creating new recorder
[Info   :Zeepkist GTR] 18:00:38 Start processing HTTP request "POST" https://graphql.zeepki.st/
[Info   :Zeepkist GTR] 18:00:38 Sending HTTP request "POST" https://graphql.zeepki.st/
[Info   :Zeepkist GTR] 18:00:38 Start processing HTTP request "POST" https://graphql.zeepki.st/
[Info   :Zeepkist GTR] 18:00:38 Sending HTTP request "POST" https://graphql.zeepki.st/
[Info   :Zeepkist GTR] 18:00:38 Received HTTP response headers after 195.8017ms - 200
[Info   :Zeepkist GTR] 18:00:38 End processing HTTP request after 196.0583ms - 200
[Info   :BetterSplits] got gtr splits
[Info   :Zeepkist GTR] 18:00:38 Received HTTP response headers after 204.0695ms - 200
[Info   :Zeepkist GTR] 18:00:38 End processing HTTP request after 204.3571ms - 200
[Info   :Zeepkist GTR] 18:00:38 Received HTTP response headers after 204.8875ms - 200
[Info   :Zeepkist GTR] 18:00:38 End processing HTTP request after 205.1593ms - 200
[Info   :Zeepkist GTR] 18:00:38 Received HTTP response headers after 393.8805ms - 200
[Info   :Zeepkist GTR] 18:00:38 End processing HTTP request after 394.1026ms - 200
[Info   :Zeepkist GTR] 18:00:38 Start processing HTTP request "POST" https://graphql.zeepki.st/
[Info   :Zeepkist GTR] 18:00:38 Sending HTTP request "POST" https://graphql.zeepki.st/
[Info   :Zeepkist GTR] 18:00:39 Received HTTP response headers after 180.587ms - 200
[Info   :Zeepkist GTR] 18:00:39 End processing HTTP request after 180.8205ms - 200
[Info   :Zeepkist GTR] 18:00:40 Starting recorder
[Info   :Zeepkist GTR] 18:05:36 Discarding recorder
[Info   :Zeepkist Bingo] [BINGO] Level loaded
[Info   :Zeepkist GTR] 18:05:51 Start processing HTTP request "POST" https://backend.zeepki.st/level/request
[Info   :Zeepkist GTR] 18:05:51 Sending HTTP request "POST" https://backend.zeepki.st/level/request
[Info   :BetterSplits] getting gtr splits
[Info   :Zeepkist Bingo] [BINGO] === PLAYER SPAWNED ===
[Info   :Zeepkist Bingo] [BINGO] IsInActiveSession: False
[Info   :Zeepkist Bingo] [BINGO] Not in active session, skipping timer reset
[Info   :Zeepkist GTR] 18:05:51 Loading personal best...
[Info   :Zeepkist GTR] 18:05:51 Start processing HTTP request "POST" https://graphql.zeepki.st/
[Info   :Zeepkist GTR] 18:05:51 Sending HTTP request "POST" https://graphql.zeepki.st/
[Info   :Zeepkist GTR] 18:05:51 Stopping existing recorder if any
[Info   :Zeepkist GTR] 18:05:51 Creating new recorder
[Info   :Zeepkist GTR] 18:05:51 Start processing HTTP request "POST" https://graphql.zeepki.st/
[Info   :Zeepkist GTR] 18:05:51 Sending HTTP request "POST" https://graphql.zeepki.st/
[Info   :Zeepkist GTR] 18:05:51 Start processing HTTP request "POST" https://graphql.zeepki.st/
[Info   :Zeepkist GTR] 18:05:51 Sending HTTP request "POST" https://graphql.zeepki.st/
[Info   :Zeepkist GTR] 18:05:51 Received HTTP response headers after 311.6438ms - 200
[Info   :Zeepkist GTR] 18:05:51 End processing HTTP request after 312.0338ms - 200
[Info   :BetterSplits] got gtr splits
[Info   :Zeepkist GTR] 18:05:51 Received HTTP response headers after 759.2138ms - 200
[Info   :Zeepkist GTR] 18:05:51 End processing HTTP request after 759.4617ms - 200
[Info   :Zeepkist GTR] 18:05:52 Received HTTP response headers after 510.1039ms - 200
[Info   :Zeepkist GTR] 18:05:52 End processing HTTP request after 510.3126ms - 200
[Info   :Zeepkist GTR] 18:05:52 Start processing HTTP request "POST" https://graphql.zeepki.st/
[Info   :Zeepkist GTR] 18:05:52 Sending HTTP request "POST" https://graphql.zeepki.st/
[Info   :Zeepkist GTR] 18:05:52 Received HTTP response headers after 911.4589ms - 200
[Info   :Zeepkist GTR] 18:05:52 End processing HTTP request after 911.7339ms - 200
[Info   :Zeepkist GTR] 18:05:52 Received HTTP response headers after 186.4959ms - 200
[Info   :Zeepkist GTR] 18:05:52 End processing HTTP request after 186.7495ms - 200
[Info   :Zeepkist GTR] 18:05:53 Starting recorder
[Info   :Zeepkist Bingo] [CHAT] Intercepted message: back
[Info   :Zeepkist Bingo] [CHAT] Not relaying - no bingo session
[Info   :Zeepkist Bingo] [BINGO] === PLAYER SPAWNED ===
[Info   :Zeepkist Bingo] [BINGO] IsInActiveSession: False
[Info   :Zeepkist Bingo] [BINGO] Not in active session, skipping timer reset
[Info   :Zeepkist GTR] 18:08:04 Loading personal best...
[Info   :Zeepkist GTR] 18:08:04 Start processing HTTP request "POST" https://graphql.zeepki.st/
[Info   :Zeepkist GTR] 18:08:04 Sending HTTP request "POST" https://graphql.zeepki.st/
[Info   :Zeepkist GTR] 18:08:04 Stopping existing recorder if any
[Info   :Zeepkist GTR] 18:08:04 Creating new recorder
[Info   :Zeepkist GTR] 18:08:04 Start processing HTTP request "POST" https://graphql.zeepki.st/
[Info   :Zeepkist GTR] 18:08:04 Sending HTTP request "POST" https://graphql.zeepki.st/
[Info   :Zeepkist GTR] 18:08:04 Start processing HTTP request "POST" https://graphql.zeepki.st/
[Info   :Zeepkist GTR] 18:08:04 Sending HTTP request "POST" https://graphql.zeepki.st/
[Info   :Zeepkist GTR] 18:08:05 Received HTTP response headers after 795.888ms - 200
[Info   :Zeepkist GTR] 18:08:05 Received HTTP response headers after 796.3546ms - 200
[Info   :Zeepkist GTR] 18:08:05 End processing HTTP request after 796.157ms - 200
[Info   :Zeepkist GTR] 18:08:05 End processing HTTP request after 796.7141ms - 200
[Info   :Zeepkist GTR] 18:08:06 Starting recorder
[Info   :Zeepkist GTR] 18:08:06 Received HTTP response headers after 2037.8736ms - 200
[Info   :Zeepkist GTR] 18:08:06 End processing HTTP request after 2038.1537ms - 200
[Info   :Zeepkist GTR] 18:08:06 Start processing HTTP request "POST" https://graphql.zeepki.st/
[Info   :Zeepkist GTR] 18:08:06 Sending HTTP request "POST" https://graphql.zeepki.st/
[Info   :Zeepkist GTR] 18:08:06 Received HTTP response headers after 191.7302ms - 200
[Info   :Zeepkist GTR] 18:08:06 End processing HTTP request after 192.0446ms - 200
[Info   :Zeepkist GTR] 18:08:51 Stopping recorder
[Info   :Zeepkist GTR] 18:08:51 Collecting extra information
[Info   :Zeepkist GTR] 18:08:51 Resolved workshop ID "3321068147" from lobby 3321068147 and level 0
[Info   :Zeepkist GTR] 18:08:51 Processing ghost data
[Info   :Zeepkist GTR] 18:08:51 Creating stream
[Info   :Zeepkist GTR] 18:08:51 Writing to stream
[Info   :Zeepkist GTR] 18:08:52 Getting buffer
[Info   :Zeepkist GTR] 18:08:52 Converting to base64
[Info   :Zeepkist GTR] 18:08:52 Creating resource
[Info   :Zeepkist GTR] 18:08:52 Start processing HTTP request "POST" https://backend.zeepki.st/record/submit
[Info   :Zeepkist GTR] 18:08:52 Sending HTTP request "POST" https://backend.zeepki.st/record/submit
[Info   :Zeepkist GTR] 18:08:53 Received HTTP response headers after 1218.0616ms - 200
[Info   :Zeepkist GTR] 18:08:53 End processing HTTP request after 1218.3193ms - 200
[Info   :Zeepkist Bingo] [BINGO] === PLAYER SPAWNED ===
[Info   :Zeepkist Bingo] [BINGO] IsInActiveSession: False
[Info   :Zeepkist Bingo] [BINGO] Not in active session, skipping timer reset
[Info   :Zeepkist GTR] 18:08:53 Loading personal best...
[Info   :Zeepkist GTR] 18:08:53 Start processing HTTP request "POST" https://graphql.zeepki.st/
[Info   :Zeepkist GTR] 18:08:53 Sending HTTP request "POST" https://graphql.zeepki.st/
[Info   :Zeepkist GTR] 18:08:53 Stopping existing recorder if any
[Info   :Zeepkist GTR] 18:08:53 Creating new recorder
[Info   :Zeepkist GTR] 18:08:53 Start processing HTTP request "POST" https://graphql.zeepki.st/
[Info   :Zeepkist GTR] 18:08:53 Sending HTTP request "POST" https://graphql.zeepki.st/
[Info   :Zeepkist GTR] 18:08:53 Start processing HTTP request "POST" https://graphql.zeepki.st/
[Info   :Zeepkist GTR] 18:08:53 Sending HTTP request "POST" https://graphql.zeepki.st/
[Info   :Zeepkist GTR] 18:08:53 Received HTTP response headers after 186.0019ms - 200
[Info   :Zeepkist GTR] 18:08:53 End processing HTTP request after 186.2389ms - 200
[Info   :Zeepkist GTR] 18:08:53 Received HTTP response headers after 198.9846ms - 200
[Info   :Zeepkist GTR] 18:08:53 End processing HTTP request after 199.3028ms - 200
[Info   :Zeepkist GTR] 18:08:54 Received HTTP response headers after 353.0083ms - 200
[Info   :Zeepkist GTR] 18:08:54 End processing HTTP request after 353.2595ms - 200
[Info   :Zeepkist GTR] 18:08:54 Start processing HTTP request "POST" https://graphql.zeepki.st/
[Info   :Zeepkist GTR] 18:08:54 Sending HTTP request "POST" https://graphql.zeepki.st/
[Info   :Zeepkist GTR] 18:08:54 Received HTTP response headers after 185.3961ms - 200
[Info   :Zeepkist GTR] 18:08:54 End processing HTTP request after 185.674ms - 200
[Info   :Zeepkist GTR] 18:08:55 Starting recorder
[Info   :Zeepkist Bingo] [BINGO] === PLAYER SPAWNED ===
[Info   :Zeepkist Bingo] [BINGO] IsInActiveSession: False
[Info   :Zeepkist Bingo] [BINGO] Not in active session, skipping timer reset
[Info   :Zeepkist GTR] 18:09:13 Loading personal best...
[Info   :Zeepkist GTR] 18:09:13 Start processing HTTP request "POST" https://graphql.zeepki.st/
[Info   :Zeepkist GTR] 18:09:13 Sending HTTP request "POST" https://graphql.zeepki.st/
[Info   :Zeepkist GTR] 18:09:13 Stopping existing recorder if any
[Info   :Zeepkist GTR] 18:09:13 Creating new recorder
[Info   :Zeepkist GTR] 18:09:13 Start processing HTTP request "POST" https://graphql.zeepki.st/
[Info   :Zeepkist GTR] 18:09:13 Sending HTTP request "POST" https://graphql.zeepki.st/
[Info   :Zeepkist GTR] 18:09:13 Start processing HTTP request "POST" https://graphql.zeepki.st/
[Info   :Zeepkist GTR] 18:09:13 Sending HTTP request "POST" https://graphql.zeepki.st/
[Info   :Zeepkist GTR] 18:09:13 Received HTTP response headers after 180.353ms - 200
[Info   :Zeepkist GTR] 18:09:13 End processing HTTP request after 180.6809ms - 200
[Info   :Zeepkist GTR] 18:09:13 Received HTTP response headers after 189.782ms - 200
[Info   :Zeepkist GTR] 18:09:13 End processing HTTP request after 190.034ms - 200
[Info   :Zeepkist GTR] 18:09:14 Received HTTP response headers after 379.7803ms - 200
[Info   :Zeepkist GTR] 18:09:14 End processing HTTP request after 380.0353ms - 200
[Info   :Zeepkist GTR] 18:09:14 Start processing HTTP request "POST" https://graphql.zeepki.st/
[Info   :Zeepkist GTR] 18:09:14 Sending HTTP request "POST" https://graphql.zeepki.st/
[Info   :Zeepkist GTR] 18:09:14 Received HTTP response headers after 189.8038ms - 200
[Info   :Zeepkist GTR] 18:09:14 End processing HTTP request after 190.0849ms - 200
[Info   :Zeepkist GTR] 18:09:15 Starting recorder
[Info   :Zeepkist Bingo] [BINGO] === PLAYER SPAWNED ===
[Info   :Zeepkist Bingo] [BINGO] IsInActiveSession: False
[Info   :Zeepkist Bingo] [BINGO] Not in active session, skipping timer reset
[Info   :Zeepkist GTR] 18:09:16 Loading personal best...
[Info   :Zeepkist GTR] 18:09:16 Start processing HTTP request "POST" https://graphql.zeepki.st/
[Info   :Zeepkist GTR] 18:09:16 Sending HTTP request "POST" https://graphql.zeepki.st/
[Info   :Zeepkist GTR] 18:09:16 Stopping existing recorder if any
[Info   :Zeepkist GTR] 18:09:16 Creating new recorder
[Info   :Zeepkist GTR] 18:09:16 Start processing HTTP request "POST" https://graphql.zeepki.st/
[Info   :Zeepkist GTR] 18:09:16 Sending HTTP request "POST" https://graphql.zeepki.st/
[Info   :Zeepkist GTR] 18:09:16 Start processing HTTP request "POST" https://graphql.zeepki.st/
[Info   :Zeepkist GTR] 18:09:16 Sending HTTP request "POST" https://graphql.zeepki.st/
[Info   :Zeepkist GTR] 18:09:16 Received HTTP response headers after 224.8245ms - 200
[Info   :Zeepkist GTR] 18:09:16 Received HTTP response headers after 224.2512ms - 200
[Info   :Zeepkist GTR] 18:09:16 End processing HTTP request after 225.1294ms - 200
[Info   :Zeepkist GTR] 18:09:16 End processing HTTP request after 224.5354ms - 200
[Info   :Zeepkist GTR] 18:09:16 Received HTTP response headers after 402.375ms - 200
[Info   :Zeepkist GTR] 18:09:16 End processing HTTP request after 402.6154ms - 200
[Info   :Zeepkist GTR] 18:09:16 Start processing HTTP request "POST" https://graphql.zeepki.st/
[Info   :Zeepkist GTR] 18:09:16 Sending HTTP request "POST" https://graphql.zeepki.st/
[Info   :Zeepkist GTR] 18:09:17 Received HTTP response headers after 185.9021ms - 200
[Info   :Zeepkist GTR] 18:09:17 End processing HTTP request after 186.1819ms - 200
[Info   :Zeepkist GTR] 18:09:18 Starting recorder
[Info   :Zeepkist Bingo] [BINGO] === PLAYER SPAWNED ===
[Info   :Zeepkist Bingo] [BINGO] IsInActiveSession: False
[Info   :Zeepkist Bingo] [BINGO] Not in active session, skipping timer reset
[Info   :Zeepkist GTR] 18:09:31 Loading personal best...
[Info   :Zeepkist GTR] 18:09:31 Start processing HTTP request "POST" https://graphql.zeepki.st/
[Info   :Zeepkist GTR] 18:09:31 Sending HTTP request "POST" https://graphql.zeepki.st/
[Info   :Zeepkist GTR] 18:09:31 Stopping existing recorder if any
[Info   :Zeepkist GTR] 18:09:31 Creating new recorder
[Info   :Zeepkist GTR] 18:09:31 Start processing HTTP request "POST" https://graphql.zeepki.st/
[Info   :Zeepkist GTR] 18:09:31 Sending HTTP request "POST" https://graphql.zeepki.st/
[Info   :Zeepkist GTR] 18:09:31 Start processing HTTP request "POST" https://graphql.zeepki.st/
[Info   :Zeepkist GTR] 18:09:31 Sending HTTP request "POST" https://graphql.zeepki.st/
[Info   :Zeepkist GTR] 18:09:31 Received HTTP response headers after 196.9968ms - 200
[Info   :Zeepkist GTR] 18:09:31 End processing HTTP request after 197.237ms - 200
[Info   :Zeepkist GTR] 18:09:31 Received HTTP response headers after 210.4386ms - 200
[Info   :Zeepkist GTR] 18:09:31 End processing HTTP request after 210.7705ms - 200
[Info   :Zeepkist GTR] 18:09:31 Received HTTP response headers after 389.2404ms - 200
[Info   :Zeepkist GTR] 18:09:31 End processing HTTP request after 389.5139ms - 200
[Info   :Zeepkist GTR] 18:09:31 Start processing HTTP request "POST" https://graphql.zeepki.st/
[Info   :Zeepkist GTR] 18:09:31 Sending HTTP request "POST" https://graphql.zeepki.st/
[Info   :Zeepkist GTR] 18:09:32 Received HTTP response headers after 183.6812ms - 200
[Info   :Zeepkist GTR] 18:09:32 End processing HTTP request after 185.118ms - 200
[Info   :Zeepkist GTR] 18:09:33 Starting recorder
[Info   :Zeepkist Bingo] [BINGO] === PLAYER SPAWNED ===
[Info   :Zeepkist Bingo] [BINGO] IsInActiveSession: False
[Info   :Zeepkist Bingo] [BINGO] Not in active session, skipping timer reset
[Info   :Zeepkist GTR] 18:09:59 Loading personal best...
[Info   :Zeepkist GTR] 18:09:59 Start processing HTTP request "POST" https://graphql.zeepki.st/
[Info   :Zeepkist GTR] 18:09:59 Sending HTTP request "POST" https://graphql.zeepki.st/
[Info   :Zeepkist GTR] 18:09:59 Stopping existing recorder if any
[Info   :Zeepkist GTR] 18:09:59 Creating new recorder
[Info   :Zeepkist GTR] 18:09:59 Start processing HTTP request "POST" https://graphql.zeepki.st/
[Info   :Zeepkist GTR] 18:09:59 Sending HTTP request "POST" https://graphql.zeepki.st/
[Info   :Zeepkist GTR] 18:09:59 Start processing HTTP request "POST" https://graphql.zeepki.st/
[Info   :Zeepkist GTR] 18:09:59 Sending HTTP request "POST" https://graphql.zeepki.st/
[Info   :Zeepkist GTR] 18:09:59 Received HTTP response headers after 295.5836ms - 200
[Info   :Zeepkist GTR] 18:09:59 End processing HTTP request after 295.902ms - 200
[Info   :Zeepkist GTR] 18:09:59 Received HTTP response headers after 317.6676ms - 200
[Info   :Zeepkist GTR] 18:09:59 End processing HTTP request after 317.9216ms - 200
[Info   :Zeepkist GTR] 18:09:59 Received HTTP response headers after 476.2812ms - 200
[Info   :Zeepkist GTR] 18:09:59 End processing HTTP request after 476.5385ms - 200
[Info   :Zeepkist GTR] 18:09:59 Start processing HTTP request "POST" https://graphql.zeepki.st/
[Info   :Zeepkist GTR] 18:09:59 Sending HTTP request "POST" https://graphql.zeepki.st/
[Info   :Zeepkist GTR] 18:09:59 Received HTTP response headers after 211.8311ms - 200
[Info   :Zeepkist GTR] 18:09:59 End processing HTTP request after 212.504ms - 200
[Info   :Zeepkist GTR] 18:10:00 Starting recorder
[Info   :Zeepkist Bingo] [BINGO] === PLAYER SPAWNED ===
[Info   :Zeepkist Bingo] [BINGO] IsInActiveSession: False
[Info   :Zeepkist Bingo] [BINGO] Not in active session, skipping timer reset
[Info   :Zeepkist GTR] 18:10:06 Loading personal best...
[Info   :Zeepkist GTR] 18:10:06 Start processing HTTP request "POST" https://graphql.zeepki.st/
[Info   :Zeepkist GTR] 18:10:06 Sending HTTP request "POST" https://graphql.zeepki.st/
[Info   :Zeepkist GTR] 18:10:06 Stopping existing recorder if any
[Info   :Zeepkist GTR] 18:10:06 Creating new recorder
[Info   :Zeepkist GTR] 18:10:06 Start processing HTTP request "POST" https://graphql.zeepki.st/
[Info   :Zeepkist GTR] 18:10:06 Sending HTTP request "POST" https://graphql.zeepki.st/
[Info   :Zeepkist GTR] 18:10:06 Start processing HTTP request "POST" https://graphql.zeepki.st/
[Info   :Zeepkist GTR] 18:10:06 Sending HTTP request "POST" https://graphql.zeepki.st/
[Info   :Zeepkist GTR] 18:10:07 Received HTTP response headers after 341.5678ms - 200
[Info   :Zeepkist GTR] 18:10:07 End processing HTTP request after 341.8379ms - 200
[Info   :Zeepkist GTR] 18:10:07 Received HTTP response headers after 351.4571ms - 200
[Info   :Zeepkist GTR] 18:10:07 End processing HTTP request after 351.6811ms - 200
[Info   :Zeepkist GTR] 18:10:07 Received HTTP response headers after 542.9329ms - 200
[Info   :Zeepkist GTR] 18:10:07 End processing HTTP request after 543.214ms - 200
[Info   :Zeepkist GTR] 18:10:07 Start processing HTTP request "POST" https://graphql.zeepki.st/
[Info   :Zeepkist GTR] 18:10:07 Sending HTTP request "POST" https://graphql.zeepki.st/
[Info   :Zeepkist GTR] 18:10:07 Received HTTP response headers after 201.1881ms - 200
[Info   :Zeepkist GTR] 18:10:07 End processing HTTP request after 201.5276ms - 200
[Info   :Zeepkist GTR] 18:10:08 Starting recorder
[Info   :Zeepkist Bingo] [BINGO] === PLAYER SPAWNED ===
[Info   :Zeepkist Bingo] [BINGO] IsInActiveSession: False
[Info   :Zeepkist Bingo] [BINGO] Not in active session, skipping timer reset
[Info   :Zeepkist GTR] 18:10:29 Loading personal best...
[Info   :Zeepkist GTR] 18:10:29 Start processing HTTP request "POST" https://graphql.zeepki.st/
[Info   :Zeepkist GTR] 18:10:29 Sending HTTP request "POST" https://graphql.zeepki.st/
[Info   :Zeepkist GTR] 18:10:29 Stopping existing recorder if any
[Info   :Zeepkist GTR] 18:10:29 Creating new recorder
[Info   :Zeepkist GTR] 18:10:29 Start processing HTTP request "POST" https://graphql.zeepki.st/
[Info   :Zeepkist GTR] 18:10:29 Sending HTTP request "POST" https://graphql.zeepki.st/
[Info   :Zeepkist GTR] 18:10:29 Start processing HTTP request "POST" https://graphql.zeepki.st/
[Info   :Zeepkist GTR] 18:10:29 Sending HTTP request "POST" https://graphql.zeepki.st/
[Info   :Zeepkist GTR] 18:10:29 Received HTTP response headers after 204.6986ms - 200
[Info   :Zeepkist GTR] 18:10:29 End processing HTTP request after 204.9556ms - 200
[Info   :Zeepkist GTR] 18:10:29 Received HTTP response headers after 210.4524ms - 200
[Info   :Zeepkist GTR] 18:10:29 End processing HTTP request after 210.7125ms - 200
[Info   :Zeepkist GTR] 18:10:29 Received HTTP response headers after 396.2035ms - 200
[Info   :Zeepkist GTR] 18:10:29 End processing HTTP request after 396.463ms - 200
[Info   :Zeepkist GTR] 18:10:29 Start processing HTTP request "POST" https://graphql.zeepki.st/
[Info   :Zeepkist GTR] 18:10:29 Sending HTTP request "POST" https://graphql.zeepki.st/
[Info   :Zeepkist GTR] 18:10:30 Received HTTP response headers after 188.1326ms - 200
[Info   :Zeepkist GTR] 18:10:30 End processing HTTP request after 188.4181ms - 200
[Info   :Zeepkist GTR] 18:10:31 Starting recorder
[Info   :Zeepkist Bingo] [BINGO] === PLAYER SPAWNED ===
[Info   :Zeepkist Bingo] [BINGO] IsInActiveSession: False
[Info   :Zeepkist Bingo] [BINGO] Not in active session, skipping timer reset
[Info   :Zeepkist GTR] 18:10:43 Loading personal best...
[Info   :Zeepkist GTR] 18:10:43 Start processing HTTP request "POST" https://graphql.zeepki.st/
[Info   :Zeepkist GTR] 18:10:43 Sending HTTP request "POST" https://graphql.zeepki.st/
[Info   :Zeepkist GTR] 18:10:43 Stopping existing recorder if any
[Info   :Zeepkist GTR] 18:10:43 Creating new recorder
[Info   :Zeepkist GTR] 18:10:43 Start processing HTTP request "POST" https://graphql.zeepki.st/
[Info   :Zeepkist GTR] 18:10:43 Sending HTTP request "POST" https://graphql.zeepki.st/
[Info   :Zeepkist GTR] 18:10:43 Start processing HTTP request "POST" https://graphql.zeepki.st/
[Info   :Zeepkist GTR] 18:10:43 Sending HTTP request "POST" https://graphql.zeepki.st/
[Info   :Zeepkist GTR] 18:10:44 Received HTTP response headers after 194.1829ms - 200
[Info   :Zeepkist GTR] 18:10:44 End processing HTTP request after 194.5498ms - 200
[Info   :Zeepkist GTR] 18:10:44 Received HTTP response headers after 204.7414ms - 200
[Info   :Zeepkist GTR] 18:10:44 End processing HTTP request after 205.0108ms - 200
[Info   :Zeepkist GTR] 18:10:44 Received HTTP response headers after 389.869ms - 200
[Info   :Zeepkist GTR] 18:10:44 End processing HTTP request after 390.1052ms - 200
[Info   :Zeepkist GTR] 18:10:44 Start processing HTTP request "POST" https://graphql.zeepki.st/
[Info   :Zeepkist GTR] 18:10:44 Sending HTTP request "POST" https://graphql.zeepki.st/
[Info   :Zeepkist GTR] 18:10:44 Received HTTP response headers after 181.942ms - 200
[Info   :Zeepkist GTR] 18:10:44 End processing HTTP request after 182.4685ms - 200
[Info   :Zeepkist GTR] 18:10:45 Starting recorder
[Info   :Zeepkist GTR] 18:10:49 Discarding recorder
[Info   :Zeepkist Bingo] [BINGO] Level loaded
[Info   :Zeepkist GTR] 18:11:04 Start processing HTTP request "POST" https://backend.zeepki.st/level/request
[Info   :Zeepkist GTR] 18:11:04 Sending HTTP request "POST" https://backend.zeepki.st/level/request
[Info   :BetterSplits] getting gtr splits
[Info   :Zeepkist Bingo] [BINGO] === PLAYER SPAWNED ===
[Info   :Zeepkist Bingo] [BINGO] IsInActiveSession: False
[Info   :Zeepkist Bingo] [BINGO] Not in active session, skipping timer reset
[Info   :Zeepkist GTR] 18:11:04 Loading personal best...
[Info   :Zeepkist GTR] 18:11:04 Start processing HTTP request "POST" https://graphql.zeepki.st/
[Info   :Zeepkist GTR] 18:11:04 Sending HTTP request "POST" https://graphql.zeepki.st/
[Info   :Zeepkist GTR] 18:11:04 Stopping existing recorder if any
[Info   :Zeepkist GTR] 18:11:04 Creating new recorder
[Info   :Zeepkist GTR] 18:11:04 Start processing HTTP request "POST" https://graphql.zeepki.st/
[Info   :Zeepkist GTR] 18:11:04 Sending HTTP request "POST" https://graphql.zeepki.st/
[Info   :Zeepkist GTR] 18:11:04 Start processing HTTP request "POST" https://graphql.zeepki.st/
[Info   :Zeepkist GTR] 18:11:04 Sending HTTP request "POST" https://graphql.zeepki.st/
[Info   :Zeepkist GTR] 18:11:04 Received HTTP response headers after 787.127ms - 200
[Info   :Zeepkist GTR] 18:11:04 End processing HTTP request after 787.4182ms - 200
[Info   :Zeepkist GTR] 18:11:05 Received HTTP response headers after 849.0378ms - 200
[Info   :Zeepkist GTR] 18:11:05 End processing HTTP request after 849.3184ms - 200
[Info   :BetterSplits] got gtr splits
[Info   :Zeepkist GTR] 18:11:05 Received HTTP response headers after 968.8791ms - 200
[Info   :Zeepkist GTR] 18:11:05 End processing HTTP request after 969.1846ms - 200
[Info   :Zeepkist GTR] 18:11:05 Received HTTP response headers after 1040.4329ms - 200
[Info   :Zeepkist GTR] 18:11:05 End processing HTTP request after 1040.6998ms - 200
[Info   :Zeepkist GTR] 18:11:05 Start processing HTTP request "POST" https://graphql.zeepki.st/
[Info   :Zeepkist GTR] 18:11:05 Sending HTTP request "POST" https://graphql.zeepki.st/
[Info   :Zeepkist GTR] 18:11:05 Received HTTP response headers after 189.633ms - 200
[Info   :Zeepkist GTR] 18:11:05 End processing HTTP request after 189.9419ms - 200
[Info   :Zeepkist Bingo] [BINGO] === PLAYER SPAWNED ===
[Info   :Zeepkist Bingo] [BINGO] IsInActiveSession: False
[Info   :Zeepkist Bingo] [BINGO] Not in active session, skipping timer reset
[Info   :Zeepkist GTR] 18:11:05 Loading personal best...
[Info   :Zeepkist GTR] 18:11:05 Start processing HTTP request "POST" https://graphql.zeepki.st/
[Info   :Zeepkist GTR] 18:11:05 Sending HTTP request "POST" https://graphql.zeepki.st/
[Info   :Zeepkist GTR] 18:11:05 Stopping existing recorder if any
[Info   :Zeepkist GTR] 18:11:05 Creating new recorder
[Info   :Zeepkist GTR] 18:11:05 Start processing HTTP request "POST" https://graphql.zeepki.st/
[Info   :Zeepkist GTR] 18:11:05 Sending HTTP request "POST" https://graphql.zeepki.st/
[Info   :Zeepkist GTR] 18:11:05 Start processing HTTP request "POST" https://graphql.zeepki.st/
[Info   :Zeepkist GTR] 18:11:05 Sending HTTP request "POST" https://graphql.zeepki.st/
[Info   :Zeepkist GTR] 18:11:06 Received HTTP response headers after 205.5771ms - 200
[Info   :Zeepkist GTR] 18:11:06 End processing HTTP request after 205.8584ms - 200
[Info   :Zeepkist GTR] 18:11:06 Received HTTP response headers after 210.084ms - 200
[Info   :Zeepkist GTR] 18:11:06 End processing HTTP request after 210.3171ms - 200
[Info   :Zeepkist GTR] 18:11:06 Received HTTP response headers after 393.8371ms - 200
[Info   :Zeepkist GTR] 18:11:06 End processing HTTP request after 394.0816ms - 200
[Info   :Zeepkist GTR] 18:11:06 Start processing HTTP request "POST" https://graphql.zeepki.st/
[Info   :Zeepkist GTR] 18:11:06 Sending HTTP request "POST" https://graphql.zeepki.st/
[Info   :Zeepkist GTR] 18:11:06 Received HTTP response headers after 182.8378ms - 200
[Info   :Zeepkist GTR] 18:11:06 End processing HTTP request after 183.2823ms - 200
[Info   :Zeepkist GTR] 18:11:07 Starting recorder
[Info   :Zeepkist Bingo] [BINGO] === PLAYER SPAWNED ===
[Info   :Zeepkist Bingo] [BINGO] IsInActiveSession: False
[Info   :Zeepkist Bingo] [BINGO] Not in active session, skipping timer reset
[Info   :Zeepkist GTR] 18:11:17 Loading personal best...
[Info   :Zeepkist GTR] 18:11:17 Start processing HTTP request "POST" https://graphql.zeepki.st/
[Info   :Zeepkist GTR] 18:11:17 Sending HTTP request "POST" https://graphql.zeepki.st/
[Info   :Zeepkist GTR] 18:11:17 Stopping existing recorder if any
[Info   :Zeepkist GTR] 18:11:17 Creating new recorder
[Info   :Zeepkist GTR] 18:11:17 Start processing HTTP request "POST" https://graphql.zeepki.st/
[Info   :Zeepkist GTR] 18:11:17 Sending HTTP request "POST" https://graphql.zeepki.st/
[Info   :Zeepkist GTR] 18:11:17 Start processing HTTP request "POST" https://graphql.zeepki.st/
[Info   :Zeepkist GTR] 18:11:17 Sending HTTP request "POST" https://graphql.zeepki.st/
[Info   :Zeepkist GTR] 18:11:17 Received HTTP response headers after 184.4582ms - 200
[Info   :Zeepkist GTR] 18:11:17 End processing HTTP request after 184.7332ms - 200
[Info   :Zeepkist GTR] 18:11:17 Received HTTP response headers after 197.1454ms - 200
[Info   :Zeepkist GTR] 18:11:17 End processing HTTP request after 197.4439ms - 200
[Info   :Zeepkist GTR] 18:11:17 Received HTTP response headers after 363.6269ms - 200
[Info   :Zeepkist GTR] 18:11:17 End processing HTTP request after 363.8741ms - 200
[Info   :Zeepkist GTR] 18:11:17 Start processing HTTP request "POST" https://graphql.zeepki.st/
[Info   :Zeepkist GTR] 18:11:17 Sending HTTP request "POST" https://graphql.zeepki.st/
[Info   :Zeepkist GTR] 18:11:17 Received HTTP response headers after 184.6985ms - 200
[Info   :Zeepkist GTR] 18:11:17 End processing HTTP request after 184.9521ms - 200
[Info   :Zeepkist GTR] 18:11:19 Starting recorder
[Info   :Zeepkist Bingo] [BINGO] === PLAYER SPAWNED ===
[Info   :Zeepkist Bingo] [BINGO] IsInActiveSession: False
[Info   :Zeepkist Bingo] [BINGO] Not in active session, skipping timer reset
[Info   :Zeepkist GTR] 18:11:34 Loading personal best...
[Info   :Zeepkist GTR] 18:11:34 Start processing HTTP request "POST" https://graphql.zeepki.st/
[Info   :Zeepkist GTR] 18:11:34 Sending HTTP request "POST" https://graphql.zeepki.st/
[Info   :Zeepkist GTR] 18:11:34 Stopping existing recorder if any
[Info   :Zeepkist GTR] 18:11:34 Creating new recorder
[Info   :Zeepkist GTR] 18:11:34 Start processing HTTP request "POST" https://graphql.zeepki.st/
[Info   :Zeepkist GTR] 18:11:34 Sending HTTP request "POST" https://graphql.zeepki.st/
[Info   :Zeepkist GTR] 18:11:34 Start processing HTTP request "POST" https://graphql.zeepki.st/
[Info   :Zeepkist GTR] 18:11:34 Sending HTTP request "POST" https://graphql.zeepki.st/
[Info   :Zeepkist GTR] 18:11:34 Received HTTP response headers after 187.4802ms - 200
[Info   :Zeepkist GTR] 18:11:34 End processing HTTP request after 187.8003ms - 200
[Info   :Zeepkist GTR] 18:11:34 Received HTTP response headers after 200.2293ms - 200
[Info   :Zeepkist GTR] 18:11:34 End processing HTTP request after 200.5133ms - 200
[Info   :Zeepkist GTR] 18:11:35 Received HTTP response headers after 372.8556ms - 200
[Info   :Zeepkist GTR] 18:11:35 End processing HTTP request after 373.2574ms - 200
[Info   :Zeepkist GTR] 18:11:35 Start processing HTTP request "POST" https://graphql.zeepki.st/
[Info   :Zeepkist GTR] 18:11:35 Sending HTTP request "POST" https://graphql.zeepki.st/
[Info   :Zeepkist GTR] 18:11:35 Received HTTP response headers after 180.653ms - 200
[Info   :Zeepkist GTR] 18:11:35 End processing HTTP request after 180.9521ms - 200
[Info   :Zeepkist GTR] 18:11:36 Starting recorder
[Info   :Zeepkist Bingo] [BINGO] === PLAYER SPAWNED ===
[Info   :Zeepkist Bingo] [BINGO] IsInActiveSession: False
[Info   :Zeepkist Bingo] [BINGO] Not in active session, skipping timer reset
[Info   :Zeepkist GTR] 18:11:53 Loading personal best...
[Info   :Zeepkist GTR] 18:11:53 Start processing HTTP request "POST" https://graphql.zeepki.st/
[Info   :Zeepkist GTR] 18:11:53 Sending HTTP request "POST" https://graphql.zeepki.st/
[Info   :Zeepkist GTR] 18:11:53 Stopping existing recorder if any
[Info   :Zeepkist GTR] 18:11:53 Creating new recorder
[Info   :Zeepkist GTR] 18:11:53 Start processing HTTP request "POST" https://graphql.zeepki.st/
[Info   :Zeepkist GTR] 18:11:53 Sending HTTP request "POST" https://graphql.zeepki.st/
[Info   :Zeepkist GTR] 18:11:53 Start processing HTTP request "POST" https://graphql.zeepki.st/
[Info   :Zeepkist GTR] 18:11:53 Sending HTTP request "POST" https://graphql.zeepki.st/
[Info   :Zeepkist GTR] 18:11:53 Received HTTP response headers after 187.7941ms - 200
[Info   :Zeepkist GTR] 18:11:53 End processing HTTP request after 188.1115ms - 200
[Info   :Zeepkist GTR] 18:11:53 Received HTTP response headers after 187.0878ms - 200
[Info   :Zeepkist GTR] 18:11:53 End processing HTTP request after 187.3801ms - 200
[Info   :Zeepkist GTR] 18:11:53 Received HTTP response headers after 389.6768ms - 200
[Info   :Zeepkist GTR] 18:11:53 End processing HTTP request after 389.9069ms - 200
[Info   :Zeepkist GTR] 18:11:53 Start processing HTTP request "POST" https://graphql.zeepki.st/
[Info   :Zeepkist GTR] 18:11:53 Sending HTTP request "POST" https://graphql.zeepki.st/
[Info   :Zeepkist GTR] 18:11:53 Received HTTP response headers after 184.8462ms - 200
[Info   :Zeepkist GTR] 18:11:53 End processing HTTP request after 185.1525ms - 200
[Info   :Zeepkist GTR] 18:11:55 Starting recorder
[Info   :Zeepkist Bingo] [BINGO] === PLAYER SPAWNED ===
[Info   :Zeepkist Bingo] [BINGO] IsInActiveSession: False
[Info   :Zeepkist Bingo] [BINGO] Not in active session, skipping timer reset
[Info   :Zeepkist GTR] 18:12:22 Loading personal best...
[Info   :Zeepkist GTR] 18:12:22 Start processing HTTP request "POST" https://graphql.zeepki.st/
[Info   :Zeepkist GTR] 18:12:22 Sending HTTP request "POST" https://graphql.zeepki.st/
[Info   :Zeepkist GTR] 18:12:22 Stopping existing recorder if any
[Info   :Zeepkist GTR] 18:12:22 Creating new recorder
[Info   :Zeepkist GTR] 18:12:22 Start processing HTTP request "POST" https://graphql.zeepki.st/
[Info   :Zeepkist GTR] 18:12:22 Sending HTTP request "POST" https://graphql.zeepki.st/
[Info   :Zeepkist GTR] 18:12:22 Start processing HTTP request "POST" https://graphql.zeepki.st/
[Info   :Zeepkist GTR] 18:12:22 Sending HTTP request "POST" https://graphql.zeepki.st/
[Info   :Zeepkist GTR] 18:12:22 Received HTTP response headers after 379.8592ms - 200
[Info   :Zeepkist GTR] 18:12:22 End processing HTTP request after 380.1746ms - 200
[Info   :Zeepkist GTR] 18:12:22 Received HTTP response headers after 383.9793ms - 200
[Info   :Zeepkist GTR] 18:12:22 End processing HTTP request after 384.2296ms - 200
[Info   :Zeepkist GTR] 18:12:22 Received HTTP response headers after 491.4553ms - 200
[Info   :Zeepkist GTR] 18:12:22 End processing HTTP request after 491.7154ms - 200
[Info   :Zeepkist GTR] 18:12:22 Start processing HTTP request "POST" https://graphql.zeepki.st/
[Info   :Zeepkist GTR] 18:12:22 Sending HTTP request "POST" https://graphql.zeepki.st/
[Info   :Zeepkist GTR] 18:12:23 Received HTTP response headers after 176.7602ms - 200
[Info   :Zeepkist GTR] 18:12:23 End processing HTTP request after 177.0225ms - 200
[Info   :Zeepkist GTR] 18:12:24 Starting recorder
[Info   :Zeepkist Bingo] [BINGO] === PLAYER SPAWNED ===
[Info   :Zeepkist Bingo] [BINGO] IsInActiveSession: False
[Info   :Zeepkist Bingo] [BINGO] Not in active session, skipping timer reset
[Info   :Zeepkist GTR] 18:12:50 Loading personal best...
[Info   :Zeepkist GTR] 18:12:50 Start processing HTTP request "POST" https://graphql.zeepki.st/
[Info   :Zeepkist GTR] 18:12:50 Sending HTTP request "POST" https://graphql.zeepki.st/
[Info   :Zeepkist GTR] 18:12:50 Stopping existing recorder if any
[Info   :Zeepkist GTR] 18:12:50 Creating new recorder
[Info   :Zeepkist GTR] 18:12:50 Start processing HTTP request "POST" https://graphql.zeepki.st/
[Info   :Zeepkist GTR] 18:12:50 Sending HTTP request "POST" https://graphql.zeepki.st/
[Info   :Zeepkist GTR] 18:12:50 Start processing HTTP request "POST" https://graphql.zeepki.st/
[Info   :Zeepkist GTR] 18:12:50 Sending HTTP request "POST" https://graphql.zeepki.st/
[Info   :Zeepkist GTR] 18:12:50 Received HTTP response headers after 182.9258ms - 200
[Info   :Zeepkist GTR] 18:12:50 Received HTTP response headers after 182.4092ms - 200
[Info   :Zeepkist GTR] 18:12:50 End processing HTTP request after 183.1859ms - 200
[Info   :Zeepkist GTR] 18:12:50 End processing HTTP request after 182.6446ms - 200
[Info   :Zeepkist GTR] 18:12:51 Received HTTP response headers after 1053.5916ms - 200
[Info   :Zeepkist GTR] 18:12:51 End processing HTTP request after 1053.8409ms - 200
[Info   :Zeepkist GTR] 18:12:51 Start processing HTTP request "POST" https://graphql.zeepki.st/
[Info   :Zeepkist GTR] 18:12:51 Sending HTTP request "POST" https://graphql.zeepki.st/
[Info   :Zeepkist GTR] 18:12:51 Received HTTP response headers after 183.6001ms - 200
[Info   :Zeepkist GTR] 18:12:51 End processing HTTP request after 183.9015ms - 200
[Info   :Zeepkist GTR] 18:12:52 Starting recorder
[Info   :Zeepkist Bingo] [BINGO] === PLAYER SPAWNED ===
[Info   :Zeepkist Bingo] [BINGO] IsInActiveSession: False
[Info   :Zeepkist Bingo] [BINGO] Not in active session, skipping timer reset
[Info   :Zeepkist GTR] 18:13:09 Loading personal best...
[Info   :Zeepkist GTR] 18:13:09 Start processing HTTP request "POST" https://graphql.zeepki.st/
[Info   :Zeepkist GTR] 18:13:09 Sending HTTP request "POST" https://graphql.zeepki.st/
[Info   :Zeepkist GTR] 18:13:09 Stopping existing recorder if any
[Info   :Zeepkist GTR] 18:13:09 Creating new recorder
[Info   :Zeepkist GTR] 18:13:09 Start processing HTTP request "POST" https://graphql.zeepki.st/
[Info   :Zeepkist GTR] 18:13:09 Sending HTTP request "POST" https://graphql.zeepki.st/
[Info   :Zeepkist GTR] 18:13:09 Start processing HTTP request "POST" https://graphql.zeepki.st/
[Info   :Zeepkist GTR] 18:13:09 Sending HTTP request "POST" https://graphql.zeepki.st/
[Info   :Zeepkist GTR] 18:13:09 Received HTTP response headers after 181.8071ms - 200
[Info   :Zeepkist GTR] 18:13:09 Received HTTP response headers after 181.1239ms - 200
[Info   :Zeepkist GTR] 18:13:09 End processing HTTP request after 182.1472ms - 200
[Info   :Zeepkist GTR] 18:13:09 End processing HTTP request after 181.418ms - 200
[Info   :Zeepkist GTR] 18:13:09 Received HTTP response headers after 356.3076ms - 200
[Info   :Zeepkist GTR] 18:13:09 End processing HTTP request after 356.5651ms - 200
[Info   :Zeepkist GTR] 18:13:09 Start processing HTTP request "POST" https://graphql.zeepki.st/
[Info   :Zeepkist GTR] 18:13:09 Sending HTTP request "POST" https://graphql.zeepki.st/
[Info   :Zeepkist GTR] 18:13:09 Received HTTP response headers after 188.8838ms - 200
[Info   :Zeepkist GTR] 18:13:09 End processing HTTP request after 189.1552ms - 200
[Info   :Zeepkist GTR] 18:13:10 Starting recorder
[Info   :Zeepkist Bingo] [BINGO] === PLAYER SPAWNED ===
[Info   :Zeepkist Bingo] [BINGO] IsInActiveSession: False
[Info   :Zeepkist Bingo] [BINGO] Not in active session, skipping timer reset
[Info   :Zeepkist GTR] 18:13:13 Loading personal best...
[Info   :Zeepkist GTR] 18:13:13 Start processing HTTP request "POST" https://graphql.zeepki.st/
[Info   :Zeepkist GTR] 18:13:13 Sending HTTP request "POST" https://graphql.zeepki.st/
[Info   :Zeepkist GTR] 18:13:13 Stopping existing recorder if any
[Info   :Zeepkist GTR] 18:13:13 Creating new recorder
[Info   :Zeepkist GTR] 18:13:13 Start processing HTTP request "POST" https://graphql.zeepki.st/
[Info   :Zeepkist GTR] 18:13:13 Sending HTTP request "POST" https://graphql.zeepki.st/
[Info   :Zeepkist GTR] 18:13:13 Start processing HTTP request "POST" https://graphql.zeepki.st/
[Info   :Zeepkist GTR] 18:13:13 Sending HTTP request "POST" https://graphql.zeepki.st/
[Info   :Zeepkist GTR] 18:13:13 Received HTTP response headers after 179.1046ms - 200
[Info   :Zeepkist GTR] 18:13:13 End processing HTTP request after 179.5047ms - 200
[Info   :Zeepkist GTR] 18:13:13 Received HTTP response headers after 183.8695ms - 200
[Info   :Zeepkist GTR] 18:13:13 End processing HTTP request after 184.1609ms - 200
[Info   :Zeepkist GTR] 18:13:13 Received HTTP response headers after 364.2476ms - 200
[Info   :Zeepkist GTR] 18:13:13 End processing HTTP request after 364.4869ms - 200
[Info   :Zeepkist GTR] 18:13:13 Start processing HTTP request "POST" https://graphql.zeepki.st/
[Info   :Zeepkist GTR] 18:13:13 Sending HTTP request "POST" https://graphql.zeepki.st/
[Info   :Zeepkist GTR] 18:13:13 Received HTTP response headers after 187.5137ms - 200
[Info   :Zeepkist GTR] 18:13:13 End processing HTTP request after 187.7757ms - 200
[Info   :Zeepkist GTR] 18:13:15 Starting recorder
[Info   :Zeepkist Bingo] [BINGO] === PLAYER SPAWNED ===
[Info   :Zeepkist Bingo] [BINGO] IsInActiveSession: False
[Info   :Zeepkist Bingo] [BINGO] Not in active session, skipping timer reset
[Info   :Zeepkist GTR] 18:13:25 Loading personal best...
[Info   :Zeepkist GTR] 18:13:25 Start processing HTTP request "POST" https://graphql.zeepki.st/
[Info   :Zeepkist GTR] 18:13:25 Sending HTTP request "POST" https://graphql.zeepki.st/
[Info   :Zeepkist GTR] 18:13:25 Stopping existing recorder if any
[Info   :Zeepkist GTR] 18:13:25 Creating new recorder
[Info   :Zeepkist GTR] 18:13:25 Start processing HTTP request "POST" https://graphql.zeepki.st/
[Info   :Zeepkist GTR] 18:13:25 Sending HTTP request "POST" https://graphql.zeepki.st/
[Info   :Zeepkist GTR] 18:13:25 Start processing HTTP request "POST" https://graphql.zeepki.st/
[Info   :Zeepkist GTR] 18:13:25 Sending HTTP request "POST" https://graphql.zeepki.st/
[Info   :Zeepkist GTR] 18:13:26 Received HTTP response headers after 228.9328ms - 200
[Info   :Zeepkist GTR] 18:13:26 End processing HTTP request after 229.359ms - 200
[Info   :Zeepkist GTR] 18:13:26 Received HTTP response headers after 232.0413ms - 200
[Info   :Zeepkist GTR] 18:13:26 End processing HTTP request after 232.3254ms - 200
[Info   :Zeepkist GTR] 18:13:26 Received HTTP response headers after 406.2742ms - 200
[Info   :Zeepkist GTR] 18:13:26 End processing HTTP request after 406.5714ms - 200
[Info   :Zeepkist GTR] 18:13:26 Start processing HTTP request "POST" https://graphql.zeepki.st/
[Info   :Zeepkist GTR] 18:13:26 Sending HTTP request "POST" https://graphql.zeepki.st/
[Info   :Zeepkist GTR] 18:13:26 Received HTTP response headers after 179.0428ms - 200
[Info   :Zeepkist GTR] 18:13:26 End processing HTTP request after 179.3445ms - 200
[Info   :Zeepkist GTR] 18:13:27 Starting recorder
[Info   :Zeepkist Bingo] [BINGO] === PLAYER SPAWNED ===
[Info   :Zeepkist Bingo] [BINGO] IsInActiveSession: False
[Info   :Zeepkist Bingo] [BINGO] Not in active session, skipping timer reset
[Info   :Zeepkist GTR] 18:13:44 Loading personal best...
[Info   :Zeepkist GTR] 18:13:44 Start processing HTTP request "POST" https://graphql.zeepki.st/
[Info   :Zeepkist GTR] 18:13:44 Sending HTTP request "POST" https://graphql.zeepki.st/
[Info   :Zeepkist GTR] 18:13:44 Stopping existing recorder if any
[Info   :Zeepkist GTR] 18:13:44 Creating new recorder
[Info   :Zeepkist GTR] 18:13:44 Start processing HTTP request "POST" https://graphql.zeepki.st/
[Info   :Zeepkist GTR] 18:13:44 Sending HTTP request "POST" https://graphql.zeepki.st/
[Info   :Zeepkist GTR] 18:13:44 Start processing HTTP request "POST" https://graphql.zeepki.st/
[Info   :Zeepkist GTR] 18:13:44 Sending HTTP request "POST" https://graphql.zeepki.st/
[Info   :Zeepkist GTR] 18:13:44 Received HTTP response headers after 197.3163ms - 200
[Info   :Zeepkist GTR] 18:13:44 End processing HTTP request after 197.6553ms - 200
[Info   :Zeepkist GTR] 18:13:44 Received HTTP response headers after 210.7058ms - 200
[Info   :Zeepkist GTR] 18:13:44 End processing HTTP request after 210.9712ms - 200
[Info   :Zeepkist GTR] 18:13:44 Received HTTP response headers after 406.9378ms - 200
[Info   :Zeepkist GTR] 18:13:44 End processing HTTP request after 407.2818ms - 200
[Info   :Zeepkist GTR] 18:13:44 Start processing HTTP request "POST" https://graphql.zeepki.st/
[Info   :Zeepkist GTR] 18:13:44 Sending HTTP request "POST" https://graphql.zeepki.st/
[Info   :Zeepkist GTR] 18:13:45 Received HTTP response headers after 189.8362ms - 200
[Info   :Zeepkist GTR] 18:13:45 End processing HTTP request after 190.2174ms - 200
[Info   :Zeepkist GTR] 18:13:46 Starting recorder
[Info   :Zeepkist Bingo] [BINGO] === PLAYER SPAWNED ===
[Info   :Zeepkist Bingo] [BINGO] IsInActiveSession: False
[Info   :Zeepkist Bingo] [BINGO] Not in active session, skipping timer reset
[Info   :Zeepkist GTR] 18:13:52 Loading personal best...
[Info   :Zeepkist GTR] 18:13:52 Start processing HTTP request "POST" https://graphql.zeepki.st/
[Info   :Zeepkist GTR] 18:13:52 Sending HTTP request "POST" https://graphql.zeepki.st/
[Info   :Zeepkist GTR] 18:13:52 Stopping existing recorder if any
[Info   :Zeepkist GTR] 18:13:52 Creating new recorder
[Info   :Zeepkist GTR] 18:13:52 Start processing HTTP request "POST" https://graphql.zeepki.st/
[Info   :Zeepkist GTR] 18:13:52 Sending HTTP request "POST" https://graphql.zeepki.st/
[Info   :Zeepkist GTR] 18:13:52 Start processing HTTP request "POST" https://graphql.zeepki.st/
[Info   :Zeepkist GTR] 18:13:52 Sending HTTP request "POST" https://graphql.zeepki.st/
[Info   :Zeepkist GTR] 18:13:52 Received HTTP response headers after 193.8446ms - 200
[Info   :Zeepkist GTR] 18:13:52 End processing HTTP request after 194.1191ms - 200
[Info   :Zeepkist GTR] 18:13:52 Received HTTP response headers after 208.1683ms - 200
[Info   :Zeepkist GTR] 18:13:52 End processing HTTP request after 208.4736ms - 200
[Info   :Zeepkist GTR] 18:13:53 Received HTTP response headers after 375.959ms - 200
[Info   :Zeepkist GTR] 18:13:53 End processing HTTP request after 376.1799ms - 200
[Info   :Zeepkist GTR] 18:13:53 Start processing HTTP request "POST" https://graphql.zeepki.st/
[Info   :Zeepkist GTR] 18:13:53 Sending HTTP request "POST" https://graphql.zeepki.st/
[Info   :Zeepkist GTR] 18:13:53 Received HTTP response headers after 201.7621ms - 200
[Info   :Zeepkist GTR] 18:13:53 End processing HTTP request after 202.0349ms - 200
[Info   :Zeepkist GTR] 18:13:54 Starting recorder
[Info   :Zeepkist Bingo] [BINGO] === PLAYER SPAWNED ===
[Info   :Zeepkist Bingo] [BINGO] IsInActiveSession: False
[Info   :Zeepkist Bingo] [BINGO] Not in active session, skipping timer reset
[Info   :Zeepkist GTR] 18:14:03 Loading personal best...
[Info   :Zeepkist GTR] 18:14:03 Start processing HTTP request "POST" https://graphql.zeepki.st/
[Info   :Zeepkist GTR] 18:14:03 Sending HTTP request "POST" https://graphql.zeepki.st/
[Info   :Zeepkist GTR] 18:14:03 Stopping existing recorder if any
[Info   :Zeepkist GTR] 18:14:03 Creating new recorder
[Info   :Zeepkist GTR] 18:14:03 Start processing HTTP request "POST" https://graphql.zeepki.st/
[Info   :Zeepkist GTR] 18:14:03 Sending HTTP request "POST" https://graphql.zeepki.st/
[Info   :Zeepkist GTR] 18:14:03 Start processing HTTP request "POST" https://graphql.zeepki.st/
[Info   :Zeepkist GTR] 18:14:03 Sending HTTP request "POST" https://graphql.zeepki.st/
[Info   :Zeepkist GTR] 18:14:03 Received HTTP response headers after 201.0597ms - 200
[Info   :Zeepkist GTR] 18:14:03 Received HTTP response headers after 201.671ms - 200
[Info   :Zeepkist GTR] 18:14:03 End processing HTTP request after 201.3058ms - 200
[Info   :Zeepkist GTR] 18:14:03 End processing HTTP request after 201.9049ms - 200
[Info   :Zeepkist GTR] 18:14:04 Received HTTP response headers after 400.1735ms - 200
[Info   :Zeepkist GTR] 18:14:04 End processing HTTP request after 400.4236ms - 200
[Info   :Zeepkist GTR] 18:14:04 Start processing HTTP request "POST" https://graphql.zeepki.st/
[Info   :Zeepkist GTR] 18:14:04 Sending HTTP request "POST" https://graphql.zeepki.st/
[Info   :Zeepkist GTR] 18:14:04 Received HTTP response headers after 187.4391ms - 200
[Info   :Zeepkist GTR] 18:14:04 End processing HTTP request after 187.7024ms - 200
[Info   :Zeepkist GTR] 18:14:05 Starting recorder
[Info   :Zeepkist Bingo] [BINGO] === PLAYER SPAWNED ===
[Info   :Zeepkist Bingo] [BINGO] IsInActiveSession: False
[Info   :Zeepkist Bingo] [BINGO] Not in active session, skipping timer reset
[Info   :Zeepkist GTR] 18:14:32 Loading personal best...
[Info   :Zeepkist GTR] 18:14:32 Start processing HTTP request "POST" https://graphql.zeepki.st/
[Info   :Zeepkist GTR] 18:14:32 Sending HTTP request "POST" https://graphql.zeepki.st/
[Info   :Zeepkist GTR] 18:14:32 Stopping existing recorder if any
[Info   :Zeepkist GTR] 18:14:32 Creating new recorder
[Info   :Zeepkist GTR] 18:14:32 Start processing HTTP request "POST" https://graphql.zeepki.st/
[Info   :Zeepkist GTR] 18:14:32 Sending HTTP request "POST" https://graphql.zeepki.st/
[Info   :Zeepkist GTR] 18:14:32 Start processing HTTP request "POST" https://graphql.zeepki.st/
[Info   :Zeepkist GTR] 18:14:32 Sending HTTP request "POST" https://graphql.zeepki.st/
[Info   :Zeepkist GTR] 18:14:32 Received HTTP response headers after 327.2378ms - 200
[Info   :Zeepkist GTR] 18:14:32 End processing HTTP request after 327.5099ms - 200
[Info   :Zeepkist GTR] 18:14:32 Received HTTP response headers after 360.7713ms - 200
[Info   :Zeepkist GTR] 18:14:32 End processing HTTP request after 361.1356ms - 200
[Info   :Zeepkist GTR] 18:14:32 Received HTTP response headers after 521.3086ms - 200
[Info   :Zeepkist GTR] 18:14:32 End processing HTTP request after 521.6394ms - 200
[Info   :Zeepkist GTR] 18:14:32 Start processing HTTP request "POST" https://graphql.zeepki.st/
[Info   :Zeepkist GTR] 18:14:32 Sending HTTP request "POST" https://graphql.zeepki.st/
[Info   :Zeepkist GTR] 18:14:32 Received HTTP response headers after 190.4462ms - 200
[Info   :Zeepkist GTR] 18:14:32 End processing HTTP request after 190.78ms - 200
[Info   :Zeepkist GTR] 18:14:33 Starting recorder
[Info   :Zeepkist Bingo] [BINGO] === PLAYER SPAWNED ===
[Info   :Zeepkist Bingo] [BINGO] IsInActiveSession: False
[Info   :Zeepkist Bingo] [BINGO] Not in active session, skipping timer reset
[Info   :Zeepkist GTR] 18:15:15 Loading personal best...
[Info   :Zeepkist GTR] 18:15:15 Start processing HTTP request "POST" https://graphql.zeepki.st/
[Info   :Zeepkist GTR] 18:15:15 Sending HTTP request "POST" https://graphql.zeepki.st/
[Info   :Zeepkist GTR] 18:15:15 Stopping existing recorder if any
[Info   :Zeepkist GTR] 18:15:15 Creating new recorder
[Info   :Zeepkist GTR] 18:15:15 Start processing HTTP request "POST" https://graphql.zeepki.st/
[Info   :Zeepkist GTR] 18:15:15 Sending HTTP request "POST" https://graphql.zeepki.st/
[Info   :Zeepkist GTR] 18:15:15 Start processing HTTP request "POST" https://graphql.zeepki.st/
[Info   :Zeepkist GTR] 18:15:15 Sending HTTP request "POST" https://graphql.zeepki.st/
[Info   :Zeepkist GTR] 18:15:15 Received HTTP response headers after 188.1451ms - 200
[Info   :Zeepkist GTR] 18:15:15 End processing HTTP request after 191.5524ms - 200
[Info   :Zeepkist GTR] 18:15:15 Received HTTP response headers after 223.8069ms - 200
[Info   :Zeepkist GTR] 18:15:15 End processing HTTP request after 224.1068ms - 200
[Info   :Zeepkist GTR] 18:15:15 Received HTTP response headers after 363.5636ms - 200
[Info   :Zeepkist GTR] 18:15:15 End processing HTTP request after 363.8103ms - 200
[Info   :Zeepkist GTR] 18:15:15 Start processing HTTP request "POST" https://graphql.zeepki.st/
[Info   :Zeepkist GTR] 18:15:15 Sending HTTP request "POST" https://graphql.zeepki.st/
[Info   :Zeepkist GTR] 18:15:15 Received HTTP response headers after 175.4204ms - 200
[Info   :Zeepkist GTR] 18:15:15 End processing HTTP request after 175.6911ms - 200
[Info   :Zeepkist GTR] 18:15:16 Starting recorder
[Info   :Zeepkist Bingo] [BINGO] === PLAYER SPAWNED ===
[Info   :Zeepkist Bingo] [BINGO] IsInActiveSession: False
[Info   :Zeepkist Bingo] [BINGO] Not in active session, skipping timer reset
[Info   :Zeepkist GTR] 18:15:53 Loading personal best...
[Info   :Zeepkist GTR] 18:15:53 Start processing HTTP request "POST" https://graphql.zeepki.st/
[Info   :Zeepkist GTR] 18:15:53 Sending HTTP request "POST" https://graphql.zeepki.st/
[Info   :Zeepkist GTR] 18:15:53 Stopping existing recorder if any
[Info   :Zeepkist GTR] 18:15:53 Creating new recorder
[Info   :Zeepkist GTR] 18:15:53 Start processing HTTP request "POST" https://graphql.zeepki.st/
[Info   :Zeepkist GTR] 18:15:53 Sending HTTP request "POST" https://graphql.zeepki.st/
[Info   :Zeepkist GTR] 18:15:53 Start processing HTTP request "POST" https://graphql.zeepki.st/
[Info   :Zeepkist GTR] 18:15:53 Sending HTTP request "POST" https://graphql.zeepki.st/
[Info   :Zeepkist GTR] 18:15:53 Received HTTP response headers after 187.2405ms - 200
[Info   :Zeepkist GTR] 18:15:53 End processing HTTP request after 187.5958ms - 200
[Info   :Zeepkist GTR] 18:15:53 Received HTTP response headers after 186.494ms - 200
[Info   :Zeepkist GTR] 18:15:53 End processing HTTP request after 186.7802ms - 200
[Info   :Zeepkist GTR] 18:15:53 Received HTTP response headers after 381.3499ms - 200
[Info   :Zeepkist GTR] 18:15:53 End processing HTTP request after 381.6038ms - 200
[Info   :Zeepkist GTR] 18:15:53 Start processing HTTP request "POST" https://graphql.zeepki.st/
[Info   :Zeepkist GTR] 18:15:53 Sending HTTP request "POST" https://graphql.zeepki.st/
[Info   :Zeepkist GTR] 18:15:53 Received HTTP response headers after 173.4588ms - 200
[Info   :Zeepkist GTR] 18:15:53 End processing HTTP request after 173.775ms - 200
[Info   :Zeepkist GTR] 18:15:54 Starting recorder
[Info   :Zeepkist GTR] 18:16:02 Discarding recorder
[Info   :Zeepkist Bingo] [BINGO] Level loaded
[Info   :Zeepkist GTR] 18:16:17 Start processing HTTP request "POST" https://backend.zeepki.st/auth/refresh
[Info   :Zeepkist GTR] 18:16:17 Sending HTTP request "POST" https://backend.zeepki.st/auth/refresh
[Info   :BetterSplits] getting gtr splits
[Info   :Zeepkist Bingo] [BINGO] === PLAYER SPAWNED ===
[Info   :Zeepkist Bingo] [BINGO] IsInActiveSession: False
[Info   :Zeepkist Bingo] [BINGO] Not in active session, skipping timer reset
[Info   :Zeepkist GTR] 18:16:17 Loading personal best...
[Info   :Zeepkist GTR] 18:16:17 Start processing HTTP request "POST" https://graphql.zeepki.st/
[Info   :Zeepkist GTR] 18:16:17 Sending HTTP request "POST" https://graphql.zeepki.st/
[Info   :Zeepkist GTR] 18:16:17 Stopping existing recorder if any
[Info   :Zeepkist GTR] 18:16:17 Creating new recorder
[Info   :Zeepkist GTR] 18:16:17 Start processing HTTP request "POST" https://graphql.zeepki.st/
[Info   :Zeepkist GTR] 18:16:17 Sending HTTP request "POST" https://graphql.zeepki.st/
[Info   :Zeepkist GTR] 18:16:17 Start processing HTTP request "POST" https://graphql.zeepki.st/
[Info   :Zeepkist GTR] 18:16:17 Sending HTTP request "POST" https://graphql.zeepki.st/
[Info   :Zeepkist GTR] 18:16:17 Received HTTP response headers after 177.7388ms - 200
[Info   :Zeepkist GTR] 18:16:17 End processing HTTP request after 177.9675ms - 200
[Info   :Zeepkist GTR] 18:16:17 Received HTTP response headers after 188.9916ms - 200
[Info   :Zeepkist GTR] 18:16:17 End processing HTTP request after 189.2658ms - 200
[Info   :BetterSplits] got gtr splits
[Info   :Zeepkist GTR] 18:16:18 Received HTTP response headers after 698.3621ms - 200
[Info   :Zeepkist GTR] 18:16:18 End processing HTTP request after 698.5891ms - 200
[Info   :Zeepkist GTR] 18:16:18 Start processing HTTP request "POST" https://graphql.zeepki.st/
[Info   :Zeepkist GTR] 18:16:18 Sending HTTP request "POST" https://graphql.zeepki.st/
[Info   :Zeepkist GTR] 18:16:18 Received HTTP response headers after 886.9623ms - 200
[Info   :Zeepkist GTR] 18:16:18 End processing HTTP request after 887.2893ms - 200
[Info   :Zeepkist GTR] 18:16:18 Start processing HTTP request "POST" https://backend.zeepki.st/level/request
[Info   :Zeepkist GTR] 18:16:18 Sending HTTP request "POST" https://backend.zeepki.st/level/request
[Info   :Zeepkist GTR] 18:16:18 Received HTTP response headers after 178.8341ms - 200
[Info   :Zeepkist GTR] 18:16:18 End processing HTTP request after 179.1388ms - 200
[Info   :Zeepkist GTR] 18:16:18 Received HTTP response headers after 184.6332ms - 200
[Info   :Zeepkist GTR] 18:16:18 End processing HTTP request after 184.8774ms - 200
[Info   :Zeepkist GTR] 18:16:19 Starting recorder
[Info   :Zeepkist GTR] 18:17:13 Stopping recorder
[Info   :Zeepkist GTR] 18:17:13 Collecting extra information
[Info   :Zeepkist GTR] 18:17:13 Resolved workshop ID "3558470020" from lobby 3558470020 and level 0
[Info   :Zeepkist GTR] 18:17:13 Processing ghost data
[Info   :Zeepkist GTR] 18:17:13 Creating stream
[Info   :Zeepkist GTR] 18:17:13 Writing to stream
[Info   :Zeepkist GTR] 18:17:13 Getting buffer
[Info   :Zeepkist GTR] 18:17:13 Converting to base64
[Info   :Zeepkist GTR] 18:17:13 Creating resource
[Info   :Zeepkist GTR] 18:17:13 Start processing HTTP request "POST" https://backend.zeepki.st/record/submit
[Info   :Zeepkist GTR] 18:17:13 Sending HTTP request "POST" https://backend.zeepki.st/record/submit
[Info   :Zeepkist Bingo] [BINGO] === PLAYER SPAWNED ===
[Info   :Zeepkist Bingo] [BINGO] IsInActiveSession: False
[Info   :Zeepkist Bingo] [BINGO] Not in active session, skipping timer reset
[Info   :Zeepkist GTR] 18:17:14 Loading personal best...
[Info   :Zeepkist GTR] 18:17:14 Start processing HTTP request "POST" https://graphql.zeepki.st/
[Info   :Zeepkist GTR] 18:17:14 Sending HTTP request "POST" https://graphql.zeepki.st/
[Info   :Zeepkist GTR] 18:17:14 Stopping existing recorder if any
[Info   :Zeepkist GTR] 18:17:14 Creating new recorder
[Info   :Zeepkist GTR] 18:17:14 Start processing HTTP request "POST" https://graphql.zeepki.st/
[Info   :Zeepkist GTR] 18:17:14 Sending HTTP request "POST" https://graphql.zeepki.st/
[Info   :Zeepkist GTR] 18:17:14 Start processing HTTP request "POST" https://graphql.zeepki.st/
[Info   :Zeepkist GTR] 18:17:14 Sending HTTP request "POST" https://graphql.zeepki.st/
[Info   :Zeepkist GTR] 18:17:14 Received HTTP response headers after 332.1943ms - 200
[Info   :Zeepkist GTR] 18:17:14 End processing HTTP request after 332.4691ms - 200
[Info   :Zeepkist GTR] 18:17:15 Received HTTP response headers after 351.7541ms - 200
[Info   :Zeepkist GTR] 18:17:15 End processing HTTP request after 351.9725ms - 200
[Info   :Zeepkist GTR] 18:17:15 Received HTTP response headers after 1214.0941ms - 200
[Info   :Zeepkist GTR] 18:17:15 End processing HTTP request after 1214.3913ms - 200
[Info   :Zeepkist GTR] 18:17:15 Received HTTP response headers after 535.3567ms - 200
[Info   :Zeepkist GTR] 18:17:15 End processing HTTP request after 535.5699ms - 200
[Info   :Zeepkist GTR] 18:17:15 Start processing HTTP request "POST" https://graphql.zeepki.st/
[Info   :Zeepkist GTR] 18:17:15 Sending HTTP request "POST" https://graphql.zeepki.st/
[Info   :Zeepkist GTR] 18:17:15 Received HTTP response headers after 187.4039ms - 200
[Info   :Zeepkist GTR] 18:17:15 End processing HTTP request after 187.6912ms - 200
[Info   :Zeepkist GTR] 18:17:16 Starting recorder
[Info   :Zeepkist Bingo] [BINGO] === PLAYER SPAWNED ===
[Info   :Zeepkist Bingo] [BINGO] IsInActiveSession: False
[Info   :Zeepkist Bingo] [BINGO] Not in active session, skipping timer reset
[Info   :Zeepkist GTR] 18:17:18 Loading personal best...
[Info   :Zeepkist GTR] 18:17:18 Start processing HTTP request "POST" https://graphql.zeepki.st/
[Info   :Zeepkist GTR] 18:17:18 Sending HTTP request "POST" https://graphql.zeepki.st/
[Info   :Zeepkist GTR] 18:17:18 Stopping existing recorder if any
[Info   :Zeepkist GTR] 18:17:18 Creating new recorder
[Info   :Zeepkist GTR] 18:17:18 Start processing HTTP request "POST" https://graphql.zeepki.st/
[Info   :Zeepkist GTR] 18:17:18 Sending HTTP request "POST" https://graphql.zeepki.st/
[Info   :Zeepkist GTR] 18:17:18 Start processing HTTP request "POST" https://graphql.zeepki.st/
[Info   :Zeepkist GTR] 18:17:18 Sending HTTP request "POST" https://graphql.zeepki.st/
[Info   :Zeepkist GTR] 18:17:18 Received HTTP response headers after 181.8303ms - 200
[Info   :Zeepkist GTR] 18:17:18 End processing HTTP request after 182.0778ms - 200
[Info   :Zeepkist GTR] 18:17:18 Received HTTP response headers after 191.9475ms - 200
[Info   :Zeepkist GTR] 18:17:18 End processing HTTP request after 192.2582ms - 200
[Info   :Zeepkist GTR] 18:17:19 Received HTTP response headers after 365.1223ms - 200
[Info   :Zeepkist GTR] 18:17:19 End processing HTTP request after 365.3373ms - 200
[Info   :Zeepkist GTR] 18:17:19 Start processing HTTP request "POST" https://graphql.zeepki.st/
[Info   :Zeepkist GTR] 18:17:19 Sending HTTP request "POST" https://graphql.zeepki.st/
[Info   :Zeepkist GTR] 18:17:19 Received HTTP response headers after 180.7831ms - 200
[Info   :Zeepkist GTR] 18:17:19 End processing HTTP request after 181.0622ms - 200
[Info   :Zeepkist GTR] 18:17:20 Starting recorder
[Info   :Zeepkist Bingo] [BINGO] === PLAYER SPAWNED ===
[Info   :Zeepkist Bingo] [BINGO] IsInActiveSession: False
[Info   :Zeepkist Bingo] [BINGO] Not in active session, skipping timer reset
[Info   :Zeepkist GTR] 18:18:13 Loading personal best...
[Info   :Zeepkist GTR] 18:18:13 Start processing HTTP request "POST" https://graphql.zeepki.st/
[Info   :Zeepkist GTR] 18:18:13 Sending HTTP request "POST" https://graphql.zeepki.st/
[Info   :Zeepkist GTR] 18:18:13 Stopping existing recorder if any
[Info   :Zeepkist GTR] 18:18:13 Creating new recorder
[Info   :Zeepkist GTR] 18:18:13 Start processing HTTP request "POST" https://graphql.zeepki.st/
[Info   :Zeepkist GTR] 18:18:13 Sending HTTP request "POST" https://graphql.zeepki.st/
[Info   :Zeepkist GTR] 18:18:13 Start processing HTTP request "POST" https://graphql.zeepki.st/
[Info   :Zeepkist GTR] 18:18:13 Sending HTTP request "POST" https://graphql.zeepki.st/
[Info   :Zeepkist GTR] 18:18:13 Received HTTP response headers after 182.7374ms - 200
[Info   :Zeepkist GTR] 18:18:13 End processing HTTP request after 182.9919ms - 200
[Info   :Zeepkist GTR] 18:18:13 Received HTTP response headers after 188.8525ms - 200
[Info   :Zeepkist GTR] 18:18:13 End processing HTTP request after 189.1348ms - 200
[Info   :Zeepkist GTR] 18:18:14 Received HTTP response headers after 364.2551ms - 200
[Info   :Zeepkist GTR] 18:18:14 End processing HTTP request after 364.4748ms - 200
[Info   :Zeepkist GTR] 18:18:14 Start processing HTTP request "POST" https://graphql.zeepki.st/
[Info   :Zeepkist GTR] 18:18:14 Sending HTTP request "POST" https://graphql.zeepki.st/
[Info   :Zeepkist GTR] 18:18:14 Received HTTP response headers after 247.3781ms - 200
[Info   :Zeepkist GTR] 18:18:14 End processing HTTP request after 247.662ms - 200
[Info   :Zeepkist GTR] 18:18:15 Starting recorder
[Info   :Zeepkist Bingo] [BINGO] === PLAYER SPAWNED ===
[Info   :Zeepkist Bingo] [BINGO] IsInActiveSession: False
[Info   :Zeepkist Bingo] [BINGO] Not in active session, skipping timer reset
[Info   :Zeepkist GTR] 18:18:41 Loading personal best...
[Info   :Zeepkist GTR] 18:18:41 Start processing HTTP request "POST" https://graphql.zeepki.st/
[Info   :Zeepkist GTR] 18:18:41 Sending HTTP request "POST" https://graphql.zeepki.st/
[Info   :Zeepkist GTR] 18:18:41 Stopping existing recorder if any
[Info   :Zeepkist GTR] 18:18:41 Creating new recorder
[Info   :Zeepkist GTR] 18:18:41 Start processing HTTP request "POST" https://graphql.zeepki.st/
[Info   :Zeepkist GTR] 18:18:41 Sending HTTP request "POST" https://graphql.zeepki.st/
[Info   :Zeepkist GTR] 18:18:41 Start processing HTTP request "POST" https://graphql.zeepki.st/
[Info   :Zeepkist GTR] 18:18:41 Sending HTTP request "POST" https://graphql.zeepki.st/
[Info   :Zeepkist GTR] 18:18:42 Received HTTP response headers after 188.0129ms - 200
[Info   :Zeepkist GTR] 18:18:42 Received HTTP response headers after 187.351ms - 200
[Info   :Zeepkist GTR] 18:18:42 End processing HTTP request after 188.2934ms - 200
[Info   :Zeepkist GTR] 18:18:42 End processing HTTP request after 187.6639ms - 200
[Info   :Zeepkist GTR] 18:18:42 Received HTTP response headers after 374.5498ms - 200
[Info   :Zeepkist GTR] 18:18:42 End processing HTTP request after 374.7871ms - 200
[Info   :Zeepkist GTR] 18:18:42 Start processing HTTP request "POST" https://graphql.zeepki.st/
[Info   :Zeepkist GTR] 18:18:42 Sending HTTP request "POST" https://graphql.zeepki.st/
[Info   :Zeepkist GTR] 18:18:42 Received HTTP response headers after 180.2135ms - 200
[Info   :Zeepkist GTR] 18:18:42 End processing HTTP request after 180.4785ms - 200
[Info   :Zeepkist GTR] 18:18:43 Starting recorder
[Info   :Zeepkist Bingo] [BINGO] === PLAYER SPAWNED ===
[Info   :Zeepkist Bingo] [BINGO] IsInActiveSession: False
[Info   :Zeepkist Bingo] [BINGO] Not in active session, skipping timer reset
[Info   :Zeepkist GTR] 18:19:21 Loading personal best...
[Info   :Zeepkist GTR] 18:19:21 Start processing HTTP request "POST" https://graphql.zeepki.st/
[Info   :Zeepkist GTR] 18:19:21 Sending HTTP request "POST" https://graphql.zeepki.st/
[Info   :Zeepkist GTR] 18:19:21 Stopping existing recorder if any
[Info   :Zeepkist GTR] 18:19:21 Creating new recorder
[Info   :Zeepkist GTR] 18:19:21 Start processing HTTP request "POST" https://graphql.zeepki.st/
[Info   :Zeepkist GTR] 18:19:21 Sending HTTP request "POST" https://graphql.zeepki.st/
[Info   :Zeepkist GTR] 18:19:21 Start processing HTTP request "POST" https://graphql.zeepki.st/
[Info   :Zeepkist GTR] 18:19:21 Sending HTTP request "POST" https://graphql.zeepki.st/
[Info   :Zeepkist GTR] 18:19:22 Received HTTP response headers after 359.0511ms - 200
[Info   :Zeepkist GTR] 18:19:22 End processing HTTP request after 359.3672ms - 200
[Info   :Zeepkist GTR] 18:19:22 Received HTTP response headers after 365.4744ms - 200
[Info   :Zeepkist GTR] 18:19:22 End processing HTTP request after 365.7205ms - 200
[Info   :Zeepkist GTR] 18:19:22 Received HTTP response headers after 498.689ms - 200
[Info   :Zeepkist GTR] 18:19:22 End processing HTTP request after 498.979ms - 200
[Info   :Zeepkist GTR] 18:19:22 Start processing HTTP request "POST" https://graphql.zeepki.st/
[Info   :Zeepkist GTR] 18:19:22 Sending HTTP request "POST" https://graphql.zeepki.st/
[Info   :Zeepkist GTR] 18:19:22 Received HTTP response headers after 200.2367ms - 200
[Info   :Zeepkist GTR] 18:19:22 End processing HTTP request after 200.547ms - 200
[Info   :Zeepkist GTR] 18:19:23 Starting recorder
[Info   :Zeepkist GTR] 18:20:16 Stopping recorder
[Info   :Zeepkist GTR] 18:20:16 Collecting extra information
[Info   :Zeepkist GTR] 18:20:16 Resolved workshop ID "3558470020" from lobby 3558470020 and level 0
[Info   :Zeepkist GTR] 18:20:16 Processing ghost data
[Info   :Zeepkist GTR] 18:20:16 Creating stream
[Info   :Zeepkist GTR] 18:20:16 Writing to stream
[Info   :Zeepkist GTR] 18:20:16 Getting buffer
[Info   :Zeepkist GTR] 18:20:16 Converting to base64
[Info   :Zeepkist GTR] 18:20:16 Creating resource
[Info   :Zeepkist GTR] 18:20:16 Start processing HTTP request "POST" https://backend.zeepki.st/record/submit
[Info   :Zeepkist GTR] 18:20:16 Sending HTTP request "POST" https://backend.zeepki.st/record/submit
[Info   :Zeepkist GTR] 18:20:17 Received HTTP response headers after 775.2946ms - 200
[Info   :Zeepkist GTR] 18:20:17 End processing HTTP request after 775.5699ms - 200
[Info   :Zeepkist Bingo] [BINGO] === PLAYER SPAWNED ===
[Info   :Zeepkist Bingo] [BINGO] IsInActiveSession: False
[Info   :Zeepkist Bingo] [BINGO] Not in active session, skipping timer reset
[Info   :Zeepkist GTR] 18:20:18 Loading personal best...
[Info   :Zeepkist GTR] 18:20:18 Start processing HTTP request "POST" https://graphql.zeepki.st/
[Info   :Zeepkist GTR] 18:20:18 Sending HTTP request "POST" https://graphql.zeepki.st/
[Info   :Zeepkist GTR] 18:20:18 Stopping existing recorder if any
[Info   :Zeepkist GTR] 18:20:18 Creating new recorder
[Info   :Zeepkist GTR] 18:20:18 Start processing HTTP request "POST" https://graphql.zeepki.st/
[Info   :Zeepkist GTR] 18:20:18 Sending HTTP request "POST" https://graphql.zeepki.st/
[Info   :Zeepkist GTR] 18:20:18 Start processing HTTP request "POST" https://graphql.zeepki.st/
[Info   :Zeepkist GTR] 18:20:18 Sending HTTP request "POST" https://graphql.zeepki.st/
[Info   :Zeepkist GTR] 18:20:18 Received HTTP response headers after 189.2416ms - 200
[Info   :Zeepkist GTR] 18:20:18 End processing HTTP request after 189.4587ms - 200
[Info   :Zeepkist GTR] 18:20:18 Received HTTP response headers after 192.5834ms - 200
[Info   :Zeepkist GTR] 18:20:18 End processing HTTP request after 192.8331ms - 200
[Info   :Zeepkist GTR] 18:20:18 Received HTTP response headers after 375.5349ms - 200
[Info   :Zeepkist GTR] 18:20:18 End processing HTTP request after 375.7614ms - 200
[Info   :Zeepkist GTR] 18:20:18 Start processing HTTP request "POST" https://graphql.zeepki.st/
[Info   :Zeepkist GTR] 18:20:18 Sending HTTP request "POST" https://graphql.zeepki.st/
[Info   :Zeepkist GTR] 18:20:18 Received HTTP response headers after 179.8232ms - 200
[Info   :Zeepkist GTR] 18:20:18 End processing HTTP request after 180.0815ms - 200
[Info   :Zeepkist GTR] 18:20:19 Starting recorder
[Info   :RoundLeaderboardTab] Drawing leaderboard -> forwarding to Instance.DrawTabLeaderboard()
[Info   :Zeepkist Bingo] [BINGO] === PLAYER SPAWNED ===
[Info   :Zeepkist Bingo] [BINGO] IsInActiveSession: False
[Info   :Zeepkist Bingo] [BINGO] Not in active session, skipping timer reset
[Info   :Zeepkist GTR] 18:20:23 Loading personal best...
[Info   :Zeepkist GTR] 18:20:23 Start processing HTTP request "POST" https://graphql.zeepki.st/
[Info   :Zeepkist GTR] 18:20:23 Sending HTTP request "POST" https://graphql.zeepki.st/
[Info   :Zeepkist GTR] 18:20:23 Stopping existing recorder if any
[Info   :Zeepkist GTR] 18:20:23 Creating new recorder
[Info   :Zeepkist GTR] 18:20:23 Start processing HTTP request "POST" https://graphql.zeepki.st/
[Info   :Zeepkist GTR] 18:20:23 Sending HTTP request "POST" https://graphql.zeepki.st/
[Info   :Zeepkist GTR] 18:20:23 Start processing HTTP request "POST" https://graphql.zeepki.st/
[Info   :Zeepkist GTR] 18:20:23 Sending HTTP request "POST" https://graphql.zeepki.st/
[Info   :Zeepkist GTR] 18:20:23 Received HTTP response headers after 193.627ms - 200
[Info   :Zeepkist GTR] 18:20:23 End processing HTTP request after 193.8467ms - 200
[Info   :Zeepkist GTR] 18:20:23 Received HTTP response headers after 194.4354ms - 200
[Info   :Zeepkist GTR] 18:20:23 End processing HTTP request after 194.7016ms - 200
[Info   :Zeepkist GTR] 18:20:23 Received HTTP response headers after 397.1588ms - 200
[Info   :Zeepkist GTR] 18:20:23 End processing HTTP request after 397.3826ms - 200
[Info   :Zeepkist GTR] 18:20:23 Start processing HTTP request "POST" https://graphql.zeepki.st/
[Info   :Zeepkist GTR] 18:20:23 Sending HTTP request "POST" https://graphql.zeepki.st/
[Info   :Zeepkist GTR] 18:20:23 Received HTTP response headers after 182.358ms - 200
[Info   :Zeepkist GTR] 18:20:23 End processing HTTP request after 182.6998ms - 200
[Info   :Zeepkist GTR] 18:20:24 Starting recorder
[Info   :Zeepkist Bingo] [BINGO] === PLAYER SPAWNED ===
[Info   :Zeepkist Bingo] [BINGO] IsInActiveSession: False
[Info   :Zeepkist Bingo] [BINGO] Not in active session, skipping timer reset
[Info   :Zeepkist GTR] 18:21:15 Loading personal best...
[Info   :Zeepkist GTR] 18:21:15 Start processing HTTP request "POST" https://graphql.zeepki.st/
[Info   :Zeepkist GTR] 18:21:15 Sending HTTP request "POST" https://graphql.zeepki.st/
[Info   :Zeepkist GTR] 18:21:15 Stopping existing recorder if any
[Info   :Zeepkist GTR] 18:21:15 Creating new recorder
[Info   :Zeepkist GTR] 18:21:15 Start processing HTTP request "POST" https://graphql.zeepki.st/
[Info   :Zeepkist GTR] 18:21:15 Sending HTTP request "POST" https://graphql.zeepki.st/
[Info   :Zeepkist GTR] 18:21:15 Start processing HTTP request "POST" https://graphql.zeepki.st/
[Info   :Zeepkist GTR] 18:21:15 Sending HTTP request "POST" https://graphql.zeepki.st/
[Info   :Zeepkist GTR] 18:21:15 Discarding recorder
[Info   :Zeepkist GTR] 18:21:15 Received HTTP response headers after 195.0778ms - 200
[Info   :Zeepkist GTR] 18:21:15 End processing HTTP request after 195.3714ms - 200
[Info   :Zeepkist GTR] 18:21:15 Received HTTP response headers after 353.5638ms - 200
[Info   :Zeepkist GTR] 18:21:15 End processing HTTP request after 353.7927ms - 200
[Info   :Zeepkist GTR] 18:21:15 Start processing HTTP request "POST" https://graphql.zeepki.st/
[Info   :Zeepkist GTR] 18:21:15 Sending HTTP request "POST" https://graphql.zeepki.st/
[Info   :Zeepkist GTR] 18:21:16 Received HTTP response headers after 605.8715ms - 200
[Info   :Zeepkist GTR] 18:21:16 End processing HTTP request after 606.2932ms - 200
[Info   :Zeepkist GTR] 18:21:17 Starting recorder
[Error  :RecordingService] Unhandled exception in OnRoundStarted: System.Reflection.TargetInvocationException: Exception has been thrown by the target of an invocation. ---> System.NullReferenceException: Object reference not set to an instance of an object
  at TNRD.Zeepkist.GTR.Ghosting.Recording.RecordingService.OnRoundStarted () [0x00026] in D:\a\Zeepkist.GTR.Mod\Zeepkist.GTR.Mod\Ghosting\Recording\RecordingService.cs:72 
  at (wrapper managed-to-native) System.Reflection.RuntimeMethodInfo.InternalInvoke(System.Reflection.RuntimeMethodInfo,object,object[],System.Exception&)
  at System.Reflection.RuntimeMethodInfo.Invoke (System.Object obj, System.Reflection.BindingFlags invokeAttr, System.Reflection.Binder binder, System.Object[] parameters, System.Globalization.CultureInfo culture) [0x0006a] in <9aad1b3a47484d63ba2b3985692d80e9>:0 
   --- End of inner exception stack trace ---
  at System.Reflection.RuntimeMethodInfo.Invoke (System.Object obj, System.Reflection.BindingFlags invokeAttr, System.Reflection.Binder binder, System.Object[] parameters, System.Globalization.CultureInfo culture) [0x00083] in <9aad1b3a47484d63ba2b3985692d80e9>:0 
  at System.Reflection.MethodBase.Invoke (System.Object obj, System.Object[] parameters) [0x00000] in <9aad1b3a47484d63ba2b3985692d80e9>:0 
  at System.Delegate.DynamicInvokeImpl (System.Object[] args) [0x000e7] in <9aad1b3a47484d63ba2b3985692d80e9>:0 
  at System.MulticastDelegate.DynamicInvokeImpl (System.Object[] args) [0x00008] in <9aad1b3a47484d63ba2b3985692d80e9>:0 
  at System.Delegate.DynamicInvoke (System.Object[] args) [0x00000] in <9aad1b3a47484d63ba2b3985692d80e9>:0 
  at ZeepSDK.Extensions.DelegateExtensions.InvokeSafe (System.Delegate d, System.Object[] args) [0x00017] in D:\a\ZeepSDK\ZeepSDK\ZeepSDK\Extensions\DelegateExtensions.cs:22 
[Info   :Zeepkist Bingo] [BINGO] Level loaded
[Info   :Zeepkist GTR] 18:21:30 Start processing HTTP request "POST" https://backend.zeepki.st/level/request
[Info   :Zeepkist GTR] 18:21:30 Sending HTTP request "POST" https://backend.zeepki.st/level/request
[Info   :BetterSplits] getting gtr splits
[Info   :Zeepkist Bingo] [BINGO] === PLAYER SPAWNED ===
[Info   :Zeepkist Bingo] [BINGO] IsInActiveSession: False
[Info   :Zeepkist Bingo] [BINGO] Not in active session, skipping timer reset
[Info   :Zeepkist GTR] 18:21:30 Loading personal best...
[Info   :Zeepkist GTR] 18:21:30 Start processing HTTP request "POST" https://graphql.zeepki.st/
[Info   :Zeepkist GTR] 18:21:30 Sending HTTP request "POST" https://graphql.zeepki.st/
[Info   :Zeepkist GTR] 18:21:30 Stopping existing recorder if any
[Info   :Zeepkist GTR] 18:21:30 Creating new recorder
[Info   :Zeepkist GTR] 18:21:30 Start processing HTTP request "POST" https://graphql.zeepki.st/
[Info   :Zeepkist GTR] 18:21:30 Sending HTTP request "POST" https://graphql.zeepki.st/
[Info   :Zeepkist GTR] 18:21:30 Start processing HTTP request "POST" https://graphql.zeepki.st/
[Info   :Zeepkist GTR] 18:21:30 Sending HTTP request "POST" https://graphql.zeepki.st/
[Info   :Zeepkist GTR] 18:21:30 Received HTTP response headers after 197.0977ms - 200
[Info   :Zeepkist GTR] 18:21:30 End processing HTTP request after 197.3922ms - 200
[Info   :BetterSplits] got gtr splits
[Info   :Zeepkist GTR] 18:21:30 Received HTTP response headers after 361.5987ms - 200
[Info   :Zeepkist GTR] 18:21:30 Received HTTP response headers after 362.19ms - 200
[Info   :Zeepkist GTR] 18:21:30 End processing HTTP request after 362.4252ms - 200
[Info   :Zeepkist GTR] 18:21:30 End processing HTTP request after 361.8133ms - 200
[Info   :Zeepkist GTR] 18:21:30 Start processing HTTP request "GET" https://cdn.zeepki.st/ghosts/01KWN48MHD34RWQBC6K59DTEPY.bin
[Info   :Zeepkist GTR] 18:21:30 Sending HTTP request "GET" https://cdn.zeepki.st/ghosts/01KWN48MHD34RWQBC6K59DTEPY.bin
[Info   :Zeepkist GTR] 18:21:30 Received HTTP response headers after 557.233ms - 200
[Info   :Zeepkist GTR] 18:21:30 End processing HTTP request after 557.5243ms - 200
[Info   :Zeepkist GTR] 18:21:30 Start processing HTTP request "POST" https://graphql.zeepki.st/
[Info   :Zeepkist GTR] 18:21:30 Sending HTTP request "POST" https://graphql.zeepki.st/
[Info   :Zeepkist GTR] 18:21:30 Received HTTP response headers after 194.6924ms - 200
[Info   :Zeepkist GTR] 18:21:30 End processing HTTP request after 195.1201ms - 200
[Info   :Zeepkist GTR] 18:21:31 Received HTTP response headers after 900.6421ms - 200
[Info   :Zeepkist GTR] 18:21:31 End processing HTTP request after 900.9772ms - 200
[Info   :Zeepkist GTR] 18:21:31 Starting recorder
[Info   :Zeepkist Bingo] [BINGO] === PLAYER SPAWNED ===
[Info   :Zeepkist Bingo] [BINGO] IsInActiveSession: False
[Info   :Zeepkist Bingo] [BINGO] Not in active session, skipping timer reset
[Info   :Zeepkist GTR] 18:21:42 Loading personal best...
[Info   :Zeepkist GTR] 18:21:42 Start processing HTTP request "POST" https://graphql.zeepki.st/
[Info   :Zeepkist GTR] 18:21:42 Sending HTTP request "POST" https://graphql.zeepki.st/
[Info   :Zeepkist GTR] 18:21:42 Stopping existing recorder if any
[Info   :Zeepkist GTR] 18:21:42 Creating new recorder
[Info   :Zeepkist GTR] 18:21:42 Start processing HTTP request "POST" https://graphql.zeepki.st/
[Info   :Zeepkist GTR] 18:21:42 Sending HTTP request "POST" https://graphql.zeepki.st/
[Info   :Zeepkist GTR] 18:21:42 Start processing HTTP request "POST" https://graphql.zeepki.st/
[Info   :Zeepkist GTR] 18:21:42 Sending HTTP request "POST" https://graphql.zeepki.st/
[Info   :Zeepkist GTR] 18:21:42 Received HTTP response headers after 200.958ms - 200
[Info   :Zeepkist GTR] 18:21:42 Received HTTP response headers after 200.4669ms - 200
[Info   :Zeepkist GTR] 18:21:42 End processing HTTP request after 201.2532ms - 200
[Info   :Zeepkist GTR] 18:21:42 End processing HTTP request after 200.7048ms - 200
[Info   :Zeepkist GTR] 18:21:42 Received HTTP response headers after 388.1432ms - 200
[Info   :Zeepkist GTR] 18:21:42 End processing HTTP request after 388.4662ms - 200
[Info   :Zeepkist GTR] 18:21:42 Start processing HTTP request "POST" https://graphql.zeepki.st/
[Info   :Zeepkist GTR] 18:21:42 Sending HTTP request "POST" https://graphql.zeepki.st/
[Info   :Zeepkist GTR] 18:21:43 Received HTTP response headers after 192.05ms - 200
[Info   :Zeepkist GTR] 18:21:43 End processing HTTP request after 192.419ms - 200
[Info   :Zeepkist GTR] 18:21:44 Starting recorder
[Info   :Zeepkist Bingo] [BINGO] === PLAYER SPAWNED ===
[Info   :Zeepkist Bingo] [BINGO] IsInActiveSession: False
[Info   :Zeepkist Bingo] [BINGO] Not in active session, skipping timer reset
[Info   :Zeepkist GTR] 18:21:57 Loading personal best...
[Info   :Zeepkist GTR] 18:21:57 Start processing HTTP request "POST" https://graphql.zeepki.st/
[Info   :Zeepkist GTR] 18:21:57 Sending HTTP request "POST" https://graphql.zeepki.st/
[Info   :Zeepkist GTR] 18:21:57 Stopping existing recorder if any
[Info   :Zeepkist GTR] 18:21:57 Creating new recorder
[Info   :Zeepkist GTR] 18:21:57 Start processing HTTP request "POST" https://graphql.zeepki.st/
[Info   :Zeepkist GTR] 18:21:57 Sending HTTP request "POST" https://graphql.zeepki.st/
[Info   :Zeepkist GTR] 18:21:57 Start processing HTTP request "POST" https://graphql.zeepki.st/
[Info   :Zeepkist GTR] 18:21:57 Sending HTTP request "POST" https://graphql.zeepki.st/
[Info   :Zeepkist GTR] 18:21:57 Received HTTP response headers after 183.8478ms - 200
[Info   :Zeepkist GTR] 18:21:57 End processing HTTP request after 184.2409ms - 200
[Info   :Zeepkist GTR] 18:21:57 Received HTTP response headers after 216.1822ms - 200
[Info   :Zeepkist GTR] 18:21:57 End processing HTTP request after 216.5332ms - 200
[Info   :Zeepkist GTR] 18:21:57 Received HTTP response headers after 390.8713ms - 200
[Info   :Zeepkist GTR] 18:21:57 End processing HTTP request after 391.1262ms - 200
[Info   :Zeepkist GTR] 18:21:57 Start processing HTTP request "POST" https://graphql.zeepki.st/
[Info   :Zeepkist GTR] 18:21:57 Sending HTTP request "POST" https://graphql.zeepki.st/
[Info   :Zeepkist GTR] 18:21:58 Received HTTP response headers after 189.8957ms - 200
[Info   :Zeepkist GTR] 18:21:58 End processing HTTP request after 190.2003ms - 200
[Info   :Zeepkist GTR] 18:21:59 Starting recorder
[Info   :Zeepkist GTR] 18:22:36 Stopping recorder
[Info   :Zeepkist GTR] 18:22:36 Collecting extra information
[Info   :Zeepkist GTR] 18:22:36 Resolved workshop ID "3567028363" from lobby 3567028363 and level 0
[Info   :Zeepkist GTR] 18:22:36 Processing ghost data
[Info   :Zeepkist GTR] 18:22:36 Creating stream
[Info   :Zeepkist GTR] 18:22:36 Writing to stream
[Info   :Zeepkist GTR] 18:22:36 Getting buffer
[Info   :Zeepkist GTR] 18:22:36 Converting to base64
[Info   :Zeepkist GTR] 18:22:36 Creating resource
[Info   :Zeepkist GTR] 18:22:36 Start processing HTTP request "POST" https://backend.zeepki.st/record/submit
[Info   :Zeepkist GTR] 18:22:36 Sending HTTP request "POST" https://backend.zeepki.st/record/submit
[Info   :Zeepkist GTR] 18:22:37 Received HTTP response headers after 807.3867ms - 200
[Info   :Zeepkist GTR] 18:22:37 End processing HTTP request after 807.7767ms - 200
[Info   :Zeepkist Bingo] [BINGO] === PLAYER SPAWNED ===
[Info   :Zeepkist Bingo] [BINGO] IsInActiveSession: False
[Info   :Zeepkist Bingo] [BINGO] Not in active session, skipping timer reset
[Info   :Zeepkist GTR] 18:22:39 Loading personal best...
[Info   :Zeepkist GTR] 18:22:39 Start processing HTTP request "POST" https://graphql.zeepki.st/
[Info   :Zeepkist GTR] 18:22:39 Sending HTTP request "POST" https://graphql.zeepki.st/
[Info   :Zeepkist GTR] 18:22:39 Stopping existing recorder if any
[Info   :Zeepkist GTR] 18:22:39 Creating new recorder
[Info   :Zeepkist GTR] 18:22:39 Start processing HTTP request "POST" https://graphql.zeepki.st/
[Info   :Zeepkist GTR] 18:22:39 Sending HTTP request "POST" https://graphql.zeepki.st/
[Info   :Zeepkist GTR] 18:22:39 Start processing HTTP request "POST" https://graphql.zeepki.st/
[Info   :Zeepkist GTR] 18:22:39 Sending HTTP request "POST" https://graphql.zeepki.st/
[Info   :Zeepkist GTR] 18:22:39 Received HTTP response headers after 182.915ms - 200
[Info   :Zeepkist GTR] 18:22:39 End processing HTTP request after 183.1582ms - 200
[Info   :Zeepkist GTR] 18:22:39 Received HTTP response headers after 195.1969ms - 200
[Info   :Zeepkist GTR] 18:22:39 End processing HTTP request after 195.5046ms - 200
[Info   :Zeepkist GTR] 18:22:39 Received HTTP response headers after 367.1074ms - 200
[Info   :Zeepkist GTR] 18:22:39 End processing HTTP request after 367.3636ms - 200
[Info   :Zeepkist GTR] 18:22:39 Start processing HTTP request "POST" https://graphql.zeepki.st/
[Info   :Zeepkist GTR] 18:22:39 Sending HTTP request "POST" https://graphql.zeepki.st/
[Info   :Zeepkist GTR] 18:22:39 Received HTTP response headers after 183.3063ms - 200
[Info   :Zeepkist GTR] 18:22:39 End processing HTTP request after 183.6261ms - 200
[Info   :Zeepkist GTR] 18:22:41 Starting recorder
[Info   :Zeepkist Bingo] [BINGO] === PLAYER SPAWNED ===
[Info   :Zeepkist Bingo] [BINGO] IsInActiveSession: False
[Info   :Zeepkist Bingo] [BINGO] Not in active session, skipping timer reset
[Info   :Zeepkist GTR] 18:22:56 Loading personal best...
[Info   :Zeepkist GTR] 18:22:56 Start processing HTTP request "POST" https://graphql.zeepki.st/
[Info   :Zeepkist GTR] 18:22:56 Sending HTTP request "POST" https://graphql.zeepki.st/
[Info   :Zeepkist GTR] 18:22:56 Stopping existing recorder if any
[Info   :Zeepkist GTR] 18:22:56 Creating new recorder
[Info   :Zeepkist GTR] 18:22:56 Start processing HTTP request "POST" https://graphql.zeepki.st/
[Info   :Zeepkist GTR] 18:22:56 Sending HTTP request "POST" https://graphql.zeepki.st/
[Info   :Zeepkist GTR] 18:22:56 Start processing HTTP request "POST" https://graphql.zeepki.st/
[Info   :Zeepkist GTR] 18:22:56 Sending HTTP request "POST" https://graphql.zeepki.st/
[Info   :Zeepkist GTR] 18:22:57 Received HTTP response headers after 217.2863ms - 200
[Info   :Zeepkist GTR] 18:22:57 End processing HTTP request after 217.5932ms - 200
[Info   :Zeepkist GTR] 18:22:57 Received HTTP response headers after 233.6698ms - 200
[Info   :Zeepkist GTR] 18:22:57 End processing HTTP request after 234.1694ms - 200
[Info   :Zeepkist GTR] 18:22:57 Received HTTP response headers after 418.9185ms - 200
[Info   :Zeepkist GTR] 18:22:57 End processing HTTP request after 419.1649ms - 200
[Info   :Zeepkist GTR] 18:22:57 Start processing HTTP request "POST" https://graphql.zeepki.st/
[Info   :Zeepkist GTR] 18:22:57 Sending HTTP request "POST" https://graphql.zeepki.st/
[Info   :Zeepkist GTR] 18:22:57 Received HTTP response headers after 207.4768ms - 200
[Info   :Zeepkist GTR] 18:22:57 End processing HTTP request after 207.768ms - 200
[Info   :Zeepkist GTR] 18:22:58 Starting recorder
[Info   :Zeepkist GTR] 18:23:35 Stopping recorder
[Info   :Zeepkist GTR] 18:23:35 Collecting extra information
[Info   :Zeepkist GTR] 18:23:35 Resolved workshop ID "3567028363" from lobby 3567028363 and level 0
[Info   :Zeepkist GTR] 18:23:35 Processing ghost data
[Info   :Zeepkist GTR] 18:23:35 Creating stream
[Info   :Zeepkist GTR] 18:23:35 Writing to stream
[Info   :Zeepkist GTR] 18:23:35 Getting buffer
[Info   :Zeepkist GTR] 18:23:35 Converting to base64
[Info   :Zeepkist GTR] 18:23:35 Creating resource
[Info   :Zeepkist GTR] 18:23:35 Start processing HTTP request "POST" https://backend.zeepki.st/record/submit
[Info   :Zeepkist GTR] 18:23:35 Sending HTTP request "POST" https://backend.zeepki.st/record/submit
[Info   :Zeepkist GTR] 18:23:36 Received HTTP response headers after 546.1754ms - 200
[Info   :Zeepkist GTR] 18:23:36 End processing HTTP request after 546.5403ms - 200
[Info   :Zeepkist Bingo] [BINGO] === PLAYER SPAWNED ===
[Info   :Zeepkist Bingo] [BINGO] IsInActiveSession: False
[Info   :Zeepkist Bingo] [BINGO] Not in active session, skipping timer reset
[Info   :Zeepkist GTR] 18:23:39 Loading personal best...
[Info   :Zeepkist GTR] 18:23:39 Start processing HTTP request "POST" https://graphql.zeepki.st/
[Info   :Zeepkist GTR] 18:23:39 Sending HTTP request "POST" https://graphql.zeepki.st/
[Info   :Zeepkist GTR] 18:23:39 Stopping existing recorder if any
[Info   :Zeepkist GTR] 18:23:39 Creating new recorder
[Info   :Zeepkist GTR] 18:23:39 Start processing HTTP request "POST" https://graphql.zeepki.st/
[Info   :Zeepkist GTR] 18:23:39 Sending HTTP request "POST" https://graphql.zeepki.st/
[Info   :Zeepkist GTR] 18:23:39 Start processing HTTP request "POST" https://graphql.zeepki.st/
[Info   :Zeepkist GTR] 18:23:39 Sending HTTP request "POST" https://graphql.zeepki.st/
[Info   :Zeepkist GTR] 18:23:39 Received HTTP response headers after 424.8701ms - 200
[Info   :Zeepkist GTR] 18:23:39 End processing HTTP request after 425.1373ms - 200
[Info   :Zeepkist GTR] 18:23:39 Received HTTP response headers after 430.0659ms - 200
[Info   :Zeepkist GTR] 18:23:39 End processing HTTP request after 430.2913ms - 200
[Info   :Zeepkist GTR] 18:23:40 Received HTTP response headers after 569.9908ms - 200
[Info   :Zeepkist GTR] 18:23:40 End processing HTTP request after 570.2506ms - 200
[Info   :Zeepkist GTR] 18:23:40 Start processing HTTP request "POST" https://graphql.zeepki.st/
[Info   :Zeepkist GTR] 18:23:40 Sending HTTP request "POST" https://graphql.zeepki.st/
[Info   :Zeepkist GTR] 18:23:40 Received HTTP response headers after 182.3893ms - 200
[Info   :Zeepkist GTR] 18:23:40 End processing HTTP request after 182.6616ms - 200
[Info   :Zeepkist GTR] 18:23:41 Starting recorder
[Info   :Zeepkist GTR] 18:24:18 Stopping recorder
[Info   :Zeepkist GTR] 18:24:18 Collecting extra information
[Info   :Zeepkist GTR] 18:24:18 Resolved workshop ID "3567028363" from lobby 3567028363 and level 0
[Info   :Zeepkist GTR] 18:24:18 Processing ghost data
[Info   :Zeepkist GTR] 18:24:18 Creating stream
[Info   :Zeepkist GTR] 18:24:18 Writing to stream
[Info   :Zeepkist GTR] 18:24:18 Getting buffer
[Info   :Zeepkist GTR] 18:24:18 Converting to base64
[Info   :Zeepkist GTR] 18:24:18 Creating resource
[Info   :Zeepkist GTR] 18:24:18 Start processing HTTP request "POST" https://backend.zeepki.st/record/submit
[Info   :Zeepkist GTR] 18:24:18 Sending HTTP request "POST" https://backend.zeepki.st/record/submit
[Info   :Zeepkist GTR] 18:24:18 Received HTTP response headers after 472.05ms - 200
[Info   :Zeepkist GTR] 18:24:18 End processing HTTP request after 472.3177ms - 200
[Info   :Zeepkist Bingo] [BINGO] === PLAYER SPAWNED ===
[Info   :Zeepkist Bingo] [BINGO] IsInActiveSession: False
[Info   :Zeepkist Bingo] [BINGO] Not in active session, skipping timer reset
[Info   :Zeepkist GTR] 18:24:20 Loading personal best...
[Info   :Zeepkist GTR] 18:24:20 Start processing HTTP request "POST" https://graphql.zeepki.st/
[Info   :Zeepkist GTR] 18:24:20 Sending HTTP request "POST" https://graphql.zeepki.st/
[Info   :Zeepkist GTR] 18:24:20 Stopping existing recorder if any
[Info   :Zeepkist GTR] 18:24:20 Creating new recorder
[Info   :Zeepkist GTR] 18:24:20 Start processing HTTP request "POST" https://graphql.zeepki.st/
[Info   :Zeepkist GTR] 18:24:20 Sending HTTP request "POST" https://graphql.zeepki.st/
[Info   :Zeepkist GTR] 18:24:20 Start processing HTTP request "POST" https://graphql.zeepki.st/
[Info   :Zeepkist GTR] 18:24:20 Sending HTTP request "POST" https://graphql.zeepki.st/
[Info   :Zeepkist GTR] 18:24:20 Received HTTP response headers after 187.3641ms - 200
[Info   :Zeepkist GTR] 18:24:20 End processing HTTP request after 187.6771ms - 200
[Info   :Zeepkist GTR] 18:24:20 Received HTTP response headers after 191.307ms - 200
[Info   :Zeepkist GTR] 18:24:20 End processing HTTP request after 191.5815ms - 200
[Info   :Zeepkist GTR] 18:24:20 Received HTTP response headers after 362.9774ms - 200
[Info   :Zeepkist GTR] 18:24:20 End processing HTTP request after 363.2101ms - 200
[Info   :Zeepkist GTR] 18:24:20 Start processing HTTP request "POST" https://graphql.zeepki.st/
[Info   :Zeepkist GTR] 18:24:20 Sending HTTP request "POST" https://graphql.zeepki.st/
[Info   :Zeepkist GTR] 18:24:20 Received HTTP response headers after 176.8838ms - 200
[Info   :Zeepkist GTR] 18:24:20 End processing HTTP request after 177.2134ms - 200
[Info   :Zeepkist GTR] 18:24:21 Starting recorder
[Info   :Zeepkist Bingo] [BINGO] === PLAYER SPAWNED ===
[Info   :Zeepkist Bingo] [BINGO] IsInActiveSession: False
[Info   :Zeepkist Bingo] [BINGO] Not in active session, skipping timer reset
[Info   :Zeepkist GTR] 18:24:33 Loading personal best...
[Info   :Zeepkist GTR] 18:24:33 Start processing HTTP request "POST" https://graphql.zeepki.st/
[Info   :Zeepkist GTR] 18:24:33 Sending HTTP request "POST" https://graphql.zeepki.st/
[Info   :Zeepkist GTR] 18:24:33 Stopping existing recorder if any
[Info   :Zeepkist GTR] 18:24:33 Creating new recorder
[Info   :Zeepkist GTR] 18:24:33 Start processing HTTP request "POST" https://graphql.zeepki.st/
[Info   :Zeepkist GTR] 18:24:33 Sending HTTP request "POST" https://graphql.zeepki.st/
[Info   :Zeepkist GTR] 18:24:33 Start processing HTTP request "POST" https://graphql.zeepki.st/
[Info   :Zeepkist GTR] 18:24:33 Sending HTTP request "POST" https://graphql.zeepki.st/
[Info   :Zeepkist GTR] 18:24:33 Received HTTP response headers after 178.6204ms - 200
[Info   :Zeepkist GTR] 18:24:33 End processing HTTP request after 178.9574ms - 200
[Info   :Zeepkist GTR] 18:24:33 Received HTTP response headers after 185.6126ms - 200
[Info   :Zeepkist GTR] 18:24:33 End processing HTTP request after 185.9545ms - 200
[Info   :Zeepkist GTR] 18:24:34 Received HTTP response headers after 356.8427ms - 200
[Info   :Zeepkist GTR] 18:24:34 End processing HTTP request after 357.0887ms - 200
[Info   :Zeepkist GTR] 18:24:34 Start processing HTTP request "POST" https://graphql.zeepki.st/
[Info   :Zeepkist GTR] 18:24:34 Sending HTTP request "POST" https://graphql.zeepki.st/
[Info   :Zeepkist GTR] 18:24:34 Received HTTP response headers after 175.3047ms - 200
[Info   :Zeepkist GTR] 18:24:34 End processing HTTP request after 175.6154ms - 200
[Info   :Zeepkist GTR] 18:24:35 Starting recorder
[Info   :Zeepkist Bingo] [BINGO] === PLAYER SPAWNED ===
[Info   :Zeepkist Bingo] [BINGO] IsInActiveSession: False
[Info   :Zeepkist Bingo] [BINGO] Not in active session, skipping timer reset
[Info   :Zeepkist GTR] 18:24:38 Loading personal best...
[Info   :Zeepkist GTR] 18:24:38 Start processing HTTP request "POST" https://graphql.zeepki.st/
[Info   :Zeepkist GTR] 18:24:38 Sending HTTP request "POST" https://graphql.zeepki.st/
[Info   :Zeepkist GTR] 18:24:38 Stopping existing recorder if any
[Info   :Zeepkist GTR] 18:24:38 Creating new recorder
[Info   :Zeepkist GTR] 18:24:38 Start processing HTTP request "POST" https://graphql.zeepki.st/
[Info   :Zeepkist GTR] 18:24:38 Sending HTTP request "POST" https://graphql.zeepki.st/
[Info   :Zeepkist GTR] 18:24:38 Start processing HTTP request "POST" https://graphql.zeepki.st/
[Info   :Zeepkist GTR] 18:24:38 Sending HTTP request "POST" https://graphql.zeepki.st/
[Info   :Zeepkist GTR] 18:24:38 Received HTTP response headers after 177.5574ms - 200
[Info   :Zeepkist GTR] 18:24:38 Received HTTP response headers after 178.1035ms - 200
[Info   :Zeepkist GTR] 18:24:38 End processing HTTP request after 177.7949ms - 200
[Info   :Zeepkist GTR] 18:24:38 End processing HTTP request after 178.3667ms - 200
[Info   :Zeepkist GTR] 18:24:38 Received HTTP response headers after 364.1026ms - 200
[Info   :Zeepkist GTR] 18:24:38 End processing HTTP request after 364.3513ms - 200
[Info   :Zeepkist GTR] 18:24:38 Start processing HTTP request "POST" https://graphql.zeepki.st/
[Info   :Zeepkist GTR] 18:24:38 Sending HTTP request "POST" https://graphql.zeepki.st/
[Info   :Zeepkist GTR] 18:24:38 Received HTTP response headers after 190.2883ms - 200
[Info   :Zeepkist GTR] 18:24:38 End processing HTTP request after 190.5579ms - 200
[Info   :Zeepkist GTR] 18:24:39 Starting recorder
[Info   :Zeepkist Bingo] [BINGO] === PLAYER SPAWNED ===
[Info   :Zeepkist Bingo] [BINGO] IsInActiveSession: False
[Info   :Zeepkist Bingo] [BINGO] Not in active session, skipping timer reset
[Info   :Zeepkist GTR] 18:24:58 Loading personal best...
[Info   :Zeepkist GTR] 18:24:58 Start processing HTTP request "POST" https://graphql.zeepki.st/
[Info   :Zeepkist GTR] 18:24:58 Sending HTTP request "POST" https://graphql.zeepki.st/
[Info   :Zeepkist GTR] 18:24:58 Stopping existing recorder if any
[Info   :Zeepkist GTR] 18:24:58 Creating new recorder
[Info   :Zeepkist GTR] 18:24:58 Start processing HTTP request "POST" https://graphql.zeepki.st/
[Info   :Zeepkist GTR] 18:24:58 Sending HTTP request "POST" https://graphql.zeepki.st/
[Info   :Zeepkist GTR] 18:24:58 Start processing HTTP request "POST" https://graphql.zeepki.st/
[Info   :Zeepkist GTR] 18:24:58 Sending HTTP request "POST" https://graphql.zeepki.st/
[Info   :Zeepkist GTR] 18:24:59 Received HTTP response headers after 319.184ms - 200
[Info   :Zeepkist GTR] 18:24:59 End processing HTTP request after 319.5146ms - 200
[Info   :Zeepkist GTR] 18:24:59 Received HTTP response headers after 323.0352ms - 200
[Info   :Zeepkist GTR] 18:24:59 End processing HTTP request after 323.4104ms - 200
[Info   :Zeepkist GTR] 18:24:59 Received HTTP response headers after 505.724ms - 200
[Info   :Zeepkist GTR] 18:24:59 End processing HTTP request after 505.9931ms - 200
[Info   :Zeepkist GTR] 18:24:59 Start processing HTTP request "POST" https://graphql.zeepki.st/
[Info   :Zeepkist GTR] 18:24:59 Sending HTTP request "POST" https://graphql.zeepki.st/
[Info   :Zeepkist GTR] 18:24:59 Received HTTP response headers after 195.09ms - 200
[Info   :Zeepkist GTR] 18:24:59 End processing HTTP request after 195.3648ms - 200
[Info   :Zeepkist GTR] 18:25:00 Starting recorder
[Info   :Zeepkist Bingo] [BINGO] === PLAYER SPAWNED ===
[Info   :Zeepkist Bingo] [BINGO] IsInActiveSession: False
[Info   :Zeepkist Bingo] [BINGO] Not in active session, skipping timer reset
[Info   :Zeepkist GTR] 18:25:11 Loading personal best...
[Info   :Zeepkist GTR] 18:25:11 Start processing HTTP request "POST" https://graphql.zeepki.st/
[Info   :Zeepkist GTR] 18:25:11 Sending HTTP request "POST" https://graphql.zeepki.st/
[Info   :Zeepkist GTR] 18:25:11 Stopping existing recorder if any
[Info   :Zeepkist GTR] 18:25:11 Creating new recorder
[Info   :Zeepkist GTR] 18:25:11 Start processing HTTP request "POST" https://graphql.zeepki.st/
[Info   :Zeepkist GTR] 18:25:11 Sending HTTP request "POST" https://graphql.zeepki.st/
[Info   :Zeepkist GTR] 18:25:11 Start processing HTTP request "POST" https://graphql.zeepki.st/
[Info   :Zeepkist GTR] 18:25:11 Sending HTTP request "POST" https://graphql.zeepki.st/
[Info   :Zeepkist GTR] 18:25:11 Received HTTP response headers after 197.0376ms - 200
[Info   :Zeepkist GTR] 18:25:11 End processing HTTP request after 197.2991ms - 200
[Info   :Zeepkist GTR] 18:25:11 Received HTTP response headers after 205.9221ms - 200
[Info   :Zeepkist GTR] 18:25:11 End processing HTTP request after 206.2337ms - 200
[Info   :Zeepkist GTR] 18:25:11 Received HTTP response headers after 478.6967ms - 200
[Info   :Zeepkist GTR] 18:25:11 End processing HTTP request after 478.9229ms - 200
[Info   :Zeepkist GTR] 18:25:11 Start processing HTTP request "POST" https://graphql.zeepki.st/
[Info   :Zeepkist GTR] 18:25:11 Sending HTTP request "POST" https://graphql.zeepki.st/
[Info   :Zeepkist GTR] 18:25:11 Received HTTP response headers after 192.8785ms - 200
[Info   :Zeepkist GTR] 18:25:11 End processing HTTP request after 193.1347ms - 200
[Info   :Zeepkist GTR] 18:25:12 Starting recorder
[Info   :Zeepkist Bingo] [BINGO] === PLAYER SPAWNED ===
[Info   :Zeepkist Bingo] [BINGO] IsInActiveSession: False
[Info   :Zeepkist Bingo] [BINGO] Not in active session, skipping timer reset
[Info   :Zeepkist GTR] 18:25:22 Loading personal best...
[Info   :Zeepkist GTR] 18:25:22 Start processing HTTP request "POST" https://graphql.zeepki.st/
[Info   :Zeepkist GTR] 18:25:22 Sending HTTP request "POST" https://graphql.zeepki.st/
[Info   :Zeepkist GTR] 18:25:22 Stopping existing recorder if any
[Info   :Zeepkist GTR] 18:25:22 Creating new recorder
[Info   :Zeepkist GTR] 18:25:22 Start processing HTTP request "POST" https://graphql.zeepki.st/
[Info   :Zeepkist GTR] 18:25:22 Sending HTTP request "POST" https://graphql.zeepki.st/
[Info   :Zeepkist GTR] 18:25:22 Start processing HTTP request "POST" https://graphql.zeepki.st/
[Info   :Zeepkist GTR] 18:25:22 Sending HTTP request "POST" https://graphql.zeepki.st/
[Info   :Zeepkist GTR] 18:25:23 Received HTTP response headers after 192.1032ms - 200
[Info   :Zeepkist GTR] 18:25:23 End processing HTTP request after 192.3544ms - 200
[Info   :Zeepkist GTR] 18:25:23 Received HTTP response headers after 199.3684ms - 200
[Info   :Zeepkist GTR] 18:25:23 End processing HTTP request after 199.7176ms - 200
[Info   :Zeepkist GTR] 18:25:23 Received HTTP response headers after 393.0315ms - 200
[Info   :Zeepkist GTR] 18:25:23 End processing HTTP request after 393.2867ms - 200
[Info   :Zeepkist GTR] 18:25:23 Start processing HTTP request "POST" https://graphql.zeepki.st/
[Info   :Zeepkist GTR] 18:25:23 Sending HTTP request "POST" https://graphql.zeepki.st/
[Info   :Zeepkist GTR] 18:25:23 Received HTTP response headers after 186.5072ms - 200
[Info   :Zeepkist GTR] 18:25:23 End processing HTTP request after 186.8187ms - 200
[Info   :Zeepkist GTR] 18:25:24 Starting recorder
[Info   :Zeepkist Bingo] [BINGO] === PLAYER SPAWNED ===
[Info   :Zeepkist Bingo] [BINGO] IsInActiveSession: False
[Info   :Zeepkist Bingo] [BINGO] Not in active session, skipping timer reset
[Info   :Zeepkist GTR] 18:25:32 Loading personal best...
[Info   :Zeepkist GTR] 18:25:32 Start processing HTTP request "POST" https://graphql.zeepki.st/
[Info   :Zeepkist GTR] 18:25:32 Sending HTTP request "POST" https://graphql.zeepki.st/
[Info   :Zeepkist GTR] 18:25:32 Stopping existing recorder if any
[Info   :Zeepkist GTR] 18:25:32 Creating new recorder
[Info   :Zeepkist GTR] 18:25:32 Start processing HTTP request "POST" https://graphql.zeepki.st/
[Info   :Zeepkist GTR] 18:25:32 Sending HTTP request "POST" https://graphql.zeepki.st/
[Info   :Zeepkist GTR] 18:25:32 Start processing HTTP request "POST" https://graphql.zeepki.st/
[Info   :Zeepkist GTR] 18:25:32 Sending HTTP request "POST" https://graphql.zeepki.st/
[Info   :Zeepkist GTR] 18:25:32 Received HTTP response headers after 188.4417ms - 200
[Info   :Zeepkist GTR] 18:25:32 End processing HTTP request after 188.7487ms - 200
[Info   :Zeepkist GTR] 18:25:32 Received HTTP response headers after 208.8284ms - 200
[Info   :Zeepkist GTR] 18:25:32 End processing HTTP request after 209.1319ms - 200
[Info   :Zeepkist GTR] 18:25:32 Received HTTP response headers after 379.0094ms - 200
[Info   :Zeepkist GTR] 18:25:32 End processing HTTP request after 379.2594ms - 200
[Info   :Zeepkist GTR] 18:25:32 Start processing HTTP request "POST" https://graphql.zeepki.st/
[Info   :Zeepkist GTR] 18:25:32 Sending HTTP request "POST" https://graphql.zeepki.st/
[Info   :Zeepkist GTR] 18:25:32 Received HTTP response headers after 185.6972ms - 200
[Info   :Zeepkist GTR] 18:25:32 End processing HTTP request after 185.9738ms - 200
[Info   :Zeepkist GTR] 18:25:33 Starting recorder
[Info   :Zeepkist Bingo] [BINGO] === PLAYER SPAWNED ===
[Info   :Zeepkist Bingo] [BINGO] IsInActiveSession: False
[Info   :Zeepkist Bingo] [BINGO] Not in active session, skipping timer reset
[Info   :Zeepkist GTR] 18:25:45 Loading personal best...
[Info   :Zeepkist GTR] 18:25:45 Start processing HTTP request "POST" https://graphql.zeepki.st/
[Info   :Zeepkist GTR] 18:25:45 Sending HTTP request "POST" https://graphql.zeepki.st/
[Info   :Zeepkist GTR] 18:25:45 Stopping existing recorder if any
[Info   :Zeepkist GTR] 18:25:45 Creating new recorder
[Info   :Zeepkist GTR] 18:25:45 Start processing HTTP request "POST" https://graphql.zeepki.st/
[Info   :Zeepkist GTR] 18:25:45 Sending HTTP request "POST" https://graphql.zeepki.st/
[Info   :Zeepkist GTR] 18:25:45 Start processing HTTP request "POST" https://graphql.zeepki.st/
[Info   :Zeepkist GTR] 18:25:45 Sending HTTP request "POST" https://graphql.zeepki.st/
[Info   :Zeepkist GTR] 18:25:45 Received HTTP response headers after 359.0024ms - 200
[Info   :Zeepkist GTR] 18:25:45 End processing HTTP request after 359.3363ms - 200
[Info   :Zeepkist GTR] 18:25:45 Received HTTP response headers after 483.6424ms - 200
[Info   :Zeepkist GTR] 18:25:45 End processing HTTP request after 483.9195ms - 200
[Info   :Zeepkist GTR] 18:25:45 Start processing HTTP request "POST" https://graphql.zeepki.st/
[Info   :Zeepkist GTR] 18:25:45 Sending HTTP request "POST" https://graphql.zeepki.st/
[Info   :Zeepkist GTR] 18:25:45 Received HTTP response headers after 186.1985ms - 200
[Info   :Zeepkist GTR] 18:25:45 End processing HTTP request after 186.5216ms - 200
[Info   :Zeepkist GTR] 18:25:45 Received HTTP response headers after 748.6037ms - 200
[Info   :Zeepkist GTR] 18:25:45 End processing HTTP request after 748.8796ms - 200
[Info   :Zeepkist GTR] 18:25:46 Starting recorder
[Info   :Zeepkist Bingo] [BINGO] === PLAYER SPAWNED ===
[Info   :Zeepkist Bingo] [BINGO] IsInActiveSession: False
[Info   :Zeepkist Bingo] [BINGO] Not in active session, skipping timer reset
[Info   :Zeepkist GTR] 18:26:07 Loading personal best...
[Info   :Zeepkist GTR] 18:26:07 Start processing HTTP request "POST" https://graphql.zeepki.st/
[Info   :Zeepkist GTR] 18:26:07 Sending HTTP request "POST" https://graphql.zeepki.st/
[Info   :Zeepkist GTR] 18:26:07 Stopping existing recorder if any
[Info   :Zeepkist GTR] 18:26:07 Creating new recorder
[Info   :Zeepkist GTR] 18:26:07 Start processing HTTP request "POST" https://graphql.zeepki.st/
[Info   :Zeepkist GTR] 18:26:07 Sending HTTP request "POST" https://graphql.zeepki.st/
[Info   :Zeepkist GTR] 18:26:07 Start processing HTTP request "POST" https://graphql.zeepki.st/
[Info   :Zeepkist GTR] 18:26:07 Sending HTTP request "POST" https://graphql.zeepki.st/
[Info   :Zeepkist GTR] 18:26:07 Received HTTP response headers after 209.6012ms - 200
[Info   :Zeepkist GTR] 18:26:07 End processing HTTP request after 209.9144ms - 200
[Info   :Zeepkist GTR] 18:26:07 Received HTTP response headers after 222.8192ms - 200
[Info   :Zeepkist GTR] 18:26:07 End processing HTTP request after 223.0997ms - 200
[Info   :Zeepkist GTR] 18:26:07 Received HTTP response headers after 398.4796ms - 200
[Info   :Zeepkist GTR] 18:26:07 End processing HTTP request after 398.777ms - 200
[Info   :Zeepkist GTR] 18:26:07 Start processing HTTP request "POST" https://graphql.zeepki.st/
[Info   :Zeepkist GTR] 18:26:07 Sending HTTP request "POST" https://graphql.zeepki.st/
[Info   :Zeepkist GTR] 18:26:07 Received HTTP response headers after 187.8426ms - 200
[Info   :Zeepkist GTR] 18:26:07 End processing HTTP request after 188.1102ms - 200
[Info   :Zeepkist GTR] 18:26:09 Starting recorder
[Info   :Zeepkist Bingo] [BINGO] === PLAYER SPAWNED ===
[Info   :Zeepkist Bingo] [BINGO] IsInActiveSession: False
[Info   :Zeepkist Bingo] [BINGO] Not in active session, skipping timer reset
[Info   :Zeepkist GTR] 18:26:22 Loading personal best...
[Info   :Zeepkist GTR] 18:26:22 Start processing HTTP request "POST" https://graphql.zeepki.st/
[Info   :Zeepkist GTR] 18:26:22 Sending HTTP request "POST" https://graphql.zeepki.st/
[Info   :Zeepkist GTR] 18:26:22 Stopping existing recorder if any
[Info   :Zeepkist GTR] 18:26:22 Creating new recorder
[Info   :Zeepkist GTR] 18:26:22 Start processing HTTP request "POST" https://graphql.zeepki.st/
[Info   :Zeepkist GTR] 18:26:22 Sending HTTP request "POST" https://graphql.zeepki.st/
[Info   :Zeepkist GTR] 18:26:22 Start processing HTTP request "POST" https://graphql.zeepki.st/
[Info   :Zeepkist GTR] 18:26:22 Sending HTTP request "POST" https://graphql.zeepki.st/
[Info   :Zeepkist GTR] 18:26:22 Received HTTP response headers after 209.0968ms - 200
[Info   :Zeepkist GTR] 18:26:22 End processing HTTP request after 209.3481ms - 200
[Info   :Zeepkist GTR] 18:26:22 Received HTTP response headers after 242.2575ms - 200
[Info   :Zeepkist GTR] 18:26:22 End processing HTTP request after 242.5838ms - 200
[Info   :Zeepkist GTR] 18:26:22 Received HTTP response headers after 417.7879ms - 200
[Info   :Zeepkist GTR] 18:26:22 End processing HTTP request after 418.0788ms - 200
[Info   :Zeepkist GTR] 18:26:22 Start processing HTTP request "POST" https://graphql.zeepki.st/
[Info   :Zeepkist GTR] 18:26:22 Sending HTTP request "POST" https://graphql.zeepki.st/
[Info   :Zeepkist GTR] 18:26:23 Received HTTP response headers after 223.3159ms - 200
[Info   :Zeepkist GTR] 18:26:23 End processing HTTP request after 223.7679ms - 200
[Info   :Zeepkist GTR] 18:26:24 Starting recorder
[Info   :RoundLeaderboardTab] Drawing leaderboard -> forwarding to Instance.DrawTabLeaderboard()
[Info   :Zeepkist GTR] 18:26:28 Discarding recorder
[Info   :RoundLeaderboardTab] Drawing leaderboard -> forwarding to Instance.DrawTabLeaderboard()
[Info   :RoundLeaderboardTab] Drawing leaderboard -> forwarding to Instance.DrawTabLeaderboard()
[Info   :Zeepkist Bingo] [BINGO] Level loaded
[Info   :Zeepkist GTR] 18:26:43 Start processing HTTP request "POST" https://backend.zeepki.st/level/request
[Info   :Zeepkist GTR] 18:26:43 Sending HTTP request "POST" https://backend.zeepki.st/level/request
[Info   :BetterSplits] getting gtr splits
[Info   :Zeepkist Bingo] [BINGO] === PLAYER SPAWNED ===
[Info   :Zeepkist Bingo] [BINGO] IsInActiveSession: False
[Info   :Zeepkist Bingo] [BINGO] Not in active session, skipping timer reset
[Info   :Zeepkist GTR] 18:26:43 Loading personal best...
[Info   :Zeepkist GTR] 18:26:43 Start processing HTTP request "POST" https://graphql.zeepki.st/
[Info   :Zeepkist GTR] 18:26:43 Sending HTTP request "POST" https://graphql.zeepki.st/
[Info   :Zeepkist GTR] 18:26:43 Stopping existing recorder if any
[Info   :Zeepkist GTR] 18:26:43 Creating new recorder
[Info   :Zeepkist GTR] 18:26:43 Start processing HTTP request "POST" https://graphql.zeepki.st/
[Info   :Zeepkist GTR] 18:26:43 Sending HTTP request "POST" https://graphql.zeepki.st/
[Info   :Zeepkist GTR] 18:26:43 Start processing HTTP request "POST" https://graphql.zeepki.st/
[Info   :Zeepkist GTR] 18:26:43 Sending HTTP request "POST" https://graphql.zeepki.st/
[Info   :Zeepkist GTR] 18:26:43 Received HTTP response headers after 287.167ms - 200
[Info   :Zeepkist GTR] 18:26:43 Received HTTP response headers after 181.99ms - 200
[Info   :Zeepkist GTR] 18:26:43 End processing HTTP request after 287.5164ms - 200
[Info   :Zeepkist GTR] 18:26:43 End processing HTTP request after 182.3097ms - 200
[Info   :Zeepkist GTR] 18:26:43 Received HTTP response headers after 209.031ms - 200
[Info   :Zeepkist GTR] 18:26:43 End processing HTTP request after 209.2871ms - 200
[Info   :BetterSplits] got gtr splits
[Info   :Zeepkist GTR] 18:26:43 Received HTTP response headers after 371.8567ms - 200
[Info   :Zeepkist GTR] 18:26:43 End processing HTTP request after 372.1166ms - 200
[Info   :Zeepkist GTR] 18:26:43 Start processing HTTP request "POST" https://graphql.zeepki.st/
[Info   :Zeepkist GTR] 18:26:43 Sending HTTP request "POST" https://graphql.zeepki.st/
[Info   :Zeepkist GTR] 18:26:44 Received HTTP response headers after 182.7186ms - 200
[Info   :Zeepkist GTR] 18:26:44 End processing HTTP request after 183.0111ms - 200
[Info   :Zeepkist GTR] 18:26:45 Starting recorder
[Info   :Zeepkist Bingo] [BINGO] === PLAYER SPAWNED ===
[Info   :Zeepkist Bingo] [BINGO] IsInActiveSession: False
[Info   :Zeepkist Bingo] [BINGO] Not in active session, skipping timer reset
[Info   :Zeepkist GTR] 18:26:48 Loading personal best...
[Info   :Zeepkist GTR] 18:26:48 Start processing HTTP request "POST" https://graphql.zeepki.st/
[Info   :Zeepkist GTR] 18:26:48 Sending HTTP request "POST" https://graphql.zeepki.st/
[Info   :Zeepkist GTR] 18:26:48 Stopping existing recorder if any
[Info   :Zeepkist GTR] 18:26:48 Creating new recorder
[Info   :Zeepkist GTR] 18:26:48 Start processing HTTP request "POST" https://graphql.zeepki.st/
[Info   :Zeepkist GTR] 18:26:48 Sending HTTP request "POST" https://graphql.zeepki.st/
[Info   :Zeepkist GTR] 18:26:48 Start processing HTTP request "POST" https://graphql.zeepki.st/
[Info   :Zeepkist GTR] 18:26:48 Sending HTTP request "POST" https://graphql.zeepki.st/
[Info   :Zeepkist GTR] 18:26:48 Received HTTP response headers after 185.1354ms - 200
[Info   :Zeepkist GTR] 18:26:48 End processing HTTP request after 185.4826ms - 200
[Info   :Zeepkist GTR] 18:26:48 Received HTTP response headers after 205.9301ms - 200
[Info   :Zeepkist GTR] 18:26:48 End processing HTTP request after 206.3347ms - 200
[Info   :Zeepkist GTR] 18:26:48 Received HTTP response headers after 372.4891ms - 200
[Info   :Zeepkist GTR] 18:26:48 End processing HTTP request after 372.7124ms - 200
[Info   :Zeepkist GTR] 18:26:48 Start processing HTTP request "POST" https://graphql.zeepki.st/
[Info   :Zeepkist GTR] 18:26:48 Sending HTTP request "POST" https://graphql.zeepki.st/
[Info   :Zeepkist GTR] 18:26:48 Received HTTP response headers after 191.5106ms - 200
[Info   :Zeepkist GTR] 18:26:48 End processing HTTP request after 191.8022ms - 200
[Info   :Zeepkist GTR] 18:26:49 Starting recorder
[Info   :Zeepkist GTR] 18:27:23 Stopping recorder
[Info   :Zeepkist GTR] 18:27:23 Collecting extra information
[Info   :Zeepkist GTR] 18:27:23 Resolved workshop ID "3575374702" from lobby 3575374702 and level 0
[Info   :Zeepkist GTR] 18:27:23 Processing ghost data
[Info   :Zeepkist GTR] 18:27:23 Creating stream
[Info   :Zeepkist GTR] 18:27:23 Writing to stream
[Info   :Zeepkist GTR] 18:27:23 Getting buffer
[Info   :Zeepkist GTR] 18:27:23 Converting to base64
[Info   :Zeepkist GTR] 18:27:23 Creating resource
[Info   :Zeepkist GTR] 18:27:23 Start processing HTTP request "POST" https://backend.zeepki.st/record/submit
[Info   :Zeepkist GTR] 18:27:23 Sending HTTP request "POST" https://backend.zeepki.st/record/submit
[Info   :Zeepkist GTR] 18:27:24 Received HTTP response headers after 578.2405ms - 200
[Info   :Zeepkist GTR] 18:27:24 End processing HTTP request after 578.607ms - 200
[Info   :Zeepkist Bingo] [BINGO] === PLAYER SPAWNED ===
[Info   :Zeepkist Bingo] [BINGO] IsInActiveSession: False
[Info   :Zeepkist Bingo] [BINGO] Not in active session, skipping timer reset
[Info   :Zeepkist GTR] 18:27:24 Loading personal best...
[Info   :Zeepkist GTR] 18:27:24 Start processing HTTP request "POST" https://graphql.zeepki.st/
[Info   :Zeepkist GTR] 18:27:24 Sending HTTP request "POST" https://graphql.zeepki.st/
[Info   :Zeepkist GTR] 18:27:24 Stopping existing recorder if any
[Info   :Zeepkist GTR] 18:27:24 Creating new recorder
[Info   :Zeepkist GTR] 18:27:24 Start processing HTTP request "POST" https://graphql.zeepki.st/
[Info   :Zeepkist GTR] 18:27:24 Sending HTTP request "POST" https://graphql.zeepki.st/
[Info   :Zeepkist GTR] 18:27:24 Start processing HTTP request "POST" https://graphql.zeepki.st/
[Info   :Zeepkist GTR] 18:27:24 Sending HTTP request "POST" https://graphql.zeepki.st/
[Info   :Zeepkist GTR] 18:27:24 Received HTTP response headers after 199.6973ms - 200
[Info   :Zeepkist GTR] 18:27:24 Received HTTP response headers after 199.2269ms - 200
[Info   :Zeepkist GTR] 18:27:24 End processing HTTP request after 200.0055ms - 200
[Info   :Zeepkist GTR] 18:27:24 End processing HTTP request after 199.4361ms - 200
[Info   :Zeepkist GTR] 18:27:25 Received HTTP response headers after 390.3664ms - 200
[Info   :Zeepkist GTR] 18:27:25 End processing HTTP request after 390.6183ms - 200
[Info   :Zeepkist GTR] 18:27:25 Start processing HTTP request "POST" https://graphql.zeepki.st/
[Info   :Zeepkist GTR] 18:27:25 Sending HTTP request "POST" https://graphql.zeepki.st/
[Info   :Zeepkist GTR] 18:27:25 Received HTTP response headers after 178.775ms - 200
[Info   :Zeepkist GTR] 18:27:25 End processing HTTP request after 179.0813ms - 200
[Info   :Zeepkist GTR] 18:27:26 Starting recorder
[Info   :Zeepkist Bingo] [BINGO] === PLAYER SPAWNED ===
[Info   :Zeepkist Bingo] [BINGO] IsInActiveSession: False
[Info   :Zeepkist Bingo] [BINGO] Not in active session, skipping timer reset
[Info   :Zeepkist GTR] 18:27:29 Loading personal best...
[Info   :Zeepkist GTR] 18:27:29 Start processing HTTP request "POST" https://graphql.zeepki.st/
[Info   :Zeepkist GTR] 18:27:29 Sending HTTP request "POST" https://graphql.zeepki.st/
[Info   :Zeepkist GTR] 18:27:29 Stopping existing recorder if any
[Info   :Zeepkist GTR] 18:27:29 Creating new recorder
[Info   :Zeepkist GTR] 18:27:29 Start processing HTTP request "POST" https://graphql.zeepki.st/
[Info   :Zeepkist GTR] 18:27:29 Sending HTTP request "POST" https://graphql.zeepki.st/
[Info   :Zeepkist GTR] 18:27:29 Start processing HTTP request "POST" https://graphql.zeepki.st/
[Info   :Zeepkist GTR] 18:27:29 Sending HTTP request "POST" https://graphql.zeepki.st/
[Info   :Zeepkist GTR] 18:27:29 Received HTTP response headers after 185.3478ms - 200
[Info   :Zeepkist GTR] 18:27:29 Received HTTP response headers after 184.8255ms - 200
[Info   :Zeepkist GTR] 18:27:29 End processing HTTP request after 185.6698ms - 200
[Info   :Zeepkist GTR] 18:27:29 End processing HTTP request after 185.1257ms - 200
[Info   :Zeepkist GTR] 18:27:29 Received HTTP response headers after 380.1016ms - 200
[Info   :Zeepkist GTR] 18:27:29 End processing HTTP request after 380.6146ms - 200
[Info   :Zeepkist GTR] 18:27:29 Start processing HTTP request "POST" https://graphql.zeepki.st/
[Info   :Zeepkist GTR] 18:27:29 Sending HTTP request "POST" https://graphql.zeepki.st/
[Info   :Zeepkist GTR] 18:27:29 Received HTTP response headers after 197.7439ms - 200
[Info   :Zeepkist GTR] 18:27:29 End processing HTTP request after 198.0509ms - 200
[Info   :Zeepkist GTR] 18:27:31 Starting recorder
[Info   :Zeepkist Bingo] [BINGO] === PLAYER SPAWNED ===
[Info   :Zeepkist Bingo] [BINGO] IsInActiveSession: False
[Info   :Zeepkist Bingo] [BINGO] Not in active session, skipping timer reset
[Info   :Zeepkist GTR] 18:27:34 Loading personal best...
[Info   :Zeepkist GTR] 18:27:34 Start processing HTTP request "POST" https://graphql.zeepki.st/
[Info   :Zeepkist GTR] 18:27:34 Sending HTTP request "POST" https://graphql.zeepki.st/
[Info   :Zeepkist GTR] 18:27:34 Stopping existing recorder if any
[Info   :Zeepkist GTR] 18:27:34 Creating new recorder
[Info   :Zeepkist GTR] 18:27:34 Start processing HTTP request "POST" https://graphql.zeepki.st/
[Info   :Zeepkist GTR] 18:27:34 Sending HTTP request "POST" https://graphql.zeepki.st/
[Info   :Zeepkist GTR] 18:27:34 Start processing HTTP request "POST" https://graphql.zeepki.st/
[Info   :Zeepkist GTR] 18:27:34 Sending HTTP request "POST" https://graphql.zeepki.st/
[Info   :Zeepkist GTR] 18:27:34 Received HTTP response headers after 188.8927ms - 200
[Info   :Zeepkist GTR] 18:27:34 End processing HTTP request after 189.162ms - 200
[Info   :Zeepkist GTR] 18:27:34 Received HTTP response headers after 199.8094ms - 200
[Info   :Zeepkist GTR] 18:27:34 End processing HTTP request after 200.1635ms - 200
[Info   :Zeepkist GTR] 18:27:34 Received HTTP response headers after 384.5449ms - 200
[Info   :Zeepkist GTR] 18:27:34 End processing HTTP request after 384.9058ms - 200
[Info   :Zeepkist GTR] 18:27:34 Start processing HTTP request "POST" https://graphql.zeepki.st/
[Info   :Zeepkist GTR] 18:27:34 Sending HTTP request "POST" https://graphql.zeepki.st/
[Info   :Zeepkist GTR] 18:27:35 Received HTTP response headers after 186.5236ms - 200
[Info   :Zeepkist GTR] 18:27:35 End processing HTTP request after 186.8572ms - 200
[Info   :Zeepkist GTR] 18:27:36 Starting recorder
[Info   :Zeepkist GTR] 18:28:08 Stopping recorder
[Info   :Zeepkist GTR] 18:28:08 Collecting extra information
[Info   :Zeepkist GTR] 18:28:08 Resolved workshop ID "3575374702" from lobby 3575374702 and level 0
[Info   :Zeepkist GTR] 18:28:08 Processing ghost data
[Info   :Zeepkist GTR] 18:28:08 Creating stream
[Info   :Zeepkist GTR] 18:28:08 Writing to stream
[Info   :Zeepkist GTR] 18:28:09 Getting buffer
[Info   :Zeepkist GTR] 18:28:09 Converting to base64
[Info   :Zeepkist GTR] 18:28:09 Creating resource
[Info   :Zeepkist GTR] 18:28:09 Start processing HTTP request "POST" https://backend.zeepki.st/record/submit
[Info   :Zeepkist GTR] 18:28:09 Sending HTTP request "POST" https://backend.zeepki.st/record/submit
[Info   :Zeepkist GTR] 18:28:09 Received HTTP response headers after 480.0559ms - 200
[Info   :Zeepkist GTR] 18:28:09 End processing HTTP request after 480.3629ms - 200
[Info   :Zeepkist Bingo] [BINGO] === PLAYER SPAWNED ===
[Info   :Zeepkist Bingo] [BINGO] IsInActiveSession: False
[Info   :Zeepkist Bingo] [BINGO] Not in active session, skipping timer reset
[Info   :Zeepkist GTR] 18:28:11 Loading personal best...
[Info   :Zeepkist GTR] 18:28:11 Start processing HTTP request "POST" https://graphql.zeepki.st/
[Info   :Zeepkist GTR] 18:28:11 Sending HTTP request "POST" https://graphql.zeepki.st/
[Info   :Zeepkist GTR] 18:28:11 Stopping existing recorder if any
[Info   :Zeepkist GTR] 18:28:11 Creating new recorder
[Info   :Zeepkist GTR] 18:28:11 Start processing HTTP request "POST" https://graphql.zeepki.st/
[Info   :Zeepkist GTR] 18:28:11 Sending HTTP request "POST" https://graphql.zeepki.st/
[Info   :Zeepkist GTR] 18:28:11 Start processing HTTP request "POST" https://graphql.zeepki.st/
[Info   :Zeepkist GTR] 18:28:11 Sending HTTP request "POST" https://graphql.zeepki.st/
[Info   :Zeepkist GTR] 18:28:11 Received HTTP response headers after 332.7994ms - 200
[Info   :Zeepkist GTR] 18:28:11 End processing HTTP request after 333.1066ms - 200
[Info   :Zeepkist GTR] 18:28:11 Received HTTP response headers after 340.8453ms - 200
[Info   :Zeepkist GTR] 18:28:11 End processing HTTP request after 341.1355ms - 200
[Info   :Zeepkist GTR] 18:28:12 Received HTTP response headers after 515.8692ms - 200
[Info   :Zeepkist GTR] 18:28:12 End processing HTTP request after 516.1039ms - 200
[Info   :Zeepkist GTR] 18:28:12 Start processing HTTP request "POST" https://graphql.zeepki.st/
[Info   :Zeepkist GTR] 18:28:12 Sending HTTP request "POST" https://graphql.zeepki.st/
[Info   :Zeepkist GTR] 18:28:12 Received HTTP response headers after 181.2979ms - 200
[Info   :Zeepkist GTR] 18:28:12 End processing HTTP request after 181.5698ms - 200
[Info   :Zeepkist GTR] 18:28:13 Starting recorder
[Info   :Zeepkist Bingo] [BINGO] === PLAYER SPAWNED ===
[Info   :Zeepkist Bingo] [BINGO] IsInActiveSession: False
[Info   :Zeepkist Bingo] [BINGO] Not in active session, skipping timer reset
[Info   :Zeepkist GTR] 18:28:28 Loading personal best...
[Info   :Zeepkist GTR] 18:28:28 Start processing HTTP request "POST" https://graphql.zeepki.st/
[Info   :Zeepkist GTR] 18:28:28 Sending HTTP request "POST" https://graphql.zeepki.st/
[Info   :Zeepkist GTR] 18:28:28 Stopping existing recorder if any
[Info   :Zeepkist GTR] 18:28:28 Creating new recorder
[Info   :Zeepkist GTR] 18:28:28 Start processing HTTP request "POST" https://graphql.zeepki.st/
[Info   :Zeepkist GTR] 18:28:28 Sending HTTP request "POST" https://graphql.zeepki.st/
[Info   :Zeepkist GTR] 18:28:28 Start processing HTTP request "POST" https://graphql.zeepki.st/
[Info   :Zeepkist GTR] 18:28:28 Sending HTTP request "POST" https://graphql.zeepki.st/
[Info   :Zeepkist GTR] 18:28:29 Received HTTP response headers after 198.9043ms - 200
[Info   :Zeepkist GTR] 18:28:29 End processing HTTP request after 199.164ms - 200
[Info   :Zeepkist GTR] 18:28:29 Received HTTP response headers after 205.7868ms - 200
[Info   :Zeepkist GTR] 18:28:29 End processing HTTP request after 206.0188ms - 200
[Info   :Zeepkist GTR] 18:28:29 Received HTTP response headers after 395.4072ms - 200
[Info   :Zeepkist GTR] 18:28:29 End processing HTTP request after 395.6579ms - 200
[Info   :Zeepkist GTR] 18:28:29 Start processing HTTP request "POST" https://graphql.zeepki.st/
[Info   :Zeepkist GTR] 18:28:29 Sending HTTP request "POST" https://graphql.zeepki.st/
[Info   :Zeepkist GTR] 18:28:29 Received HTTP response headers after 211.9241ms - 200
[Info   :Zeepkist GTR] 18:28:29 End processing HTTP request after 212.2092ms - 200
[Info   :Zeepkist GTR] 18:28:30 Starting recorder
[Info   :Zeepkist Bingo] [BINGO] === PLAYER SPAWNED ===
[Info   :Zeepkist Bingo] [BINGO] IsInActiveSession: False
[Info   :Zeepkist Bingo] [BINGO] Not in active session, skipping timer reset
[Info   :Zeepkist GTR] 18:28:31 Loading personal best...
[Info   :Zeepkist GTR] 18:28:31 Start processing HTTP request "POST" https://graphql.zeepki.st/
[Info   :Zeepkist GTR] 18:28:31 Sending HTTP request "POST" https://graphql.zeepki.st/
[Info   :Zeepkist GTR] 18:28:31 Stopping existing recorder if any
[Info   :Zeepkist GTR] 18:28:31 Creating new recorder
[Info   :Zeepkist GTR] 18:28:31 Start processing HTTP request "POST" https://graphql.zeepki.st/
[Info   :Zeepkist GTR] 18:28:31 Sending HTTP request "POST" https://graphql.zeepki.st/
[Info   :Zeepkist GTR] 18:28:31 Start processing HTTP request "POST" https://graphql.zeepki.st/
[Info   :Zeepkist GTR] 18:28:31 Sending HTTP request "POST" https://graphql.zeepki.st/
[Info   :Zeepkist GTR] 18:28:31 Received HTTP response headers after 187.0684ms - 200
[Info   :Zeepkist GTR] 18:28:31 End processing HTTP request after 187.371ms - 200
[Info   :Zeepkist GTR] 18:28:31 Received HTTP response headers after 219.9867ms - 200
[Info   :Zeepkist GTR] 18:28:31 End processing HTTP request after 220.3657ms - 200
[Info   :Zeepkist GTR] 18:28:32 Received HTTP response headers after 377.9801ms - 200
[Info   :Zeepkist GTR] 18:28:32 End processing HTTP request after 378.3735ms - 200
[Info   :Zeepkist GTR] 18:28:32 Start processing HTTP request "POST" https://graphql.zeepki.st/
[Info   :Zeepkist GTR] 18:28:32 Sending HTTP request "POST" https://graphql.zeepki.st/
[Info   :Zeepkist GTR] 18:28:32 Received HTTP response headers after 179.031ms - 200
[Info   :Zeepkist GTR] 18:28:32 End processing HTTP request after 179.3128ms - 200
[Info   :Zeepkist GTR] 18:28:33 Starting recorder
[Info   :Zeepkist Bingo] [BINGO] === PLAYER SPAWNED ===
[Info   :Zeepkist Bingo] [BINGO] IsInActiveSession: False
[Info   :Zeepkist Bingo] [BINGO] Not in active session, skipping timer reset
[Info   :Zeepkist GTR] 18:28:35 Loading personal best...
[Info   :Zeepkist GTR] 18:28:35 Start processing HTTP request "POST" https://graphql.zeepki.st/
[Info   :Zeepkist GTR] 18:28:35 Sending HTTP request "POST" https://graphql.zeepki.st/
[Info   :Zeepkist GTR] 18:28:35 Stopping existing recorder if any
[Info   :Zeepkist GTR] 18:28:35 Creating new recorder
[Info   :Zeepkist GTR] 18:28:35 Start processing HTTP request "POST" https://graphql.zeepki.st/
[Info   :Zeepkist GTR] 18:28:35 Sending HTTP request "POST" https://graphql.zeepki.st/
[Info   :Zeepkist GTR] 18:28:35 Start processing HTTP request "POST" https://graphql.zeepki.st/
[Info   :Zeepkist GTR] 18:28:35 Sending HTTP request "POST" https://graphql.zeepki.st/
[Info   :Zeepkist GTR] 18:28:35 Received HTTP response headers after 191.6623ms - 200
[Info   :Zeepkist GTR] 18:28:35 Received HTTP response headers after 191.0932ms - 200
[Info   :Zeepkist GTR] 18:28:35 End processing HTTP request after 191.9451ms - 200
[Info   :Zeepkist GTR] 18:28:35 End processing HTTP request after 191.3572ms - 200
[Info   :Zeepkist GTR] 18:28:35 Received HTTP response headers after 389.7488ms - 200
[Info   :Zeepkist GTR] 18:28:35 End processing HTTP request after 389.9932ms - 200
[Info   :Zeepkist GTR] 18:28:35 Start processing HTTP request "POST" https://graphql.zeepki.st/
[Info   :Zeepkist GTR] 18:28:35 Sending HTTP request "POST" https://graphql.zeepki.st/
[Info   :Zeepkist GTR] 18:28:35 Received HTTP response headers after 189.857ms - 200
[Info   :Zeepkist GTR] 18:28:35 End processing HTTP request after 190.1425ms - 200
[Info   :Zeepkist GTR] 18:28:37 Starting recorder
[Info   :Zeepkist Bingo] [BINGO] === PLAYER SPAWNED ===
[Info   :Zeepkist Bingo] [BINGO] IsInActiveSession: False
[Info   :Zeepkist Bingo] [BINGO] Not in active session, skipping timer reset
[Info   :Zeepkist GTR] 18:28:44 Loading personal best...
[Info   :Zeepkist GTR] 18:28:44 Start processing HTTP request "POST" https://graphql.zeepki.st/
[Info   :Zeepkist GTR] 18:28:44 Sending HTTP request "POST" https://graphql.zeepki.st/
[Info   :Zeepkist GTR] 18:28:44 Stopping existing recorder if any
[Info   :Zeepkist GTR] 18:28:44 Creating new recorder
[Info   :Zeepkist GTR] 18:28:44 Start processing HTTP request "POST" https://graphql.zeepki.st/
[Info   :Zeepkist GTR] 18:28:44 Sending HTTP request "POST" https://graphql.zeepki.st/
[Info   :Zeepkist GTR] 18:28:44 Start processing HTTP request "POST" https://graphql.zeepki.st/
[Info   :Zeepkist GTR] 18:28:44 Sending HTTP request "POST" https://graphql.zeepki.st/
[Info   :Zeepkist GTR] 18:28:44 Received HTTP response headers after 191.9298ms - 200
[Info   :Zeepkist GTR] 18:28:44 End processing HTTP request after 192.3118ms - 200
[Info   :Zeepkist GTR] 18:28:44 Received HTTP response headers after 195.3597ms - 200
[Info   :Zeepkist GTR] 18:28:44 End processing HTTP request after 195.6552ms - 200
[Info   :Zeepkist GTR] 18:28:44 Received HTTP response headers after 375.2698ms - 200
[Info   :Zeepkist GTR] 18:28:44 End processing HTTP request after 375.5732ms - 200
[Info   :Zeepkist GTR] 18:28:44 Start processing HTTP request "POST" https://graphql.zeepki.st/
[Info   :Zeepkist GTR] 18:28:44 Sending HTTP request "POST" https://graphql.zeepki.st/
[Info   :Zeepkist GTR] 18:28:44 Received HTTP response headers after 198.3273ms - 200
[Info   :Zeepkist GTR] 18:28:44 End processing HTTP request after 198.6096ms - 200
[Info   :RoundLeaderboardTab] Drawing leaderboard -> forwarding to Instance.DrawTabLeaderboard()
[Info   :Zeepkist GTR] 18:28:46 Starting recorder
[Info   :Zeepkist Bingo] [BINGO] === PLAYER SPAWNED ===
[Info   :Zeepkist Bingo] [BINGO] IsInActiveSession: False
[Info   :Zeepkist Bingo] [BINGO] Not in active session, skipping timer reset
[Info   :Zeepkist GTR] 18:29:03 Loading personal best...
[Info   :Zeepkist GTR] 18:29:03 Start processing HTTP request "POST" https://graphql.zeepki.st/
[Info   :Zeepkist GTR] 18:29:03 Sending HTTP request "POST" https://graphql.zeepki.st/
[Info   :Zeepkist GTR] 18:29:03 Stopping existing recorder if any
[Info   :Zeepkist GTR] 18:29:03 Creating new recorder
[Info   :Zeepkist GTR] 18:29:03 Start processing HTTP request "POST" https://graphql.zeepki.st/
[Info   :Zeepkist GTR] 18:29:03 Sending HTTP request "POST" https://graphql.zeepki.st/
[Info   :Zeepkist GTR] 18:29:03 Start processing HTTP request "POST" https://graphql.zeepki.st/
[Info   :Zeepkist GTR] 18:29:03 Sending HTTP request "POST" https://graphql.zeepki.st/
[Info   :Zeepkist GTR] 18:29:04 Received HTTP response headers after 218.5631ms - 200
[Info   :Zeepkist GTR] 18:29:04 Received HTTP response headers after 218.0367ms - 200
[Info   :Zeepkist GTR] 18:29:04 End processing HTTP request after 218.8102ms - 200
[Info   :Zeepkist GTR] 18:29:04 End processing HTTP request after 218.2992ms - 200
[Info   :Zeepkist GTR] 18:29:04 Received HTTP response headers after 413.7931ms - 200
[Info   :Zeepkist GTR] 18:29:04 End processing HTTP request after 414.0256ms - 200
[Info   :Zeepkist GTR] 18:29:04 Start processing HTTP request "POST" https://graphql.zeepki.st/
[Info   :Zeepkist GTR] 18:29:04 Sending HTTP request "POST" https://graphql.zeepki.st/
[Info   :Zeepkist GTR] 18:29:04 Received HTTP response headers after 189.7259ms - 200
[Info   :Zeepkist GTR] 18:29:04 End processing HTTP request after 190.0417ms - 200
[Info   :Zeepkist GTR] 18:29:05 Starting recorder
[Info   :Zeepkist Bingo] [BINGO] === PLAYER SPAWNED ===
[Info   :Zeepkist Bingo] [BINGO] IsInActiveSession: False
[Info   :Zeepkist Bingo] [BINGO] Not in active session, skipping timer reset
[Info   :Zeepkist GTR] 18:29:07 Loading personal best...
[Info   :Zeepkist GTR] 18:29:07 Start processing HTTP request "POST" https://graphql.zeepki.st/
[Info   :Zeepkist GTR] 18:29:07 Sending HTTP request "POST" https://graphql.zeepki.st/
[Info   :Zeepkist GTR] 18:29:07 Stopping existing recorder if any
[Info   :Zeepkist GTR] 18:29:07 Creating new recorder
[Info   :Zeepkist GTR] 18:29:07 Start processing HTTP request "POST" https://graphql.zeepki.st/
[Info   :Zeepkist GTR] 18:29:07 Sending HTTP request "POST" https://graphql.zeepki.st/
[Info   :Zeepkist GTR] 18:29:07 Start processing HTTP request "POST" https://graphql.zeepki.st/
[Info   :Zeepkist GTR] 18:29:07 Sending HTTP request "POST" https://graphql.zeepki.st/
[Info   :Zeepkist GTR] 18:29:07 Received HTTP response headers after 191.4159ms - 200
[Info   :Zeepkist GTR] 18:29:07 Received HTTP response headers after 190.79ms - 200
[Info   :Zeepkist GTR] 18:29:07 End processing HTTP request after 191.7417ms - 200
[Info   :Zeepkist GTR] 18:29:07 End processing HTTP request after 191.0855ms - 200
[Info   :Zeepkist GTR] 18:29:07 Received HTTP response headers after 386.94ms - 200
[Info   :Zeepkist GTR] 18:29:07 End processing HTTP request after 387.2725ms - 200
[Info   :Zeepkist GTR] 18:29:07 Start processing HTTP request "POST" https://graphql.zeepki.st/
[Info   :Zeepkist GTR] 18:29:07 Sending HTTP request "POST" https://graphql.zeepki.st/
[Info   :Zeepkist GTR] 18:29:08 Received HTTP response headers after 191.9819ms - 200
[Info   :Zeepkist GTR] 18:29:08 End processing HTTP request after 192.2796ms - 200
[Info   :Zeepkist GTR] 18:29:09 Starting recorder
[Info   :Zeepkist Bingo] [BINGO] === PLAYER SPAWNED ===
[Info   :Zeepkist Bingo] [BINGO] IsInActiveSession: False
[Info   :Zeepkist Bingo] [BINGO] Not in active session, skipping timer reset
[Info   :Zeepkist GTR] 18:29:12 Loading personal best...
[Info   :Zeepkist GTR] 18:29:12 Start processing HTTP request "POST" https://graphql.zeepki.st/
[Info   :Zeepkist GTR] 18:29:12 Sending HTTP request "POST" https://graphql.zeepki.st/
[Info   :Zeepkist GTR] 18:29:12 Stopping existing recorder if any
[Info   :Zeepkist GTR] 18:29:12 Creating new recorder
[Info   :Zeepkist GTR] 18:29:12 Start processing HTTP request "POST" https://graphql.zeepki.st/
[Info   :Zeepkist GTR] 18:29:12 Sending HTTP request "POST" https://graphql.zeepki.st/
[Info   :Zeepkist GTR] 18:29:12 Start processing HTTP request "POST" https://graphql.zeepki.st/
[Info   :Zeepkist GTR] 18:29:12 Sending HTTP request "POST" https://graphql.zeepki.st/
[Info   :Zeepkist GTR] 18:29:12 Received HTTP response headers after 180.8705ms - 200
[Info   :Zeepkist GTR] 18:29:12 End processing HTTP request after 181.1267ms - 200
[Info   :Zeepkist GTR] 18:29:12 Received HTTP response headers after 185.2453ms - 200
[Info   :Zeepkist GTR] 18:29:12 End processing HTTP request after 185.5224ms - 200
[Info   :Zeepkist GTR] 18:29:12 Received HTTP response headers after 376.3319ms - 200
[Info   :Zeepkist GTR] 18:29:12 End processing HTTP request after 376.6106ms - 200
[Info   :Zeepkist GTR] 18:29:12 Start processing HTTP request "POST" https://graphql.zeepki.st/
[Info   :Zeepkist GTR] 18:29:12 Sending HTTP request "POST" https://graphql.zeepki.st/
[Info   :Zeepkist GTR] 18:29:12 Received HTTP response headers after 192.1596ms - 200
[Info   :Zeepkist GTR] 18:29:12 End processing HTTP request after 192.4606ms - 200
[Info   :Zeepkist GTR] 18:29:13 Starting recorder
[Info   :Zeepkist Bingo] [BINGO] === PLAYER SPAWNED ===
[Info   :Zeepkist Bingo] [BINGO] IsInActiveSession: False
[Info   :Zeepkist Bingo] [BINGO] Not in active session, skipping timer reset
[Info   :Zeepkist GTR] 18:29:15 Loading personal best...
[Info   :Zeepkist GTR] 18:29:15 Start processing HTTP request "POST" https://graphql.zeepki.st/
[Info   :Zeepkist GTR] 18:29:15 Sending HTTP request "POST" https://graphql.zeepki.st/
[Info   :Zeepkist GTR] 18:29:15 Stopping existing recorder if any
[Info   :Zeepkist GTR] 18:29:15 Creating new recorder
[Info   :Zeepkist GTR] 18:29:15 Start processing HTTP request "POST" https://graphql.zeepki.st/
[Info   :Zeepkist GTR] 18:29:15 Sending HTTP request "POST" https://graphql.zeepki.st/
[Info   :Zeepkist GTR] 18:29:15 Start processing HTTP request "POST" https://graphql.zeepki.st/
[Info   :Zeepkist GTR] 18:29:15 Sending HTTP request "POST" https://graphql.zeepki.st/
[Info   :Zeepkist GTR] 18:29:15 Received HTTP response headers after 200.6564ms - 200
[Info   :Zeepkist GTR] 18:29:15 End processing HTTP request after 200.9501ms - 200
[Info   :Zeepkist GTR] 18:29:15 Received HTTP response headers after 200.2829ms - 200
[Info   :Zeepkist GTR] 18:29:15 End processing HTTP request after 200.5587ms - 200
[Info   :Zeepkist GTR] 18:29:16 Received HTTP response headers after 412.6375ms - 200
[Info   :Zeepkist GTR] 18:29:16 End processing HTTP request after 412.8935ms - 200
[Info   :Zeepkist GTR] 18:29:16 Start processing HTTP request "POST" https://graphql.zeepki.st/
[Info   :Zeepkist GTR] 18:29:16 Sending HTTP request "POST" https://graphql.zeepki.st/
[Info   :Zeepkist GTR] 18:29:16 Received HTTP response headers after 202.7097ms - 200
[Info   :Zeepkist GTR] 18:29:16 End processing HTTP request after 203.0463ms - 200
[Info   :Zeepkist GTR] 18:29:17 Starting recorder
[Info   :Zeepkist GTR] 18:29:50 Stopping recorder
[Info   :Zeepkist GTR] 18:29:50 Collecting extra information
[Info   :Zeepkist GTR] 18:29:50 Resolved workshop ID "3575374702" from lobby 3575374702 and level 0
[Info   :Zeepkist GTR] 18:29:50 Processing ghost data
[Info   :Zeepkist GTR] 18:29:50 Creating stream
[Info   :Zeepkist GTR] 18:29:50 Writing to stream
[Info   :Zeepkist GTR] 18:29:50 Getting buffer
[Info   :Zeepkist GTR] 18:29:50 Converting to base64
[Info   :Zeepkist GTR] 18:29:50 Creating resource
[Info   :Zeepkist GTR] 18:29:50 Start processing HTTP request "POST" https://backend.zeepki.st/record/submit
[Info   :Zeepkist GTR] 18:29:50 Sending HTTP request "POST" https://backend.zeepki.st/record/submit
[Info   :Zeepkist GTR] 18:29:52 Received HTTP response headers after 1392.4494ms - 200
[Info   :Zeepkist GTR] 18:29:52 End processing HTTP request after 1392.7671ms - 200
[Info   :Zeepkist Bingo] [CHAT] Intercepted message: anyone want to kick maki?
[Info   :Zeepkist Bingo] [CHAT] Not relaying - no bingo session
[Info   :Zeepkist Bingo] [BINGO] === PLAYER SPAWNED ===
[Info   :Zeepkist Bingo] [BINGO] IsInActiveSession: False
[Info   :Zeepkist Bingo] [BINGO] Not in active session, skipping timer reset
[Info   :Zeepkist GTR] 18:30:00 Loading personal best...
[Info   :Zeepkist GTR] 18:30:00 Start processing HTTP request "POST" https://graphql.zeepki.st/
[Info   :Zeepkist GTR] 18:30:00 Sending HTTP request "POST" https://graphql.zeepki.st/
[Info   :Zeepkist GTR] 18:30:00 Stopping existing recorder if any
[Info   :Zeepkist GTR] 18:30:00 Creating new recorder
[Info   :Zeepkist GTR] 18:30:00 Start processing HTTP request "POST" https://graphql.zeepki.st/
[Info   :Zeepkist GTR] 18:30:00 Sending HTTP request "POST" https://graphql.zeepki.st/
[Info   :Zeepkist GTR] 18:30:00 Start processing HTTP request "POST" https://graphql.zeepki.st/
[Info   :Zeepkist GTR] 18:30:00 Sending HTTP request "POST" https://graphql.zeepki.st/
[Info   :Zeepkist GTR] 18:30:00 Received HTTP response headers after 197.3165ms - 200
[Info   :Zeepkist GTR] 18:30:00 Received HTTP response headers after 199.6631ms - 200
[Info   :Zeepkist GTR] 18:30:00 End processing HTTP request after 197.7592ms - 200
[Info   :Zeepkist GTR] 18:30:00 End processing HTTP request after 200.1222ms - 200
[Info   :Zeepkist GTR] 18:30:01 Received HTTP response headers after 382.1983ms - 200
[Info   :Zeepkist GTR] 18:30:01 End processing HTTP request after 382.6599ms - 200
[Info   :Zeepkist GTR] 18:30:01 Start processing HTTP request "POST" https://graphql.zeepki.st/
[Info   :Zeepkist GTR] 18:30:01 Sending HTTP request "POST" https://graphql.zeepki.st/
[Info   :Zeepkist GTR] 18:30:01 Received HTTP response headers after 200.3616ms - 200
[Info   :Zeepkist GTR] 18:30:01 End processing HTTP request after 200.6893ms - 200
[Info   :Zeepkist GTR] 18:30:02 Starting recorder
[Info   :Zeepkist Bingo] [CHAT] Intercepted message: ahh i wanted to win
[Info   :Zeepkist Bingo] [CHAT] Not relaying - no bingo session
[Info   :Zeepkist Bingo] [BINGO] === PLAYER SPAWNED ===
[Info   :Zeepkist Bingo] [BINGO] IsInActiveSession: False
[Info   :Zeepkist Bingo] [BINGO] Not in active session, skipping timer reset
[Info   :Zeepkist GTR] 18:30:13 Loading personal best...
[Info   :Zeepkist GTR] 18:30:13 Start processing HTTP request "POST" https://graphql.zeepki.st/
[Info   :Zeepkist GTR] 18:30:13 Sending HTTP request "POST" https://graphql.zeepki.st/
[Info   :Zeepkist GTR] 18:30:13 Stopping existing recorder if any
[Info   :Zeepkist GTR] 18:30:13 Creating new recorder
[Info   :Zeepkist GTR] 18:30:13 Start processing HTTP request "POST" https://graphql.zeepki.st/
[Info   :Zeepkist GTR] 18:30:13 Sending HTTP request "POST" https://graphql.zeepki.st/
[Info   :Zeepkist GTR] 18:30:14 Start processing HTTP request "POST" https://graphql.zeepki.st/
[Info   :Zeepkist GTR] 18:30:14 Sending HTTP request "POST" https://graphql.zeepki.st/
[Info   :Zeepkist GTR] 18:30:14 Received HTTP response headers after 668.7716ms - 200
[Info   :Zeepkist GTR] 18:30:14 End processing HTTP request after 669.0831ms - 200
[Info   :Zeepkist GTR] 18:30:14 Received HTTP response headers after 682.7882ms - 200
[Info   :Zeepkist GTR] 18:30:14 End processing HTTP request after 683.1012ms - 200
[Info   :Zeepkist GTR] 18:30:14 Received HTTP response headers after 694.5409ms - 200
[Info   :Zeepkist GTR] 18:30:14 End processing HTTP request after 694.9103ms - 200
[Info   :Zeepkist GTR] 18:30:14 Start processing HTTP request "POST" https://graphql.zeepki.st/
[Info   :Zeepkist GTR] 18:30:14 Sending HTTP request "POST" https://graphql.zeepki.st/
[Info   :Zeepkist GTR] 18:30:14 Received HTTP response headers after 194.5391ms - 200
[Info   :Zeepkist GTR] 18:30:14 End processing HTTP request after 194.8696ms - 200
[Info   :Zeepkist GTR] 18:30:15 Starting recorder
[Info   :Zeepkist Bingo] [BINGO] === PLAYER SPAWNED ===
[Info   :Zeepkist Bingo] [BINGO] IsInActiveSession: False
[Info   :Zeepkist Bingo] [BINGO] Not in active session, skipping timer reset
[Info   :Zeepkist GTR] 18:30:15 Loading personal best...
[Info   :Zeepkist GTR] 18:30:15 Start processing HTTP request "POST" https://graphql.zeepki.st/
[Info   :Zeepkist GTR] 18:30:15 Sending HTTP request "POST" https://graphql.zeepki.st/
[Info   :Zeepkist GTR] 18:30:15 Stopping existing recorder if any
[Info   :Zeepkist GTR] 18:30:15 Creating new recorder
[Info   :Zeepkist GTR] 18:30:15 Start processing HTTP request "POST" https://graphql.zeepki.st/
[Info   :Zeepkist GTR] 18:30:15 Sending HTTP request "POST" https://graphql.zeepki.st/
[Info   :Zeepkist GTR] 18:30:15 Start processing HTTP request "POST" https://graphql.zeepki.st/
[Info   :Zeepkist GTR] 18:30:15 Sending HTTP request "POST" https://graphql.zeepki.st/
[Info   :Zeepkist GTR] 18:30:16 Received HTTP response headers after 294.6272ms - 200
[Info   :Zeepkist GTR] 18:30:16 Received HTTP response headers after 295.1709ms - 200
[Info   :Zeepkist GTR] 18:30:16 End processing HTTP request after 294.8925ms - 200
[Info   :Zeepkist GTR] 18:30:16 End processing HTTP request after 295.5351ms - 200
[Info   :Zeepkist GTR] 18:30:16 Received HTTP response headers after 908.532ms - 200
[Info   :Zeepkist GTR] 18:30:16 End processing HTTP request after 908.786ms - 200
[Info   :Zeepkist GTR] 18:30:16 Start processing HTTP request "POST" https://graphql.zeepki.st/
[Info   :Zeepkist GTR] 18:30:16 Sending HTTP request "POST" https://graphql.zeepki.st/
[Info   :Zeepkist GTR] 18:30:16 Received HTTP response headers after 193.7698ms - 200
[Info   :Zeepkist GTR] 18:30:16 End processing HTTP request after 194.0917ms - 200
[Info   :Zeepkist GTR] 18:30:17 Starting recorder
[Info   :Zeepkist Bingo] [CHAT] Intercepted message: nooooooooo maki left
[Info   :Zeepkist Bingo] [CHAT] Not relaying - no bingo session
[Info   :RoundLeaderboardTab] Drawing leaderboard -> forwarding to Instance.DrawTabLeaderboard()
[Info   :Zeepkist Bingo] [CHAT] Intercepted message: e
[Info   :Zeepkist Bingo] [CHAT] Not relaying - no bingo session
[Info   :Zeepkist Bingo] [CHAT] Intercepted message: e
[Info   :Zeepkist Bingo] [CHAT] Not relaying - no bingo session
[Info   :Zeepkist Bingo] [BINGO] === PLAYER SPAWNED ===
[Info   :Zeepkist Bingo] [BINGO] IsInActiveSession: False
[Info   :Zeepkist Bingo] [BINGO] Not in active session, skipping timer reset
[Info   :Zeepkist GTR] 18:31:41 Loading personal best...
[Info   :Zeepkist GTR] 18:31:41 Start processing HTTP request "POST" https://graphql.zeepki.st/
[Info   :Zeepkist GTR] 18:31:41 Sending HTTP request "POST" https://graphql.zeepki.st/
[Info   :Zeepkist GTR] 18:31:41 Stopping existing recorder if any
[Info   :Zeepkist GTR] 18:31:41 Creating new recorder
[Info   :Zeepkist GTR] 18:31:41 Start processing HTTP request "POST" https://graphql.zeepki.st/
[Info   :Zeepkist GTR] 18:31:41 Sending HTTP request "POST" https://graphql.zeepki.st/
[Info   :Zeepkist GTR] 18:31:41 Start processing HTTP request "POST" https://graphql.zeepki.st/
[Info   :Zeepkist GTR] 18:31:41 Sending HTTP request "POST" https://graphql.zeepki.st/
[Info   :Zeepkist GTR] 18:31:41 Received HTTP response headers after 186.7388ms - 200
[Info   :Zeepkist GTR] 18:31:41 End processing HTTP request after 187.1ms - 200
[Info   :Zeepkist GTR] 18:31:41 Discarding recorder
[Info   :Zeepkist GTR] 18:31:41 Received HTTP response headers after 385.1441ms - 200
[Info   :Zeepkist GTR] 18:31:41 End processing HTTP request after 385.4471ms - 200
[Info   :Zeepkist GTR] 18:31:41 Start processing HTTP request "POST" https://graphql.zeepki.st/
[Info   :Zeepkist GTR] 18:31:41 Sending HTTP request "POST" https://graphql.zeepki.st/
[Info   :Zeepkist GTR] 18:31:41 Received HTTP response headers after 179.7345ms - 200
[Info   :Zeepkist GTR] 18:31:41 End processing HTTP request after 180.0202ms - 200
[Info   :Zeepkist GTR] 18:31:43 Starting recorder
[Error  :RecordingService] Unhandled exception in OnRoundStarted: System.Reflection.TargetInvocationException: Exception has been thrown by the target of an invocation. ---> System.NullReferenceException: Object reference not set to an instance of an object
  at TNRD.Zeepkist.GTR.Ghosting.Recording.RecordingService.OnRoundStarted () [0x00026] in D:\a\Zeepkist.GTR.Mod\Zeepkist.GTR.Mod\Ghosting\Recording\RecordingService.cs:72 
  at (wrapper managed-to-native) System.Reflection.RuntimeMethodInfo.InternalInvoke(System.Reflection.RuntimeMethodInfo,object,object[],System.Exception&)
  at System.Reflection.RuntimeMethodInfo.Invoke (System.Object obj, System.Reflection.BindingFlags invokeAttr, System.Reflection.Binder binder, System.Object[] parameters, System.Globalization.CultureInfo culture) [0x0006a] in <9aad1b3a47484d63ba2b3985692d80e9>:0 
   --- End of inner exception stack trace ---
  at System.Reflection.RuntimeMethodInfo.Invoke (System.Object obj, System.Reflection.BindingFlags invokeAttr, System.Reflection.Binder binder, System.Object[] parameters, System.Globalization.CultureInfo culture) [0x00083] in <9aad1b3a47484d63ba2b3985692d80e9>:0 
  at System.Reflection.MethodBase.Invoke (System.Object obj, System.Object[] parameters) [0x00000] in <9aad1b3a47484d63ba2b3985692d80e9>:0 
  at System.Delegate.DynamicInvokeImpl (System.Object[] args) [0x000e7] in <9aad1b3a47484d63ba2b3985692d80e9>:0 
  at System.MulticastDelegate.DynamicInvokeImpl (System.Object[] args) [0x00008] in <9aad1b3a47484d63ba2b3985692d80e9>:0 
  at System.Delegate.DynamicInvoke (System.Object[] args) [0x00000] in <9aad1b3a47484d63ba2b3985692d80e9>:0 
  at ZeepSDK.Extensions.DelegateExtensions.InvokeSafe (System.Delegate d, System.Object[] args) [0x00017] in D:\a\ZeepSDK\ZeepSDK\ZeepSDK\Extensions\DelegateExtensions.cs:22 
[Info   :Zeepkist Bingo] [BINGO] Level loaded
[Info   :Zeepkist GTR] 18:31:58 Start processing HTTP request "POST" https://backend.zeepki.st/auth/refresh
[Info   :Zeepkist GTR] 18:31:58 Sending HTTP request "POST" https://backend.zeepki.st/auth/refresh
[Info   :BetterSplits] getting gtr splits
[Info   :Zeepkist Bingo] [BINGO] === PLAYER SPAWNED ===
[Info   :Zeepkist Bingo] [BINGO] IsInActiveSession: False
[Info   :Zeepkist Bingo] [BINGO] Not in active session, skipping timer reset
[Info   :Zeepkist GTR] 18:31:58 Loading personal best...
[Info   :Zeepkist GTR] 18:31:58 Start processing HTTP request "POST" https://graphql.zeepki.st/
[Info   :Zeepkist GTR] 18:31:58 Sending HTTP request "POST" https://graphql.zeepki.st/
[Info   :Zeepkist GTR] 18:31:58 Stopping existing recorder if any
[Info   :Zeepkist GTR] 18:31:58 Creating new recorder
[Info   :Zeepkist GTR] 18:31:58 Start processing HTTP request "POST" https://graphql.zeepki.st/
[Info   :Zeepkist GTR] 18:31:58 Sending HTTP request "POST" https://graphql.zeepki.st/
[Info   :Zeepkist GTR] 18:31:58 Start processing HTTP request "POST" https://graphql.zeepki.st/
[Info   :Zeepkist GTR] 18:31:58 Sending HTTP request "POST" https://graphql.zeepki.st/
[Info   :Zeepkist GTR] 18:31:59 Received HTTP response headers after 317.5602ms - 200
[Info   :Zeepkist GTR] 18:31:59 End processing HTTP request after 317.984ms - 200
[Info   :BetterSplits] got gtr splits
[Info   :Zeepkist GTR] 18:31:59 Received HTTP response headers after 359.7116ms - 200
[Info   :Zeepkist GTR] 18:31:59 End processing HTTP request after 360.0596ms - 200
[Info   :Zeepkist GTR] 18:31:59 Received HTTP response headers after 796.1442ms - 200
[Info   :Zeepkist GTR] 18:31:59 End processing HTTP request after 796.4638ms - 200
[Info   :Zeepkist GTR] 18:31:59 Start processing HTTP request "POST" https://backend.zeepki.st/level/request
[Info   :Zeepkist GTR] 18:31:59 Sending HTTP request "POST" https://backend.zeepki.st/level/request
[Info   :Zeepkist GTR] 18:31:59 Received HTTP response headers after 517.2681ms - 200
[Info   :Zeepkist GTR] 18:31:59 End processing HTTP request after 517.5202ms - 200
[Info   :Zeepkist GTR] 18:31:59 Start processing HTTP request "POST" https://graphql.zeepki.st/
[Info   :Zeepkist GTR] 18:31:59 Sending HTTP request "POST" https://graphql.zeepki.st/
[Info   :Zeepkist GTR] 18:31:59 Received HTTP response headers after 175.2583ms - 200
[Info   :Zeepkist GTR] 18:31:59 End processing HTTP request after 175.5138ms - 200
[Info   :Zeepkist GTR] 18:31:59 Received HTTP response headers after 183.6498ms - 200
[Info   :Zeepkist GTR] 18:31:59 End processing HTTP request after 183.9322ms - 200
[Info   :Zeepkist GTR] 18:32:00 Starting recorder
[Info   :Zeepkist Bingo] [CHAT] Intercepted message: i forgot to setup the map
[Info   :Zeepkist Bingo] [CHAT] Not relaying - no bingo session
[Info   :Zeepkist GTR] 18:32:33 Discarding recorder
[Info   :RoundLeaderboardTab] Drawing leaderboard -> forwarding to Instance.DrawTabLeaderboard()
[Info   :   Console] Download started for AppId: 1440670, FileId: 3766716590, Result: OK
[Info   :Zeepkist Bingo] [BINGO] Level loaded
[Info   :Zeepkist GTR] 18:32:48 Start processing HTTP request "POST" https://backend.zeepki.st/level/request
[Info   :Zeepkist GTR] 18:32:48 Sending HTTP request "POST" https://backend.zeepki.st/level/request
[Info   :BetterSplits] getting gtr splits
[Info   :Zeepkist Bingo] [BINGO] === PLAYER SPAWNED ===
[Info   :Zeepkist Bingo] [BINGO] IsInActiveSession: False
[Info   :Zeepkist Bingo] [BINGO] Not in active session, skipping timer reset
[Info   :Zeepkist GTR] 18:32:48 Loading personal best...
[Info   :Zeepkist GTR] 18:32:48 Start processing HTTP request "POST" https://graphql.zeepki.st/
[Info   :Zeepkist GTR] 18:32:48 Sending HTTP request "POST" https://graphql.zeepki.st/
[Info   :Zeepkist GTR] 18:32:48 Stopping existing recorder if any
[Info   :Zeepkist GTR] 18:32:48 Creating new recorder
[Info   :Zeepkist GTR] 18:32:48 Start processing HTTP request "POST" https://graphql.zeepki.st/
[Info   :Zeepkist GTR] 18:32:48 Sending HTTP request "POST" https://graphql.zeepki.st/
[Info   :Zeepkist GTR] 18:32:48 Start processing HTTP request "POST" https://graphql.zeepki.st/
[Info   :Zeepkist GTR] 18:32:48 Sending HTTP request "POST" https://graphql.zeepki.st/
[Info   :Zeepkist GTR] 18:32:48 Received HTTP response headers after 198.7782ms - 200
[Info   :Zeepkist GTR] 18:32:48 End processing HTTP request after 199.0895ms - 200
[Info   :BetterSplits] no record set
[Info   :Zeepkist GTR] 18:32:48 Received HTTP response headers after 455.3536ms - 200
[Info   :Zeepkist GTR] 18:32:48 End processing HTTP request after 455.5744ms - 200
[Info   :Zeepkist GTR] 18:32:49 Received HTTP response headers after 572.1291ms - 200
[Info   :Zeepkist GTR] 18:32:49 End processing HTTP request after 572.4288ms - 200
[Info   :Zeepkist GTR] 18:32:49 Received HTTP response headers after 810.0869ms - 200
[Info   :Zeepkist GTR] 18:32:49 End processing HTTP request after 810.3265ms - 200
[Info   :Zeepkist GTR] 18:32:50 Starting recorder
[Info   :Zeepkist Bingo] [BINGO] === PLAYER SPAWNED ===
[Info   :Zeepkist Bingo] [BINGO] IsInActiveSession: False
[Info   :Zeepkist Bingo] [BINGO] Not in active session, skipping timer reset
[Info   :Zeepkist GTR] 18:33:10 Loading personal best...
[Info   :Zeepkist GTR] 18:33:10 Start processing HTTP request "POST" https://graphql.zeepki.st/
[Info   :Zeepkist GTR] 18:33:10 Sending HTTP request "POST" https://graphql.zeepki.st/
[Info   :Zeepkist GTR] 18:33:10 Stopping existing recorder if any
[Info   :Zeepkist GTR] 18:33:10 Creating new recorder
[Info   :Zeepkist GTR] 18:33:10 Start processing HTTP request "POST" https://graphql.zeepki.st/
[Info   :Zeepkist GTR] 18:33:10 Sending HTTP request "POST" https://graphql.zeepki.st/
[Info   :Zeepkist GTR] 18:33:10 Start processing HTTP request "POST" https://graphql.zeepki.st/
[Info   :Zeepkist GTR] 18:33:10 Sending HTTP request "POST" https://graphql.zeepki.st/
[Info   :Zeepkist GTR] 18:33:10 Received HTTP response headers after 192.7919ms - 200
[Info   :Zeepkist GTR] 18:33:10 End processing HTTP request after 193.0523ms - 200
[Info   :Zeepkist GTR] 18:33:10 Received HTTP response headers after 205.7101ms - 200
[Info   :Zeepkist GTR] 18:33:10 End processing HTTP request after 206.0287ms - 200
[Info   :Zeepkist GTR] 18:33:11 Received HTTP response headers after 538.8019ms - 200
[Info   :Zeepkist GTR] 18:33:11 End processing HTTP request after 539.124ms - 200
[Info   :Zeepkist GTR] 18:33:12 Starting recorder
[Info   :Zeepkist Bingo] [BINGO] === PLAYER SPAWNED ===
[Info   :Zeepkist Bingo] [BINGO] IsInActiveSession: False
[Info   :Zeepkist Bingo] [BINGO] Not in active session, skipping timer reset
[Info   :Zeepkist GTR] 18:33:13 Loading personal best...
[Info   :Zeepkist GTR] 18:33:13 Start processing HTTP request "POST" https://graphql.zeepki.st/
[Info   :Zeepkist GTR] 18:33:13 Sending HTTP request "POST" https://graphql.zeepki.st/
[Info   :Zeepkist GTR] 18:33:13 Stopping existing recorder if any
[Info   :Zeepkist GTR] 18:33:13 Creating new recorder
[Info   :Zeepkist GTR] 18:33:13 Start processing HTTP request "POST" https://graphql.zeepki.st/
[Info   :Zeepkist GTR] 18:33:13 Sending HTTP request "POST" https://graphql.zeepki.st/
[Info   :Zeepkist GTR] 18:33:13 Start processing HTTP request "POST" https://graphql.zeepki.st/
[Info   :Zeepkist GTR] 18:33:13 Sending HTTP request "POST" https://graphql.zeepki.st/
[Info   :Zeepkist GTR] 18:33:14 Received HTTP response headers after 171.3912ms - 200
[Info   :Zeepkist GTR] 18:33:14 End processing HTTP request after 171.7942ms - 200
[Info   :Zeepkist GTR] 18:33:14 Received HTTP response headers after 177.6811ms - 200
[Info   :Zeepkist GTR] 18:33:14 End processing HTTP request after 178.0385ms - 200
[Info   :Zeepkist GTR] 18:33:14 Received HTTP response headers after 349.3977ms - 200
[Info   :Zeepkist GTR] 18:33:14 End processing HTTP request after 349.7759ms - 200
[Info   :Zeepkist GTR] 18:33:15 Starting recorder
[Info   :Zeepkist Bingo] [BINGO] === PLAYER SPAWNED ===
[Info   :Zeepkist Bingo] [BINGO] IsInActiveSession: False
[Info   :Zeepkist Bingo] [BINGO] Not in active session, skipping timer reset
[Info   :Zeepkist GTR] 18:33:21 Loading personal best...
[Info   :Zeepkist GTR] 18:33:21 Start processing HTTP request "POST" https://graphql.zeepki.st/
[Info   :Zeepkist GTR] 18:33:21 Sending HTTP request "POST" https://graphql.zeepki.st/
[Info   :Zeepkist GTR] 18:33:21 Stopping existing recorder if any
[Info   :Zeepkist GTR] 18:33:21 Creating new recorder
[Info   :Zeepkist GTR] 18:33:21 Start processing HTTP request "POST" https://graphql.zeepki.st/
[Info   :Zeepkist GTR] 18:33:21 Sending HTTP request "POST" https://graphql.zeepki.st/
[Info   :Zeepkist GTR] 18:33:21 Start processing HTTP request "POST" https://graphql.zeepki.st/
[Info   :Zeepkist GTR] 18:33:21 Sending HTTP request "POST" https://graphql.zeepki.st/
[Info   :Zeepkist GTR] 18:33:21 Received HTTP response headers after 183.8254ms - 200
[Info   :Zeepkist GTR] 18:33:21 End processing HTTP request after 184.1613ms - 200
[Info   :Zeepkist GTR] 18:33:21 Received HTTP response headers after 202.7052ms - 200
[Info   :Zeepkist GTR] 18:33:21 End processing HTTP request after 202.9582ms - 200
[Info   :Zeepkist GTR] 18:33:22 Received HTTP response headers after 358.9594ms - 200
[Info   :Zeepkist GTR] 18:33:22 End processing HTTP request after 359.2569ms - 200
[Info   :Zeepkist GTR] 18:33:23 Starting recorder
[Info   :Zeepkist Bingo] [CHAT] Intercepted message: he left
[Info   :Zeepkist Bingo] [CHAT] Not relaying - no bingo session
[Info   :Zeepkist Bingo] [BINGO] === PLAYER SPAWNED ===
[Info   :Zeepkist Bingo] [BINGO] IsInActiveSession: False
[Info   :Zeepkist Bingo] [BINGO] Not in active session, skipping timer reset
[Info   :Zeepkist GTR] 18:33:50 Loading personal best...
[Info   :Zeepkist GTR] 18:33:50 Start processing HTTP request "POST" https://graphql.zeepki.st/
[Info   :Zeepkist GTR] 18:33:50 Sending HTTP request "POST" https://graphql.zeepki.st/
[Info   :Zeepkist GTR] 18:33:50 Stopping existing recorder if any
[Info   :Zeepkist GTR] 18:33:50 Creating new recorder
[Info   :Zeepkist GTR] 18:33:50 Start processing HTTP request "POST" https://graphql.zeepki.st/
[Info   :Zeepkist GTR] 18:33:50 Sending HTTP request "POST" https://graphql.zeepki.st/
[Info   :Zeepkist GTR] 18:33:50 Start processing HTTP request "POST" https://graphql.zeepki.st/
[Info   :Zeepkist GTR] 18:33:50 Sending HTTP request "POST" https://graphql.zeepki.st/
[Info   :Zeepkist GTR] 18:33:51 Received HTTP response headers after 207.6332ms - 200
[Info   :Zeepkist GTR] 18:33:51 End processing HTTP request after 207.9312ms - 200
[Info   :Zeepkist GTR] 18:33:51 Received HTTP response headers after 217.5753ms - 200
[Info   :Zeepkist GTR] 18:33:51 End processing HTTP request after 217.9331ms - 200
[Info   :Zeepkist GTR] 18:33:51 Received HTTP response headers after 398.5535ms - 200
[Info   :Zeepkist GTR] 18:33:51 End processing HTTP request after 398.8419ms - 200
[Info   :Zeepkist GTR] 18:33:52 Starting recorder
[Info   :Zeepkist Bingo] [BINGO] === PLAYER SPAWNED ===
[Info   :Zeepkist Bingo] [BINGO] IsInActiveSession: False
[Info   :Zeepkist Bingo] [BINGO] Not in active session, skipping timer reset
[Info   :Zeepkist GTR] 18:34:06 Loading personal best...
[Info   :Zeepkist GTR] 18:34:06 Start processing HTTP request "POST" https://graphql.zeepki.st/
[Info   :Zeepkist GTR] 18:34:06 Sending HTTP request "POST" https://graphql.zeepki.st/
[Info   :Zeepkist GTR] 18:34:06 Stopping existing recorder if any
[Info   :Zeepkist GTR] 18:34:06 Creating new recorder
[Info   :Zeepkist GTR] 18:34:06 Start processing HTTP request "POST" https://graphql.zeepki.st/
[Info   :Zeepkist GTR] 18:34:06 Sending HTTP request "POST" https://graphql.zeepki.st/
[Info   :Zeepkist GTR] 18:34:06 Start processing HTTP request "POST" https://graphql.zeepki.st/
[Info   :Zeepkist GTR] 18:34:06 Sending HTTP request "POST" https://graphql.zeepki.st/
[Info   :Zeepkist GTR] 18:34:07 Received HTTP response headers after 200.5093ms - 200
[Info   :Zeepkist GTR] 18:34:07 End processing HTTP request after 200.8195ms - 200
[Info   :Zeepkist GTR] 18:34:07 Received HTTP response headers after 201.2983ms - 200
[Info   :Zeepkist GTR] 18:34:07 End processing HTTP request after 201.7167ms - 200
[Info   :Zeepkist GTR] 18:34:07 Received HTTP response headers after 390.6997ms - 200
[Info   :Zeepkist GTR] 18:34:07 End processing HTTP request after 391.0268ms - 200
[Info   :Zeepkist GTR] 18:34:08 Starting recorder
[Info   :Zeepkist Bingo] [BINGO] === PLAYER SPAWNED ===
[Info   :Zeepkist Bingo] [BINGO] IsInActiveSession: False
[Info   :Zeepkist Bingo] [BINGO] Not in active session, skipping timer reset
[Info   :Zeepkist GTR] 18:34:36 Loading personal best...
[Info   :Zeepkist GTR] 18:34:36 Start processing HTTP request "POST" https://graphql.zeepki.st/
[Info   :Zeepkist GTR] 18:34:36 Sending HTTP request "POST" https://graphql.zeepki.st/
[Info   :Zeepkist GTR] 18:34:36 Stopping existing recorder if any
[Info   :Zeepkist GTR] 18:34:36 Creating new recorder
[Info   :Zeepkist GTR] 18:34:36 Start processing HTTP request "POST" https://graphql.zeepki.st/
[Info   :Zeepkist GTR] 18:34:36 Sending HTTP request "POST" https://graphql.zeepki.st/
[Info   :Zeepkist GTR] 18:34:36 Start processing HTTP request "POST" https://graphql.zeepki.st/
[Info   :Zeepkist GTR] 18:34:36 Sending HTTP request "POST" https://graphql.zeepki.st/
[Info   :Zeepkist GTR] 18:34:36 Received HTTP response headers after 204.9755ms - 200
[Info   :Zeepkist GTR] 18:34:36 End processing HTTP request after 205.2622ms - 200
[Info   :Zeepkist GTR] 18:34:36 Received HTTP response headers after 205.745ms - 200
[Info   :Zeepkist GTR] 18:34:36 End processing HTTP request after 206.0023ms - 200
[Info   :Zeepkist GTR] 18:34:36 Received HTTP response headers after 449.1347ms - 200
[Info   :Zeepkist GTR] 18:34:36 End processing HTTP request after 449.4593ms - 200
[Info   :Zeepkist GTR] 18:34:37 Starting recorder
[Info   :Zeepkist Bingo] [BINGO] === PLAYER SPAWNED ===
[Info   :Zeepkist Bingo] [BINGO] IsInActiveSession: False
[Info   :Zeepkist Bingo] [BINGO] Not in active session, skipping timer reset
[Info   :Zeepkist GTR] 18:34:51 Loading personal best...
[Info   :Zeepkist GTR] 18:34:51 Start processing HTTP request "POST" https://graphql.zeepki.st/
[Info   :Zeepkist GTR] 18:34:51 Sending HTTP request "POST" https://graphql.zeepki.st/
[Info   :Zeepkist GTR] 18:34:51 Stopping existing recorder if any
[Info   :Zeepkist GTR] 18:34:51 Creating new recorder
[Info   :Zeepkist GTR] 18:34:51 Start processing HTTP request "POST" https://graphql.zeepki.st/
[Info   :Zeepkist GTR] 18:34:51 Sending HTTP request "POST" https://graphql.zeepki.st/
[Info   :Zeepkist GTR] 18:34:51 Start processing HTTP request "POST" https://graphql.zeepki.st/
[Info   :Zeepkist GTR] 18:34:51 Sending HTTP request "POST" https://graphql.zeepki.st/
[Info   :Zeepkist GTR] 18:34:51 Received HTTP response headers after 319.3485ms - 200
[Info   :Zeepkist GTR] 18:34:51 End processing HTTP request after 319.7124ms - 200
[Info   :Zeepkist GTR] 18:34:52 Received HTTP response headers after 375.497ms - 200
[Info   :Zeepkist GTR] 18:34:52 End processing HTTP request after 375.7689ms - 200
[Info   :Zeepkist GTR] 18:34:52 Received HTTP response headers after 490.0651ms - 200
[Info   :Zeepkist GTR] 18:34:52 End processing HTTP request after 490.4538ms - 200
[Info   :Zeepkist GTR] 18:34:53 Starting recorder
[Info   :Zeepkist GTR] 18:35:50 Stopping recorder
[Info   :Zeepkist GTR] 18:35:50 Collecting extra information
[Info   :Zeepkist GTR] 18:35:50 Resolved workshop ID "3766716590" from lobby 3766716590 and level 0
[Info   :Zeepkist GTR] 18:35:50 Processing ghost data
[Info   :Zeepkist GTR] 18:35:50 Creating stream
[Info   :Zeepkist GTR] 18:35:50 Writing to stream
[Info   :Zeepkist GTR] 18:35:50 Getting buffer
[Info   :Zeepkist GTR] 18:35:50 Converting to base64
[Info   :Zeepkist GTR] 18:35:50 Creating resource
[Info   :Zeepkist GTR] 18:35:50 Start processing HTTP request "POST" https://backend.zeepki.st/record/submit
[Info   :Zeepkist GTR] 18:35:50 Sending HTTP request "POST" https://backend.zeepki.st/record/submit
[Info   :Zeepkist Bingo] [BINGO] === PLAYER SPAWNED ===
[Info   :Zeepkist Bingo] [BINGO] IsInActiveSession: False
[Info   :Zeepkist Bingo] [BINGO] Not in active session, skipping timer reset
[Info   :Zeepkist GTR] 18:35:51 Loading personal best...
[Info   :Zeepkist GTR] 18:35:51 Start processing HTTP request "POST" https://graphql.zeepki.st/
[Info   :Zeepkist GTR] 18:35:51 Sending HTTP request "POST" https://graphql.zeepki.st/
[Info   :Zeepkist GTR] 18:35:51 Stopping existing recorder if any
[Info   :Zeepkist GTR] 18:35:51 Creating new recorder
[Info   :Zeepkist GTR] 18:35:51 Start processing HTTP request "POST" https://graphql.zeepki.st/
[Info   :Zeepkist GTR] 18:35:51 Sending HTTP request "POST" https://graphql.zeepki.st/
[Info   :Zeepkist GTR] 18:35:51 Start processing HTTP request "POST" https://graphql.zeepki.st/
[Info   :Zeepkist GTR] 18:35:51 Sending HTTP request "POST" https://graphql.zeepki.st/
[Info   :Zeepkist GTR] 18:35:51 Received HTTP response headers after 187.9365ms - 200
[Info   :Zeepkist GTR] 18:35:51 Received HTTP response headers after 189.0688ms - 200
[Info   :Zeepkist GTR] 18:35:51 End processing HTTP request after 188.6446ms - 200
[Info   :Zeepkist GTR] 18:35:51 End processing HTTP request after 189.4061ms - 200
[Error  :Zeepkist GTR] 18:35:51 Unobserved task exception
[Info   :Zeepkist GTR] 18:35:51 Received HTTP response headers after 1321.3286ms - 200
[Info   :Zeepkist GTR] 18:35:51 End processing HTTP request after 1321.6427ms - 200
[Info   :Zeepkist GTR] 18:35:52 Received HTTP response headers after 388.1651ms - 200
[Info   :Zeepkist GTR] 18:35:52 End processing HTTP request after 388.4603ms - 200
[Info   :Zeepkist GTR] 18:35:52 Start processing HTTP request "POST" https://graphql.zeepki.st/
[Info   :Zeepkist GTR] 18:35:52 Sending HTTP request "POST" https://graphql.zeepki.st/
[Info   :Zeepkist GTR] 18:35:52 Received HTTP response headers after 215.9249ms - 200
[Info   :Zeepkist GTR] 18:35:52 End processing HTTP request after 216.2458ms - 200
[Info   :Zeepkist GTR] 18:35:53 Starting recorder
[Info   :Zeepkist Bingo] [BINGO] === PLAYER SPAWNED ===
[Info   :Zeepkist Bingo] [BINGO] IsInActiveSession: False
[Info   :Zeepkist Bingo] [BINGO] Not in active session, skipping timer reset
[Info   :Zeepkist GTR] 18:36:04 Loading personal best...
[Info   :Zeepkist GTR] 18:36:04 Start processing HTTP request "POST" https://graphql.zeepki.st/
[Info   :Zeepkist GTR] 18:36:04 Sending HTTP request "POST" https://graphql.zeepki.st/
[Info   :Zeepkist GTR] 18:36:04 Stopping existing recorder if any
[Info   :Zeepkist GTR] 18:36:04 Creating new recorder
[Info   :Zeepkist GTR] 18:36:04 Start processing HTTP request "POST" https://graphql.zeepki.st/
[Info   :Zeepkist GTR] 18:36:04 Sending HTTP request "POST" https://graphql.zeepki.st/
[Info   :Zeepkist GTR] 18:36:04 Start processing HTTP request "POST" https://graphql.zeepki.st/
[Info   :Zeepkist GTR] 18:36:04 Sending HTTP request "POST" https://graphql.zeepki.st/
[Info   :Zeepkist GTR] 18:36:04 Received HTTP response headers after 186.1873ms - 200
[Info   :Zeepkist GTR] 18:36:04 End processing HTTP request after 186.4826ms - 200
[Info   :Zeepkist GTR] 18:36:04 Received HTTP response headers after 189.3768ms - 200
[Info   :Zeepkist GTR] 18:36:04 End processing HTTP request after 189.7209ms - 200
[Info   :Zeepkist GTR] 18:36:04 Start processing HTTP request "GET" https://cdn.zeepki.st/ghosts/01KXS6ZEQ9PM82SERDGY96JDZR.bin
[Info   :Zeepkist GTR] 18:36:04 Sending HTTP request "GET" https://cdn.zeepki.st/ghosts/01KXS6ZEQ9PM82SERDGY96JDZR.bin
[Info   :Zeepkist GTR] 18:36:04 Received HTTP response headers after 379.7855ms - 200
[Info   :Zeepkist GTR] 18:36:04 End processing HTTP request after 380.0996ms - 200
[Info   :Zeepkist GTR] 18:36:04 Start processing HTTP request "POST" https://graphql.zeepki.st/
[Info   :Zeepkist GTR] 18:36:04 Sending HTTP request "POST" https://graphql.zeepki.st/
[Info   :Zeepkist GTR] 18:36:04 Received HTTP response headers after 198.2133ms - 200
[Info   :Zeepkist GTR] 18:36:04 End processing HTTP request after 198.6138ms - 200
[Info   :Zeepkist GTR] 18:36:05 Received HTTP response headers after 777.297ms - 200
[Info   :Zeepkist GTR] 18:36:05 End processing HTTP request after 777.6611ms - 200
[Info   :Zeepkist GTR] 18:36:05 Starting recorder
[Info   :Zeepkist Bingo] [BINGO] === PLAYER SPAWNED ===
[Info   :Zeepkist Bingo] [BINGO] IsInActiveSession: False
[Info   :Zeepkist Bingo] [BINGO] Not in active session, skipping timer reset
[Info   :Zeepkist GTR] 18:36:11 Loading personal best...
[Info   :Zeepkist GTR] 18:36:11 Start processing HTTP request "POST" https://graphql.zeepki.st/
[Info   :Zeepkist GTR] 18:36:11 Sending HTTP request "POST" https://graphql.zeepki.st/
[Info   :Zeepkist GTR] 18:36:11 Stopping existing recorder if any
[Info   :Zeepkist GTR] 18:36:11 Creating new recorder
[Info   :Zeepkist GTR] 18:36:11 Start processing HTTP request "POST" https://graphql.zeepki.st/
[Info   :Zeepkist GTR] 18:36:11 Sending HTTP request "POST" https://graphql.zeepki.st/
[Info   :Zeepkist GTR] 18:36:11 Start processing HTTP request "POST" https://graphql.zeepki.st/
[Info   :Zeepkist GTR] 18:36:11 Sending HTTP request "POST" https://graphql.zeepki.st/
[Info   :Zeepkist GTR] 18:36:11 Received HTTP response headers after 203.8608ms - 200
[Info   :Zeepkist GTR] 18:36:11 End processing HTTP request after 204.2079ms - 200
[Info   :Zeepkist GTR] 18:36:11 Received HTTP response headers after 221.6074ms - 200
[Info   :Zeepkist GTR] 18:36:11 End processing HTTP request after 221.9501ms - 200
[Info   :Zeepkist GTR] 18:36:11 Received HTTP response headers after 427.102ms - 200
[Info   :Zeepkist GTR] 18:36:11 End processing HTTP request after 427.5563ms - 200
[Info   :Zeepkist GTR] 18:36:11 Start processing HTTP request "POST" https://graphql.zeepki.st/
[Info   :Zeepkist GTR] 18:36:11 Sending HTTP request "POST" https://graphql.zeepki.st/
[Info   :Zeepkist GTR] 18:36:11 Received HTTP response headers after 202.4202ms - 200
[Info   :Zeepkist GTR] 18:36:11 End processing HTTP request after 202.8293ms - 200
[Info   :Zeepkist GTR] 18:36:12 Starting recorder
[Info   :Zeepkist Bingo] [BINGO] === PLAYER SPAWNED ===
[Info   :Zeepkist Bingo] [BINGO] IsInActiveSession: False
[Info   :Zeepkist Bingo] [BINGO] Not in active session, skipping timer reset
[Info   :Zeepkist GTR] 18:36:39 Loading personal best...
[Info   :Zeepkist GTR] 18:36:39 Start processing HTTP request "POST" https://graphql.zeepki.st/
[Info   :Zeepkist GTR] 18:36:39 Sending HTTP request "POST" https://graphql.zeepki.st/
[Info   :Zeepkist GTR] 18:36:39 Stopping existing recorder if any
[Info   :Zeepkist GTR] 18:36:39 Creating new recorder
[Info   :Zeepkist GTR] 18:36:39 Start processing HTTP request "POST" https://graphql.zeepki.st/
[Info   :Zeepkist GTR] 18:36:39 Sending HTTP request "POST" https://graphql.zeepki.st/
[Info   :Zeepkist GTR] 18:36:39 Start processing HTTP request "POST" https://graphql.zeepki.st/
[Info   :Zeepkist GTR] 18:36:39 Sending HTTP request "POST" https://graphql.zeepki.st/
[Info   :Zeepkist GTR] 18:36:39 Received HTTP response headers after 199.634ms - 200
[Info   :Zeepkist GTR] 18:36:39 End processing HTTP request after 199.9082ms - 200
[Info   :Zeepkist GTR] 18:36:40 Received HTTP response headers after 237.4372ms - 200
[Info   :Zeepkist GTR] 18:36:40 End processing HTTP request after 237.7548ms - 200
[Info   :Zeepkist GTR] 18:36:40 Received HTTP response headers after 418.6045ms - 200
[Info   :Zeepkist GTR] 18:36:40 End processing HTTP request after 418.8645ms - 200
[Info   :Zeepkist GTR] 18:36:40 Start processing HTTP request "POST" https://graphql.zeepki.st/
[Info   :Zeepkist GTR] 18:36:40 Sending HTTP request "POST" https://graphql.zeepki.st/
[Info   :Zeepkist GTR] 18:36:40 Received HTTP response headers after 188.911ms - 200
[Info   :Zeepkist GTR] 18:36:40 End processing HTTP request after 189.2389ms - 200
[Info   :Zeepkist GTR] 18:36:41 Starting recorder
[Info   :Zeepkist Bingo] [BINGO] === PLAYER SPAWNED ===
[Info   :Zeepkist Bingo] [BINGO] IsInActiveSession: False
[Info   :Zeepkist Bingo] [BINGO] Not in active session, skipping timer reset
[Info   :Zeepkist GTR] 18:37:04 Loading personal best...
[Info   :Zeepkist GTR] 18:37:04 Start processing HTTP request "POST" https://graphql.zeepki.st/
[Info   :Zeepkist GTR] 18:37:04 Sending HTTP request "POST" https://graphql.zeepki.st/
[Info   :Zeepkist GTR] 18:37:04 Stopping existing recorder if any
[Info   :Zeepkist GTR] 18:37:04 Creating new recorder
[Info   :Zeepkist GTR] 18:37:04 Start processing HTTP request "POST" https://graphql.zeepki.st/
[Info   :Zeepkist GTR] 18:37:04 Sending HTTP request "POST" https://graphql.zeepki.st/
[Info   :Zeepkist GTR] 18:37:04 Start processing HTTP request "POST" https://graphql.zeepki.st/
[Info   :Zeepkist GTR] 18:37:04 Sending HTTP request "POST" https://graphql.zeepki.st/
[Info   :Zeepkist GTR] 18:37:04 Received HTTP response headers after 394.1144ms - 200
[Info   :Zeepkist GTR] 18:37:04 End processing HTTP request after 394.416ms - 200
[Info   :Zeepkist GTR] 18:37:04 Received HTTP response headers after 402.5316ms - 200
[Info   :Zeepkist GTR] 18:37:04 End processing HTTP request after 402.83ms - 200
[Info   :Zeepkist GTR] 18:37:04 Received HTTP response headers after 543.6931ms - 200
[Info   :Zeepkist GTR] 18:37:04 End processing HTTP request after 543.9672ms - 200
[Info   :Zeepkist GTR] 18:37:04 Start processing HTTP request "POST" https://graphql.zeepki.st/
[Info   :Zeepkist GTR] 18:37:04 Sending HTTP request "POST" https://graphql.zeepki.st/
[Info   :Zeepkist GTR] 18:37:05 Received HTTP response headers after 190.7069ms - 200
[Info   :Zeepkist GTR] 18:37:05 End processing HTTP request after 191.0205ms - 200
[Info   :Zeepkist GTR] 18:37:05 Starting recorder
[Info   :Zeepkist Bingo] [BINGO] === PLAYER SPAWNED ===
[Info   :Zeepkist Bingo] [BINGO] IsInActiveSession: False
[Info   :Zeepkist Bingo] [BINGO] Not in active session, skipping timer reset
[Info   :Zeepkist GTR] 18:37:28 Loading personal best...
[Info   :Zeepkist GTR] 18:37:28 Start processing HTTP request "POST" https://graphql.zeepki.st/
[Info   :Zeepkist GTR] 18:37:28 Sending HTTP request "POST" https://graphql.zeepki.st/
[Info   :Zeepkist GTR] 18:37:28 Stopping existing recorder if any
[Info   :Zeepkist GTR] 18:37:28 Creating new recorder
[Info   :Zeepkist GTR] 18:37:28 Start processing HTTP request "POST" https://graphql.zeepki.st/
[Info   :Zeepkist GTR] 18:37:28 Sending HTTP request "POST" https://graphql.zeepki.st/
[Info   :Zeepkist GTR] 18:37:28 Start processing HTTP request "POST" https://graphql.zeepki.st/
[Info   :Zeepkist GTR] 18:37:28 Sending HTTP request "POST" https://graphql.zeepki.st/
[Info   :Zeepkist GTR] 18:37:28 Received HTTP response headers after 194.9072ms - 200
[Info   :Zeepkist GTR] 18:37:28 End processing HTTP request after 195.1671ms - 200
[Info   :Zeepkist GTR] 18:37:28 Received HTTP response headers after 213.1884ms - 200
[Info   :Zeepkist GTR] 18:37:28 End processing HTTP request after 213.4335ms - 200
[Info   :Zeepkist GTR] 18:37:29 Received HTTP response headers after 376.6576ms - 200
[Info   :Zeepkist GTR] 18:37:29 End processing HTTP request after 376.9281ms - 200
[Info   :Zeepkist GTR] 18:37:29 Start processing HTTP request "POST" https://graphql.zeepki.st/
[Info   :Zeepkist GTR] 18:37:29 Sending HTTP request "POST" https://graphql.zeepki.st/
[Info   :Zeepkist GTR] 18:37:29 Received HTTP response headers after 199.8267ms - 200
[Info   :Zeepkist GTR] 18:37:29 End processing HTTP request after 200.3244ms - 200
[Info   :Zeepkist GTR] 18:37:30 Starting recorder
[Info   :Zeepkist GTR] 18:38:27 Stopping recorder
[Info   :Zeepkist GTR] 18:38:27 Collecting extra information
[Info   :Zeepkist GTR] 18:38:27 Resolved workshop ID "3766716590" from lobby 3766716590 and level 0
[Info   :Zeepkist GTR] 18:38:27 Processing ghost data
[Info   :Zeepkist GTR] 18:38:27 Creating stream
[Info   :Zeepkist GTR] 18:38:27 Writing to stream
[Info   :Zeepkist GTR] 18:38:28 Getting buffer
[Info   :Zeepkist GTR] 18:38:28 Converting to base64
[Info   :Zeepkist GTR] 18:38:28 Creating resource
[Info   :Zeepkist GTR] 18:38:28 Start processing HTTP request "POST" https://backend.zeepki.st/record/submit
[Info   :Zeepkist GTR] 18:38:28 Sending HTTP request "POST" https://backend.zeepki.st/record/submit
[Info   :Zeepkist Bingo] [BINGO] === PLAYER SPAWNED ===
[Info   :Zeepkist Bingo] [BINGO] IsInActiveSession: False
[Info   :Zeepkist Bingo] [BINGO] Not in active session, skipping timer reset
[Info   :Zeepkist GTR] 18:38:29 Loading personal best...
[Info   :Zeepkist GTR] 18:38:29 Start processing HTTP request "POST" https://graphql.zeepki.st/
[Info   :Zeepkist GTR] 18:38:29 Sending HTTP request "POST" https://graphql.zeepki.st/
[Info   :Zeepkist GTR] 18:38:29 Stopping existing recorder if any
[Info   :Zeepkist GTR] 18:38:29 Creating new recorder
[Info   :Zeepkist GTR] 18:38:29 Start processing HTTP request "POST" https://graphql.zeepki.st/
[Info   :Zeepkist GTR] 18:38:29 Sending HTTP request "POST" https://graphql.zeepki.st/
[Info   :Zeepkist GTR] 18:38:29 Start processing HTTP request "POST" https://graphql.zeepki.st/
[Info   :Zeepkist GTR] 18:38:29 Sending HTTP request "POST" https://graphql.zeepki.st/
[Info   :Zeepkist GTR] 18:38:29 Received HTTP response headers after 177.9358ms - 200
[Info   :Zeepkist GTR] 18:38:29 End processing HTTP request after 178.224ms - 200
[Info   :Zeepkist GTR] 18:38:29 Received HTTP response headers after 189.2437ms - 200
[Info   :Zeepkist GTR] 18:38:29 End processing HTTP request after 189.5027ms - 200
[Info   :Zeepkist GTR] 18:38:29 Received HTTP response headers after 365.1172ms - 200
[Info   :Zeepkist GTR] 18:38:29 End processing HTTP request after 365.4ms - 200
[Info   :Zeepkist GTR] 18:38:29 Received HTTP response headers after 1507.9843ms - 200
[Info   :Zeepkist GTR] 18:38:29 End processing HTTP request after 1508.2798ms - 200
[Info   :Zeepkist GTR] 18:38:29 Start processing HTTP request "POST" https://graphql.zeepki.st/
[Info   :Zeepkist GTR] 18:38:29 Sending HTTP request "POST" https://graphql.zeepki.st/
[Info   :Zeepkist GTR] 18:38:29 Received HTTP response headers after 208.7351ms - 200
[Info   :Zeepkist GTR] 18:38:29 End processing HTTP request after 209.1196ms - 200
[Info   :Zeepkist GTR] 18:38:30 Starting recorder
[Info   :Zeepkist Bingo] [BINGO] === PLAYER SPAWNED ===
[Info   :Zeepkist Bingo] [BINGO] IsInActiveSession: False
[Info   :Zeepkist Bingo] [BINGO] Not in active session, skipping timer reset
[Info   :Zeepkist GTR] 18:39:25 Loading personal best...
[Info   :Zeepkist GTR] 18:39:25 Start processing HTTP request "POST" https://graphql.zeepki.st/
[Info   :Zeepkist GTR] 18:39:25 Sending HTTP request "POST" https://graphql.zeepki.st/
[Info   :Zeepkist GTR] 18:39:25 Stopping existing recorder if any
[Info   :Zeepkist GTR] 18:39:25 Creating new recorder
[Info   :Zeepkist GTR] 18:39:25 Start processing HTTP request "POST" https://graphql.zeepki.st/
[Info   :Zeepkist GTR] 18:39:25 Sending HTTP request "POST" https://graphql.zeepki.st/
[Info   :Zeepkist GTR] 18:39:25 Start processing HTTP request "POST" https://graphql.zeepki.st/
[Info   :Zeepkist GTR] 18:39:25 Sending HTTP request "POST" https://graphql.zeepki.st/
[Info   :Zeepkist GTR] 18:39:26 Received HTTP response headers after 425.1822ms - 200
[Info   :Zeepkist GTR] 18:39:26 End processing HTTP request after 425.5783ms - 200
[Info   :Zeepkist GTR] 18:39:26 Received HTTP response headers after 435.9694ms - 200
[Info   :Zeepkist GTR] 18:39:26 End processing HTTP request after 436.2761ms - 200
[Info   :Zeepkist GTR] 18:39:26 Received HTTP response headers after 559.5527ms - 200
[Info   :Zeepkist GTR] 18:39:26 End processing HTTP request after 559.8667ms - 200
[Info   :Zeepkist GTR] 18:39:26 Start processing HTTP request "POST" https://graphql.zeepki.st/
[Info   :Zeepkist GTR] 18:39:26 Sending HTTP request "POST" https://graphql.zeepki.st/
[Info   :Zeepkist GTR] 18:39:26 Received HTTP response headers after 272.2765ms - 200
[Info   :Zeepkist GTR] 18:39:26 End processing HTTP request after 272.5962ms - 200
[Info   :Zeepkist GTR] 18:39:27 Starting recorder
[Info   :Zeepkist Bingo] [BINGO] === PLAYER SPAWNED ===
[Info   :Zeepkist Bingo] [BINGO] IsInActiveSession: False
[Info   :Zeepkist Bingo] [BINGO] Not in active session, skipping timer reset
[Info   :Zeepkist GTR] 18:39:50 Loading personal best...
[Info   :Zeepkist GTR] 18:39:50 Start processing HTTP request "POST" https://graphql.zeepki.st/
[Info   :Zeepkist GTR] 18:39:50 Sending HTTP request "POST" https://graphql.zeepki.st/
[Info   :Zeepkist GTR] 18:39:50 Stopping existing recorder if any
[Info   :Zeepkist GTR] 18:39:50 Creating new recorder
[Info   :Zeepkist GTR] 18:39:50 Start processing HTTP request "POST" https://graphql.zeepki.st/
[Info   :Zeepkist GTR] 18:39:50 Sending HTTP request "POST" https://graphql.zeepki.st/
[Info   :Zeepkist GTR] 18:39:50 Start processing HTTP request "POST" https://graphql.zeepki.st/
[Info   :Zeepkist GTR] 18:39:50 Sending HTTP request "POST" https://graphql.zeepki.st/
[Info   :Zeepkist GTR] 18:39:50 Received HTTP response headers after 189.139ms - 200
[Info   :Zeepkist GTR] 18:39:50 Received HTTP response headers after 188.4799ms - 200
[Info   :Zeepkist GTR] 18:39:50 End processing HTTP request after 189.5128ms - 200
[Info   :Zeepkist GTR] 18:39:50 End processing HTTP request after 188.7484ms - 200
[Info   :Zeepkist GTR] 18:39:50 Received HTTP response headers after 381.971ms - 200
[Info   :Zeepkist GTR] 18:39:50 End processing HTTP request after 382.2688ms - 200
[Info   :Zeepkist GTR] 18:39:50 Start processing HTTP request "POST" https://graphql.zeepki.st/
[Info   :Zeepkist GTR] 18:39:50 Sending HTTP request "POST" https://graphql.zeepki.st/
[Info   :Zeepkist GTR] 18:39:50 Received HTTP response headers after 188.3887ms - 200
[Info   :Zeepkist GTR] 18:39:50 End processing HTTP request after 188.692ms - 200
[Info   :Zeepkist GTR] 18:39:51 Starting recorder
[Info   :Zeepkist Bingo] [BINGO] === PLAYER SPAWNED ===
[Info   :Zeepkist Bingo] [BINGO] IsInActiveSession: False
[Info   :Zeepkist Bingo] [BINGO] Not in active session, skipping timer reset
[Info   :Zeepkist GTR] 18:40:42 Loading personal best...
[Info   :Zeepkist GTR] 18:40:42 Start processing HTTP request "POST" https://graphql.zeepki.st/
[Info   :Zeepkist GTR] 18:40:42 Sending HTTP request "POST" https://graphql.zeepki.st/
[Info   :Zeepkist GTR] 18:40:42 Stopping existing recorder if any
[Info   :Zeepkist GTR] 18:40:42 Creating new recorder
[Info   :Zeepkist GTR] 18:40:42 Start processing HTTP request "POST" https://graphql.zeepki.st/
[Info   :Zeepkist GTR] 18:40:42 Sending HTTP request "POST" https://graphql.zeepki.st/
[Info   :Zeepkist GTR] 18:40:42 Start processing HTTP request "POST" https://graphql.zeepki.st/
[Info   :Zeepkist GTR] 18:40:42 Sending HTTP request "POST" https://graphql.zeepki.st/
[Info   :Zeepkist GTR] 18:40:42 Received HTTP response headers after 193.5225ms - 200
[Info   :Zeepkist GTR] 18:40:42 End processing HTTP request after 193.8647ms - 200
[Info   :Zeepkist GTR] 18:40:42 Received HTTP response headers after 198.2515ms - 200
[Info   :Zeepkist GTR] 18:40:42 End processing HTTP request after 198.5358ms - 200
[Info   :Zeepkist GTR] 18:40:42 Received HTTP response headers after 376.2538ms - 200
[Info   :Zeepkist GTR] 18:40:42 End processing HTTP request after 376.5254ms - 200
[Info   :Zeepkist GTR] 18:40:42 Start processing HTTP request "POST" https://graphql.zeepki.st/
[Info   :Zeepkist GTR] 18:40:42 Sending HTTP request "POST" https://graphql.zeepki.st/
[Info   :Zeepkist GTR] 18:40:42 Received HTTP response headers after 185.1559ms - 200
[Info   :Zeepkist GTR] 18:40:42 End processing HTTP request after 185.5311ms - 200
[Info   :Zeepkist GTR] 18:40:43 Starting recorder
[Info   :Zeepkist Bingo] [BINGO] === PLAYER SPAWNED ===
[Info   :Zeepkist Bingo] [BINGO] IsInActiveSession: False
[Info   :Zeepkist Bingo] [BINGO] Not in active session, skipping timer reset
[Info   :Zeepkist GTR] 18:41:35 Loading personal best...
[Info   :Zeepkist GTR] 18:41:35 Start processing HTTP request "POST" https://graphql.zeepki.st/
[Info   :Zeepkist GTR] 18:41:35 Sending HTTP request "POST" https://graphql.zeepki.st/
[Info   :Zeepkist GTR] 18:41:35 Stopping existing recorder if any
[Info   :Zeepkist GTR] 18:41:35 Creating new recorder
[Info   :Zeepkist GTR] 18:41:35 Start processing HTTP request "POST" https://graphql.zeepki.st/
[Info   :Zeepkist GTR] 18:41:35 Sending HTTP request "POST" https://graphql.zeepki.st/
[Info   :Zeepkist GTR] 18:41:35 Start processing HTTP request "POST" https://graphql.zeepki.st/
[Info   :Zeepkist GTR] 18:41:35 Sending HTTP request "POST" https://graphql.zeepki.st/
[Info   :Zeepkist GTR] 18:41:36 Received HTTP response headers after 332.0477ms - 200
[Info   :Zeepkist GTR] 18:41:36 Received HTTP response headers after 331.5526ms - 200
[Info   :Zeepkist GTR] 18:41:36 End processing HTTP request after 332.3384ms - 200
[Info   :Zeepkist GTR] 18:41:36 End processing HTTP request after 331.8256ms - 200
[Info   :Zeepkist GTR] 18:41:36 Received HTTP response headers after 530.0282ms - 200
[Info   :Zeepkist GTR] 18:41:36 End processing HTTP request after 530.2713ms - 200
[Info   :Zeepkist GTR] 18:41:36 Start processing HTTP request "POST" https://graphql.zeepki.st/
[Info   :Zeepkist GTR] 18:41:36 Sending HTTP request "POST" https://graphql.zeepki.st/
[Info   :Zeepkist GTR] 18:41:36 Received HTTP response headers after 197.3196ms - 200
[Info   :Zeepkist GTR] 18:41:36 End processing HTTP request after 197.6124ms - 200
[Info   :Zeepkist GTR] 18:41:37 Starting recorder
[Info   :Zeepkist Bingo] [BINGO] === PLAYER SPAWNED ===
[Info   :Zeepkist Bingo] [BINGO] IsInActiveSession: False
[Info   :Zeepkist Bingo] [BINGO] Not in active session, skipping timer reset
[Info   :Zeepkist GTR] 18:41:43 Loading personal best...
[Info   :Zeepkist GTR] 18:41:43 Start processing HTTP request "POST" https://graphql.zeepki.st/
[Info   :Zeepkist GTR] 18:41:43 Sending HTTP request "POST" https://graphql.zeepki.st/
[Info   :Zeepkist GTR] 18:41:43 Stopping existing recorder if any
[Info   :Zeepkist GTR] 18:41:43 Creating new recorder
[Info   :Zeepkist GTR] 18:41:43 Start processing HTTP request "POST" https://graphql.zeepki.st/
[Info   :Zeepkist GTR] 18:41:43 Sending HTTP request "POST" https://graphql.zeepki.st/
[Info   :Zeepkist GTR] 18:41:43 Start processing HTTP request "POST" https://graphql.zeepki.st/
[Info   :Zeepkist GTR] 18:41:43 Sending HTTP request "POST" https://graphql.zeepki.st/
[Info   :Zeepkist GTR] 18:41:43 Received HTTP response headers after 179.1789ms - 200
[Info   :Zeepkist GTR] 18:41:43 End processing HTTP request after 179.7377ms - 200
[Info   :Zeepkist GTR] 18:41:43 Received HTTP response headers after 196.243ms - 200
[Info   :Zeepkist GTR] 18:41:43 End processing HTTP request after 196.6065ms - 200
[Info   :Zeepkist GTR] 18:41:44 Received HTTP response headers after 358.4148ms - 200
[Info   :Zeepkist GTR] 18:41:44 End processing HTTP request after 358.6801ms - 200
[Info   :Zeepkist GTR] 18:41:44 Start processing HTTP request "POST" https://graphql.zeepki.st/
[Info   :Zeepkist GTR] 18:41:44 Sending HTTP request "POST" https://graphql.zeepki.st/
[Info   :Zeepkist GTR] 18:41:44 Received HTTP response headers after 176.6099ms - 200
[Info   :Zeepkist GTR] 18:41:44 End processing HTTP request after 176.9584ms - 200
[Info   :Zeepkist GTR] 18:41:45 Starting recorder
[Info   :Zeepkist Bingo] [BINGO] === PLAYER SPAWNED ===
[Info   :Zeepkist Bingo] [BINGO] IsInActiveSession: False
[Info   :Zeepkist Bingo] [BINGO] Not in active session, skipping timer reset
[Info   :Zeepkist GTR] 18:42:08 Loading personal best...
[Info   :Zeepkist GTR] 18:42:08 Start processing HTTP request "POST" https://graphql.zeepki.st/
[Info   :Zeepkist GTR] 18:42:08 Sending HTTP request "POST" https://graphql.zeepki.st/
[Info   :Zeepkist GTR] 18:42:08 Stopping existing recorder if any
[Info   :Zeepkist GTR] 18:42:08 Creating new recorder
[Info   :Zeepkist GTR] 18:42:08 Start processing HTTP request "POST" https://graphql.zeepki.st/
[Info   :Zeepkist GTR] 18:42:08 Sending HTTP request "POST" https://graphql.zeepki.st/
[Info   :Zeepkist GTR] 18:42:08 Start processing HTTP request "POST" https://graphql.zeepki.st/
[Info   :Zeepkist GTR] 18:42:08 Sending HTTP request "POST" https://graphql.zeepki.st/
[Info   :Zeepkist GTR] 18:42:08 Received HTTP response headers after 208.1471ms - 200
[Info   :Zeepkist GTR] 18:42:08 Received HTTP response headers after 208.8804ms - 200
[Info   :Zeepkist GTR] 18:42:08 End processing HTTP request after 208.4629ms - 200
[Info   :Zeepkist GTR] 18:42:08 End processing HTTP request after 209.2442ms - 200
[Info   :Zeepkist GTR] 18:42:08 Received HTTP response headers after 404.6448ms - 200
[Info   :Zeepkist GTR] 18:42:08 End processing HTTP request after 404.9227ms - 200
[Info   :Zeepkist GTR] 18:42:08 Start processing HTTP request "POST" https://graphql.zeepki.st/
[Info   :Zeepkist GTR] 18:42:08 Sending HTTP request "POST" https://graphql.zeepki.st/
[Info   :Zeepkist GTR] 18:42:08 Received HTTP response headers after 202.5532ms - 200
[Info   :Zeepkist GTR] 18:42:08 End processing HTTP request after 202.8751ms - 200
[Info   :Zeepkist GTR] 18:42:10 Starting recorder
[Info   :RoundLeaderboardTab] Drawing leaderboard -> forwarding to Instance.DrawTabLeaderboard()
[Info   :RoundLeaderboardTab] Drawing leaderboard -> forwarding to Instance.DrawTabLeaderboard()
[Info   :Zeepkist Bingo] [BINGO] === PLAYER SPAWNED ===
[Info   :Zeepkist Bingo] [BINGO] IsInActiveSession: False
[Info   :Zeepkist Bingo] [BINGO] Not in active session, skipping timer reset
[Info   :Zeepkist GTR] 18:42:35 Loading personal best...
[Info   :Zeepkist GTR] 18:42:35 Start processing HTTP request "POST" https://graphql.zeepki.st/
[Info   :Zeepkist GTR] 18:42:35 Sending HTTP request "POST" https://graphql.zeepki.st/
[Info   :Zeepkist GTR] 18:42:35 Stopping existing recorder if any
[Info   :Zeepkist GTR] 18:42:35 Creating new recorder
[Info   :Zeepkist GTR] 18:42:35 Start processing HTTP request "POST" https://graphql.zeepki.st/
[Info   :Zeepkist GTR] 18:42:35 Sending HTTP request "POST" https://graphql.zeepki.st/
[Info   :Zeepkist GTR] 18:42:35 Start processing HTTP request "POST" https://graphql.zeepki.st/
[Info   :Zeepkist GTR] 18:42:35 Sending HTTP request "POST" https://graphql.zeepki.st/
[Info   :Zeepkist GTR] 18:42:35 Received HTTP response headers after 196.471ms - 200
[Info   :Zeepkist GTR] 18:42:35 End processing HTTP request after 196.7923ms - 200
[Info   :Zeepkist GTR] 18:42:35 Received HTTP response headers after 216.4519ms - 200
[Info   :Zeepkist GTR] 18:42:35 End processing HTTP request after 216.7783ms - 200
[Info   :Zeepkist GTR] 18:42:36 Received HTTP response headers after 401.7335ms - 200
[Info   :Zeepkist GTR] 18:42:36 End processing HTTP request after 402.1421ms - 200
[Info   :Zeepkist GTR] 18:42:36 Start processing HTTP request "POST" https://graphql.zeepki.st/
[Info   :Zeepkist GTR] 18:42:36 Sending HTTP request "POST" https://graphql.zeepki.st/
[Info   :Zeepkist GTR] 18:42:36 Received HTTP response headers after 224.1909ms - 200
[Info   :Zeepkist GTR] 18:42:36 End processing HTTP request after 224.4936ms - 200
[Info   :Zeepkist GTR] 18:42:37 Starting recorder
[Info   :Zeepkist Bingo] [BINGO] === PLAYER SPAWNED ===
[Info   :Zeepkist Bingo] [BINGO] IsInActiveSession: False
[Info   :Zeepkist Bingo] [BINGO] Not in active session, skipping timer reset
[Info   :Zeepkist GTR] 18:42:39 Loading personal best...
[Info   :Zeepkist GTR] 18:42:39 Start processing HTTP request "POST" https://graphql.zeepki.st/
[Info   :Zeepkist GTR] 18:42:39 Sending HTTP request "POST" https://graphql.zeepki.st/
[Info   :Zeepkist GTR] 18:42:39 Stopping existing recorder if any
[Info   :Zeepkist GTR] 18:42:39 Creating new recorder
[Info   :Zeepkist GTR] 18:42:39 Start processing HTTP request "POST" https://graphql.zeepki.st/
[Info   :Zeepkist GTR] 18:42:39 Sending HTTP request "POST" https://graphql.zeepki.st/
[Info   :Zeepkist GTR] 18:42:39 Start processing HTTP request "POST" https://graphql.zeepki.st/
[Info   :Zeepkist GTR] 18:42:39 Sending HTTP request "POST" https://graphql.zeepki.st/
[Info   :Zeepkist GTR] 18:42:39 Received HTTP response headers after 195.2063ms - 200
[Info   :Zeepkist GTR] 18:42:39 End processing HTTP request after 195.5661ms - 200
[Info   :Zeepkist GTR] 18:42:39 Received HTTP response headers after 194.6803ms - 200
[Info   :Zeepkist GTR] 18:42:39 End processing HTTP request after 194.9558ms - 200
[Info   :Zeepkist GTR] 18:42:39 Received HTTP response headers after 386.7392ms - 200
[Info   :Zeepkist GTR] 18:42:39 End processing HTTP request after 387.0787ms - 200
[Info   :Zeepkist GTR] 18:42:39 Start processing HTTP request "POST" https://graphql.zeepki.st/
[Info   :Zeepkist GTR] 18:42:39 Sending HTTP request "POST" https://graphql.zeepki.st/
[Info   :Zeepkist GTR] 18:42:40 Received HTTP response headers after 186.29ms - 200
[Info   :Zeepkist GTR] 18:42:40 End processing HTTP request after 186.9266ms - 200
[Info   :Zeepkist GTR] 18:42:41 Starting recorder
[Info   :Zeepkist GTR] 18:43:36 Stopping recorder
[Info   :Zeepkist GTR] 18:43:36 Collecting extra information
[Info   :Zeepkist GTR] 18:43:36 Resolved workshop ID "3766716590" from lobby 3766716590 and level 0
[Info   :Zeepkist GTR] 18:43:36 Processing ghost data
[Info   :Zeepkist GTR] 18:43:36 Creating stream
[Info   :Zeepkist GTR] 18:43:36 Writing to stream
[Info   :Zeepkist GTR] 18:43:37 Getting buffer
[Info   :Zeepkist GTR] 18:43:37 Converting to base64
[Info   :Zeepkist GTR] 18:43:37 Creating resource
[Info   :Zeepkist GTR] 18:43:37 Start processing HTTP request "POST" https://backend.zeepki.st/record/submit
[Info   :Zeepkist GTR] 18:43:37 Sending HTTP request "POST" https://backend.zeepki.st/record/submit
[Info   :Zeepkist Bingo] [BINGO] === PLAYER SPAWNED ===
[Info   :Zeepkist Bingo] [BINGO] IsInActiveSession: False
[Info   :Zeepkist Bingo] [BINGO] Not in active session, skipping timer reset
[Info   :Zeepkist GTR] 18:43:38 Loading personal best...
[Info   :Zeepkist GTR] 18:43:38 Start processing HTTP request "POST" https://graphql.zeepki.st/
[Info   :Zeepkist GTR] 18:43:38 Sending HTTP request "POST" https://graphql.zeepki.st/
[Info   :Zeepkist GTR] 18:43:38 Stopping existing recorder if any
[Info   :Zeepkist GTR] 18:43:38 Creating new recorder
[Info   :Zeepkist GTR] 18:43:38 Start processing HTTP request "POST" https://graphql.zeepki.st/
[Info   :Zeepkist GTR] 18:43:38 Sending HTTP request "POST" https://graphql.zeepki.st/
[Info   :Zeepkist GTR] 18:43:38 Start processing HTTP request "POST" https://graphql.zeepki.st/
[Info   :Zeepkist GTR] 18:43:38 Sending HTTP request "POST" https://graphql.zeepki.st/
[Info   :Zeepkist GTR] 18:43:38 Received HTTP response headers after 431.9678ms - 200
[Info   :Zeepkist GTR] 18:43:38 End processing HTTP request after 432.3738ms - 200
[Info   :Zeepkist GTR] 18:43:38 Received HTTP response headers after 467.3519ms - 200
[Info   :Zeepkist GTR] 18:43:38 End processing HTTP request after 467.6501ms - 200
[Info   :Zeepkist GTR] 18:43:38 Received HTTP response headers after 581.7674ms - 200
[Info   :Zeepkist GTR] 18:43:38 End processing HTTP request after 582.2195ms - 200
[Info   :Zeepkist GTR] 18:43:38 Start processing HTTP request "POST" https://graphql.zeepki.st/
[Info   :Zeepkist GTR] 18:43:38 Sending HTTP request "POST" https://graphql.zeepki.st/
[Info   :Zeepkist GTR] 18:43:38 Received HTTP response headers after 1632.7522ms - 200
[Info   :Zeepkist GTR] 18:43:38 End processing HTTP request after 1633.2129ms - 200
[Info   :Zeepkist GTR] 18:43:39 Received HTTP response headers after 199.2577ms - 200
[Info   :Zeepkist GTR] 18:43:39 End processing HTTP request after 199.6146ms - 200
[Info   :Zeepkist GTR] 18:43:39 Starting recorder
[Info   :Zeepkist GTR] 18:43:46 Discarding recorder
[Info   :Zeepkist Bingo] [BINGO] Level loaded
[Info   :BetterSplits] getting gtr splits
[Info   :Zeepkist Bingo] [BINGO] === PLAYER SPAWNED ===
[Info   :Zeepkist Bingo] [BINGO] IsInActiveSession: False
[Info   :Zeepkist Bingo] [BINGO] Not in active session, skipping timer reset
[Info   :Zeepkist GTR] 18:44:00 Loading personal best...
[Info   :Zeepkist GTR] 18:44:00 Start processing HTTP request "POST" https://graphql.zeepki.st/
[Info   :Zeepkist GTR] 18:44:00 Sending HTTP request "POST" https://graphql.zeepki.st/
[Info   :Zeepkist GTR] 18:44:00 Stopping existing recorder if any
[Info   :Zeepkist GTR] 18:44:00 Creating new recorder
[Info   :Zeepkist GTR] 18:44:00 Start processing HTTP request "POST" https://graphql.zeepki.st/
[Info   :Zeepkist GTR] 18:44:00 Sending HTTP request "POST" https://graphql.zeepki.st/
[Info   :Zeepkist GTR] 18:44:00 Start processing HTTP request "POST" https://graphql.zeepki.st/
[Info   :Zeepkist GTR] 18:44:00 Sending HTTP request "POST" https://graphql.zeepki.st/
[Info   :Zeepkist GTR] 18:44:01 Received HTTP response headers after 197.4889ms - 200
[Info   :Zeepkist GTR] 18:44:01 Received HTTP response headers after 196.8013ms - 200
[Info   :Zeepkist GTR] 18:44:01 End processing HTTP request after 197.8114ms - 200
[Info   :Zeepkist GTR] 18:44:01 End processing HTTP request after 197.0715ms - 200
[Info   :Zeepkist GTR] 18:44:01 Start processing HTTP request "GET" https://cdn.zeepki.st/ghosts/01KXS7DPPCA1T08FKBS577SW2B.bin
[Info   :Zeepkist GTR] 18:44:01 Sending HTTP request "GET" https://cdn.zeepki.st/ghosts/01KXS7DPPCA1T08FKBS577SW2B.bin
[Info   :BetterSplits] got gtr splits
[Info   :Zeepkist GTR] 18:44:01 Received HTTP response headers after 387.2176ms - 200
[Info   :Zeepkist GTR] 18:44:01 End processing HTTP request after 387.6654ms - 200
[Info   :Zeepkist GTR] 18:44:01 Start processing HTTP request "POST" https://graphql.zeepki.st/
[Info   :Zeepkist GTR] 18:44:01 Sending HTTP request "POST" https://graphql.zeepki.st/
[Info   :Zeepkist GTR] 18:44:01 Received HTTP response headers after 183.2204ms - 200
[Info   :Zeepkist GTR] 18:44:01 End processing HTTP request after 183.6103ms - 200
[Info   :Zeepkist GTR] 18:44:01 Received HTTP response headers after 697.3779ms - 200
[Info   :Zeepkist GTR] 18:44:01 End processing HTTP request after 697.7155ms - 200
[Info   :Zeepkist Bingo] [CHAT] Intercepted message: !cotd startcup
[Info   :Zeepkist Bingo] [CHAT] Not relaying - no bingo session
[Info   :COTDTracker] Starting cup with exclude list: 
[Info   :Zeepkist GTR] 18:44:02 Starting recorder
[Info   :Zeepkist GTR] 18:44:05 Discarding recorder
[Info   :COTDTracker] Doing eliminations with leaderboard:
[Info   :COTDTracker] Player [ZET] Wheelie: Time: DNF
[Info   :COTDTracker] Player [Auz] Bjenk4: Time: DNF
[Info   :COTDTracker] Player [CCC]Shinikage221: Time: DNF
[Info   :COTDTracker] Player 𝒱V𝑜o𝒾i𝒹d𝒱: Time: DNF
[Info   :COTDTracker] Player [ZET]maskeddog: Time: DNF
[Info   :COTDTracker] Player [ZET]vectortrajector: Time: DNF
[Info   :COTDTracker] Player [EG]Victor: Time: DNF
[Info   :COTDTracker] Player Minkus: Time: DNF
[Info   :COTDTracker] Player [RABI]Yksdjcj: Time: DNF
[Info   :COTDTracker] Player [ZET]Sword125: Time: DNF
[Info   :COTDTracker] Player pannekoekbijter: Time: DNF
[Info   :COTDTracker] Player Savage Package: Time: DNF
[Info   :COTDTracker] Player MackCheesy: Time: DNF
[Info   :COTDTracker] Player zodiak: Time: DNF
[Info   :COTDTracker] Player [KBW]Kernkob: Time: DNF
[Info   :COTDTracker] Player [EG]justMaki: Time: DNF
[Info   :COTDTracker] Kicking eliminated players
[Info   :Zeepkist Bingo] [BINGO] Level loaded
[Info   :BetterSplits] getting gtr splits
[Info   :Zeepkist Bingo] [BINGO] === PLAYER SPAWNED ===
[Info   :Zeepkist Bingo] [BINGO] IsInActiveSession: False
[Info   :Zeepkist Bingo] [BINGO] Not in active session, skipping timer reset
[Info   :Zeepkist GTR] 18:44:19 Loading personal best...
[Info   :Zeepkist GTR] 18:44:19 Start processing HTTP request "POST" https://graphql.zeepki.st/
[Info   :Zeepkist GTR] 18:44:19 Sending HTTP request "POST" https://graphql.zeepki.st/
[Info   :Zeepkist GTR] 18:44:19 Stopping existing recorder if any
[Info   :Zeepkist GTR] 18:44:19 Creating new recorder
[Info   :Zeepkist GTR] 18:44:19 Start processing HTTP request "POST" https://graphql.zeepki.st/
[Info   :Zeepkist GTR] 18:44:19 Sending HTTP request "POST" https://graphql.zeepki.st/
[Info   :Zeepkist GTR] 18:44:19 Start processing HTTP request "POST" https://graphql.zeepki.st/
[Info   :Zeepkist GTR] 18:44:19 Sending HTTP request "POST" https://graphql.zeepki.st/
[Info   :BetterSplits] got gtr splits
[Info   :Zeepkist GTR] 18:44:20 Received HTTP response headers after 187.6277ms - 200
[Info   :Zeepkist GTR] 18:44:20 End processing HTTP request after 187.9627ms - 200
[Info   :Zeepkist GTR] 18:44:20 Received HTTP response headers after 192.3234ms - 200
[Info   :Zeepkist GTR] 18:44:20 End processing HTTP request after 192.6118ms - 200
[Info   :Zeepkist GTR] 18:44:20 Received HTTP response headers after 374.5363ms - 200
[Info   :Zeepkist GTR] 18:44:20 End processing HTTP request after 374.8539ms - 200
[Info   :Zeepkist GTR] 18:44:20 Start processing HTTP request "POST" https://graphql.zeepki.st/
[Info   :Zeepkist GTR] 18:44:20 Sending HTTP request "POST" https://graphql.zeepki.st/
[Info   :Zeepkist GTR] 18:44:20 Received HTTP response headers after 182.902ms - 200
[Info   :Zeepkist GTR] 18:44:20 End processing HTTP request after 183.1975ms - 200
[Info   :Zeepkist GTR] 18:44:21 Starting recorder
[Info   :Zeepkist GTR] 18:45:17 Stopping recorder
[Info   :Zeepkist GTR] 18:45:17 Collecting extra information
[Info   :Zeepkist GTR] 18:45:17 Resolved workshop ID "3766716590" from lobby 3766716590 and level 0
[Info   :Zeepkist GTR] 18:45:17 Processing ghost data
[Info   :Zeepkist GTR] 18:45:17 Creating stream
[Info   :Zeepkist GTR] 18:45:17 Writing to stream
[Info   :Zeepkist GTR] 18:45:18 Getting buffer
[Info   :Zeepkist GTR] 18:45:18 Converting to base64
[Info   :Zeepkist GTR] 18:45:18 Creating resource
[Info   :Zeepkist GTR] 18:45:18 Start processing HTTP request "POST" https://backend.zeepki.st/record/submit
[Info   :Zeepkist GTR] 18:45:18 Sending HTTP request "POST" https://backend.zeepki.st/record/submit
[Info   :Zeepkist GTR] 18:45:18 Received HTTP response headers after 693.5061ms - 200
[Info   :Zeepkist GTR] 18:45:18 End processing HTTP request after 693.803ms - 200
[Info   :Zeepkist Bingo] [BINGO] === PLAYER SPAWNED ===
[Info   :Zeepkist Bingo] [BINGO] IsInActiveSession: False
[Info   :Zeepkist Bingo] [BINGO] Not in active session, skipping timer reset
[Info   :Zeepkist GTR] 18:45:18 Loading personal best...
[Info   :Zeepkist GTR] 18:45:18 Start processing HTTP request "POST" https://graphql.zeepki.st/
[Info   :Zeepkist GTR] 18:45:18 Sending HTTP request "POST" https://graphql.zeepki.st/
[Info   :Zeepkist GTR] 18:45:18 Stopping existing recorder if any
[Info   :Zeepkist GTR] 18:45:18 Creating new recorder
[Info   :Zeepkist GTR] 18:45:18 Start processing HTTP request "POST" https://graphql.zeepki.st/
[Info   :Zeepkist GTR] 18:45:18 Sending HTTP request "POST" https://graphql.zeepki.st/
[Info   :Zeepkist GTR] 18:45:18 Start processing HTTP request "POST" https://graphql.zeepki.st/
[Info   :Zeepkist GTR] 18:45:18 Sending HTTP request "POST" https://graphql.zeepki.st/
[Info   :Zeepkist GTR] 18:45:19 Received HTTP response headers after 204.162ms - 200
[Info   :Zeepkist GTR] 18:45:19 End processing HTTP request after 204.4423ms - 200
[Info   :Zeepkist GTR] 18:45:19 Received HTTP response headers after 205.0096ms - 200
[Info   :Zeepkist GTR] 18:45:19 End processing HTTP request after 205.3754ms - 200
[Info   :Zeepkist GTR] 18:45:19 Received HTTP response headers after 392.597ms - 200
[Info   :Zeepkist GTR] 18:45:19 End processing HTTP request after 392.9503ms - 200
[Info   :Zeepkist GTR] 18:45:19 Start processing HTTP request "POST" https://graphql.zeepki.st/
[Info   :Zeepkist GTR] 18:45:19 Sending HTTP request "POST" https://graphql.zeepki.st/
[Info   :Zeepkist GTR] 18:45:19 Received HTTP response headers after 185.0181ms - 200
[Info   :Zeepkist GTR] 18:45:19 End processing HTTP request after 185.4895ms - 200
[Info   :Zeepkist GTR] 18:45:20 Starting recorder
[Info   :Zeepkist GTR] 18:46:15 Stopping recorder
[Info   :Zeepkist GTR] 18:46:15 Collecting extra information
[Info   :Zeepkist GTR] 18:46:15 Resolved workshop ID "3766716590" from lobby 3766716590 and level 0
[Info   :Zeepkist GTR] 18:46:15 Processing ghost data
[Info   :Zeepkist GTR] 18:46:15 Creating stream
[Info   :Zeepkist GTR] 18:46:15 Writing to stream
[Info   :Zeepkist GTR] 18:46:15 Getting buffer
[Info   :Zeepkist GTR] 18:46:15 Converting to base64
[Info   :Zeepkist GTR] 18:46:15 Creating resource
[Info   :Zeepkist GTR] 18:46:15 Start processing HTTP request "POST" https://backend.zeepki.st/record/submit
[Info   :Zeepkist GTR] 18:46:15 Sending HTTP request "POST" https://backend.zeepki.st/record/submit
[Info   :Zeepkist Bingo] [BINGO] === PLAYER SPAWNED ===
[Info   :Zeepkist Bingo] [BINGO] IsInActiveSession: False
[Info   :Zeepkist Bingo] [BINGO] Not in active session, skipping timer reset
[Info   :Zeepkist GTR] 18:46:16 Loading personal best...
[Info   :Zeepkist GTR] 18:46:16 Start processing HTTP request "POST" https://graphql.zeepki.st/
[Info   :Zeepkist GTR] 18:46:16 Sending HTTP request "POST" https://graphql.zeepki.st/
[Info   :Zeepkist GTR] 18:46:16 Stopping existing recorder if any
[Info   :Zeepkist GTR] 18:46:16 Creating new recorder
[Info   :Zeepkist GTR] 18:46:16 Start processing HTTP request "POST" https://graphql.zeepki.st/
[Info   :Zeepkist GTR] 18:46:16 Sending HTTP request "POST" https://graphql.zeepki.st/
[Info   :Zeepkist GTR] 18:46:16 Start processing HTTP request "POST" https://graphql.zeepki.st/
[Info   :Zeepkist GTR] 18:46:16 Sending HTTP request "POST" https://graphql.zeepki.st/
[Info   :Zeepkist GTR] 18:46:17 Received HTTP response headers after 371.8767ms - 200
[Info   :Zeepkist GTR] 18:46:17 End processing HTTP request after 372.1797ms - 200
[Info   :Zeepkist GTR] 18:46:17 Received HTTP response headers after 392.159ms - 200
[Info   :Zeepkist GTR] 18:46:17 End processing HTTP request after 392.4641ms - 200
[Info   :Zeepkist GTR] 18:46:17 Received HTTP response headers after 507.2255ms - 200
[Info   :Zeepkist GTR] 18:46:17 End processing HTTP request after 507.5367ms - 200
[Info   :Zeepkist GTR] 18:46:17 Received HTTP response headers after 1439.6938ms - 200
[Info   :Zeepkist GTR] 18:46:17 End processing HTTP request after 1440.0249ms - 200
[Info   :Zeepkist GTR] 18:46:17 Start processing HTTP request "POST" https://graphql.zeepki.st/
[Info   :Zeepkist GTR] 18:46:17 Sending HTTP request "POST" https://graphql.zeepki.st/
[Info   :Zeepkist GTR] 18:46:17 Received HTTP response headers after 192.8695ms - 200
[Info   :Zeepkist GTR] 18:46:17 End processing HTTP request after 193.1536ms - 200
[Info   :Zeepkist GTR] 18:46:18 Starting recorder
[Info   :Zeepkist GTR] 18:46:20 Discarding recorder
[Info   :COTDTracker] Doing eliminations with leaderboard:
[Info   :COTDTracker] Player [EG]justMaki: Time: 50.7937
[Info   :COTDTracker] Player [KBW]Kernkob: Time: 50.87925
[Info   :COTDTracker] Player [EG]Victor: Time: 51.95287
[Info   :COTDTracker] Player Savage Package: Time: 52.09657
[Info   :COTDTracker] Player MackCheesy: Time: 54.74659
[Info   :COTDTracker] Player [ZET] Wheelie: Time: 54.86072
[Info   :COTDTracker] Player Minkus: Time: 56.77176
[Info   :COTDTracker] Player [Auz] Bjenk4: Time: 70.28083
[Info   :COTDTracker] Player [CCC]Shinikage221: Time: DNF
[Info   :COTDTracker] Player 𝒱V𝑜o𝒾i𝒹d𝒱: Time: DNF
[Info   :COTDTracker] Player [ZET]maskeddog: Time: DNF
[Info   :COTDTracker] Player [ZET]vectortrajector: Time: DNF
[Info   :COTDTracker] Player [RABI]Yksdjcj: Time: DNF
[Info   :COTDTracker] Player [ZET]Sword125: Time: DNF
[Info   :COTDTracker] Player pannekoekbijter: Time: DNF
[Info   :COTDTracker] Player zodiak: Time: DNF
[Info   :COTDTracker] Eliminating DNF: zodiak
[Info   :COTDTracker] Eliminating DNF: pannekoekbijter
[Info   :COTDTracker] Eliminating DNF: [ZET]Sword125
[Info   :COTDTracker] Eliminating DNF: [RABI]Yksdjcj
[Info   :COTDTracker] Eliminating DNF: [ZET]vectortrajector
[Info   :COTDTracker] Eliminating DNF: [ZET]maskeddog
[Info   :COTDTracker] Eliminating DNF: 𝒱V𝑜o𝒾i𝒹d𝒱
[Info   :COTDTracker] Eliminating DNF: [CCC]Shinikage221
[Info   :COTDTracker] Eliminated 8 DNF players
[Info   :COTDTracker] Eliminating 8 players: 
[Info   :COTDTracker] zodiak
[Info   :COTDTracker] pannekoekbijter
[Info   :COTDTracker] [ZET]Sword125
[Info   :COTDTracker] [RABI]Yksdjcj
[Info   :COTDTracker] [ZET]vectortrajector
[Info   :COTDTracker] [ZET]maskeddog
[Info   :COTDTracker] 𝒱V𝑜o𝒾i𝒹d𝒱
[Info   :COTDTracker] [CCC]Shinikage221
[Info   :COTDTracker] Running update tab leaderboard function
[Info   :COTDTracker] Running update tab leaderboard function
[Info   :COTDTracker] Kicking eliminated players
[Info   :Zeepkist Bingo] [BINGO] Level loaded
[Info   :BetterSplits] getting gtr splits
[Info   :Zeepkist Bingo] [BINGO] === PLAYER SPAWNED ===
[Info   :Zeepkist Bingo] [BINGO] IsInActiveSession: False
[Info   :Zeepkist Bingo] [BINGO] Not in active session, skipping timer reset
[Info   :Zeepkist GTR] 18:46:34 Loading personal best...
[Info   :Zeepkist GTR] 18:46:34 Start processing HTTP request "POST" https://graphql.zeepki.st/
[Info   :Zeepkist GTR] 18:46:34 Sending HTTP request "POST" https://graphql.zeepki.st/
[Info   :Zeepkist GTR] 18:46:34 Stopping existing recorder if any
[Info   :Zeepkist GTR] 18:46:34 Creating new recorder
[Info   :Zeepkist GTR] 18:46:34 Start processing HTTP request "POST" https://graphql.zeepki.st/
[Info   :Zeepkist GTR] 18:46:34 Sending HTTP request "POST" https://graphql.zeepki.st/
[Info   :Zeepkist GTR] 18:46:34 Start processing HTTP request "POST" https://graphql.zeepki.st/
[Info   :Zeepkist GTR] 18:46:34 Sending HTTP request "POST" https://graphql.zeepki.st/
[Info   :Zeepkist GTR] 18:46:34 Received HTTP response headers after 177.8908ms - 200
[Info   :Zeepkist GTR] 18:46:34 End processing HTTP request after 178.1702ms - 200
[Info   :Zeepkist GTR] 18:46:35 Received HTTP response headers after 194.0449ms - 200
[Info   :Zeepkist GTR] 18:46:35 End processing HTTP request after 194.3821ms - 200
[Info   :Zeepkist GTR] 18:46:35 Start processing HTTP request "GET" https://cdn.zeepki.st/ghosts/01KXS7JHK02J1NEX4HJR3XQX9J.bin
[Info   :Zeepkist GTR] 18:46:35 Sending HTTP request "GET" https://cdn.zeepki.st/ghosts/01KXS7JHK02J1NEX4HJR3XQX9J.bin
[Info   :Zeepkist GTR] 18:46:35 Received HTTP response headers after 369.4234ms - 200
[Info   :Zeepkist GTR] 18:46:35 End processing HTTP request after 369.7728ms - 200
[Info   :Zeepkist GTR] 18:46:35 Start processing HTTP request "POST" https://graphql.zeepki.st/
[Info   :Zeepkist GTR] 18:46:35 Sending HTTP request "POST" https://graphql.zeepki.st/
[Info   :Zeepkist GTR] 18:46:35 Received HTTP response headers after 197.1226ms - 200
[Info   :Zeepkist GTR] 18:46:35 End processing HTTP request after 197.4139ms - 200
[Info   :BetterSplits] got gtr splits
[Info   :Zeepkist Bingo] [CHAT] Intercepted message: 8 players eliminated: zodiak, pannekoekbijter, [ZET]Sword125, [RABI]Yksdjcj, [ZET]vectortrajector, [ZET]maskeddog, 𝒱V𝑜o𝒾i𝒹d𝒱, [CCC]Shinikage221
[Info   :Zeepkist Bingo] [CHAT] Not relaying - no bingo session
[Info   :Zeepkist GTR] 18:46:35 Received HTTP response headers after 662.0297ms - 200
[Info   :Zeepkist GTR] 18:46:35 End processing HTTP request after 662.4137ms - 200
[Info   :Zeepkist GTR] 18:46:36 Starting recorder
[Info   :Zeepkist Bingo] [BINGO] === PLAYER SPAWNED ===
[Info   :Zeepkist Bingo] [BINGO] IsInActiveSession: False
[Info   :Zeepkist Bingo] [BINGO] Not in active session, skipping timer reset
[Info   :Zeepkist GTR] 18:47:11 Loading personal best...
[Info   :Zeepkist GTR] 18:47:11 Start processing HTTP request "POST" https://graphql.zeepki.st/
[Info   :Zeepkist GTR] 18:47:11 Sending HTTP request "POST" https://graphql.zeepki.st/
[Info   :Zeepkist GTR] 18:47:11 Stopping existing recorder if any
[Info   :Zeepkist GTR] 18:47:11 Creating new recorder
[Info   :Zeepkist GTR] 18:47:11 Start processing HTTP request "POST" https://graphql.zeepki.st/
[Info   :Zeepkist GTR] 18:47:11 Sending HTTP request "POST" https://graphql.zeepki.st/
[Info   :Zeepkist GTR] 18:47:11 Start processing HTTP request "POST" https://graphql.zeepki.st/
[Info   :Zeepkist GTR] 18:47:11 Sending HTTP request "POST" https://graphql.zeepki.st/
[Info   :Zeepkist GTR] 18:47:11 Received HTTP response headers after 192.6387ms - 200
[Info   :Zeepkist GTR] 18:47:11 End processing HTTP request after 192.9451ms - 200
[Info   :Zeepkist GTR] 18:47:11 Received HTTP response headers after 208.3601ms - 200
[Info   :Zeepkist GTR] 18:47:11 End processing HTTP request after 208.8622ms - 200
[Info   :Zeepkist GTR] 18:47:11 Received HTTP response headers after 395.228ms - 200
[Info   :Zeepkist GTR] 18:47:11 End processing HTTP request after 395.5106ms - 200
[Info   :Zeepkist GTR] 18:47:11 Start processing HTTP request "POST" https://graphql.zeepki.st/
[Info   :Zeepkist GTR] 18:47:11 Sending HTTP request "POST" https://graphql.zeepki.st/
[Info   :Zeepkist GTR] 18:47:12 Received HTTP response headers after 185.202ms - 200
[Info   :Zeepkist GTR] 18:47:12 End processing HTTP request after 185.4644ms - 200
[Info   :Zeepkist GTR] 18:47:13 Starting recorder
[Info   :Zeepkist GTR] 18:48:08 Stopping recorder
[Info   :Zeepkist GTR] 18:48:08 Collecting extra information
[Info   :Zeepkist GTR] 18:48:08 Resolved workshop ID "3766716590" from lobby 3766716590 and level 0
[Info   :Zeepkist GTR] 18:48:08 Processing ghost data
[Info   :Zeepkist GTR] 18:48:08 Creating stream
[Info   :Zeepkist GTR] 18:48:08 Writing to stream
[Info   :Zeepkist GTR] 18:48:08 Getting buffer
[Info   :Zeepkist GTR] 18:48:08 Converting to base64
[Info   :Zeepkist GTR] 18:48:08 Creating resource
[Info   :Zeepkist GTR] 18:48:08 Start processing HTTP request "POST" https://backend.zeepki.st/auth/refresh
[Info   :Zeepkist GTR] 18:48:08 Sending HTTP request "POST" https://backend.zeepki.st/auth/refresh
[Info   :Zeepkist GTR] 18:48:09 Received HTTP response headers after 762.4765ms - 200
[Info   :Zeepkist GTR] 18:48:09 End processing HTTP request after 762.7304ms - 200
[Info   :Zeepkist GTR] 18:48:09 Start processing HTTP request "POST" https://backend.zeepki.st/record/submit
[Info   :Zeepkist GTR] 18:48:09 Sending HTTP request "POST" https://backend.zeepki.st/record/submit
[Info   :Zeepkist GTR] 18:48:10 Received HTTP response headers after 1029.694ms - 200
[Info   :Zeepkist GTR] 18:48:10 End processing HTTP request after 1029.9769ms - 200
[Info   :Zeepkist Bingo] [BINGO] === PLAYER SPAWNED ===
[Info   :Zeepkist Bingo] [BINGO] IsInActiveSession: False
[Info   :Zeepkist Bingo] [BINGO] Not in active session, skipping timer reset
[Info   :Zeepkist GTR] 18:48:10 Loading personal best...
[Info   :Zeepkist GTR] 18:48:10 Start processing HTTP request "POST" https://graphql.zeepki.st/
[Info   :Zeepkist GTR] 18:48:10 Sending HTTP request "POST" https://graphql.zeepki.st/
[Info   :Zeepkist GTR] 18:48:10 Stopping existing recorder if any
[Info   :Zeepkist GTR] 18:48:10 Creating new recorder
[Info   :Zeepkist GTR] 18:48:10 Start processing HTTP request "POST" https://graphql.zeepki.st/
[Info   :Zeepkist GTR] 18:48:10 Sending HTTP request "POST" https://graphql.zeepki.st/
[Info   :Zeepkist GTR] 18:48:10 Start processing HTTP request "POST" https://graphql.zeepki.st/
[Info   :Zeepkist GTR] 18:48:10 Sending HTTP request "POST" https://graphql.zeepki.st/
[Info   :Zeepkist GTR] 18:48:10 Received HTTP response headers after 188.9726ms - 200
[Info   :Zeepkist GTR] 18:48:10 End processing HTTP request after 189.2753ms - 200
[Info   :Zeepkist GTR] 18:48:10 Received HTTP response headers after 193.4344ms - 200
[Info   :Zeepkist GTR] 18:48:10 End processing HTTP request after 193.7413ms - 200
[Info   :Zeepkist GTR] 18:48:11 Received HTTP response headers after 404.3808ms - 200
[Info   :Zeepkist GTR] 18:48:11 End processing HTTP request after 404.6628ms - 200
[Info   :Zeepkist GTR] 18:48:11 Start processing HTTP request "POST" https://graphql.zeepki.st/
[Info   :Zeepkist GTR] 18:48:11 Sending HTTP request "POST" https://graphql.zeepki.st/
[Info   :Zeepkist GTR] 18:48:11 Received HTTP response headers after 199.0686ms - 200
[Info   :Zeepkist GTR] 18:48:11 End processing HTTP request after 199.383ms - 200
[Info   :Zeepkist GTR] 18:48:12 Starting recorder
[Info   :COTDTracker] Running update tab leaderboard function
[Info   :RoundLeaderboardTab] Drawing leaderboard -> forwarding to Instance.DrawTabLeaderboard()
[Info   :ChampionshipLeaderboardTab] Drawing leaderboard -> forwarding to Instance.DrawTabLeaderboard()
[Info   :Zeepkist GTR] 18:48:31 Start processing HTTP request "POST" https://graphql.zeepki.st/
[Info   :Zeepkist GTR] 18:48:31 Sending HTTP request "POST" https://graphql.zeepki.st/
[Info   :Zeepkist GTR] 18:48:32 Received HTTP response headers after 672.0158ms - 200
[Info   :Zeepkist GTR] 18:48:32 End processing HTTP request after 672.4352ms - 200
[Info   :Zeepkist GTR] 18:48:32 Start processing HTTP request "POST" https://graphql.zeepki.st/
[Info   :Zeepkist GTR] 18:48:32 Sending HTTP request "POST" https://graphql.zeepki.st/
[Info   :Zeepkist GTR] 18:48:32 Received HTTP response headers after 194.9874ms - 200
[Info   :Zeepkist GTR] 18:48:32 End processing HTTP request after 195.3807ms - 200
[Info   :Zeepkist GTR] 18:48:32 Start processing HTTP request "POST" https://graphql.zeepki.st/
[Info   :Zeepkist GTR] 18:48:32 Sending HTTP request "POST" https://graphql.zeepki.st/
[Info   :Zeepkist GTR] 18:48:32 Start processing HTTP request "POST" https://graphql.zeepki.st/
[Info   :Zeepkist GTR] 18:48:32 Sending HTTP request "POST" https://graphql.zeepki.st/
[Info   :Zeepkist GTR] 18:48:32 Received HTTP response headers after 194.0681ms - 200
[Info   :Zeepkist GTR] 18:48:32 End processing HTTP request after 194.4438ms - 200
[Info   :Zeepkist GTR] 18:48:32 Received HTTP response headers after 336.0678ms - 200
[Info   :Zeepkist GTR] 18:48:32 End processing HTTP request after 336.4658ms - 200
[Info   :Zeepkist GTR] 18:48:33 Discarding recorder
[Info   :COTDTracker] Running update tab leaderboard function
[Info   :RoundLeaderboardTab] Drawing leaderboard -> forwarding to Instance.DrawTabLeaderboard()
[Info   :ChampionshipLeaderboardTab] Drawing leaderboard -> forwarding to Instance.DrawTabLeaderboard()
[Info   :Zeepkist GTR] 18:48:34 Start processing HTTP request "POST" https://graphql.zeepki.st/
[Info   :Zeepkist GTR] 18:48:34 Sending HTTP request "POST" https://graphql.zeepki.st/
[Info   :Zeepkist GTR] 18:48:35 Received HTTP response headers after 175.9817ms - 200
[Info   :Zeepkist GTR] 18:48:35 End processing HTTP request after 176.269ms - 200
[Info   :Zeepkist GTR] 18:48:35 Start processing HTTP request "POST" https://graphql.zeepki.st/
[Info   :Zeepkist GTR] 18:48:35 Sending HTTP request "POST" https://graphql.zeepki.st/
[Info   :Zeepkist GTR] 18:48:35 Received HTTP response headers after 178.5223ms - 200
[Info   :Zeepkist GTR] 18:48:35 End processing HTTP request after 178.8053ms - 200
[Info   :COTDTracker] Doing eliminations with leaderboard:
[Info   :COTDTracker] Player [EG]justMaki: Time: 50.48508
[Info   :COTDTracker] Player [KBW]Kernkob: Time: 50.52089
[Info   :COTDTracker] Player Savage Package: Time: 51.4909
[Info   :COTDTracker] Player [EG]Victor: Time: 51.88092
[Info   :COTDTracker] Player Minkus: Time: 54.32657
[Info   :COTDTracker] Player [ZET] Wheelie: Time: 55.11497
[Info   :COTDTracker] Player MackCheesy: Time: DNF
[Info   :COTDTracker] Player [Auz] Bjenk4: Time: DNF
[Info   :COTDTracker] Eliminating DNF: [Auz] Bjenk4
[Info   :COTDTracker] Eliminating DNF: MackCheesy
[Info   :COTDTracker] Eliminated 2 DNF players
[Info   :COTDTracker] Eliminating 2 players: 
[Info   :COTDTracker] [Auz] Bjenk4
[Info   :COTDTracker] MackCheesy
[Info   :COTDTracker] Kicking eliminated players
[Info   :Zeepkist Bingo] [BINGO] Level loaded
[Info   :BetterSplits] getting gtr splits
[Info   :Zeepkist Bingo] [BINGO] === PLAYER SPAWNED ===
[Info   :Zeepkist Bingo] [BINGO] IsInActiveSession: False
[Info   :Zeepkist Bingo] [BINGO] Not in active session, skipping timer reset
[Info   :Zeepkist GTR] 18:48:47 Loading personal best...
[Info   :Zeepkist GTR] 18:48:47 Start processing HTTP request "POST" https://graphql.zeepki.st/
[Info   :Zeepkist GTR] 18:48:47 Sending HTTP request "POST" https://graphql.zeepki.st/
[Info   :Zeepkist GTR] 18:48:47 Stopping existing recorder if any
[Info   :Zeepkist GTR] 18:48:47 Creating new recorder
[Info   :Zeepkist GTR] 18:48:47 Start processing HTTP request "POST" https://graphql.zeepki.st/
[Info   :Zeepkist GTR] 18:48:47 Sending HTTP request "POST" https://graphql.zeepki.st/
[Info   :Zeepkist GTR] 18:48:47 Start processing HTTP request "POST" https://graphql.zeepki.st/
[Info   :Zeepkist GTR] 18:48:47 Sending HTTP request "POST" https://graphql.zeepki.st/
[Info   :Zeepkist GTR] 18:48:47 Received HTTP response headers after 202.8868ms - 200
[Info   :Zeepkist GTR] 18:48:47 End processing HTTP request after 203.2554ms - 200
[Info   :Zeepkist GTR] 18:48:47 Received HTTP response headers after 219.4787ms - 200
[Info   :Zeepkist GTR] 18:48:47 End processing HTTP request after 219.8048ms - 200
[Info   :BetterSplits] got gtr splits
[Info   :Zeepkist GTR] 18:48:48 Received HTTP response headers after 418.1406ms - 200
[Info   :Zeepkist GTR] 18:48:48 End processing HTTP request after 418.4375ms - 200
[Info   :Zeepkist GTR] 18:48:48 Start processing HTTP request "POST" https://graphql.zeepki.st/
[Info   :Zeepkist GTR] 18:48:48 Sending HTTP request "POST" https://graphql.zeepki.st/
[Info   :Zeepkist GTR] 18:48:48 Received HTTP response headers after 190.0015ms - 200
[Info   :Zeepkist GTR] 18:48:48 End processing HTTP request after 190.2853ms - 200
[Info   :Zeepkist Bingo] [CHAT] Intercepted message: 2 players eliminated: [Auz] Bjenk4, MackCheesy
[Info   :Zeepkist Bingo] [CHAT] Not relaying - no bingo session
[Info   :Zeepkist GTR] 18:48:49 Starting recorder
[Info   :Zeepkist Bingo] [BINGO] === PLAYER SPAWNED ===
[Info   :Zeepkist Bingo] [BINGO] IsInActiveSession: False
[Info   :Zeepkist Bingo] [BINGO] Not in active session, skipping timer reset
[Info   :Zeepkist GTR] 18:49:13 Loading personal best...
[Info   :Zeepkist GTR] 18:49:13 Start processing HTTP request "POST" https://graphql.zeepki.st/
[Info   :Zeepkist GTR] 18:49:13 Sending HTTP request "POST" https://graphql.zeepki.st/
[Info   :Zeepkist GTR] 18:49:13 Stopping existing recorder if any
[Info   :Zeepkist GTR] 18:49:13 Creating new recorder
[Info   :Zeepkist GTR] 18:49:13 Start processing HTTP request "POST" https://graphql.zeepki.st/
[Info   :Zeepkist GTR] 18:49:13 Sending HTTP request "POST" https://graphql.zeepki.st/
[Info   :Zeepkist GTR] 18:49:13 Start processing HTTP request "POST" https://graphql.zeepki.st/
[Info   :Zeepkist GTR] 18:49:13 Sending HTTP request "POST" https://graphql.zeepki.st/
[Info   :Zeepkist GTR] 18:49:13 Received HTTP response headers after 204.6279ms - 200
[Info   :Zeepkist GTR] 18:49:13 End processing HTTP request after 204.9006ms - 200
[Info   :Zeepkist GTR] 18:49:13 Received HTTP response headers after 283.685ms - 200
[Info   :Zeepkist GTR] 18:49:13 End processing HTTP request after 283.9181ms - 200
[Info   :Zeepkist GTR] 18:49:13 Received HTTP response headers after 405.659ms - 200
[Info   :Zeepkist GTR] 18:49:13 End processing HTTP request after 405.943ms - 200
[Info   :Zeepkist GTR] 18:49:13 Start processing HTTP request "POST" https://graphql.zeepki.st/
[Info   :Zeepkist GTR] 18:49:13 Sending HTTP request "POST" https://graphql.zeepki.st/
[Info   :Zeepkist GTR] 18:49:13 Received HTTP response headers after 211.3624ms - 200
[Info   :Zeepkist GTR] 18:49:13 End processing HTTP request after 211.6182ms - 200
[Info   :Zeepkist GTR] 18:49:14 Starting recorder
[Info   :Zeepkist GTR] 18:50:11 Stopping recorder
[Info   :Zeepkist GTR] 18:50:11 Collecting extra information
[Info   :Zeepkist GTR] 18:50:11 Resolved workshop ID "3766716590" from lobby 3766716590 and level 0
[Info   :Zeepkist GTR] 18:50:11 Processing ghost data
[Info   :Zeepkist GTR] 18:50:11 Creating stream
[Info   :Zeepkist GTR] 18:50:11 Writing to stream
[Info   :Zeepkist GTR] 18:50:12 Getting buffer
[Info   :Zeepkist GTR] 18:50:12 Converting to base64
[Info   :Zeepkist GTR] 18:50:12 Creating resource
[Info   :Zeepkist GTR] 18:50:12 Start processing HTTP request "POST" https://backend.zeepki.st/record/submit
[Info   :Zeepkist GTR] 18:50:12 Sending HTTP request "POST" https://backend.zeepki.st/record/submit
[Info   :Zeepkist Bingo] [BINGO] === PLAYER SPAWNED ===
[Info   :Zeepkist Bingo] [BINGO] IsInActiveSession: False
[Info   :Zeepkist Bingo] [BINGO] Not in active session, skipping timer reset
[Info   :Zeepkist GTR] 18:50:13 Loading personal best...
[Info   :Zeepkist GTR] 18:50:13 Start processing HTTP request "POST" https://graphql.zeepki.st/
[Info   :Zeepkist GTR] 18:50:13 Sending HTTP request "POST" https://graphql.zeepki.st/
[Info   :Zeepkist GTR] 18:50:13 Stopping existing recorder if any
[Info   :Zeepkist GTR] 18:50:13 Creating new recorder
[Info   :Zeepkist GTR] 18:50:13 Start processing HTTP request "POST" https://graphql.zeepki.st/
[Info   :Zeepkist GTR] 18:50:13 Sending HTTP request "POST" https://graphql.zeepki.st/
[Info   :Zeepkist GTR] 18:50:13 Start processing HTTP request "POST" https://graphql.zeepki.st/
[Info   :Zeepkist GTR] 18:50:13 Sending HTTP request "POST" https://graphql.zeepki.st/
[Info   :Zeepkist GTR] 18:50:13 Received HTTP response headers after 189.9092ms - 200
[Info   :Zeepkist GTR] 18:50:13 End processing HTTP request after 190.165ms - 200
[Info   :Zeepkist GTR] 18:50:13 Received HTTP response headers after 198.2542ms - 200
[Info   :Zeepkist GTR] 18:50:13 End processing HTTP request after 198.5296ms - 200
[Info   :Zeepkist GTR] 18:50:13 Received HTTP response headers after 393.4367ms - 200
[Info   :Zeepkist GTR] 18:50:13 End processing HTTP request after 393.6735ms - 200
[Info   :Zeepkist GTR] 18:50:13 Start processing HTTP request "POST" https://graphql.zeepki.st/
[Info   :Zeepkist GTR] 18:50:13 Sending HTTP request "POST" https://graphql.zeepki.st/
[Info   :Zeepkist GTR] 18:50:13 Received HTTP response headers after 188.8455ms - 200
[Info   :Zeepkist GTR] 18:50:13 End processing HTTP request after 189.1417ms - 200
[Info   :Zeepkist GTR] 18:50:14 Received HTTP response headers after 1738.6003ms - 200
[Info   :Zeepkist GTR] 18:50:14 End processing HTTP request after 1738.9297ms - 200
[Info   :Zeepkist GTR] 18:50:15 Starting recorder
[Info   :Zeepkist Bingo] [CHAT] Intercepted message: yo im safe?
[Info   :Zeepkist Bingo] [CHAT] Not relaying - no bingo session
[Info   :Zeepkist GTR] 18:50:46 Discarding recorder
[Info   :COTDTracker] Doing eliminations with leaderboard:
[Info   :COTDTracker] Player [EG]justMaki: Time: 50.34691
[Info   :COTDTracker] Player [EG]Victor: Time: 51.52619
[Info   :COTDTracker] Player Savage Package: Time: 53.08577
[Info   :COTDTracker] Player Minkus: Time: 54.39699
[Info   :COTDTracker] Player [ZET] Wheelie: Time: 57.05091
[Info   :COTDTracker] Player [KBW]Kernkob: Time: DNF
[Info   :COTDTracker] Eliminating DNF: [KBW]Kernkob
[Info   :COTDTracker] Eliminated 1 DNF players
[Info   :COTDTracker] Eliminating 1 players: 
[Info   :COTDTracker] [KBW]Kernkob
[Info   :COTDTracker] Kicking eliminated players
[Info   :Zeepkist Bingo] [BINGO] Level loaded
[Info   :BetterSplits] getting gtr splits
[Info   :Zeepkist Bingo] [BINGO] === PLAYER SPAWNED ===
[Info   :Zeepkist Bingo] [BINGO] IsInActiveSession: False
[Info   :Zeepkist Bingo] [BINGO] Not in active session, skipping timer reset
[Info   :Zeepkist GTR] 18:51:00 Loading personal best...
[Info   :Zeepkist GTR] 18:51:00 Start processing HTTP request "POST" https://graphql.zeepki.st/
[Info   :Zeepkist GTR] 18:51:00 Sending HTTP request "POST" https://graphql.zeepki.st/
[Info   :Zeepkist GTR] 18:51:00 Stopping existing recorder if any
[Info   :Zeepkist GTR] 18:51:00 Creating new recorder
[Info   :Zeepkist GTR] 18:51:00 Start processing HTTP request "POST" https://graphql.zeepki.st/
[Info   :Zeepkist GTR] 18:51:00 Sending HTTP request "POST" https://graphql.zeepki.st/
[Info   :Zeepkist GTR] 18:51:00 Start processing HTTP request "POST" https://graphql.zeepki.st/
[Info   :Zeepkist GTR] 18:51:00 Sending HTTP request "POST" https://graphql.zeepki.st/
[Info   :Zeepkist GTR] 18:51:01 Received HTTP response headers after 433.8446ms - 200
[Info   :Zeepkist GTR] 18:51:01 End processing HTTP request after 434.1369ms - 200
[Info   :BetterSplits] got gtr splits
[Info   :Zeepkist GTR] 18:51:01 Received HTTP response headers after 606.4771ms - 200
[Info   :Zeepkist GTR] 18:51:01 End processing HTTP request after 606.7194ms - 200
[Info   :Zeepkist Bingo] [CHAT] Intercepted message: 1 player eliminated: [KBW]Kernkob
[Info   :Zeepkist Bingo] [CHAT] Not relaying - no bingo session
[Info   :Zeepkist GTR] 18:51:01 Received HTTP response headers after 716.0899ms - 200
[Info   :Zeepkist GTR] 18:51:01 End processing HTTP request after 716.467ms - 200
[Info   :Zeepkist GTR] 18:51:01 Start processing HTTP request "POST" https://graphql.zeepki.st/
[Info   :Zeepkist GTR] 18:51:01 Sending HTTP request "POST" https://graphql.zeepki.st/
[Info   :Zeepkist GTR] 18:51:01 Received HTTP response headers after 184.7756ms - 200
[Info   :Zeepkist GTR] 18:51:01 End processing HTTP request after 185.1835ms - 200
[Info   :Zeepkist GTR] 18:51:02 Starting recorder
[Info   :Zeepkist Bingo] [BINGO] === PLAYER SPAWNED ===
[Info   :Zeepkist Bingo] [BINGO] IsInActiveSession: False
[Info   :Zeepkist Bingo] [BINGO] Not in active session, skipping timer reset
[Info   :Zeepkist GTR] 18:51:52 Loading personal best...
[Info   :Zeepkist GTR] 18:51:52 Start processing HTTP request "POST" https://graphql.zeepki.st/
[Info   :Zeepkist GTR] 18:51:52 Sending HTTP request "POST" https://graphql.zeepki.st/
[Info   :Zeepkist GTR] 18:51:52 Stopping existing recorder if any
[Info   :Zeepkist GTR] 18:51:52 Creating new recorder
[Info   :Zeepkist GTR] 18:51:52 Start processing HTTP request "POST" https://graphql.zeepki.st/
[Info   :Zeepkist GTR] 18:51:52 Sending HTTP request "POST" https://graphql.zeepki.st/
[Info   :Zeepkist GTR] 18:51:52 Start processing HTTP request "POST" https://graphql.zeepki.st/
[Info   :Zeepkist GTR] 18:51:52 Sending HTTP request "POST" https://graphql.zeepki.st/
[Info   :Zeepkist GTR] 18:51:52 Received HTTP response headers after 209.0234ms - 200
[Info   :Zeepkist GTR] 18:51:52 Received HTTP response headers after 209.7189ms - 200
[Info   :Zeepkist GTR] 18:51:52 End processing HTTP request after 209.2662ms - 200
[Info   :Zeepkist GTR] 18:51:52 End processing HTTP request after 209.9438ms - 200
[Info   :Zeepkist GTR] 18:51:53 Received HTTP response headers after 405.3902ms - 200
[Info   :Zeepkist GTR] 18:51:53 End processing HTTP request after 405.6272ms - 200
[Info   :Zeepkist GTR] 18:51:53 Start processing HTTP request "POST" https://graphql.zeepki.st/
[Info   :Zeepkist GTR] 18:51:53 Sending HTTP request "POST" https://graphql.zeepki.st/
[Info   :Zeepkist GTR] 18:51:53 Received HTTP response headers after 199.6791ms - 200
[Info   :Zeepkist GTR] 18:51:53 End processing HTTP request after 199.9978ms - 200
[Info   :Zeepkist GTR] 18:51:54 Starting recorder
[Info   :Zeepkist GTR] 18:52:48 Stopping recorder
[Info   :Zeepkist GTR] 18:52:48 Collecting extra information
[Info   :Zeepkist GTR] 18:52:48 Resolved workshop ID "3766716590" from lobby 3766716590 and level 0
[Info   :Zeepkist GTR] 18:52:48 Processing ghost data
[Info   :Zeepkist GTR] 18:52:48 Creating stream
[Info   :Zeepkist GTR] 18:52:48 Writing to stream
[Info   :Zeepkist GTR] 18:52:49 Getting buffer
[Info   :Zeepkist GTR] 18:52:49 Converting to base64
[Info   :Zeepkist GTR] 18:52:49 Creating resource
[Info   :Zeepkist GTR] 18:52:49 Start processing HTTP request "POST" https://backend.zeepki.st/record/submit
[Info   :Zeepkist GTR] 18:52:49 Sending HTTP request "POST" https://backend.zeepki.st/record/submit
[Info   :Zeepkist GTR] 18:52:50 Received HTTP response headers after 1743.6688ms - 200
[Info   :Zeepkist GTR] 18:52:50 End processing HTTP request after 1743.993ms - 200
[Info   :Zeepkist Bingo] [BINGO] === PLAYER SPAWNED ===
[Info   :Zeepkist Bingo] [BINGO] IsInActiveSession: False
[Info   :Zeepkist Bingo] [BINGO] Not in active session, skipping timer reset
[Info   :Zeepkist GTR] 18:52:51 Loading personal best...
[Info   :Zeepkist GTR] 18:52:51 Start processing HTTP request "POST" https://graphql.zeepki.st/
[Info   :Zeepkist GTR] 18:52:51 Sending HTTP request "POST" https://graphql.zeepki.st/
[Info   :Zeepkist GTR] 18:52:51 Stopping existing recorder if any
[Info   :Zeepkist GTR] 18:52:51 Creating new recorder
[Info   :Zeepkist GTR] 18:52:51 Start processing HTTP request "POST" https://graphql.zeepki.st/
[Info   :Zeepkist GTR] 18:52:51 Sending HTTP request "POST" https://graphql.zeepki.st/
[Info   :Zeepkist GTR] 18:52:51 Start processing HTTP request "POST" https://graphql.zeepki.st/
[Info   :Zeepkist GTR] 18:52:51 Sending HTTP request "POST" https://graphql.zeepki.st/
[Info   :Zeepkist GTR] 18:52:51 Received HTTP response headers after 209.4344ms - 200
[Info   :Zeepkist GTR] 18:52:51 Received HTTP response headers after 210.1307ms - 200
[Info   :Zeepkist GTR] 18:52:51 End processing HTTP request after 209.6976ms - 200
[Info   :Zeepkist GTR] 18:52:51 End processing HTTP request after 210.4953ms - 200
[Info   :Zeepkist GTR] 18:52:51 Start processing HTTP request "GET" https://cdn.zeepki.st/ghosts/01KXS7YHTTPCP7P3P97H6Z37AT.bin
[Info   :Zeepkist GTR] 18:52:51 Sending HTTP request "GET" https://cdn.zeepki.st/ghosts/01KXS7YHTTPCP7P3P97H6Z37AT.bin
[Info   :Zeepkist GTR] 18:52:52 Received HTTP response headers after 412.0432ms - 200
[Info   :Zeepkist GTR] 18:52:52 End processing HTTP request after 412.3573ms - 200
[Info   :Zeepkist GTR] 18:52:52 Start processing HTTP request "POST" https://graphql.zeepki.st/
[Info   :Zeepkist GTR] 18:52:52 Sending HTTP request "POST" https://graphql.zeepki.st/
[Info   :Zeepkist GTR] 18:52:52 Received HTTP response headers after 190.0491ms - 200
[Info   :Zeepkist GTR] 18:52:52 End processing HTTP request after 190.414ms - 200
[Info   :Zeepkist GTR] 18:52:52 Received HTTP response headers after 778.798ms - 200
[Info   :Zeepkist GTR] 18:52:52 End processing HTTP request after 779.0937ms - 200
[Info   :Zeepkist GTR] 18:52:53 Starting recorder
[Info   :Zeepkist Bingo] [BINGO] === PLAYER SPAWNED ===
[Info   :Zeepkist Bingo] [BINGO] IsInActiveSession: False
[Info   :Zeepkist Bingo] [BINGO] Not in active session, skipping timer reset
[Info   :Zeepkist GTR] 18:52:57 Loading personal best...
[Info   :Zeepkist GTR] 18:52:57 Start processing HTTP request "POST" https://graphql.zeepki.st/
[Info   :Zeepkist GTR] 18:52:57 Sending HTTP request "POST" https://graphql.zeepki.st/
[Info   :Zeepkist GTR] 18:52:57 Stopping existing recorder if any
[Info   :Zeepkist GTR] 18:52:57 Creating new recorder
[Info   :Zeepkist GTR] 18:52:57 Start processing HTTP request "POST" https://graphql.zeepki.st/
[Info   :Zeepkist GTR] 18:52:57 Sending HTTP request "POST" https://graphql.zeepki.st/
[Info   :Zeepkist GTR] 18:52:57 Start processing HTTP request "POST" https://graphql.zeepki.st/
[Info   :Zeepkist GTR] 18:52:57 Sending HTTP request "POST" https://graphql.zeepki.st/
[Info   :Zeepkist GTR] 18:52:57 Received HTTP response headers after 212.9004ms - 200
[Info   :Zeepkist GTR] 18:52:57 End processing HTTP request after 213.2409ms - 200
[Info   :Zeepkist GTR] 18:52:57 Received HTTP response headers after 282.9205ms - 200
[Info   :Zeepkist GTR] 18:52:57 End processing HTTP request after 283.2177ms - 200
[Info   :Zeepkist GTR] 18:52:57 Received HTTP response headers after 417.6859ms - 200
[Info   :Zeepkist GTR] 18:52:57 End processing HTTP request after 417.9456ms - 200
[Info   :Zeepkist GTR] 18:52:57 Start processing HTTP request "POST" https://graphql.zeepki.st/
[Info   :Zeepkist GTR] 18:52:57 Sending HTTP request "POST" https://graphql.zeepki.st/
[Info   :Zeepkist GTR] 18:52:58 Received HTTP response headers after 250.4111ms - 200
[Info   :Zeepkist GTR] 18:52:58 End processing HTTP request after 250.7862ms - 200
[Info   :Zeepkist GTR] 18:52:59 Starting recorder
[Info   :Zeepkist GTR] 18:52:59 Discarding recorder
[Info   :COTDTracker] Doing eliminations with leaderboard:
[Info   :COTDTracker] Player [EG]justMaki: Time: 49.46526
[Info   :COTDTracker] Player [EG]Victor: Time: 51.99762
[Info   :COTDTracker] Player [ZET] Wheelie: Time: 54.29264
[Info   :COTDTracker] Player Minkus: Time: 54.64155
[Info   :COTDTracker] Player Savage Package: Time: DNF
[Info   :COTDTracker] Eliminating DNF: Savage Package
[Info   :COTDTracker] Eliminated 1 DNF players
[Info   :COTDTracker] Eliminating 1 players: 
[Info   :COTDTracker] Savage Package
[Info   :Zeepkist Bingo] [CHAT] Intercepted message: ahh
[Info   :Zeepkist Bingo] [CHAT] Not relaying - no bingo session
[Info   :COTDTracker] Kicking eliminated players
[Info   :Zeepkist Bingo] [BINGO] Level loaded
[Info   :BetterSplits] getting gtr splits
[Info   :Zeepkist Bingo] [BINGO] === PLAYER SPAWNED ===
[Info   :Zeepkist Bingo] [BINGO] IsInActiveSession: False
[Info   :Zeepkist Bingo] [BINGO] Not in active session, skipping timer reset
[Info   :Zeepkist GTR] 18:53:13 Loading personal best...
[Info   :Zeepkist GTR] 18:53:13 Start processing HTTP request "POST" https://graphql.zeepki.st/
[Info   :Zeepkist GTR] 18:53:13 Sending HTTP request "POST" https://graphql.zeepki.st/
[Info   :Zeepkist GTR] 18:53:13 Stopping existing recorder if any
[Info   :Zeepkist GTR] 18:53:13 Creating new recorder
[Info   :Zeepkist GTR] 18:53:13 Start processing HTTP request "POST" https://graphql.zeepki.st/
[Info   :Zeepkist GTR] 18:53:13 Sending HTTP request "POST" https://graphql.zeepki.st/
[Info   :Zeepkist GTR] 18:53:13 Start processing HTTP request "POST" https://graphql.zeepki.st/
[Info   :Zeepkist GTR] 18:53:13 Sending HTTP request "POST" https://graphql.zeepki.st/
[Info   :Zeepkist GTR] 18:53:14 Received HTTP response headers after 482.7053ms - 200
[Info   :Zeepkist GTR] 18:53:14 End processing HTTP request after 483.0107ms - 200
[Info   :Zeepkist GTR] 18:53:14 Received HTTP response headers after 420.3767ms - 200
[Info   :Zeepkist GTR] 18:53:14 End processing HTTP request after 420.628ms - 200
[Info   :BetterSplits] got gtr splits
[Info   :Zeepkist GTR] 18:53:14 Received HTTP response headers after 625.6527ms - 200
[Info   :Zeepkist GTR] 18:53:14 End processing HTTP request after 625.893ms - 200
[Info   :Zeepkist GTR] 18:53:14 Start processing HTTP request "POST" https://graphql.zeepki.st/
[Info   :Zeepkist GTR] 18:53:14 Sending HTTP request "POST" https://graphql.zeepki.st/
[Info   :Zeepkist Bingo] [CHAT] Intercepted message: 1 player eliminated: Savage Package
[Info   :Zeepkist Bingo] [CHAT] Not relaying - no bingo session
[Info   :Zeepkist GTR] 18:53:14 Received HTTP response headers after 211.9923ms - 200
[Info   :Zeepkist GTR] 18:53:14 End processing HTTP request after 212.2896ms - 200
[Info   :Zeepkist GTR] 18:53:15 Starting recorder
[Info   :Zeepkist GTR] 18:54:10 Stopping recorder
[Info   :Zeepkist GTR] 18:54:10 Collecting extra information
[Info   :Zeepkist GTR] 18:54:10 Resolved workshop ID "3766716590" from lobby 3766716590 and level 0
[Info   :Zeepkist GTR] 18:54:10 Processing ghost data
[Info   :Zeepkist GTR] 18:54:10 Creating stream
[Info   :Zeepkist GTR] 18:54:10 Writing to stream
[Info   :Zeepkist GTR] 18:54:11 Getting buffer
[Info   :Zeepkist GTR] 18:54:11 Converting to base64
[Info   :Zeepkist GTR] 18:54:11 Creating resource
[Info   :Zeepkist GTR] 18:54:11 Start processing HTTP request "POST" https://backend.zeepki.st/record/submit
[Info   :Zeepkist GTR] 18:54:11 Sending HTTP request "POST" https://backend.zeepki.st/record/submit
[Info   :Zeepkist Bingo] [BINGO] === PLAYER SPAWNED ===
[Info   :Zeepkist Bingo] [BINGO] IsInActiveSession: False
[Info   :Zeepkist Bingo] [BINGO] Not in active session, skipping timer reset
[Info   :Zeepkist GTR] 18:54:11 Loading personal best...
[Info   :Zeepkist GTR] 18:54:11 Start processing HTTP request "POST" https://graphql.zeepki.st/
[Info   :Zeepkist GTR] 18:54:11 Sending HTTP request "POST" https://graphql.zeepki.st/
[Info   :Zeepkist GTR] 18:54:11 Stopping existing recorder if any
[Info   :Zeepkist GTR] 18:54:11 Creating new recorder
[Info   :Zeepkist GTR] 18:54:11 Start processing HTTP request "POST" https://graphql.zeepki.st/
[Info   :Zeepkist GTR] 18:54:11 Sending HTTP request "POST" https://graphql.zeepki.st/
[Info   :Zeepkist GTR] 18:54:11 Start processing HTTP request "POST" https://graphql.zeepki.st/
[Info   :Zeepkist GTR] 18:54:11 Sending HTTP request "POST" https://graphql.zeepki.st/
[Info   :Zeepkist GTR] 18:54:11 Received HTTP response headers after 853.9129ms - 200
[Info   :Zeepkist GTR] 18:54:11 End processing HTTP request after 854.3243ms - 200
[Info   :Zeepkist GTR] 18:54:11 Received HTTP response headers after 178.7287ms - 200
[Info   :Zeepkist GTR] 18:54:11 End processing HTTP request after 178.9628ms - 200
[Info   :Zeepkist GTR] 18:54:11 Received HTTP response headers after 182.2895ms - 200
[Info   :Zeepkist GTR] 18:54:11 End processing HTTP request after 182.5436ms - 200
[Info   :Zeepkist GTR] 18:54:12 Received HTTP response headers after 364.8991ms - 200
[Info   :Zeepkist GTR] 18:54:12 End processing HTTP request after 365.1613ms - 200
[Info   :Zeepkist GTR] 18:54:12 Start processing HTTP request "POST" https://graphql.zeepki.st/
[Info   :Zeepkist GTR] 18:54:12 Sending HTTP request "POST" https://graphql.zeepki.st/
[Info   :Zeepkist GTR] 18:54:12 Received HTTP response headers after 196.5439ms - 200
[Info   :Zeepkist GTR] 18:54:12 End processing HTTP request after 196.8222ms - 200
[Info   :Zeepkist GTR] 18:54:13 Starting recorder
[Info   :Zeepkist GTR] 18:55:12 Discarding recorder
[Info   :COTDTracker] Doing eliminations with leaderboard:
[Info   :COTDTracker] Player [EG]justMaki: Time: 50.91329
[Info   :COTDTracker] Player [EG]Victor: Time: 52.13285
[Info   :COTDTracker] Player Minkus: Time: 54.77751
[Info   :COTDTracker] Player [ZET] Wheelie: Time: 55.05862
[Info   :COTDTracker] Eliminated 0 DNF players
[Info   :COTDTracker] Eliminating on time: [ZET] Wheelie
[Info   :COTDTracker] Eliminating 1 players: 
[Info   :COTDTracker] [ZET] Wheelie
[Info   :COTDTracker] Kicking eliminated players
[Info   :Zeepkist Bingo] [BINGO] Level loaded
[Info   :BetterSplits] getting gtr splits
[Info   :Zeepkist Bingo] [BINGO] === PLAYER SPAWNED ===
[Info   :Zeepkist Bingo] [BINGO] IsInActiveSession: False
[Info   :Zeepkist Bingo] [BINGO] Not in active session, skipping timer reset
[Info   :Zeepkist GTR] 18:55:26 Loading personal best...
[Info   :Zeepkist GTR] 18:55:26 Start processing HTTP request "POST" https://graphql.zeepki.st/
[Info   :Zeepkist GTR] 18:55:26 Sending HTTP request "POST" https://graphql.zeepki.st/
[Info   :Zeepkist GTR] 18:55:26 Stopping existing recorder if any
[Info   :Zeepkist GTR] 18:55:26 Creating new recorder
[Info   :Zeepkist GTR] 18:55:26 Start processing HTTP request "POST" https://graphql.zeepki.st/
[Info   :Zeepkist GTR] 18:55:26 Sending HTTP request "POST" https://graphql.zeepki.st/
[Info   :Zeepkist GTR] 18:55:26 Start processing HTTP request "POST" https://graphql.zeepki.st/
[Info   :Zeepkist GTR] 18:55:26 Sending HTTP request "POST" https://graphql.zeepki.st/
[Info   :Zeepkist GTR] 18:55:27 Received HTTP response headers after 349.6807ms - 200
[Info   :Zeepkist GTR] 18:55:27 End processing HTTP request after 349.8884ms - 200
[Info   :Zeepkist GTR] 18:55:27 Received HTTP response headers after 390.7406ms - 200
[Info   :Zeepkist GTR] 18:55:27 End processing HTTP request after 391.003ms - 200
[Info   :Zeepkist GTR] 18:55:27 Received HTTP response headers after 541.9164ms - 200
[Info   :Zeepkist GTR] 18:55:27 End processing HTTP request after 542.1272ms - 200
[Info   :Zeepkist GTR] 18:55:27 Start processing HTTP request "POST" https://graphql.zeepki.st/
[Info   :Zeepkist GTR] 18:55:27 Sending HTTP request "POST" https://graphql.zeepki.st/
[Info   :BetterSplits] got gtr splits
[Info   :Zeepkist Bingo] [CHAT] Intercepted message: 1 player eliminated: [ZET] Wheelie
[Info   :Zeepkist Bingo] [CHAT] Not relaying - no bingo session
[Info   :Zeepkist GTR] 18:55:27 Received HTTP response headers after 194.5651ms - 200
[Info   :Zeepkist GTR] 18:55:27 End processing HTTP request after 194.9021ms - 200
[Info   :Zeepkist GTR] 18:55:28 Starting recorder
[Info   :Zeepkist Bingo] [CHAT] Intercepted message: yeah i crashed on the last turn
[Info   :Zeepkist Bingo] [CHAT] Not relaying - no bingo session
[Info   :COTDTracker] Running update tab leaderboard function
[Info   :Zeepkist GTR] 18:57:25 Discarding recorder
[Info   :COTDTracker] Doing eliminations with leaderboard:
[Info   :COTDTracker] Player [EG]justMaki: Time: 50.66032
[Info   :COTDTracker] Player [EG]Victor: Time: 51.89945
[Info   :COTDTracker] Player Minkus: Time: 54.72972
[Info   :COTDTracker] Eliminated 0 DNF players
[Info   :COTDTracker] Eliminating on time: Minkus
[Info   :COTDTracker] Eliminating 1 players: 
[Info   :COTDTracker] Minkus
[Info   :COTDTracker] Kicking eliminated players
[Info   :Zeepkist Bingo] [BINGO] Level loaded
[Info   :BetterSplits] getting gtr splits
[Info   :Zeepkist Bingo] [BINGO] === PLAYER SPAWNED ===
[Info   :Zeepkist Bingo] [BINGO] IsInActiveSession: False
[Info   :Zeepkist Bingo] [BINGO] Not in active session, skipping timer reset
[Info   :Zeepkist GTR] 18:57:39 Loading personal best...
[Info   :Zeepkist GTR] 18:57:39 Start processing HTTP request "POST" https://graphql.zeepki.st/
[Info   :Zeepkist GTR] 18:57:39 Sending HTTP request "POST" https://graphql.zeepki.st/
[Info   :Zeepkist GTR] 18:57:39 Stopping existing recorder if any
[Info   :Zeepkist GTR] 18:57:39 Creating new recorder
[Info   :Zeepkist GTR] 18:57:39 Start processing HTTP request "POST" https://graphql.zeepki.st/
[Info   :Zeepkist GTR] 18:57:39 Sending HTTP request "POST" https://graphql.zeepki.st/
[Info   :Zeepkist GTR] 18:57:39 Start processing HTTP request "POST" https://graphql.zeepki.st/
[Info   :Zeepkist GTR] 18:57:39 Sending HTTP request "POST" https://graphql.zeepki.st/
[Info   :Zeepkist GTR] 18:57:40 Received HTTP response headers after 351.1567ms - 200
[Info   :Zeepkist GTR] 18:57:40 End processing HTTP request after 351.3742ms - 200
[Info   :Zeepkist GTR] 18:57:40 Received HTTP response headers after 404.1979ms - 200
[Info   :Zeepkist GTR] 18:57:40 End processing HTTP request after 404.4622ms - 200
[Info   :BetterSplits] got gtr splits
[Info   :Zeepkist GTR] 18:57:40 Received HTTP response headers after 575.5652ms - 200
[Info   :Zeepkist GTR] 18:57:40 End processing HTTP request after 575.7931ms - 200
[Info   :Zeepkist GTR] 18:57:40 Start processing HTTP request "POST" https://graphql.zeepki.st/
[Info   :Zeepkist GTR] 18:57:40 Sending HTTP request "POST" https://graphql.zeepki.st/
[Info   :Zeepkist Bingo] [CHAT] Intercepted message: 1 player eliminated: Minkus
[Info   :Zeepkist Bingo] [CHAT] Not relaying - no bingo session
[Info   :Zeepkist GTR] 18:57:40 Received HTTP response headers after 187.82ms - 200
[Info   :Zeepkist GTR] 18:57:40 End processing HTTP request after 188.1184ms - 200
[Info   :COTDTracker] Running update tab leaderboard function
[Info   :Zeepkist GTR] 18:57:41 Starting recorder
[Info   :RoundLeaderboardTab] Drawing leaderboard -> forwarding to Instance.DrawTabLeaderboard()
[Info   :ChampionshipLeaderboardTab] Drawing leaderboard -> forwarding to Instance.DrawTabLeaderboard()
[Info   :Zeepkist GTR] 18:57:42 Start processing HTTP request "POST" https://graphql.zeepki.st/
[Info   :Zeepkist GTR] 18:57:42 Sending HTTP request "POST" https://graphql.zeepki.st/
[Info   :Zeepkist GTR] 18:57:42 Received HTTP response headers after 179.2168ms - 200
[Info   :Zeepkist GTR] 18:57:42 End processing HTTP request after 179.5819ms - 200
[Info   :Zeepkist GTR] 18:57:42 Start processing HTTP request "POST" https://graphql.zeepki.st/
[Info   :Zeepkist GTR] 18:57:42 Sending HTTP request "POST" https://graphql.zeepki.st/
[Info   :Zeepkist GTR] 18:57:42 Received HTTP response headers after 181.649ms - 200
[Info   :Zeepkist GTR] 18:57:42 End processing HTTP request after 181.9265ms - 200
[Info   :Zeepkist GTR] 18:57:42 Start processing HTTP request "POST" https://graphql.zeepki.st/
[Info   :Zeepkist GTR] 18:57:42 Sending HTTP request "POST" https://graphql.zeepki.st/
[Info   :Zeepkist GTR] 18:57:43 Received HTTP response headers after 193.1135ms - 200
[Info   :Zeepkist GTR] 18:57:43 End processing HTTP request after 193.4415ms - 200
[Info   :Zeepkist Bingo] [CHAT] Intercepted message: yeah i couldent get the turn before it good so i didnt gfo for it
[Info   :Zeepkist Bingo] [CHAT] Not relaying - no bingo session
[Info   :Zeepkist Bingo] [CHAT] Intercepted message: and i barrelrolled on the turn before the last booster. i could have done better
[Info   :Zeepkist Bingo] [CHAT] Not relaying - no bingo session
[Info   :Zeepkist Bingo] [CHAT] Intercepted message: gg
[Info   :Zeepkist Bingo] [CHAT] Not relaying - no bingo session
[Info   :Zeepkist GTR] 18:59:38 Discarding recorder
[Info   :COTDTracker] Doing eliminations with leaderboard:
[Info   :COTDTracker] Player [EG]justMaki: Time: 49.73222
[Info   :COTDTracker] Player [EG]Victor: Time: 51.3265
[Info   :COTDTracker] Eliminated 0 DNF players
[Info   :COTDTracker] Eliminating on time: [EG]Victor
[Info   :COTDTracker] Eliminating 1 players: 
[Info   :COTDTracker] [EG]Victor
[Info   :COTDTracker] Kicking eliminated players
[Info   :Zeepkist Bingo] [BINGO] Level loaded
[Info   :BetterSplits] getting gtr splits
[Info   :Zeepkist Bingo] [BINGO] === PLAYER SPAWNED ===
[Info   :Zeepkist Bingo] [BINGO] IsInActiveSession: False
[Info   :Zeepkist Bingo] [BINGO] Not in active session, skipping timer reset
[Info   :Zeepkist GTR] 18:59:52 Loading personal best...
[Info   :Zeepkist GTR] 18:59:52 Start processing HTTP request "POST" https://graphql.zeepki.st/
[Info   :Zeepkist GTR] 18:59:52 Sending HTTP request "POST" https://graphql.zeepki.st/
[Info   :Zeepkist GTR] 18:59:52 Stopping existing recorder if any
[Info   :Zeepkist GTR] 18:59:52 Creating new recorder
[Info   :Zeepkist GTR] 18:59:52 Start processing HTTP request "POST" https://graphql.zeepki.st/
[Info   :Zeepkist GTR] 18:59:52 Sending HTTP request "POST" https://graphql.zeepki.st/
[Info   :Zeepkist GTR] 18:59:52 Start processing HTTP request "POST" https://graphql.zeepki.st/
[Info   :Zeepkist GTR] 18:59:52 Sending HTTP request "POST" https://graphql.zeepki.st/
[Info   :Zeepkist GTR] 18:59:53 Received HTTP response headers after 346.3784ms - 200
[Info   :Zeepkist GTR] 18:59:53 End processing HTTP request after 346.6414ms - 200
[Info   :BetterSplits] got gtr splits
[Info   :Zeepkist GTR] 18:59:53 Received HTTP response headers after 545.5117ms - 200
[Info   :Zeepkist GTR] 18:59:53 End processing HTTP request after 545.7453ms - 200
[Info   :Zeepkist GTR] 18:59:53 Start processing HTTP request "POST" https://graphql.zeepki.st/
[Info   :Zeepkist GTR] 18:59:53 Sending HTTP request "POST" https://graphql.zeepki.st/
[Info   :Zeepkist Bingo] [CHAT] Intercepted message: 1 player eliminated: [EG]Victor
[Info   :Zeepkist Bingo] [CHAT] Not relaying - no bingo session
[Info   :Zeepkist GTR] 18:59:53 Received HTTP response headers after 757.4377ms - 200
[Info   :Zeepkist GTR] 18:59:53 End processing HTTP request after 757.7658ms - 200
[Info   :Zeepkist GTR] 18:59:53 Received HTTP response headers after 187.0379ms - 200
[Info   :Zeepkist GTR] 18:59:53 End processing HTTP request after 187.292ms - 200
[Info   :Zeepkist GTR] 18:59:54 Starting recorder
[Info   :Zeepkist Bingo] [CHAT] Intercepted message: !cotd endcup
[Info   :Zeepkist Bingo] [CHAT] Not relaying - no bingo session
[Info   :Zeepkist Bingo] [BINGO] === PLAYER SPAWNED ===
[Info   :Zeepkist Bingo] [BINGO] IsInActiveSession: False
[Info   :Zeepkist Bingo] [BINGO] Not in active session, skipping timer reset
[Info   :Zeepkist GTR] 19:00:38 Loading personal best...
[Info   :Zeepkist GTR] 19:00:38 Start processing HTTP request "POST" https://graphql.zeepki.st/
[Info   :Zeepkist GTR] 19:00:38 Sending HTTP request "POST" https://graphql.zeepki.st/
[Info   :Zeepkist GTR] 19:00:38 Stopping existing recorder if any
[Info   :Zeepkist GTR] 19:00:38 Creating new recorder
[Info   :Zeepkist GTR] 19:00:38 Start processing HTTP request "POST" https://graphql.zeepki.st/
[Info   :Zeepkist GTR] 19:00:38 Sending HTTP request "POST" https://graphql.zeepki.st/
[Info   :Zeepkist GTR] 19:00:38 Start processing HTTP request "POST" https://graphql.zeepki.st/
[Info   :Zeepkist GTR] 19:00:38 Sending HTTP request "POST" https://graphql.zeepki.st/
[Info   :Zeepkist GTR] 19:00:38 Received HTTP response headers after 195.0887ms - 200
[Info   :Zeepkist GTR] 19:00:38 End processing HTTP request after 195.3288ms - 200
[Info   :Zeepkist GTR] 19:00:38 Received HTTP response headers after 211.3103ms - 200
[Info   :Zeepkist GTR] 19:00:38 End processing HTTP request after 211.5704ms - 200
[Info   :Zeepkist GTR] 19:00:38 Received HTTP response headers after 390.5662ms - 200
[Info   :Zeepkist GTR] 19:00:38 End processing HTTP request after 390.8772ms - 200
[Info   :Zeepkist GTR] 19:00:38 Start processing HTTP request "POST" https://graphql.zeepki.st/
[Info   :Zeepkist GTR] 19:00:38 Sending HTTP request "POST" https://graphql.zeepki.st/
[Info   :Zeepkist GTR] 19:00:38 Received HTTP response headers after 198.4906ms - 200
[Info   :Zeepkist GTR] 19:00:38 End processing HTTP request after 198.7637ms - 200
[Info   :Zeepkist GTR] 19:00:39 Starting recorder
[Info   :Zeepkist Bingo] [BINGO] === PLAYER SPAWNED ===
[Info   :Zeepkist Bingo] [BINGO] IsInActiveSession: False
[Info   :Zeepkist Bingo] [BINGO] Not in active session, skipping timer reset
[Info   :Zeepkist GTR] 19:00:41 Loading personal best...
[Info   :Zeepkist GTR] 19:00:41 Start processing HTTP request "POST" https://graphql.zeepki.st/
[Info   :Zeepkist GTR] 19:00:41 Sending HTTP request "POST" https://graphql.zeepki.st/
[Info   :Zeepkist GTR] 19:00:41 Stopping existing recorder if any
[Info   :Zeepkist GTR] 19:00:41 Creating new recorder
[Info   :Zeepkist GTR] 19:00:41 Start processing HTTP request "POST" https://graphql.zeepki.st/
[Info   :Zeepkist GTR] 19:00:41 Sending HTTP request "POST" https://graphql.zeepki.st/
[Info   :Zeepkist GTR] 19:00:41 Start processing HTTP request "POST" https://graphql.zeepki.st/
[Info   :Zeepkist GTR] 19:00:41 Sending HTTP request "POST" https://graphql.zeepki.st/
[Info   :Zeepkist GTR] 19:00:41 Received HTTP response headers after 209.3646ms - 200
[Info   :Zeepkist GTR] 19:00:41 End processing HTTP request after 209.6277ms - 200
[Info   :Zeepkist GTR] 19:00:41 Received HTTP response headers after 209.005ms - 200
[Info   :Zeepkist GTR] 19:00:41 End processing HTTP request after 209.2586ms - 200
[Info   :Zeepkist GTR] 19:00:41 Received HTTP response headers after 426.5719ms - 200
[Info   :Zeepkist GTR] 19:00:41 End processing HTTP request after 426.7993ms - 200
[Info   :Zeepkist GTR] 19:00:41 Start processing HTTP request "POST" https://graphql.zeepki.st/
[Info   :Zeepkist GTR] 19:00:41 Sending HTTP request "POST" https://graphql.zeepki.st/
[Info   :Zeepkist GTR] 19:00:41 Received HTTP response headers after 203.5922ms - 200
[Info   :Zeepkist GTR] 19:00:41 End processing HTTP request after 203.8882ms - 200
[Info   :Zeepkist GTR] 19:00:42 Starting recorder
[Info   :Zeepkist GTR] 19:01:14 Stopping recorder
[Info   :Zeepkist GTR] 19:01:14 Collecting extra information
[Info   :Zeepkist GTR] 19:01:14 Resolved workshop ID "3766716590" from lobby 3766716590 and level 0
[Info   :Zeepkist GTR] 19:01:14 Discarding any % record
[Error  :     TeamX]  [TEAMX] Operation failed: Client is already disconnected.
[Info   :Zeepkist Bingo] [BINGO] Application quitting - force disposing WebSocket
[Info   :Zeepkist Bingo] [WEBSOCKET] Force disposed
[Info   :Zeepkist Bingo] [WEBSOCKET] Force disposed
[Info   :   Console] Rewired: Rewired is not initialized. You must have an active and enabled Rewired Input Manager in the scene before calling any part of the Rewired API.
------- Rewired System Info -------
Unity version: 2021.3.10f1
Rewired version: 1.1.58.1.U2021
Platform: Windows
Using Unity input: False

