[Message:   BepInEx] BepInEx 5.4.22.0 - Zeepkist (1/15/2026 3:08:57 PM)
[Info   :   BepInEx] Running under Unity v2021.3.10.1867021
[Info   :   BepInEx] CLR runtime version: 4.0.30319.42000
[Info   :   BepInEx] Supports SRE: True
[Info   :   BepInEx] System platform: Bits64, Windows
[Message:   BepInEx] Preloader started
[Info   :   BepInEx] Loaded 1 patcher method from [BepInEx.Preloader 5.4.22.0]
[Info   :   BepInEx] 1 patcher plugin loaded
[Info   :   BepInEx] Patching [UnityEngine.CoreModule] with [BepInEx.Chainloader]
[Message:   BepInEx] Preloader finished
[Message:   BepInEx] Chainloader ready
[Message:   BepInEx] Chainloader started
[Info   :   BepInEx] 10 plugins to load
[Info   :   BepInEx] Loading [Zeep SDK 2.6.2]
[Info   :  Zeep SDK] Plugin ZeepSDK is loaded!
[Info   :   BepInEx] Loading [BetterSplits 0.2.5]
[Info   :BetterSplits] Plugin BetterSplits is loaded!
[Info   :   BepInEx] Loading [TeamX 2.1]
[Info   :   BepInEx] Loading [Blueprints X 3.2]
[Info   :   BepInEx] Loading [FastStart 1.0.0]
[Info   : FastStart] Plugin FastStart is loaded!
[Info   :   BepInEx] Loading [Zeepkist Bingo 1.1.5]
[Info   :Zeepkist Bingo] Zeepkist Bingo v1.1.5 is loading...
[Info   :Zeepkist Bingo] [BINGO] Loaded 0 muted players
[Info   :Zeepkist Bingo] [BingoTTS] Initialized. Cache: C:/Users/joshs/AppData/Local/Temp/Steelpan Interactive/Zeepkist\ZeepkistBingo_TTS
[Info   :Zeepkist Bingo] [BingoTTS] Available voices: Microsoft David Desktop, Microsoft Zira Desktop
[Info   :Zeepkist Bingo] [BINGO UI] Menu initialized
[Info   :Zeepkist Bingo] [BINGO UI] Mini board initialized
[Info   :Zeepkist Bingo] [BINGO UI] Team status initialized
[Info   :Zeepkist Bingo] [BINGO] V2 UI components initialized
[Info   :Zeepkist Bingo] [InstantLoader] Initialized
[Info   :Zeepkist Bingo] Bingo commands registered
[Info   :Zeepkist Bingo] [BINGO TEST] Test commands registered (/bt0 - /bt50)
[Info   :Zeepkist Bingo] Event hooks registered
[Info   :Zeepkist Bingo] [WEBSOCKET] Base URL set to: wss://zeepkist-bingo.chrisleiter.workers.dev
[Info   :Zeepkist Bingo] Zeepkist Bingo loaded successfully!
[Info   :   BepInEx] Loading [COTDTracker 0.11.1]
[Info   :COTDTracker] Plugin COTDTracker is loaded!
[Info   :   BepInEx] Loading [Level Editor Trails 4.0.3]
[Info   :Level Editor Trails] Plugin LevelEditorTrails is loaded!
[Info   :   BepInEx] Loading [Zeepkist GTR 1.4.0]
[Info   :   BepInEx] Loading [Medal Times 5.3.1]
[Info   :Medal Times] Plugin net.tnrd.zeepkist.medaltimes is loaded!
[Message:   BepInEx] Chainloader startup complete
[Info   :Zeepkist Bingo] [BINGO AUDIO] Generating custom sounds...
[Info   :Zeepkist Bingo] [BINGO AUDIO] All custom sounds generated!
[Info   :Zeepkist Bingo] [BINGO AUDIO] Custom FMOD audio system initialized!
[Warning:ModSettingsTabsBuilder] Mod settings tab configuration for 'net.tnrd.zeepkist.gtr' references unknown section '2.3 - Ghosts - Offline Ghosts'. Section was skipped.
[Fatal  :Zeepkist GTR] 17:56:48 Unable to load UI assembly
[Info   :Zeepkist GTR] 17:56:48 Loaded 4 shaders from gtr-shaders asset bundle
[Info   :Zeepkist GTR] 17:56:48 Patching
[Info   :Zeepkist GTR] 17:56:48 Found 30 eager services
[Info   :Zeepkist GTR] Plugin net.tnrd.zeepkist.gtr is loaded!
[Info   :Zeepkist GTR] 17:57:18 Start processing HTTP request "POST" https://backend.zeepki.st/auth/login
[Info   :Zeepkist GTR] 17:57:18 Sending HTTP request "POST" https://backend.zeepki.st/auth/login
[Info   :Zeepkist GTR] 17:57:19 Received HTTP response headers after 1236.7939ms - 200
[Info   :Zeepkist GTR] 17:57:19 End processing HTTP request after 1246.3309ms - 200
[Info   :Zeepkist Bingo] [BINGO] Level loaded
[Info   :Zeepkist GTR] 17:57:46 Skipping level request because workshop ID or hash is missing
[Info   :BetterSplits] getting gtr splits
[Info   :Zeepkist Bingo] [BINGO] === PLAYER SPAWNED ===
[Info   :Zeepkist Bingo] [BINGO] IsInActiveSession: False
[Info   :Zeepkist Bingo] [BINGO] Not in active session, skipping timer reset
[Info   :Zeepkist GTR] 17:57:46 Stopping existing recorder if any
[Info   :Zeepkist GTR] 17:57:46 Creating new recorder
[Info   :Zeepkist GTR] 17:57:47 Start processing HTTP request "POST" https://graphql.zeepki.st/
[Info   :Zeepkist GTR] 17:57:47 Sending HTTP request "POST" https://graphql.zeepki.st/
[Info   :Zeepkist GTR] 17:57:47 Start processing HTTP request "POST" https://graphql.zeepki.st/
[Info   :Zeepkist GTR] 17:57:47 Sending HTTP request "POST" https://graphql.zeepki.st/
[Info   :BetterSplits] got gtr splits
[Info   :Zeepkist GTR] 17:57:47 Received HTTP response headers after 321.5736ms - 200
[Info   :Zeepkist GTR] 17:57:47 End processing HTTP request after 321.8378ms - 200
[Info   :Zeepkist GTR] 17:57:47 Received HTTP response headers after 691.6794ms - 200
[Info   :Zeepkist GTR] 17:57:47 End processing HTTP request after 691.9842ms - 200
[Info   :Zeepkist GTR] 17:57:47 Start processing HTTP request "POST" https://graphql.zeepki.st/
[Info   :Zeepkist GTR] 17:57:47 Sending HTTP request "POST" https://graphql.zeepki.st/
[Info   :Zeepkist GTR] 17:57:48 Received HTTP response headers after 815.6153ms - 200
[Info   :Zeepkist GTR] 17:57:48 End processing HTTP request after 815.8613ms - 200
[Info   :Zeepkist GTR] 17:57:48 Starting recorder
[Info   :Zeepkist GTR] 17:58:06 Discarding recorder
[Info   :Zeepkist Bingo] [BINGO] Level loaded
[Info   :Zeepkist GTR] 17:58:20 Start processing HTTP request "POST" https://backend.zeepki.st/level/request
[Info   :Zeepkist GTR] 17:58:20 Sending HTTP request "POST" https://backend.zeepki.st/level/request
[Info   :BetterSplits] getting gtr splits
[Info   :Zeepkist Bingo] [BINGO] === PLAYER SPAWNED ===
[Info   :Zeepkist Bingo] [BINGO] IsInActiveSession: False
[Info   :Zeepkist Bingo] [BINGO] Not in active session, skipping timer reset
[Info   :Zeepkist GTR] 17:58:20 Stopping existing recorder if any
[Info   :Zeepkist GTR] 17:58:20 Creating new recorder
[Info   :Zeepkist GTR] 17:58:20 Start processing HTTP request "POST" https://graphql.zeepki.st/
[Info   :Zeepkist GTR] 17:58:20 Sending HTTP request "POST" https://graphql.zeepki.st/
[Info   :Zeepkist GTR] 17:58:20 Start processing HTTP request "POST" https://graphql.zeepki.st/
[Info   :Zeepkist GTR] 17:58:20 Sending HTTP request "POST" https://graphql.zeepki.st/
[Info   :Zeepkist GTR] 17:58:21 Received HTTP response headers after 274.038ms - 200
[Info   :Zeepkist GTR] 17:58:21 End processing HTTP request after 274.3205ms - 200
[Info   :BetterSplits] got gtr splits
[Info   :Zeepkist GTR] 17:58:21 Received HTTP response headers after 861.5984ms - 200
[Info   :Zeepkist GTR] 17:58:21 End processing HTTP request after 861.8019ms - 200
[Info   :Zeepkist GTR] 17:58:21 Received HTTP response headers after 869.7659ms - 200
[Info   :Zeepkist GTR] 17:58:21 End processing HTTP request after 869.9836ms - 200
[Info   :Zeepkist GTR] 17:58:21 Start processing HTTP request "POST" https://graphql.zeepki.st/
[Info   :Zeepkist GTR] 17:58:21 Sending HTTP request "POST" https://graphql.zeepki.st/
[Info   :Zeepkist GTR] 17:58:22 Received HTTP response headers after 213.198ms - 200
[Info   :Zeepkist GTR] 17:58:22 End processing HTTP request after 213.4268ms - 200
[Info   :Zeepkist GTR] 17:58:22 Starting recorder
[Info   :Zeepkist Bingo] [CHAT] Intercepted message: hi
[Info   :Zeepkist Bingo] [CHAT] Not relaying - no bingo session
[Info   :Zeepkist Bingo] [CHAT] Intercepted message: hi
[Info   :Zeepkist Bingo] [CHAT] Not relaying - no bingo session
[Info   :Zeepkist Bingo] [CHAT] Intercepted message: hi
[Info   :Zeepkist Bingo] [CHAT] Not relaying - no bingo session
[Info   :Zeepkist Bingo] [CHAT] Intercepted message: hi
[Info   :Zeepkist Bingo] [CHAT] Not relaying - no bingo session
[Info   :Zeepkist Bingo] [CHAT] Intercepted message: hi
[Info   :Zeepkist Bingo] [CHAT] Not relaying - no bingo session
[Info   :Zeepkist Bingo] [CHAT] Intercepted message: hi
[Info   :Zeepkist Bingo] [CHAT] Not relaying - no bingo session
[Info   :Zeepkist GTR] 18:03:19 Discarding recorder
[Info   :Zeepkist Bingo] [BINGO] Level loaded
[Info   :Zeepkist GTR] 18:03:33 Start processing HTTP request "POST" https://backend.zeepki.st/level/request
[Info   :Zeepkist GTR] 18:03:33 Sending HTTP request "POST" https://backend.zeepki.st/level/request
[Info   :BetterSplits] getting gtr splits
[Info   :Zeepkist Bingo] [BINGO] === PLAYER SPAWNED ===
[Info   :Zeepkist Bingo] [BINGO] IsInActiveSession: False
[Info   :Zeepkist Bingo] [BINGO] Not in active session, skipping timer reset
[Info   :Zeepkist GTR] 18:03:34 Stopping existing recorder if any
[Info   :Zeepkist GTR] 18:03:34 Creating new recorder
[Info   :Zeepkist GTR] 18:03:34 Start processing HTTP request "POST" https://graphql.zeepki.st/
[Info   :Zeepkist GTR] 18:03:34 Sending HTTP request "POST" https://graphql.zeepki.st/
[Info   :Zeepkist GTR] 18:03:34 Start processing HTTP request "POST" https://graphql.zeepki.st/
[Info   :Zeepkist GTR] 18:03:34 Sending HTTP request "POST" https://graphql.zeepki.st/
[Info   :Zeepkist GTR] 18:03:34 Received HTTP response headers after 496.3499ms - 200
[Info   :Zeepkist GTR] 18:03:34 End processing HTTP request after 496.6939ms - 200
[Info   :BetterSplits] got gtr splits
[Info   :Zeepkist GTR] 18:03:34 Received HTTP response headers after 443.3328ms - 200
[Info   :Zeepkist GTR] 18:03:34 End processing HTTP request after 443.6017ms - 200
[Info   :Zeepkist GTR] 18:03:34 Received HTTP response headers after 683.4153ms - 200
[Info   :Zeepkist GTR] 18:03:34 End processing HTTP request after 683.6777ms - 200
[Info   :Zeepkist GTR] 18:03:34 Start processing HTTP request "POST" https://graphql.zeepki.st/
[Info   :Zeepkist GTR] 18:03:34 Sending HTTP request "POST" https://graphql.zeepki.st/
[Info   :Zeepkist GTR] 18:03:34 Received HTTP response headers after 181.1561ms - 200
[Info   :Zeepkist GTR] 18:03:34 End processing HTTP request after 181.3749ms - 200
[Info   :Zeepkist GTR] 18:03:35 Starting recorder
[Info   :Zeepkist Bingo] [BINGO] === PLAYER SPAWNED ===
[Info   :Zeepkist Bingo] [BINGO] IsInActiveSession: False
[Info   :Zeepkist Bingo] [BINGO] Not in active session, skipping timer reset
[Info   :Zeepkist GTR] 18:03:43 Stopping existing recorder if any
[Info   :Zeepkist GTR] 18:03:43 Creating new recorder
[Info   :Zeepkist GTR] 18:03:43 Start processing HTTP request "POST" https://graphql.zeepki.st/
[Info   :Zeepkist GTR] 18:03:43 Sending HTTP request "POST" https://graphql.zeepki.st/
[Info   :Zeepkist GTR] 18:03:43 Start processing HTTP request "POST" https://graphql.zeepki.st/
[Info   :Zeepkist GTR] 18:03:43 Sending HTTP request "POST" https://graphql.zeepki.st/
[Info   :Zeepkist GTR] 18:03:43 Received HTTP response headers after 199.5816ms - 200
[Info   :Zeepkist GTR] 18:03:43 End processing HTTP request after 199.8816ms - 200
[Info   :Zeepkist GTR] 18:03:43 Received HTTP response headers after 202.133ms - 200
[Info   :Zeepkist GTR] 18:03:43 End processing HTTP request after 202.4421ms - 200
[Info   :Zeepkist GTR] 18:03:43 Start processing HTTP request "POST" https://graphql.zeepki.st/
[Info   :Zeepkist GTR] 18:03:43 Sending HTTP request "POST" https://graphql.zeepki.st/
[Info   :Zeepkist GTR] 18:03:43 Received HTTP response headers after 184.9722ms - 200
[Info   :Zeepkist GTR] 18:03:43 End processing HTTP request after 185.3345ms - 200
[Info   :Zeepkist GTR] 18:03:44 Starting recorder
[Info   :Zeepkist Bingo] [BINGO] === PLAYER SPAWNED ===
[Info   :Zeepkist Bingo] [BINGO] IsInActiveSession: False
[Info   :Zeepkist Bingo] [BINGO] Not in active session, skipping timer reset
[Info   :Zeepkist GTR] 18:03:45 Stopping existing recorder if any
[Info   :Zeepkist GTR] 18:03:45 Creating new recorder
[Info   :Zeepkist GTR] 18:03:45 Start processing HTTP request "POST" https://graphql.zeepki.st/
[Info   :Zeepkist GTR] 18:03:45 Sending HTTP request "POST" https://graphql.zeepki.st/
[Info   :Zeepkist GTR] 18:03:45 Start processing HTTP request "POST" https://graphql.zeepki.st/
[Info   :Zeepkist GTR] 18:03:45 Sending HTTP request "POST" https://graphql.zeepki.st/
[Info   :Zeepkist GTR] 18:03:46 Received HTTP response headers after 196.9743ms - 200
[Info   :Zeepkist GTR] 18:03:46 End processing HTTP request after 197.2566ms - 200
[Info   :Zeepkist GTR] 18:03:46 Received HTTP response headers after 202.663ms - 200
[Info   :Zeepkist GTR] 18:03:46 End processing HTTP request after 202.936ms - 200
[Info   :Zeepkist GTR] 18:03:46 Start processing HTTP request "POST" https://graphql.zeepki.st/
[Info   :Zeepkist GTR] 18:03:46 Sending HTTP request "POST" https://graphql.zeepki.st/
[Info   :Zeepkist GTR] 18:03:46 Received HTTP response headers after 193.3017ms - 200
[Info   :Zeepkist GTR] 18:03:46 End processing HTTP request after 193.551ms - 200
[Info   :Zeepkist GTR] 18:03:47 Starting recorder
[Info   :Zeepkist Bingo] [BINGO] === PLAYER SPAWNED ===
[Info   :Zeepkist Bingo] [BINGO] IsInActiveSession: False
[Info   :Zeepkist Bingo] [BINGO] Not in active session, skipping timer reset
[Info   :Zeepkist GTR] 18:04:05 Stopping existing recorder if any
[Info   :Zeepkist GTR] 18:04:05 Creating new recorder
[Info   :Zeepkist GTR] 18:04:05 Start processing HTTP request "POST" https://graphql.zeepki.st/
[Info   :Zeepkist GTR] 18:04:05 Sending HTTP request "POST" https://graphql.zeepki.st/
[Info   :Zeepkist GTR] 18:04:05 Start processing HTTP request "POST" https://graphql.zeepki.st/
[Info   :Zeepkist GTR] 18:04:05 Sending HTTP request "POST" https://graphql.zeepki.st/
[Info   :Zeepkist GTR] 18:04:05 Received HTTP response headers after 178.3284ms - 200
[Info   :Zeepkist GTR] 18:04:05 End processing HTTP request after 178.5804ms - 200
[Info   :Zeepkist GTR] 18:04:05 Received HTTP response headers after 186.5391ms - 200
[Info   :Zeepkist GTR] 18:04:05 End processing HTTP request after 186.7899ms - 200
[Info   :Zeepkist GTR] 18:04:05 Start processing HTTP request "POST" https://graphql.zeepki.st/
[Info   :Zeepkist GTR] 18:04:05 Sending HTTP request "POST" https://graphql.zeepki.st/
[Info   :Zeepkist GTR] 18:04:06 Received HTTP response headers after 183.8253ms - 200
[Info   :Zeepkist GTR] 18:04:06 End processing HTTP request after 184.1174ms - 200
[Info   :Zeepkist GTR] 18:04:07 Starting recorder
[Info   :Zeepkist Bingo] [BINGO] === PLAYER SPAWNED ===
[Info   :Zeepkist Bingo] [BINGO] IsInActiveSession: False
[Info   :Zeepkist Bingo] [BINGO] Not in active session, skipping timer reset
[Info   :Zeepkist GTR] 18:04:12 Stopping existing recorder if any
[Info   :Zeepkist GTR] 18:04:12 Creating new recorder
[Info   :Zeepkist GTR] 18:04:12 Start processing HTTP request "POST" https://graphql.zeepki.st/
[Info   :Zeepkist GTR] 18:04:12 Sending HTTP request "POST" https://graphql.zeepki.st/
[Info   :Zeepkist GTR] 18:04:12 Start processing HTTP request "POST" https://graphql.zeepki.st/
[Info   :Zeepkist GTR] 18:04:12 Sending HTTP request "POST" https://graphql.zeepki.st/
[Info   :Zeepkist GTR] 18:04:12 Received HTTP response headers after 182.5948ms - 200
[Info   :Zeepkist GTR] 18:04:12 End processing HTTP request after 182.8548ms - 200
[Info   :Zeepkist GTR] 18:04:12 Received HTTP response headers after 191.0628ms - 200
[Info   :Zeepkist GTR] 18:04:12 End processing HTTP request after 191.2966ms - 200
[Info   :Zeepkist GTR] 18:04:12 Start processing HTTP request "POST" https://graphql.zeepki.st/
[Info   :Zeepkist GTR] 18:04:12 Sending HTTP request "POST" https://graphql.zeepki.st/
[Info   :Zeepkist GTR] 18:04:13 Received HTTP response headers after 190.0326ms - 200
[Info   :Zeepkist GTR] 18:04:13 End processing HTTP request after 190.3608ms - 200
[Info   :Zeepkist GTR] 18:04:14 Starting recorder
[Info   :Zeepkist GTR] 18:04:54 Stopping recorder
[Info   :Zeepkist GTR] 18:04:54 Collecting extra information
[Info   :Zeepkist GTR] 18:04:54 Resolved workshop ID "3544999390" from lobby 3544999390 and level 0
[Info   :Zeepkist GTR] 18:04:54 Processing ghost data
[Info   :Zeepkist GTR] 18:04:54 Creating stream
[Info   :Zeepkist GTR] 18:04:54 Writing to stream
[Info   :Zeepkist GTR] 18:04:55 Converting to base64
[Info   :Zeepkist GTR] 18:04:55 Creating resource
[Info   :Zeepkist GTR] 18:04:55 Start processing HTTP request "POST" https://backend.zeepki.st/record/submit
[Info   :Zeepkist GTR] 18:04:55 Sending HTTP request "POST" https://backend.zeepki.st/record/submit
[Info   :Zeepkist GTR] 18:04:56 Received HTTP response headers after 487.173ms - 200
[Info   :Zeepkist GTR] 18:04:56 End processing HTTP request after 487.4521ms - 200
[Info   :Zeepkist Bingo] [BINGO] === PLAYER SPAWNED ===
[Info   :Zeepkist Bingo] [BINGO] IsInActiveSession: False
[Info   :Zeepkist Bingo] [BINGO] Not in active session, skipping timer reset
[Info   :Zeepkist GTR] 18:04:56 Stopping existing recorder if any
[Info   :Zeepkist GTR] 18:04:56 Creating new recorder
[Info   :Zeepkist GTR] 18:04:56 Start processing HTTP request "POST" https://graphql.zeepki.st/
[Info   :Zeepkist GTR] 18:04:56 Sending HTTP request "POST" https://graphql.zeepki.st/
[Info   :Zeepkist GTR] 18:04:56 Start processing HTTP request "POST" https://graphql.zeepki.st/
[Info   :Zeepkist GTR] 18:04:56 Sending HTTP request "POST" https://graphql.zeepki.st/
[Info   :Zeepkist GTR] 18:04:56 Received HTTP response headers after 206.505ms - 200
[Info   :Zeepkist GTR] 18:04:56 End processing HTTP request after 206.741ms - 200
[Info   :Zeepkist GTR] 18:04:56 Received HTTP response headers after 209.9398ms - 200
[Info   :Zeepkist GTR] 18:04:56 End processing HTTP request after 210.1545ms - 200
[Info   :Zeepkist GTR] 18:04:56 Start processing HTTP request "POST" https://graphql.zeepki.st/
[Info   :Zeepkist GTR] 18:04:56 Sending HTTP request "POST" https://graphql.zeepki.st/
[Info   :Zeepkist GTR] 18:04:57 Received HTTP response headers after 238.4394ms - 200
[Info   :Zeepkist GTR] 18:04:57 End processing HTTP request after 238.6797ms - 200
[Info   :Zeepkist GTR] 18:04:58 Starting recorder
[Info   :Zeepkist Bingo] [BINGO] === PLAYER SPAWNED ===
[Info   :Zeepkist Bingo] [BINGO] IsInActiveSession: False
[Info   :Zeepkist Bingo] [BINGO] Not in active session, skipping timer reset
[Info   :Zeepkist GTR] 18:05:02 Stopping existing recorder if any
[Info   :Zeepkist GTR] 18:05:02 Creating new recorder
[Info   :Zeepkist GTR] 18:05:02 Start processing HTTP request "POST" https://graphql.zeepki.st/
[Info   :Zeepkist GTR] 18:05:02 Sending HTTP request "POST" https://graphql.zeepki.st/
[Info   :Zeepkist GTR] 18:05:02 Start processing HTTP request "POST" https://graphql.zeepki.st/
[Info   :Zeepkist GTR] 18:05:02 Sending HTTP request "POST" https://graphql.zeepki.st/
[Info   :Zeepkist GTR] 18:05:03 Received HTTP response headers after 204.623ms - 200
[Info   :Zeepkist GTR] 18:05:03 End processing HTTP request after 204.8664ms - 200
[Info   :Zeepkist GTR] 18:05:03 Received HTTP response headers after 288.9519ms - 200
[Info   :Zeepkist GTR] 18:05:03 End processing HTTP request after 289.2247ms - 200
[Info   :Zeepkist GTR] 18:05:03 Start processing HTTP request "POST" https://graphql.zeepki.st/
[Info   :Zeepkist GTR] 18:05:03 Sending HTTP request "POST" https://graphql.zeepki.st/
[Info   :Zeepkist GTR] 18:05:03 Received HTTP response headers after 198.4232ms - 200
[Info   :Zeepkist GTR] 18:05:03 End processing HTTP request after 198.7196ms - 200
[Info   :Zeepkist GTR] 18:05:04 Starting recorder
[Info   :Zeepkist GTR] 18:05:44 Stopping recorder
[Info   :Zeepkist GTR] 18:05:44 Collecting extra information
[Info   :Zeepkist GTR] 18:05:44 Resolved workshop ID "3544999390" from lobby 3544999390 and level 0
[Info   :Zeepkist GTR] 18:05:44 Processing ghost data
[Info   :Zeepkist GTR] 18:05:44 Creating stream
[Info   :Zeepkist GTR] 18:05:44 Writing to stream
[Info   :Zeepkist GTR] 18:05:44 Converting to base64
[Info   :Zeepkist GTR] 18:05:44 Creating resource
[Info   :Zeepkist GTR] 18:05:44 Start processing HTTP request "POST" https://backend.zeepki.st/record/submit
[Info   :Zeepkist GTR] 18:05:44 Sending HTTP request "POST" https://backend.zeepki.st/record/submit
[Info   :Zeepkist GTR] 18:05:46 Received HTTP response headers after 1433.8122ms - 200
[Info   :Zeepkist GTR] 18:05:46 End processing HTTP request after 1434.0943ms - 200
[Info   :Zeepkist Bingo] [BINGO] === PLAYER SPAWNED ===
[Info   :Zeepkist Bingo] [BINGO] IsInActiveSession: False
[Info   :Zeepkist Bingo] [BINGO] Not in active session, skipping timer reset
[Info   :Zeepkist GTR] 18:05:46 Stopping existing recorder if any
[Info   :Zeepkist GTR] 18:05:46 Creating new recorder
[Info   :Zeepkist GTR] 18:05:46 Start processing HTTP request "POST" https://graphql.zeepki.st/
[Info   :Zeepkist GTR] 18:05:46 Sending HTTP request "POST" https://graphql.zeepki.st/
[Info   :Zeepkist GTR] 18:05:46 Start processing HTTP request "POST" https://graphql.zeepki.st/
[Info   :Zeepkist GTR] 18:05:46 Sending HTTP request "POST" https://graphql.zeepki.st/
[Info   :Zeepkist GTR] 18:05:47 Received HTTP response headers after 318.3157ms - 200
[Info   :Zeepkist GTR] 18:05:47 End processing HTTP request after 318.7284ms - 200
[Info   :Zeepkist GTR] 18:05:47 Received HTTP response headers after 331.1993ms - 200
[Info   :Zeepkist GTR] 18:05:47 End processing HTTP request after 331.4414ms - 200
[Info   :Zeepkist GTR] 18:05:47 Start processing HTTP request "POST" https://graphql.zeepki.st/
[Info   :Zeepkist GTR] 18:05:47 Sending HTTP request "POST" https://graphql.zeepki.st/
[Info   :Zeepkist GTR] 18:05:47 Received HTTP response headers after 187.0849ms - 200
[Info   :Zeepkist GTR] 18:05:47 End processing HTTP request after 187.365ms - 200
[Info   :Zeepkist GTR] 18:05:48 Starting recorder
[Info   :Zeepkist Bingo] [BINGO] === PLAYER SPAWNED ===
[Info   :Zeepkist Bingo] [BINGO] IsInActiveSession: False
[Info   :Zeepkist Bingo] [BINGO] Not in active session, skipping timer reset
[Info   :Zeepkist GTR] 18:05:52 Stopping existing recorder if any
[Info   :Zeepkist GTR] 18:05:52 Creating new recorder
[Info   :Zeepkist GTR] 18:05:52 Start processing HTTP request "POST" https://graphql.zeepki.st/
[Info   :Zeepkist GTR] 18:05:52 Sending HTTP request "POST" https://graphql.zeepki.st/
[Info   :Zeepkist GTR] 18:05:52 Start processing HTTP request "POST" https://graphql.zeepki.st/
[Info   :Zeepkist GTR] 18:05:52 Sending HTTP request "POST" https://graphql.zeepki.st/
[Info   :Zeepkist GTR] 18:05:52 Received HTTP response headers after 180.0431ms - 200
[Info   :Zeepkist GTR] 18:05:52 End processing HTTP request after 180.2773ms - 200
[Info   :Zeepkist GTR] 18:05:52 Received HTTP response headers after 203.6709ms - 200
[Info   :Zeepkist GTR] 18:05:52 End processing HTTP request after 203.9312ms - 200
[Info   :Zeepkist GTR] 18:05:52 Start processing HTTP request "POST" https://graphql.zeepki.st/
[Info   :Zeepkist GTR] 18:05:52 Sending HTTP request "POST" https://graphql.zeepki.st/
[Info   :Zeepkist GTR] 18:05:52 Received HTTP response headers after 190.7398ms - 200
[Info   :Zeepkist GTR] 18:05:52 End processing HTTP request after 191.0819ms - 200
[Info   :Zeepkist GTR] 18:05:53 Starting recorder
[Info   :Zeepkist GTR] 18:06:34 Stopping recorder
[Info   :Zeepkist GTR] 18:06:34 Collecting extra information
[Info   :Zeepkist GTR] 18:06:34 Resolved workshop ID "3544999390" from lobby 3544999390 and level 0
[Info   :Zeepkist GTR] 18:06:34 Processing ghost data
[Info   :Zeepkist GTR] 18:06:34 Creating stream
[Info   :Zeepkist GTR] 18:06:34 Writing to stream
[Info   :Zeepkist GTR] 18:06:34 Converting to base64
[Info   :Zeepkist GTR] 18:06:34 Creating resource
[Info   :Zeepkist GTR] 18:06:34 Start processing HTTP request "POST" https://backend.zeepki.st/record/submit
[Info   :Zeepkist GTR] 18:06:34 Sending HTTP request "POST" https://backend.zeepki.st/record/submit
[Info   :Zeepkist GTR] 18:06:35 Received HTTP response headers after 678.9515ms - 200
[Info   :Zeepkist GTR] 18:06:35 End processing HTTP request after 679.2175ms - 200
[Info   :Zeepkist Bingo] [BINGO] === PLAYER SPAWNED ===
[Info   :Zeepkist Bingo] [BINGO] IsInActiveSession: False
[Info   :Zeepkist Bingo] [BINGO] Not in active session, skipping timer reset
[Info   :Zeepkist GTR] 18:06:35 Stopping existing recorder if any
[Info   :Zeepkist GTR] 18:06:35 Creating new recorder
[Info   :Zeepkist GTR] 18:06:35 Start processing HTTP request "POST" https://graphql.zeepki.st/
[Info   :Zeepkist GTR] 18:06:35 Sending HTTP request "POST" https://graphql.zeepki.st/
[Info   :Zeepkist GTR] 18:06:35 Start processing HTTP request "POST" https://graphql.zeepki.st/
[Info   :Zeepkist GTR] 18:06:35 Sending HTTP request "POST" https://graphql.zeepki.st/
[Info   :Zeepkist GTR] 18:06:35 Received HTTP response headers after 188.5811ms - 200
[Info   :Zeepkist GTR] 18:06:35 End processing HTTP request after 188.8121ms - 200
[Info   :Zeepkist GTR] 18:06:35 Received HTTP response headers after 193.4625ms - 200
[Info   :Zeepkist GTR] 18:06:35 End processing HTTP request after 193.7014ms - 200
[Info   :Zeepkist GTR] 18:06:35 Start processing HTTP request "POST" https://graphql.zeepki.st/
[Info   :Zeepkist GTR] 18:06:35 Sending HTTP request "POST" https://graphql.zeepki.st/
[Info   :Zeepkist GTR] 18:06:35 Received HTTP response headers after 179.2651ms - 200
[Info   :Zeepkist GTR] 18:06:35 End processing HTTP request after 179.5489ms - 200
[Info   :Zeepkist GTR] 18:06:37 Starting recorder
[Info   :Zeepkist Bingo] [BINGO] === PLAYER SPAWNED ===
[Info   :Zeepkist Bingo] [BINGO] IsInActiveSession: False
[Info   :Zeepkist Bingo] [BINGO] Not in active session, skipping timer reset
[Info   :Zeepkist GTR] 18:06:41 Stopping existing recorder if any
[Info   :Zeepkist GTR] 18:06:41 Creating new recorder
[Info   :Zeepkist GTR] 18:06:41 Start processing HTTP request "POST" https://graphql.zeepki.st/
[Info   :Zeepkist GTR] 18:06:41 Sending HTTP request "POST" https://graphql.zeepki.st/
[Info   :Zeepkist GTR] 18:06:41 Start processing HTTP request "POST" https://graphql.zeepki.st/
[Info   :Zeepkist GTR] 18:06:41 Sending HTTP request "POST" https://graphql.zeepki.st/
[Info   :Zeepkist GTR] 18:06:41 Received HTTP response headers after 178.5348ms - 200
[Info   :Zeepkist GTR] 18:06:41 End processing HTTP request after 178.7676ms - 200
[Info   :Zeepkist GTR] 18:06:41 Received HTTP response headers after 185.4803ms - 200
[Info   :Zeepkist GTR] 18:06:41 End processing HTTP request after 185.7048ms - 200
[Info   :Zeepkist GTR] 18:06:41 Start processing HTTP request "POST" https://graphql.zeepki.st/
[Info   :Zeepkist GTR] 18:06:41 Sending HTTP request "POST" https://graphql.zeepki.st/
[Info   :Zeepkist GTR] 18:06:41 Received HTTP response headers after 190.1272ms - 200
[Info   :Zeepkist GTR] 18:06:41 End processing HTTP request after 190.3953ms - 200
[Info   :Zeepkist GTR] 18:06:43 Starting recorder
[Info   :Zeepkist GTR] 18:07:23 Stopping recorder
[Info   :Zeepkist GTR] 18:07:23 Collecting extra information
[Info   :Zeepkist GTR] 18:07:23 Resolved workshop ID "3544999390" from lobby 3544999390 and level 0
[Info   :Zeepkist GTR] 18:07:23 Processing ghost data
[Info   :Zeepkist GTR] 18:07:23 Creating stream
[Info   :Zeepkist GTR] 18:07:23 Writing to stream
[Info   :Zeepkist GTR] 18:07:23 Converting to base64
[Info   :Zeepkist GTR] 18:07:23 Creating resource
[Info   :Zeepkist GTR] 18:07:23 Start processing HTTP request "POST" https://backend.zeepki.st/record/submit
[Info   :Zeepkist GTR] 18:07:23 Sending HTTP request "POST" https://backend.zeepki.st/record/submit
[Info   :Zeepkist GTR] 18:07:24 Received HTTP response headers after 628.5643ms - 200
[Info   :Zeepkist GTR] 18:07:24 End processing HTTP request after 628.8025ms - 200
[Info   :Zeepkist Bingo] [CHAT] Intercepted message: hi
[Info   :Zeepkist Bingo] [CHAT] Not relaying - no bingo session
[Info   :Zeepkist Bingo] [BINGO] === PLAYER SPAWNED ===
[Info   :Zeepkist Bingo] [BINGO] IsInActiveSession: False
[Info   :Zeepkist Bingo] [BINGO] Not in active session, skipping timer reset
[Info   :Zeepkist GTR] 18:07:30 Stopping existing recorder if any
[Info   :Zeepkist GTR] 18:07:30 Creating new recorder
[Info   :Zeepkist GTR] 18:07:30 Start processing HTTP request "POST" https://graphql.zeepki.st/
[Info   :Zeepkist GTR] 18:07:30 Sending HTTP request "POST" https://graphql.zeepki.st/
[Info   :Zeepkist GTR] 18:07:30 Start processing HTTP request "POST" https://graphql.zeepki.st/
[Info   :Zeepkist GTR] 18:07:30 Sending HTTP request "POST" https://graphql.zeepki.st/
[Info   :Zeepkist GTR] 18:07:30 Received HTTP response headers after 200.2923ms - 200
[Info   :Zeepkist GTR] 18:07:30 End processing HTTP request after 200.5433ms - 200
[Info   :Zeepkist GTR] 18:07:30 Received HTTP response headers after 213.6962ms - 200
[Info   :Zeepkist GTR] 18:07:30 End processing HTTP request after 213.8979ms - 200
[Info   :Zeepkist GTR] 18:07:30 Start processing HTTP request "POST" https://graphql.zeepki.st/
[Info   :Zeepkist GTR] 18:07:30 Sending HTTP request "POST" https://graphql.zeepki.st/
[Info   :Zeepkist GTR] 18:07:30 Received HTTP response headers after 187.4035ms - 200
[Info   :Zeepkist GTR] 18:07:30 End processing HTTP request after 187.6348ms - 200
[Info   :Zeepkist GTR] 18:07:32 Starting recorder
[Info   :Zeepkist Bingo] [BINGO] === PLAYER SPAWNED ===
[Info   :Zeepkist Bingo] [BINGO] IsInActiveSession: False
[Info   :Zeepkist Bingo] [BINGO] Not in active session, skipping timer reset
[Info   :Zeepkist GTR] 18:07:58 Stopping existing recorder if any
[Info   :Zeepkist GTR] 18:07:58 Creating new recorder
[Info   :Zeepkist GTR] 18:07:58 Start processing HTTP request "POST" https://graphql.zeepki.st/
[Info   :Zeepkist GTR] 18:07:58 Sending HTTP request "POST" https://graphql.zeepki.st/
[Info   :Zeepkist GTR] 18:07:58 Start processing HTTP request "POST" https://graphql.zeepki.st/
[Info   :Zeepkist GTR] 18:07:58 Sending HTTP request "POST" https://graphql.zeepki.st/
[Info   :Zeepkist GTR] 18:07:58 Received HTTP response headers after 315.3393ms - 200
[Info   :Zeepkist GTR] 18:07:58 Received HTTP response headers after 314.6846ms - 200
[Info   :Zeepkist GTR] 18:07:58 End processing HTTP request after 314.952ms - 200
[Info   :Zeepkist GTR] 18:07:58 End processing HTTP request after 315.654ms - 200
[Info   :Zeepkist GTR] 18:07:58 Start processing HTTP request "POST" https://graphql.zeepki.st/
[Info   :Zeepkist GTR] 18:07:58 Sending HTTP request "POST" https://graphql.zeepki.st/
[Info   :Zeepkist GTR] 18:07:59 Received HTTP response headers after 182.2402ms - 200
[Info   :Zeepkist GTR] 18:07:59 End processing HTTP request after 182.4848ms - 200
[Info   :Zeepkist GTR] 18:08:00 Starting recorder
[Info   :Zeepkist Bingo] [BINGO] === PLAYER SPAWNED ===
[Info   :Zeepkist Bingo] [BINGO] IsInActiveSession: False
[Info   :Zeepkist Bingo] [BINGO] Not in active session, skipping timer reset
[Info   :Zeepkist GTR] 18:08:04 Stopping existing recorder if any
[Info   :Zeepkist GTR] 18:08:04 Creating new recorder
[Info   :Zeepkist GTR] 18:08:04 Start processing HTTP request "POST" https://graphql.zeepki.st/
[Info   :Zeepkist GTR] 18:08:04 Sending HTTP request "POST" https://graphql.zeepki.st/
[Info   :Zeepkist GTR] 18:08:04 Start processing HTTP request "POST" https://graphql.zeepki.st/
[Info   :Zeepkist GTR] 18:08:04 Sending HTTP request "POST" https://graphql.zeepki.st/
[Info   :Zeepkist GTR] 18:08:04 Received HTTP response headers after 195.426ms - 200
[Info   :Zeepkist GTR] 18:08:04 Received HTTP response headers after 194.8741ms - 200
[Info   :Zeepkist GTR] 18:08:04 End processing HTTP request after 195.6735ms - 200
[Info   :Zeepkist GTR] 18:08:04 End processing HTTP request after 195.0988ms - 200
[Info   :Zeepkist GTR] 18:08:04 Start processing HTTP request "POST" https://graphql.zeepki.st/
[Info   :Zeepkist GTR] 18:08:04 Sending HTTP request "POST" https://graphql.zeepki.st/
[Info   :Zeepkist GTR] 18:08:05 Received HTTP response headers after 191.8148ms - 200
[Info   :Zeepkist GTR] 18:08:05 End processing HTTP request after 192.0742ms - 200
[Info   :Zeepkist GTR] 18:08:06 Starting recorder
[Info   :Zeepkist Bingo] [BINGO] === PLAYER SPAWNED ===
[Info   :Zeepkist Bingo] [BINGO] IsInActiveSession: False
[Info   :Zeepkist Bingo] [BINGO] Not in active session, skipping timer reset
[Info   :Zeepkist GTR] 18:08:09 Stopping existing recorder if any
[Info   :Zeepkist GTR] 18:08:09 Creating new recorder
[Info   :Zeepkist GTR] 18:08:09 Start processing HTTP request "POST" https://graphql.zeepki.st/
[Info   :Zeepkist GTR] 18:08:09 Sending HTTP request "POST" https://graphql.zeepki.st/
[Info   :Zeepkist GTR] 18:08:09 Start processing HTTP request "POST" https://graphql.zeepki.st/
[Info   :Zeepkist GTR] 18:08:09 Sending HTTP request "POST" https://graphql.zeepki.st/
[Info   :Zeepkist GTR] 18:08:10 Received HTTP response headers after 194.7434ms - 200
[Info   :Zeepkist GTR] 18:08:10 End processing HTTP request after 195.0114ms - 200
[Info   :Zeepkist GTR] 18:08:10 Received HTTP response headers after 203.743ms - 200
[Info   :Zeepkist GTR] 18:08:10 End processing HTTP request after 204.0473ms - 200
[Info   :Zeepkist GTR] 18:08:10 Start processing HTTP request "POST" https://graphql.zeepki.st/
[Info   :Zeepkist GTR] 18:08:10 Sending HTTP request "POST" https://graphql.zeepki.st/
[Info   :Zeepkist GTR] 18:08:10 Received HTTP response headers after 193.8451ms - 200
[Info   :Zeepkist GTR] 18:08:10 End processing HTTP request after 194.2022ms - 200
[Info   :Zeepkist GTR] 18:08:11 Starting recorder
[Info   :Zeepkist Bingo] [BINGO] === PLAYER SPAWNED ===
[Info   :Zeepkist Bingo] [BINGO] IsInActiveSession: False
[Info   :Zeepkist Bingo] [BINGO] Not in active session, skipping timer reset
[Info   :Zeepkist GTR] 18:08:16 Stopping existing recorder if any
[Info   :Zeepkist GTR] 18:08:16 Creating new recorder
[Info   :Zeepkist GTR] 18:08:16 Start processing HTTP request "POST" https://graphql.zeepki.st/
[Info   :Zeepkist GTR] 18:08:16 Sending HTTP request "POST" https://graphql.zeepki.st/
[Info   :Zeepkist GTR] 18:08:16 Start processing HTTP request "POST" https://graphql.zeepki.st/
[Info   :Zeepkist GTR] 18:08:16 Sending HTTP request "POST" https://graphql.zeepki.st/
[Info   :Zeepkist GTR] 18:08:16 Received HTTP response headers after 200.8562ms - 200
[Info   :Zeepkist GTR] 18:08:16 Received HTTP response headers after 200.3911ms - 200
[Info   :Zeepkist GTR] 18:08:16 End processing HTTP request after 201.1048ms - 200
[Info   :Zeepkist GTR] 18:08:16 End processing HTTP request after 200.579ms - 200
[Info   :Zeepkist GTR] 18:08:16 Start processing HTTP request "POST" https://graphql.zeepki.st/
[Info   :Zeepkist GTR] 18:08:16 Sending HTTP request "POST" https://graphql.zeepki.st/
[Info   :Zeepkist GTR] 18:08:16 Received HTTP response headers after 198.99ms - 200
[Info   :Zeepkist GTR] 18:08:16 End processing HTTP request after 199.2675ms - 200
[Info   :Zeepkist GTR] 18:08:17 Starting recorder
[Info   :Zeepkist GTR] 18:08:32 Discarding recorder
[Info   :Zeepkist Bingo] [BINGO] Level loaded
[Info   :Zeepkist GTR] 18:08:47 Start processing HTTP request "POST" https://backend.zeepki.st/level/request
[Info   :Zeepkist GTR] 18:08:47 Sending HTTP request "POST" https://backend.zeepki.st/level/request
[Info   :BetterSplits] getting gtr splits
[Info   :Zeepkist Bingo] [BINGO] === PLAYER SPAWNED ===
[Info   :Zeepkist Bingo] [BINGO] IsInActiveSession: False
[Info   :Zeepkist Bingo] [BINGO] Not in active session, skipping timer reset
[Info   :Zeepkist GTR] 18:08:47 Stopping existing recorder if any
[Info   :Zeepkist GTR] 18:08:47 Creating new recorder
[Info   :Zeepkist GTR] 18:08:47 Start processing HTTP request "POST" https://graphql.zeepki.st/
[Info   :Zeepkist GTR] 18:08:47 Sending HTTP request "POST" https://graphql.zeepki.st/
[Info   :Zeepkist GTR] 18:08:47 Start processing HTTP request "POST" https://graphql.zeepki.st/
[Info   :Zeepkist GTR] 18:08:47 Sending HTTP request "POST" https://graphql.zeepki.st/
[Info   :Zeepkist GTR] 18:08:47 Received HTTP response headers after 241.7922ms - 200
[Info   :Zeepkist GTR] 18:08:47 Received HTTP response headers after 241.0621ms - 200
[Info   :Zeepkist GTR] 18:08:47 End processing HTTP request after 242.0795ms - 200
[Info   :Zeepkist GTR] 18:08:47 End processing HTTP request after 241.3394ms - 200
[Info   :Zeepkist GTR] 18:08:47 Start processing HTTP request "POST" https://graphql.zeepki.st/
[Info   :Zeepkist GTR] 18:08:47 Sending HTTP request "POST" https://graphql.zeepki.st/
[Info   :BetterSplits] got gtr splits
[Info   :Zeepkist GTR] 18:08:47 Received HTTP response headers after 209.0997ms - 200
[Info   :Zeepkist GTR] 18:08:47 End processing HTTP request after 209.3948ms - 200
[Info   :Zeepkist GTR] 18:08:47 Received HTTP response headers after 716.6828ms - 200
[Info   :Zeepkist GTR] 18:08:47 End processing HTTP request after 717.002ms - 200
[Info   :Zeepkist GTR] 18:08:48 Starting recorder
[Info   :Zeepkist Bingo] [BINGO] === PLAYER SPAWNED ===
[Info   :Zeepkist Bingo] [BINGO] IsInActiveSession: False
[Info   :Zeepkist Bingo] [BINGO] Not in active session, skipping timer reset
[Info   :Zeepkist GTR] 18:08:50 Stopping existing recorder if any
[Info   :Zeepkist GTR] 18:08:50 Creating new recorder
[Info   :Zeepkist GTR] 18:08:50 Start processing HTTP request "POST" https://graphql.zeepki.st/
[Info   :Zeepkist GTR] 18:08:50 Sending HTTP request "POST" https://graphql.zeepki.st/
[Info   :Zeepkist GTR] 18:08:50 Start processing HTTP request "POST" https://graphql.zeepki.st/
[Info   :Zeepkist GTR] 18:08:50 Sending HTTP request "POST" https://graphql.zeepki.st/
[Info   :Zeepkist GTR] 18:08:50 Received HTTP response headers after 205.1489ms - 200
[Info   :Zeepkist GTR] 18:08:50 End processing HTTP request after 205.4895ms - 200
[Info   :Zeepkist GTR] 18:08:50 Received HTTP response headers after 217.6623ms - 200
[Info   :Zeepkist GTR] 18:08:50 End processing HTTP request after 217.994ms - 200
[Info   :Zeepkist GTR] 18:08:50 Start processing HTTP request "POST" https://graphql.zeepki.st/
[Info   :Zeepkist GTR] 18:08:50 Sending HTTP request "POST" https://graphql.zeepki.st/
[Info   :Zeepkist GTR] 18:08:50 Received HTTP response headers after 199.9893ms - 200
[Info   :Zeepkist GTR] 18:08:50 End processing HTTP request after 200.343ms - 200
[Info   :Zeepkist GTR] 18:08:51 Starting recorder
[Info   :Zeepkist Bingo] [BINGO] === PLAYER SPAWNED ===
[Info   :Zeepkist Bingo] [BINGO] IsInActiveSession: False
[Info   :Zeepkist Bingo] [BINGO] Not in active session, skipping timer reset
[Info   :Zeepkist GTR] 18:08:55 Stopping existing recorder if any
[Info   :Zeepkist GTR] 18:08:55 Creating new recorder
[Info   :Zeepkist GTR] 18:08:55 Start processing HTTP request "POST" https://graphql.zeepki.st/
[Info   :Zeepkist GTR] 18:08:55 Sending HTTP request "POST" https://graphql.zeepki.st/
[Info   :Zeepkist GTR] 18:08:55 Start processing HTTP request "POST" https://graphql.zeepki.st/
[Info   :Zeepkist GTR] 18:08:55 Sending HTTP request "POST" https://graphql.zeepki.st/
[Info   :Zeepkist GTR] 18:08:56 Received HTTP response headers after 266.9997ms - 200
[Info   :Zeepkist GTR] 18:08:56 Received HTTP response headers after 267.7837ms - 200
[Info   :Zeepkist GTR] 18:08:56 End processing HTTP request after 267.2697ms - 200
[Info   :Zeepkist GTR] 18:08:56 End processing HTTP request after 268.0339ms - 200
[Info   :Zeepkist GTR] 18:08:56 Start processing HTTP request "POST" https://graphql.zeepki.st/
[Info   :Zeepkist GTR] 18:08:56 Sending HTTP request "POST" https://graphql.zeepki.st/
[Info   :Zeepkist GTR] 18:08:56 Received HTTP response headers after 200.0624ms - 200
[Info   :Zeepkist GTR] 18:08:56 End processing HTTP request after 200.3445ms - 200
[Info   :Zeepkist GTR] 18:08:57 Starting recorder
[Info   :Zeepkist GTR] 18:09:23 Stopping recorder
[Info   :Zeepkist GTR] 18:09:23 Collecting extra information
[Info   :Zeepkist GTR] 18:09:23 Resolved workshop ID "3748059922" from lobby 3748059922 and level 0
[Info   :Zeepkist GTR] 18:09:23 Processing ghost data
[Info   :Zeepkist GTR] 18:09:23 Creating stream
[Info   :Zeepkist GTR] 18:09:23 Writing to stream
[Info   :Zeepkist GTR] 18:09:23 Converting to base64
[Info   :Zeepkist GTR] 18:09:23 Creating resource
[Info   :Zeepkist GTR] 18:09:23 Start processing HTTP request "POST" https://backend.zeepki.st/record/submit
[Info   :Zeepkist GTR] 18:09:23 Sending HTTP request "POST" https://backend.zeepki.st/record/submit
[Info   :Zeepkist GTR] 18:09:24 Received HTTP response headers after 1057.1657ms - 200
[Info   :Zeepkist GTR] 18:09:24 End processing HTTP request after 1060.5815ms - 200
[Info   :Zeepkist Bingo] [BINGO] === PLAYER SPAWNED ===
[Info   :Zeepkist Bingo] [BINGO] IsInActiveSession: False
[Info   :Zeepkist Bingo] [BINGO] Not in active session, skipping timer reset
[Info   :Zeepkist GTR] 18:09:25 Stopping existing recorder if any
[Info   :Zeepkist GTR] 18:09:25 Creating new recorder
[Info   :Zeepkist GTR] 18:09:25 Start processing HTTP request "POST" https://graphql.zeepki.st/
[Info   :Zeepkist GTR] 18:09:25 Sending HTTP request "POST" https://graphql.zeepki.st/
[Info   :Zeepkist GTR] 18:09:25 Start processing HTTP request "POST" https://graphql.zeepki.st/
[Info   :Zeepkist GTR] 18:09:25 Sending HTTP request "POST" https://graphql.zeepki.st/
[Info   :Zeepkist GTR] 18:09:25 Received HTTP response headers after 248.5122ms - 200
[Info   :Zeepkist GTR] 18:09:25 Received HTTP response headers after 247.7434ms - 200
[Info   :Zeepkist GTR] 18:09:25 End processing HTTP request after 248.743ms - 200
[Info   :Zeepkist GTR] 18:09:25 End processing HTTP request after 248.0533ms - 200
[Info   :Zeepkist GTR] 18:09:25 Start processing HTTP request "POST" https://graphql.zeepki.st/
[Info   :Zeepkist GTR] 18:09:25 Sending HTTP request "POST" https://graphql.zeepki.st/
[Info   :Zeepkist GTR] 18:09:25 Received HTTP response headers after 241.2458ms - 200
[Info   :Zeepkist GTR] 18:09:25 End processing HTTP request after 241.5068ms - 200
[Info   :Zeepkist GTR] 18:09:27 Starting recorder
[Info   :Zeepkist Bingo] [CHAT] Intercepted message: hi
[Info   :Zeepkist Bingo] [CHAT] Not relaying - no bingo session
[Info   :Zeepkist Bingo] [BINGO] === PLAYER SPAWNED ===
[Info   :Zeepkist Bingo] [BINGO] IsInActiveSession: False
[Info   :Zeepkist Bingo] [BINGO] Not in active session, skipping timer reset
[Info   :Zeepkist GTR] 18:10:38 Stopping existing recorder if any
[Info   :Zeepkist GTR] 18:10:38 Creating new recorder
[Info   :Zeepkist GTR] 18:10:38 Start processing HTTP request "POST" https://graphql.zeepki.st/
[Info   :Zeepkist GTR] 18:10:38 Sending HTTP request "POST" https://graphql.zeepki.st/
[Info   :Zeepkist GTR] 18:10:38 Start processing HTTP request "POST" https://graphql.zeepki.st/
[Info   :Zeepkist GTR] 18:10:38 Sending HTTP request "POST" https://graphql.zeepki.st/
[Info   :Zeepkist GTR] 18:10:38 Received HTTP response headers after 371.0814ms - 200
[Info   :Zeepkist GTR] 18:10:38 End processing HTTP request after 371.3117ms - 200
[Info   :Zeepkist GTR] 18:10:38 Received HTTP response headers after 632.4186ms - 200
[Info   :Zeepkist GTR] 18:10:38 End processing HTTP request after 632.6957ms - 200
[Info   :Zeepkist GTR] 18:10:38 Start processing HTTP request "POST" https://graphql.zeepki.st/
[Info   :Zeepkist GTR] 18:10:38 Sending HTTP request "POST" https://graphql.zeepki.st/
[Info   :Zeepkist GTR] 18:10:39 Received HTTP response headers after 188.0717ms - 200
[Info   :Zeepkist GTR] 18:10:39 End processing HTTP request after 188.357ms - 200
[Info   :Zeepkist GTR] 18:10:40 Starting recorder
[Info   :Zeepkist GTR] 18:13:45 Discarding recorder
[Info   :Zeepkist Bingo] [BINGO] Level loaded
[Info   :Zeepkist GTR] 18:13:59 Start processing HTTP request "POST" https://backend.zeepki.st/auth/refresh
[Info   :Zeepkist GTR] 18:13:59 Sending HTTP request "POST" https://backend.zeepki.st/auth/refresh
[Info   :BetterSplits] getting gtr splits
[Info   :Zeepkist Bingo] [BINGO] === PLAYER SPAWNED ===
[Info   :Zeepkist Bingo] [BINGO] IsInActiveSession: False
[Info   :Zeepkist Bingo] [BINGO] Not in active session, skipping timer reset
[Info   :Zeepkist GTR] 18:13:59 Stopping existing recorder if any
[Info   :Zeepkist GTR] 18:13:59 Creating new recorder
[Info   :Zeepkist GTR] 18:13:59 Start processing HTTP request "POST" https://graphql.zeepki.st/
[Info   :Zeepkist GTR] 18:13:59 Sending HTTP request "POST" https://graphql.zeepki.st/
[Info   :Zeepkist GTR] 18:13:59 Start processing HTTP request "POST" https://graphql.zeepki.st/
[Info   :Zeepkist GTR] 18:13:59 Sending HTTP request "POST" https://graphql.zeepki.st/
[Info   :Zeepkist GTR] 18:14:00 Received HTTP response headers after 399.7792ms - 200
[Info   :Zeepkist GTR] 18:14:00 End processing HTTP request after 400.0732ms - 200
[Info   :Zeepkist GTR] 18:14:00 Start processing HTTP request "POST" https://backend.zeepki.st/level/request
[Info   :Zeepkist GTR] 18:14:00 Sending HTTP request "POST" https://backend.zeepki.st/level/request
[Info   :Zeepkist GTR] 18:14:00 Received HTTP response headers after 346.2508ms - 200
[Info   :Zeepkist GTR] 18:14:00 End processing HTTP request after 346.4869ms - 200
[Info   :Zeepkist GTR] 18:14:00 Received HTTP response headers after 532.1528ms - 200
[Info   :Zeepkist GTR] 18:14:00 End processing HTTP request after 532.4015ms - 200
[Info   :BetterSplits] got gtr splits
[Info   :Zeepkist GTR] 18:14:00 Received HTTP response headers after 196.2536ms - 200
[Info   :Zeepkist GTR] 18:14:00 End processing HTTP request after 196.4995ms - 200
[Info   :Zeepkist GTR] 18:14:00 Start processing HTTP request "POST" https://graphql.zeepki.st/
[Info   :Zeepkist GTR] 18:14:00 Sending HTTP request "POST" https://graphql.zeepki.st/
[Info   :Zeepkist GTR] 18:14:00 Received HTTP response headers after 214.0701ms - 200
[Info   :Zeepkist GTR] 18:14:00 End processing HTTP request after 214.3323ms - 200
[Info   :Zeepkist GTR] 18:14:01 Starting recorder
[Info   :Zeepkist GTR] 18:18:58 Discarding recorder
[Info   :Zeepkist Bingo] [BINGO] Level loaded
[Info   :Zeepkist GTR] 18:19:12 Start processing HTTP request "POST" https://backend.zeepki.st/level/request
[Info   :Zeepkist GTR] 18:19:12 Sending HTTP request "POST" https://backend.zeepki.st/level/request
[Info   :BetterSplits] getting gtr splits
[Info   :Zeepkist Bingo] [BINGO] === PLAYER SPAWNED ===
[Info   :Zeepkist Bingo] [BINGO] IsInActiveSession: False
[Info   :Zeepkist Bingo] [BINGO] Not in active session, skipping timer reset
[Info   :Zeepkist GTR] 18:19:13 Stopping existing recorder if any
[Info   :Zeepkist GTR] 18:19:13 Creating new recorder
[Info   :Zeepkist GTR] 18:19:13 Start processing HTTP request "POST" https://graphql.zeepki.st/
[Info   :Zeepkist GTR] 18:19:13 Sending HTTP request "POST" https://graphql.zeepki.st/
[Info   :Zeepkist GTR] 18:19:13 Start processing HTTP request "POST" https://graphql.zeepki.st/
[Info   :Zeepkist GTR] 18:19:13 Sending HTTP request "POST" https://graphql.zeepki.st/
[Info   :Zeepkist GTR] 18:19:13 Received HTTP response headers after 393.8169ms - 200
[Info   :Zeepkist GTR] 18:19:13 End processing HTTP request after 394.1528ms - 200
[Info   :Zeepkist GTR] 18:19:13 Received HTTP response headers after 375.837ms - 200
[Info   :Zeepkist GTR] 18:19:13 End processing HTTP request after 376.0799ms - 200
[Info   :Zeepkist GTR] 18:19:13 Received HTTP response headers after 362.3196ms - 200
[Info   :Zeepkist GTR] 18:19:13 End processing HTTP request after 362.5614ms - 200
[Info   :BetterSplits] got gtr splits
[Info   :Zeepkist GTR] 18:19:13 Start processing HTTP request "POST" https://graphql.zeepki.st/
[Info   :Zeepkist GTR] 18:19:13 Sending HTTP request "POST" https://graphql.zeepki.st/
[Info   :Zeepkist GTR] 18:19:13 Received HTTP response headers after 200.1684ms - 200
[Info   :Zeepkist GTR] 18:19:13 End processing HTTP request after 200.4218ms - 200
[Info   :Zeepkist GTR] 18:19:14 Starting recorder
[Info   :Zeepkist Bingo] [BINGO] === PLAYER SPAWNED ===
[Info   :Zeepkist Bingo] [BINGO] IsInActiveSession: False
[Info   :Zeepkist Bingo] [BINGO] Not in active session, skipping timer reset
[Info   :Zeepkist GTR] 18:19:53 Stopping existing recorder if any
[Info   :Zeepkist GTR] 18:19:53 Creating new recorder
[Info   :Zeepkist GTR] 18:19:53 Start processing HTTP request "POST" https://graphql.zeepki.st/
[Info   :Zeepkist GTR] 18:19:53 Sending HTTP request "POST" https://graphql.zeepki.st/
[Info   :Zeepkist GTR] 18:19:53 Start processing HTTP request "POST" https://graphql.zeepki.st/
[Info   :Zeepkist GTR] 18:19:53 Sending HTTP request "POST" https://graphql.zeepki.st/
[Info   :Zeepkist GTR] 18:19:53 Received HTTP response headers after 196.5301ms - 200
[Info   :Zeepkist GTR] 18:19:53 Received HTTP response headers after 195.9121ms - 200
[Info   :Zeepkist GTR] 18:19:53 End processing HTTP request after 196.7473ms - 200
[Info   :Zeepkist GTR] 18:19:53 End processing HTTP request after 196.1498ms - 200
[Info   :Zeepkist GTR] 18:19:54 Start processing HTTP request "POST" https://graphql.zeepki.st/
[Info   :Zeepkist GTR] 18:19:54 Sending HTTP request "POST" https://graphql.zeepki.st/
[Info   :Zeepkist GTR] 18:19:54 Received HTTP response headers after 203.7165ms - 200
[Info   :Zeepkist GTR] 18:19:54 End processing HTTP request after 203.9897ms - 200
[Info   :Zeepkist GTR] 18:19:55 Starting recorder
[Info   :Zeepkist Bingo] [BINGO] === PLAYER SPAWNED ===
[Info   :Zeepkist Bingo] [BINGO] IsInActiveSession: False
[Info   :Zeepkist Bingo] [BINGO] Not in active session, skipping timer reset
[Info   :Zeepkist GTR] 18:19:56 Stopping existing recorder if any
[Info   :Zeepkist GTR] 18:19:56 Creating new recorder
[Info   :Zeepkist GTR] 18:19:56 Start processing HTTP request "POST" https://graphql.zeepki.st/
[Info   :Zeepkist GTR] 18:19:56 Sending HTTP request "POST" https://graphql.zeepki.st/
[Info   :Zeepkist GTR] 18:19:56 Start processing HTTP request "POST" https://graphql.zeepki.st/
[Info   :Zeepkist GTR] 18:19:56 Sending HTTP request "POST" https://graphql.zeepki.st/
[Info   :Zeepkist GTR] 18:19:56 Received HTTP response headers after 208.054ms - 200
[Info   :Zeepkist GTR] 18:19:56 Received HTTP response headers after 208.6114ms - 200
[Info   :Zeepkist GTR] 18:19:56 End processing HTTP request after 208.3161ms - 200
[Info   :Zeepkist GTR] 18:19:56 End processing HTTP request after 208.8347ms - 200
[Info   :Zeepkist GTR] 18:19:56 Start processing HTTP request "POST" https://graphql.zeepki.st/
[Info   :Zeepkist GTR] 18:19:56 Sending HTTP request "POST" https://graphql.zeepki.st/
[Info   :Zeepkist GTR] 18:19:56 Received HTTP response headers after 208.3307ms - 200
[Info   :Zeepkist GTR] 18:19:56 End processing HTTP request after 208.673ms - 200
[Info   :Zeepkist GTR] 18:19:58 Starting recorder
[Info   :Zeepkist Bingo] [BINGO] === PLAYER SPAWNED ===
[Info   :Zeepkist Bingo] [BINGO] IsInActiveSession: False
[Info   :Zeepkist Bingo] [BINGO] Not in active session, skipping timer reset
[Info   :Zeepkist GTR] 18:20:22 Stopping existing recorder if any
[Info   :Zeepkist GTR] 18:20:22 Creating new recorder
[Info   :Zeepkist GTR] 18:20:22 Start processing HTTP request "POST" https://graphql.zeepki.st/
[Info   :Zeepkist GTR] 18:20:22 Sending HTTP request "POST" https://graphql.zeepki.st/
[Info   :Zeepkist GTR] 18:20:22 Start processing HTTP request "POST" https://graphql.zeepki.st/
[Info   :Zeepkist GTR] 18:20:22 Sending HTTP request "POST" https://graphql.zeepki.st/
[Info   :Zeepkist GTR] 18:20:22 Received HTTP response headers after 208.8154ms - 200
[Info   :Zeepkist GTR] 18:20:22 End processing HTTP request after 209.1109ms - 200
[Info   :Zeepkist GTR] 18:20:22 Received HTTP response headers after 218.1433ms - 200
[Info   :Zeepkist GTR] 18:20:22 End processing HTTP request after 218.4432ms - 200
[Info   :Zeepkist GTR] 18:20:22 Start processing HTTP request "POST" https://graphql.zeepki.st/
[Info   :Zeepkist GTR] 18:20:22 Sending HTTP request "POST" https://graphql.zeepki.st/
[Info   :Zeepkist GTR] 18:20:22 Received HTTP response headers after 197.9462ms - 200
[Info   :Zeepkist GTR] 18:20:22 End processing HTTP request after 198.2049ms - 200
[Info   :Zeepkist GTR] 18:20:23 Starting recorder
[Info   :Zeepkist Bingo] [BINGO] === PLAYER SPAWNED ===
[Info   :Zeepkist Bingo] [BINGO] IsInActiveSession: False
[Info   :Zeepkist Bingo] [BINGO] Not in active session, skipping timer reset
[Info   :Zeepkist GTR] 18:20:40 Stopping existing recorder if any
[Info   :Zeepkist GTR] 18:20:40 Creating new recorder
[Info   :Zeepkist GTR] 18:20:40 Start processing HTTP request "POST" https://graphql.zeepki.st/
[Info   :Zeepkist GTR] 18:20:40 Sending HTTP request "POST" https://graphql.zeepki.st/
[Info   :Zeepkist GTR] 18:20:40 Start processing HTTP request "POST" https://graphql.zeepki.st/
[Info   :Zeepkist GTR] 18:20:40 Sending HTTP request "POST" https://graphql.zeepki.st/
[Info   :Zeepkist GTR] 18:20:40 Received HTTP response headers after 220.3193ms - 200
[Info   :Zeepkist GTR] 18:20:40 Received HTTP response headers after 220.8688ms - 200
[Info   :Zeepkist GTR] 18:20:40 End processing HTTP request after 220.558ms - 200
[Info   :Zeepkist GTR] 18:20:40 End processing HTTP request after 221.0612ms - 200
[Info   :Zeepkist GTR] 18:20:40 Start processing HTTP request "POST" https://graphql.zeepki.st/
[Info   :Zeepkist GTR] 18:20:40 Sending HTTP request "POST" https://graphql.zeepki.st/
[Info   :Zeepkist GTR] 18:20:40 Received HTTP response headers after 209.6309ms - 200
[Info   :Zeepkist GTR] 18:20:40 End processing HTTP request after 209.9432ms - 200
[Info   :Zeepkist GTR] 18:20:41 Starting recorder
[Info   :Zeepkist GTR] 18:21:17 Stopping recorder
[Info   :Zeepkist GTR] 18:21:17 Collecting extra information
[Info   :Zeepkist GTR] 18:21:17 Resolved workshop ID "3722416398" from lobby 3722416398 and level 0
[Info   :Zeepkist GTR] 18:21:17 Processing ghost data
[Info   :Zeepkist GTR] 18:21:17 Creating stream
[Info   :Zeepkist GTR] 18:21:17 Writing to stream
[Info   :Zeepkist GTR] 18:21:18 Converting to base64
[Info   :Zeepkist GTR] 18:21:18 Creating resource
[Info   :Zeepkist GTR] 18:21:18 Start processing HTTP request "POST" https://backend.zeepki.st/record/submit
[Info   :Zeepkist GTR] 18:21:18 Sending HTTP request "POST" https://backend.zeepki.st/record/submit
[Info   :Zeepkist GTR] 18:21:19 Received HTTP response headers after 898.0153ms - 200
[Info   :Zeepkist GTR] 18:21:19 End processing HTTP request after 898.2759ms - 200
[Info   :Zeepkist Bingo] [BINGO] === PLAYER SPAWNED ===
[Info   :Zeepkist Bingo] [BINGO] IsInActiveSession: False
[Info   :Zeepkist Bingo] [BINGO] Not in active session, skipping timer reset
[Info   :Zeepkist GTR] 18:21:20 Stopping existing recorder if any
[Info   :Zeepkist GTR] 18:21:20 Creating new recorder
[Info   :Zeepkist GTR] 18:21:20 Start processing HTTP request "POST" https://graphql.zeepki.st/
[Info   :Zeepkist GTR] 18:21:20 Sending HTTP request "POST" https://graphql.zeepki.st/
[Info   :Zeepkist GTR] 18:21:20 Start processing HTTP request "POST" https://graphql.zeepki.st/
[Info   :Zeepkist GTR] 18:21:20 Sending HTTP request "POST" https://graphql.zeepki.st/
[Info   :Zeepkist GTR] 18:21:21 Received HTTP response headers after 361.6168ms - 200
[Info   :Zeepkist GTR] 18:21:21 End processing HTTP request after 361.8979ms - 200
[Info   :Zeepkist GTR] 18:21:21 Received HTTP response headers after 363.251ms - 200
[Info   :Zeepkist GTR] 18:21:21 End processing HTTP request after 363.5345ms - 200
[Info   :Zeepkist GTR] 18:21:21 Start processing HTTP request "POST" https://graphql.zeepki.st/
[Info   :Zeepkist GTR] 18:21:21 Sending HTTP request "POST" https://graphql.zeepki.st/
[Info   :Zeepkist GTR] 18:21:21 Received HTTP response headers after 198.5074ms - 200
[Info   :Zeepkist GTR] 18:21:21 End processing HTTP request after 198.754ms - 200
[Info   :Zeepkist GTR] 18:21:22 Starting recorder
[Info   :Zeepkist Bingo] [CHAT] Intercepted message: hi
[Info   :Zeepkist Bingo] [CHAT] Not relaying - no bingo session
[Info   :RoundLeaderboardTab] Drawing leaderboard -> forwarding to Instance.DrawTabLeaderboard()
[Info   :Zeepkist Bingo] [BINGO] === PLAYER SPAWNED ===
[Info   :Zeepkist Bingo] [BINGO] IsInActiveSession: False
[Info   :Zeepkist Bingo] [BINGO] Not in active session, skipping timer reset
[Info   :Zeepkist GTR] 18:22:44 Stopping existing recorder if any
[Info   :Zeepkist GTR] 18:22:44 Creating new recorder
[Info   :Zeepkist GTR] 18:22:44 Start processing HTTP request "POST" https://graphql.zeepki.st/
[Info   :Zeepkist GTR] 18:22:44 Sending HTTP request "POST" https://graphql.zeepki.st/
[Info   :Zeepkist GTR] 18:22:44 Start processing HTTP request "POST" https://graphql.zeepki.st/
[Info   :Zeepkist GTR] 18:22:44 Sending HTTP request "POST" https://graphql.zeepki.st/
[Info   :Zeepkist GTR] 18:22:45 Received HTTP response headers after 208.3056ms - 200
[Info   :Zeepkist GTR] 18:22:45 End processing HTTP request after 208.5119ms - 200
[Info   :Zeepkist GTR] 18:22:45 Received HTTP response headers after 216.2513ms - 200
[Info   :Zeepkist GTR] 18:22:45 End processing HTTP request after 216.4775ms - 200
[Info   :Zeepkist GTR] 18:22:45 Start processing HTTP request "POST" https://graphql.zeepki.st/
[Info   :Zeepkist GTR] 18:22:45 Sending HTTP request "POST" https://graphql.zeepki.st/
[Info   :Zeepkist GTR] 18:22:45 Received HTTP response headers after 205.4623ms - 200
[Info   :Zeepkist GTR] 18:22:45 End processing HTTP request after 205.7199ms - 200
[Info   :Zeepkist GTR] 18:22:46 Starting recorder
[Info   :Zeepkist Bingo] [BINGO] === PLAYER SPAWNED ===
[Info   :Zeepkist Bingo] [BINGO] IsInActiveSession: False
[Info   :Zeepkist Bingo] [BINGO] Not in active session, skipping timer reset
[Info   :Zeepkist GTR] 18:22:49 Stopping existing recorder if any
[Info   :Zeepkist GTR] 18:22:49 Creating new recorder
[Info   :Zeepkist GTR] 18:22:49 Start processing HTTP request "POST" https://graphql.zeepki.st/
[Info   :Zeepkist GTR] 18:22:49 Sending HTTP request "POST" https://graphql.zeepki.st/
[Info   :Zeepkist GTR] 18:22:49 Start processing HTTP request "POST" https://graphql.zeepki.st/
[Info   :Zeepkist GTR] 18:22:49 Sending HTTP request "POST" https://graphql.zeepki.st/
[Info   :Zeepkist GTR] 18:22:49 Received HTTP response headers after 194.1535ms - 200
[Info   :Zeepkist GTR] 18:22:49 End processing HTTP request after 194.4135ms - 200
[Info   :Zeepkist GTR] 18:22:49 Received HTTP response headers after 197.6761ms - 200
[Info   :Zeepkist GTR] 18:22:49 End processing HTTP request after 197.9072ms - 200
[Info   :Zeepkist GTR] 18:22:49 Start processing HTTP request "POST" https://graphql.zeepki.st/
[Info   :Zeepkist GTR] 18:22:49 Sending HTTP request "POST" https://graphql.zeepki.st/
[Info   :Zeepkist GTR] 18:22:49 Received HTTP response headers after 209.681ms - 200
[Info   :Zeepkist GTR] 18:22:49 End processing HTTP request after 209.9573ms - 200
[Info   :Zeepkist GTR] 18:22:50 Starting recorder
[Info   :Zeepkist Bingo] [BINGO] === PLAYER SPAWNED ===
[Info   :Zeepkist Bingo] [BINGO] IsInActiveSession: False
[Info   :Zeepkist Bingo] [BINGO] Not in active session, skipping timer reset
[Info   :Zeepkist GTR] 18:22:53 Stopping existing recorder if any
[Info   :Zeepkist GTR] 18:22:53 Creating new recorder
[Info   :Zeepkist GTR] 18:22:53 Start processing HTTP request "POST" https://graphql.zeepki.st/
[Info   :Zeepkist GTR] 18:22:53 Sending HTTP request "POST" https://graphql.zeepki.st/
[Info   :Zeepkist GTR] 18:22:53 Start processing HTTP request "POST" https://graphql.zeepki.st/
[Info   :Zeepkist GTR] 18:22:53 Sending HTTP request "POST" https://graphql.zeepki.st/
[Info   :Zeepkist GTR] 18:22:53 Received HTTP response headers after 196.7316ms - 200
[Info   :Zeepkist GTR] 18:22:53 End processing HTTP request after 196.9576ms - 200
[Info   :Zeepkist GTR] 18:22:53 Received HTTP response headers after 199.7918ms - 200
[Info   :Zeepkist GTR] 18:22:53 End processing HTTP request after 200.0024ms - 200
[Info   :Zeepkist GTR] 18:22:53 Start processing HTTP request "POST" https://graphql.zeepki.st/
[Info   :Zeepkist GTR] 18:22:53 Sending HTTP request "POST" https://graphql.zeepki.st/
[Info   :Zeepkist GTR] 18:22:53 Received HTTP response headers after 210.9722ms - 200
[Info   :Zeepkist GTR] 18:22:53 End processing HTTP request after 211.2252ms - 200
[Info   :Zeepkist GTR] 18:22:55 Starting recorder
[Info   :RoundLeaderboardTab] Drawing leaderboard -> forwarding to Instance.DrawTabLeaderboard()
[Info   :Zeepkist Bingo] [BINGO] === PLAYER SPAWNED ===
[Info   :Zeepkist Bingo] [BINGO] IsInActiveSession: False
[Info   :Zeepkist Bingo] [BINGO] Not in active session, skipping timer reset
[Info   :Zeepkist GTR] 18:23:18 Stopping existing recorder if any
[Info   :Zeepkist GTR] 18:23:18 Creating new recorder
[Info   :Zeepkist GTR] 18:23:18 Start processing HTTP request "POST" https://graphql.zeepki.st/
[Info   :Zeepkist GTR] 18:23:18 Sending HTTP request "POST" https://graphql.zeepki.st/
[Info   :Zeepkist GTR] 18:23:18 Start processing HTTP request "POST" https://graphql.zeepki.st/
[Info   :Zeepkist GTR] 18:23:18 Sending HTTP request "POST" https://graphql.zeepki.st/
[Info   :Zeepkist GTR] 18:23:18 Received HTTP response headers after 195.913ms - 200
[Info   :Zeepkist GTR] 18:23:18 End processing HTTP request after 196.2716ms - 200
[Info   :Zeepkist GTR] 18:23:18 Received HTTP response headers after 201.3464ms - 200
[Info   :Zeepkist GTR] 18:23:18 End processing HTTP request after 201.6085ms - 200
[Info   :Zeepkist GTR] 18:23:18 Start processing HTTP request "POST" https://graphql.zeepki.st/
[Info   :Zeepkist GTR] 18:23:18 Sending HTTP request "POST" https://graphql.zeepki.st/
[Info   :Zeepkist GTR] 18:23:18 Received HTTP response headers after 199.4747ms - 200
[Info   :Zeepkist GTR] 18:23:18 End processing HTTP request after 199.7749ms - 200
[Info   :Zeepkist GTR] 18:23:20 Starting recorder
[Info   :Zeepkist Bingo] [BINGO] === PLAYER SPAWNED ===
[Info   :Zeepkist Bingo] [BINGO] IsInActiveSession: False
[Info   :Zeepkist Bingo] [BINGO] Not in active session, skipping timer reset
[Info   :Zeepkist GTR] 18:23:51 Stopping existing recorder if any
[Info   :Zeepkist GTR] 18:23:51 Creating new recorder
[Info   :Zeepkist GTR] 18:23:51 Start processing HTTP request "POST" https://graphql.zeepki.st/
[Info   :Zeepkist GTR] 18:23:51 Sending HTTP request "POST" https://graphql.zeepki.st/
[Info   :Zeepkist GTR] 18:23:51 Start processing HTTP request "POST" https://graphql.zeepki.st/
[Info   :Zeepkist GTR] 18:23:51 Sending HTTP request "POST" https://graphql.zeepki.st/
[Info   :Zeepkist GTR] 18:23:52 Received HTTP response headers after 348.5632ms - 200
[Info   :Zeepkist GTR] 18:23:52 End processing HTTP request after 348.7922ms - 200
[Info   :Zeepkist GTR] 18:23:52 Received HTTP response headers after 369.5853ms - 200
[Info   :Zeepkist GTR] 18:23:52 End processing HTTP request after 369.8656ms - 200
[Info   :Zeepkist GTR] 18:23:52 Start processing HTTP request "POST" https://graphql.zeepki.st/
[Info   :Zeepkist GTR] 18:23:52 Sending HTTP request "POST" https://graphql.zeepki.st/
[Info   :Zeepkist GTR] 18:23:52 Received HTTP response headers after 194.7284ms - 200
[Info   :Zeepkist GTR] 18:23:52 End processing HTTP request after 194.9812ms - 200
[Info   :Zeepkist GTR] 18:23:53 Starting recorder
[Info   :Zeepkist Bingo] [BINGO] === PLAYER SPAWNED ===
[Info   :Zeepkist Bingo] [BINGO] IsInActiveSession: False
[Info   :Zeepkist Bingo] [BINGO] Not in active session, skipping timer reset
[Info   :Zeepkist GTR] 18:23:55 Stopping existing recorder if any
[Info   :Zeepkist GTR] 18:23:55 Creating new recorder
[Info   :Zeepkist GTR] 18:23:55 Start processing HTTP request "POST" https://graphql.zeepki.st/
[Info   :Zeepkist GTR] 18:23:55 Sending HTTP request "POST" https://graphql.zeepki.st/
[Info   :Zeepkist GTR] 18:23:55 Start processing HTTP request "POST" https://graphql.zeepki.st/
[Info   :Zeepkist GTR] 18:23:55 Sending HTTP request "POST" https://graphql.zeepki.st/
[Info   :Zeepkist GTR] 18:23:56 Received HTTP response headers after 193.4944ms - 200
[Info   :Zeepkist GTR] 18:23:56 End processing HTTP request after 193.7395ms - 200
[Info   :Zeepkist GTR] 18:23:56 Received HTTP response headers after 388.0507ms - 200
[Info   :Zeepkist GTR] 18:23:56 End processing HTTP request after 388.2791ms - 200
[Info   :Zeepkist GTR] 18:23:56 Start processing HTTP request "POST" https://graphql.zeepki.st/
[Info   :Zeepkist GTR] 18:23:56 Sending HTTP request "POST" https://graphql.zeepki.st/
[Info   :Zeepkist GTR] 18:23:56 Received HTTP response headers after 201.3069ms - 200
[Info   :Zeepkist GTR] 18:23:56 End processing HTTP request after 201.5524ms - 200
[Info   :Zeepkist GTR] 18:23:57 Starting recorder
[Info   :Zeepkist Bingo] [BINGO] === PLAYER SPAWNED ===
[Info   :Zeepkist Bingo] [BINGO] IsInActiveSession: False
[Info   :Zeepkist Bingo] [BINGO] Not in active session, skipping timer reset
[Info   :Zeepkist GTR] 18:24:00 Stopping existing recorder if any
[Info   :Zeepkist GTR] 18:24:00 Creating new recorder
[Info   :Zeepkist GTR] 18:24:00 Start processing HTTP request "POST" https://graphql.zeepki.st/
[Info   :Zeepkist GTR] 18:24:00 Sending HTTP request "POST" https://graphql.zeepki.st/
[Info   :Zeepkist GTR] 18:24:00 Start processing HTTP request "POST" https://graphql.zeepki.st/
[Info   :Zeepkist GTR] 18:24:00 Sending HTTP request "POST" https://graphql.zeepki.st/
[Info   :Zeepkist GTR] 18:24:00 Received HTTP response headers after 204.3557ms - 200
[Info   :Zeepkist GTR] 18:24:00 End processing HTTP request after 204.6139ms - 200
[Info   :Zeepkist GTR] 18:24:00 Received HTTP response headers after 229.9079ms - 200
[Info   :Zeepkist GTR] 18:24:00 End processing HTTP request after 230.1449ms - 200
[Info   :Zeepkist GTR] 18:24:01 Start processing HTTP request "POST" https://graphql.zeepki.st/
[Info   :Zeepkist GTR] 18:24:01 Sending HTTP request "POST" https://graphql.zeepki.st/
[Info   :Zeepkist GTR] 18:24:01 Received HTTP response headers after 227.505ms - 200
[Info   :Zeepkist GTR] 18:24:01 End processing HTTP request after 227.7599ms - 200
[Info   :Zeepkist GTR] 18:24:02 Starting recorder
[Info   :Zeepkist Bingo] [BINGO] === PLAYER SPAWNED ===
[Info   :Zeepkist Bingo] [BINGO] IsInActiveSession: False
[Info   :Zeepkist Bingo] [BINGO] Not in active session, skipping timer reset
[Info   :Zeepkist GTR] 18:24:05 Stopping existing recorder if any
[Info   :Zeepkist GTR] 18:24:05 Creating new recorder
[Info   :Zeepkist GTR] 18:24:05 Start processing HTTP request "POST" https://graphql.zeepki.st/
[Info   :Zeepkist GTR] 18:24:05 Sending HTTP request "POST" https://graphql.zeepki.st/
[Info   :Zeepkist GTR] 18:24:05 Start processing HTTP request "POST" https://graphql.zeepki.st/
[Info   :Zeepkist GTR] 18:24:05 Sending HTTP request "POST" https://graphql.zeepki.st/
[Info   :Zeepkist GTR] 18:24:05 Received HTTP response headers after 187.9925ms - 200
[Info   :Zeepkist GTR] 18:24:05 Received HTTP response headers after 188.6407ms - 200
[Info   :Zeepkist GTR] 18:24:05 End processing HTTP request after 188.2964ms - 200
[Info   :Zeepkist GTR] 18:24:05 End processing HTTP request after 188.8799ms - 200
[Info   :Zeepkist GTR] 18:24:05 Start processing HTTP request "POST" https://graphql.zeepki.st/
[Info   :Zeepkist GTR] 18:24:05 Sending HTTP request "POST" https://graphql.zeepki.st/
[Info   :Zeepkist GTR] 18:24:05 Received HTTP response headers after 206.6743ms - 200
[Info   :Zeepkist GTR] 18:24:05 End processing HTTP request after 206.9472ms - 200
[Info   :Zeepkist GTR] 18:24:06 Starting recorder
[Info   :Zeepkist Bingo] [BINGO] === PLAYER SPAWNED ===
[Info   :Zeepkist Bingo] [BINGO] IsInActiveSession: False
[Info   :Zeepkist Bingo] [BINGO] Not in active session, skipping timer reset
[Info   :Zeepkist GTR] 18:24:09 Stopping existing recorder if any
[Info   :Zeepkist GTR] 18:24:09 Creating new recorder
[Info   :Zeepkist GTR] 18:24:09 Start processing HTTP request "POST" https://graphql.zeepki.st/
[Info   :Zeepkist GTR] 18:24:09 Sending HTTP request "POST" https://graphql.zeepki.st/
[Info   :Zeepkist GTR] 18:24:09 Start processing HTTP request "POST" https://graphql.zeepki.st/
[Info   :Zeepkist GTR] 18:24:09 Sending HTTP request "POST" https://graphql.zeepki.st/
[Info   :Zeepkist GTR] 18:24:10 Received HTTP response headers after 206.1561ms - 200
[Info   :Zeepkist GTR] 18:24:10 End processing HTTP request after 206.5978ms - 200
[Info   :Zeepkist GTR] 18:24:10 Received HTTP response headers after 214.5504ms - 200
[Info   :Zeepkist GTR] 18:24:10 End processing HTTP request after 214.7795ms - 200
[Info   :Zeepkist GTR] 18:24:10 Start processing HTTP request "POST" https://graphql.zeepki.st/
[Info   :Zeepkist GTR] 18:24:10 Sending HTTP request "POST" https://graphql.zeepki.st/
[Info   :Zeepkist GTR] 18:24:10 Received HTTP response headers after 214.6327ms - 200
[Info   :Zeepkist GTR] 18:24:10 End processing HTTP request after 214.8995ms - 200
[Info   :RoundLeaderboardTab] Drawing leaderboard -> forwarding to Instance.DrawTabLeaderboard()
[Info   :Zeepkist GTR] 18:24:11 Discarding recorder
[Info   :Zeepkist GTR] 18:24:11 Starting recorder
[Error  :RecordingService] Unhandled exception in OnRoundStarted: System.Reflection.TargetInvocationException: Exception has been thrown by the target of an invocation. ---> System.NullReferenceException: Object reference not set to an instance of an object
  at TNRD.Zeepkist.GTR.Ghosting.Recording.RecordingService.OnRoundStarted () [0x00026] in D:\a\Zeepkist.GTR.Mod\Zeepkist.GTR.Mod\Ghosting\Recording\RecordingService.cs:68 
  at (wrapper managed-to-native) System.Reflection.RuntimeMethodInfo.InternalInvoke(System.Reflection.RuntimeMethodInfo,object,object[],System.Exception&)
  at System.Reflection.RuntimeMethodInfo.Invoke (System.Object obj, System.Reflection.BindingFlags invokeAttr, System.Reflection.Binder binder, System.Object[] parameters, System.Globalization.CultureInfo culture) [0x0006a] in <9aad1b3a47484d63ba2b3985692d80e9>:0 
   --- End of inner exception stack trace ---
  at System.Reflection.RuntimeMethodInfo.Invoke (System.Object obj, System.Reflection.BindingFlags invokeAttr, System.Reflection.Binder binder, System.Object[] parameters, System.Globalization.CultureInfo culture) [0x00083] in <9aad1b3a47484d63ba2b3985692d80e9>:0 
  at System.Reflection.MethodBase.Invoke (System.Object obj, System.Object[] parameters) [0x00000] in <9aad1b3a47484d63ba2b3985692d80e9>:0 
  at System.Delegate.DynamicInvokeImpl (System.Object[] args) [0x000e7] in <9aad1b3a47484d63ba2b3985692d80e9>:0 
  at System.MulticastDelegate.DynamicInvokeImpl (System.Object[] args) [0x00008] in <9aad1b3a47484d63ba2b3985692d80e9>:0 
  at System.Delegate.DynamicInvoke (System.Object[] args) [0x00000] in <9aad1b3a47484d63ba2b3985692d80e9>:0 
  at ZeepSDK.Extensions.DelegateExtensions.InvokeSafe (System.Delegate d, System.Object[] args) [0x00017] in D:\a\ZeepSDK\ZeepSDK\ZeepSDK\Extensions\DelegateExtensions.cs:22 
[Info   :Zeepkist Bingo] [BINGO] Level loaded
[Info   :Zeepkist GTR] 18:24:26 Start processing HTTP request "POST" https://backend.zeepki.st/level/request
[Info   :Zeepkist GTR] 18:24:26 Sending HTTP request "POST" https://backend.zeepki.st/level/request
[Info   :BetterSplits] getting gtr splits
[Info   :Zeepkist Bingo] [BINGO] === PLAYER SPAWNED ===
[Info   :Zeepkist Bingo] [BINGO] IsInActiveSession: False
[Info   :Zeepkist Bingo] [BINGO] Not in active session, skipping timer reset
[Info   :Zeepkist GTR] 18:24:26 Stopping existing recorder if any
[Info   :Zeepkist GTR] 18:24:26 Creating new recorder
[Info   :Zeepkist GTR] 18:24:26 Start processing HTTP request "POST" https://graphql.zeepki.st/
[Info   :Zeepkist GTR] 18:24:26 Sending HTTP request "POST" https://graphql.zeepki.st/
[Info   :Zeepkist GTR] 18:24:26 Start processing HTTP request "POST" https://graphql.zeepki.st/
[Info   :Zeepkist GTR] 18:24:26 Sending HTTP request "POST" https://graphql.zeepki.st/
[Info   :Zeepkist GTR] 18:24:26 Received HTTP response headers after 189.538ms - 200
[Info   :Zeepkist GTR] 18:24:26 End processing HTTP request after 189.8048ms - 200
[Info   :Zeepkist GTR] 18:24:26 Received HTTP response headers after 382.5241ms - 200
[Info   :Zeepkist GTR] 18:24:26 Received HTTP response headers after 196.7478ms - 200
[Info   :Zeepkist GTR] 18:24:26 End processing HTTP request after 382.8322ms - 200
[Info   :Zeepkist GTR] 18:24:26 End processing HTTP request after 197.0595ms - 200
[Info   :Zeepkist GTR] 18:24:26 Start processing HTTP request "POST" https://graphql.zeepki.st/
[Info   :Zeepkist GTR] 18:24:26 Sending HTTP request "POST" https://graphql.zeepki.st/
[Info   :BetterSplits] got gtr splits
[Info   :Zeepkist GTR] 18:24:27 Received HTTP response headers after 191.6331ms - 200
[Info   :Zeepkist GTR] 18:24:27 End processing HTTP request after 192.0562ms - 200
[Info   :Zeepkist GTR] 18:24:28 Starting recorder
[Info   :RoundLeaderboardTab] Drawing leaderboard -> forwarding to Instance.DrawTabLeaderboard()
[Info   :Zeepkist Bingo] [BINGO] === PLAYER SPAWNED ===
[Info   :Zeepkist Bingo] [BINGO] IsInActiveSession: False
[Info   :Zeepkist Bingo] [BINGO] Not in active session, skipping timer reset
[Info   :Zeepkist GTR] 18:25:41 Stopping existing recorder if any
[Info   :Zeepkist GTR] 18:25:41 Creating new recorder
[Info   :Zeepkist GTR] 18:25:41 Start processing HTTP request "POST" https://graphql.zeepki.st/
[Info   :Zeepkist GTR] 18:25:41 Sending HTTP request "POST" https://graphql.zeepki.st/
[Info   :Zeepkist GTR] 18:25:41 Start processing HTTP request "POST" https://graphql.zeepki.st/
[Info   :Zeepkist GTR] 18:25:41 Sending HTTP request "POST" https://graphql.zeepki.st/
[Info   :Zeepkist GTR] 18:25:41 Received HTTP response headers after 227.3831ms - 200
[Info   :Zeepkist GTR] 18:25:41 End processing HTTP request after 227.6161ms - 200
[Info   :Zeepkist GTR] 18:25:42 Received HTTP response headers after 366.175ms - 200
[Info   :Zeepkist GTR] 18:25:42 End processing HTTP request after 366.4474ms - 200
[Info   :Zeepkist GTR] 18:25:42 Start processing HTTP request "POST" https://graphql.zeepki.st/
[Info   :Zeepkist GTR] 18:25:42 Sending HTTP request "POST" https://graphql.zeepki.st/
[Info   :Zeepkist GTR] 18:25:42 Received HTTP response headers after 228.9393ms - 200
[Info   :Zeepkist GTR] 18:25:42 End processing HTTP request after 229.3209ms - 200
[Info   :Zeepkist GTR] 18:25:43 Starting recorder
[Info   :Zeepkist Bingo] [BINGO] === PLAYER SPAWNED ===
[Info   :Zeepkist Bingo] [BINGO] IsInActiveSession: False
[Info   :Zeepkist Bingo] [BINGO] Not in active session, skipping timer reset
[Info   :Zeepkist GTR] 18:25:48 Stopping existing recorder if any
[Info   :Zeepkist GTR] 18:25:48 Creating new recorder
[Info   :Zeepkist GTR] 18:25:48 Start processing HTTP request "POST" https://graphql.zeepki.st/
[Info   :Zeepkist GTR] 18:25:48 Sending HTTP request "POST" https://graphql.zeepki.st/
[Info   :Zeepkist GTR] 18:25:48 Start processing HTTP request "POST" https://graphql.zeepki.st/
[Info   :Zeepkist GTR] 18:25:48 Sending HTTP request "POST" https://graphql.zeepki.st/
[Info   :Zeepkist GTR] 18:25:49 Received HTTP response headers after 224.186ms - 200
[Info   :Zeepkist GTR] 18:25:49 End processing HTTP request after 224.4331ms - 200
[Info   :Zeepkist GTR] 18:25:49 Received HTTP response headers after 261.5818ms - 200
[Info   :Zeepkist GTR] 18:25:49 End processing HTTP request after 261.8614ms - 200
[Info   :Zeepkist GTR] 18:25:49 Start processing HTTP request "POST" https://graphql.zeepki.st/
[Info   :Zeepkist GTR] 18:25:49 Sending HTTP request "POST" https://graphql.zeepki.st/
[Info   :Zeepkist GTR] 18:25:50 Received HTTP response headers after 340.1595ms - 200
[Info   :Zeepkist GTR] 18:25:50 End processing HTTP request after 340.4382ms - 200
[Info   :Zeepkist GTR] 18:25:50 Starting recorder
[Info   :Zeepkist Bingo] [BINGO] === PLAYER SPAWNED ===
[Info   :Zeepkist Bingo] [BINGO] IsInActiveSession: False
[Info   :Zeepkist Bingo] [BINGO] Not in active session, skipping timer reset
[Info   :Zeepkist GTR] 18:26:16 Stopping existing recorder if any
[Info   :Zeepkist GTR] 18:26:16 Creating new recorder
[Info   :Zeepkist GTR] 18:26:16 Start processing HTTP request "POST" https://graphql.zeepki.st/
[Info   :Zeepkist GTR] 18:26:16 Sending HTTP request "POST" https://graphql.zeepki.st/
[Info   :Zeepkist GTR] 18:26:16 Start processing HTTP request "POST" https://graphql.zeepki.st/
[Info   :Zeepkist GTR] 18:26:16 Sending HTTP request "POST" https://graphql.zeepki.st/
[Info   :Zeepkist GTR] 18:26:17 Received HTTP response headers after 376.6849ms - 200
[Info   :Zeepkist GTR] 18:26:17 End processing HTTP request after 376.9804ms - 200
[Info   :Zeepkist GTR] 18:26:17 Received HTTP response headers after 407.5547ms - 200
[Info   :Zeepkist GTR] 18:26:17 End processing HTTP request after 407.7948ms - 200
[Info   :Zeepkist GTR] 18:26:17 Start processing HTTP request "POST" https://graphql.zeepki.st/
[Info   :Zeepkist GTR] 18:26:17 Sending HTTP request "POST" https://graphql.zeepki.st/
[Info   :Zeepkist GTR] 18:26:18 Received HTTP response headers after 211.6675ms - 200
[Info   :Zeepkist GTR] 18:26:18 End processing HTTP request after 211.9372ms - 200
[Info   :Zeepkist GTR] 18:26:18 Starting recorder
[Info   :Zeepkist Bingo] [BINGO] === PLAYER SPAWNED ===
[Info   :Zeepkist Bingo] [BINGO] IsInActiveSession: False
[Info   :Zeepkist Bingo] [BINGO] Not in active session, skipping timer reset
[Info   :Zeepkist GTR] 18:26:46 Stopping existing recorder if any
[Info   :Zeepkist GTR] 18:26:46 Creating new recorder
[Info   :Zeepkist GTR] 18:26:46 Start processing HTTP request "POST" https://graphql.zeepki.st/
[Info   :Zeepkist GTR] 18:26:46 Sending HTTP request "POST" https://graphql.zeepki.st/
[Info   :Zeepkist GTR] 18:26:46 Start processing HTTP request "POST" https://graphql.zeepki.st/
[Info   :Zeepkist GTR] 18:26:46 Sending HTTP request "POST" https://graphql.zeepki.st/
[Info   :Zeepkist GTR] 18:26:46 Received HTTP response headers after 213.2189ms - 200
[Info   :Zeepkist GTR] 18:26:46 End processing HTTP request after 213.4702ms - 200
[Info   :Zeepkist GTR] 18:26:46 Received HTTP response headers after 229.428ms - 200
[Info   :Zeepkist GTR] 18:26:46 End processing HTTP request after 229.6496ms - 200
[Info   :Zeepkist GTR] 18:26:46 Start processing HTTP request "POST" https://graphql.zeepki.st/
[Info   :Zeepkist GTR] 18:26:46 Sending HTTP request "POST" https://graphql.zeepki.st/
[Info   :Zeepkist GTR] 18:26:46 Received HTTP response headers after 223.3863ms - 200
[Info   :Zeepkist GTR] 18:26:46 End processing HTTP request after 223.648ms - 200
[Info   :Zeepkist GTR] 18:26:47 Starting recorder
[Info   :Zeepkist Bingo] [BINGO] === PLAYER SPAWNED ===
[Info   :Zeepkist Bingo] [BINGO] IsInActiveSession: False
[Info   :Zeepkist Bingo] [BINGO] Not in active session, skipping timer reset
[Info   :Zeepkist GTR] 18:27:40 Stopping existing recorder if any
[Info   :Zeepkist GTR] 18:27:40 Creating new recorder
[Info   :Zeepkist GTR] 18:27:40 Start processing HTTP request "POST" https://graphql.zeepki.st/
[Info   :Zeepkist GTR] 18:27:40 Sending HTTP request "POST" https://graphql.zeepki.st/
[Info   :Zeepkist GTR] 18:27:40 Start processing HTTP request "POST" https://graphql.zeepki.st/
[Info   :Zeepkist GTR] 18:27:40 Sending HTTP request "POST" https://graphql.zeepki.st/
[Info   :Zeepkist GTR] 18:27:40 Received HTTP response headers after 198.1639ms - 200
[Info   :Zeepkist GTR] 18:27:40 End processing HTTP request after 198.3891ms - 200
[Info   :Zeepkist GTR] 18:27:40 Received HTTP response headers after 198.9511ms - 200
[Info   :Zeepkist GTR] 18:27:40 End processing HTTP request after 199.1992ms - 200
[Info   :Zeepkist GTR] 18:27:40 Start processing HTTP request "POST" https://graphql.zeepki.st/
[Info   :Zeepkist GTR] 18:27:40 Sending HTTP request "POST" https://graphql.zeepki.st/
[Info   :Zeepkist GTR] 18:27:40 Received HTTP response headers after 201.8621ms - 200
[Info   :Zeepkist GTR] 18:27:40 End processing HTTP request after 202.1326ms - 200
[Info   :Zeepkist GTR] 18:27:41 Starting recorder
[Info   :Zeepkist Bingo] [BINGO] === PLAYER SPAWNED ===
[Info   :Zeepkist Bingo] [BINGO] IsInActiveSession: False
[Info   :Zeepkist Bingo] [BINGO] Not in active session, skipping timer reset
[Info   :Zeepkist GTR] 18:28:07 Stopping existing recorder if any
[Info   :Zeepkist GTR] 18:28:07 Creating new recorder
[Info   :Zeepkist GTR] 18:28:07 Start processing HTTP request "POST" https://graphql.zeepki.st/
[Info   :Zeepkist GTR] 18:28:07 Sending HTTP request "POST" https://graphql.zeepki.st/
[Info   :Zeepkist GTR] 18:28:07 Start processing HTTP request "POST" https://graphql.zeepki.st/
[Info   :Zeepkist GTR] 18:28:07 Sending HTTP request "POST" https://graphql.zeepki.st/
[Info   :Zeepkist GTR] 18:28:07 Received HTTP response headers after 189.3755ms - 200
[Info   :Zeepkist GTR] 18:28:07 End processing HTTP request after 189.6006ms - 200
[Info   :Zeepkist GTR] 18:28:07 Received HTTP response headers after 210.9412ms - 200
[Info   :Zeepkist GTR] 18:28:07 End processing HTTP request after 211.186ms - 200
[Info   :Zeepkist GTR] 18:28:07 Start processing HTTP request "POST" https://graphql.zeepki.st/
[Info   :Zeepkist GTR] 18:28:07 Sending HTTP request "POST" https://graphql.zeepki.st/
[Info   :Zeepkist GTR] 18:28:08 Received HTTP response headers after 184.3439ms - 200
[Info   :Zeepkist GTR] 18:28:08 End processing HTTP request after 184.6696ms - 200
[Info   :Zeepkist GTR] 18:28:09 Starting recorder
[Info   :Zeepkist GTR] 18:29:00 Stopping recorder
[Info   :Zeepkist GTR] 18:29:00 Collecting extra information
[Info   :Zeepkist GTR] 18:29:00 Resolved workshop ID "3413867142" from lobby 3413867142 and level 0
[Info   :Zeepkist GTR] 18:29:00 Processing ghost data
[Info   :Zeepkist GTR] 18:29:00 Creating stream
[Info   :Zeepkist GTR] 18:29:00 Writing to stream
[Info   :Zeepkist GTR] 18:29:00 Converting to base64
[Info   :Zeepkist GTR] 18:29:00 Creating resource
[Info   :Zeepkist GTR] 18:29:00 Start processing HTTP request "POST" https://backend.zeepki.st/auth/refresh
[Info   :Zeepkist GTR] 18:29:00 Sending HTTP request "POST" https://backend.zeepki.st/auth/refresh
[Info   :Zeepkist GTR] 18:29:01 Received HTTP response headers after 784.1333ms - 200
[Info   :Zeepkist GTR] 18:29:01 End processing HTTP request after 784.383ms - 200
[Info   :Zeepkist GTR] 18:29:01 Start processing HTTP request "POST" https://backend.zeepki.st/record/submit
[Info   :Zeepkist GTR] 18:29:01 Sending HTTP request "POST" https://backend.zeepki.st/record/submit
[Info   :Zeepkist Bingo] [BINGO] === PLAYER SPAWNED ===
[Info   :Zeepkist Bingo] [BINGO] IsInActiveSession: False
[Info   :Zeepkist Bingo] [BINGO] Not in active session, skipping timer reset
[Info   :Zeepkist GTR] 18:29:02 Stopping existing recorder if any
[Info   :Zeepkist GTR] 18:29:02 Creating new recorder
[Info   :Zeepkist GTR] 18:29:02 Start processing HTTP request "POST" https://graphql.zeepki.st/
[Info   :Zeepkist GTR] 18:29:02 Sending HTTP request "POST" https://graphql.zeepki.st/
[Info   :Zeepkist GTR] 18:29:02 Start processing HTTP request "POST" https://graphql.zeepki.st/
[Info   :Zeepkist GTR] 18:29:02 Sending HTTP request "POST" https://graphql.zeepki.st/
[Info   :Zeepkist GTR] 18:29:02 Received HTTP response headers after 1085.7069ms - 200
[Info   :Zeepkist GTR] 18:29:02 End processing HTTP request after 1086.0275ms - 200
[Info   :Zeepkist GTR] 18:29:02 Received HTTP response headers after 478.2447ms - 200
[Info   :Zeepkist GTR] 18:29:02 End processing HTTP request after 478.5284ms - 200
[Info   :Zeepkist GTR] 18:29:02 Received HTTP response headers after 479.1653ms - 200
[Info   :Zeepkist GTR] 18:29:02 End processing HTTP request after 479.4368ms - 200
[Info   :Zeepkist GTR] 18:29:02 Start processing HTTP request "POST" https://graphql.zeepki.st/
[Info   :Zeepkist GTR] 18:29:02 Sending HTTP request "POST" https://graphql.zeepki.st/
[Info   :Zeepkist GTR] 18:29:03 Received HTTP response headers after 618.5286ms - 200
[Info   :Zeepkist GTR] 18:29:03 End processing HTTP request after 618.7863ms - 200
[Info   :Zeepkist GTR] 18:29:03 Starting recorder
[Info   :Zeepkist GTR] 18:29:24 Discarding recorder
[Info   :RoundLeaderboardTab] Drawing leaderboard -> forwarding to Instance.DrawTabLeaderboard()
[Info   :Zeepkist Bingo] [BINGO] Level loaded
[Info   :Zeepkist GTR] 18:29:39 Start processing HTTP request "POST" https://backend.zeepki.st/level/request
[Info   :Zeepkist GTR] 18:29:39 Sending HTTP request "POST" https://backend.zeepki.st/level/request
[Info   :BetterSplits] getting gtr splits
[Info   :Zeepkist Bingo] [BINGO] === PLAYER SPAWNED ===
[Info   :Zeepkist Bingo] [BINGO] IsInActiveSession: False
[Info   :Zeepkist Bingo] [BINGO] Not in active session, skipping timer reset
[Info   :Zeepkist GTR] 18:29:39 Stopping existing recorder if any
[Info   :Zeepkist GTR] 18:29:39 Creating new recorder
[Info   :Zeepkist GTR] 18:29:39 Start processing HTTP request "POST" https://graphql.zeepki.st/
[Info   :Zeepkist GTR] 18:29:39 Sending HTTP request "POST" https://graphql.zeepki.st/
[Info   :Zeepkist GTR] 18:29:39 Start processing HTTP request "POST" https://graphql.zeepki.st/
[Info   :Zeepkist GTR] 18:29:39 Sending HTTP request "POST" https://graphql.zeepki.st/
[Info   :Zeepkist GTR] 18:29:39 Received HTTP response headers after 221.1417ms - 200
[Info   :Zeepkist GTR] 18:29:39 End processing HTTP request after 221.4494ms - 200
[Info   :Zeepkist GTR] 18:29:39 Received HTTP response headers after 199.6799ms - 200
[Info   :Zeepkist GTR] 18:29:39 End processing HTTP request after 199.9986ms - 200
[Info   :Zeepkist GTR] 18:29:39 Received HTTP response headers after 209.2533ms - 200
[Info   :Zeepkist GTR] 18:29:39 End processing HTTP request after 209.5393ms - 200
[Info   :Zeepkist GTR] 18:29:39 Start processing HTTP request "POST" https://graphql.zeepki.st/
[Info   :Zeepkist GTR] 18:29:39 Sending HTTP request "POST" https://graphql.zeepki.st/
[Info   :BetterSplits] got gtr splits
[Info   :Zeepkist GTR] 18:29:39 Received HTTP response headers after 204.1594ms - 200
[Info   :Zeepkist GTR] 18:29:39 End processing HTTP request after 204.5174ms - 200
[Info   :Zeepkist GTR] 18:29:41 Starting recorder
[Info   :Zeepkist Bingo] [CHAT] Intercepted message: should i just skip to the map rn?
[Info   :Zeepkist Bingo] [CHAT] Not relaying - no bingo session
[Info   :RoundLeaderboardTab] Drawing leaderboard -> forwarding to Instance.DrawTabLeaderboard()
[Info   :Zeepkist Bingo] [CHAT] Intercepted message: ok
[Info   :Zeepkist Bingo] [CHAT] Not relaying - no bingo session
[Info   :RoundLeaderboardTab] Drawing leaderboard -> forwarding to Instance.DrawTabLeaderboard()
[Info   :RoundLeaderboardTab] Drawing leaderboard -> forwarding to Instance.DrawTabLeaderboard()
[Info   :Zeepkist Bingo] [BINGO] === PLAYER SPAWNED ===
[Info   :Zeepkist Bingo] [BINGO] IsInActiveSession: False
[Info   :Zeepkist Bingo] [BINGO] Not in active session, skipping timer reset
[Info   :Zeepkist GTR] 18:31:59 Stopping existing recorder if any
[Info   :Zeepkist GTR] 18:31:59 Creating new recorder
[Info   :Zeepkist GTR] 18:31:59 Start processing HTTP request "POST" https://graphql.zeepki.st/
[Info   :Zeepkist GTR] 18:31:59 Sending HTTP request "POST" https://graphql.zeepki.st/
[Info   :Zeepkist GTR] 18:31:59 Start processing HTTP request "POST" https://graphql.zeepki.st/
[Info   :Zeepkist GTR] 18:31:59 Sending HTTP request "POST" https://graphql.zeepki.st/
[Info   :Zeepkist GTR] 18:32:00 Received HTTP response headers after 351.6761ms - 200
[Info   :Zeepkist GTR] 18:32:00 End processing HTTP request after 351.9291ms - 200
[Info   :Zeepkist GTR] 18:32:00 Received HTTP response headers after 355.1237ms - 200
[Info   :Zeepkist GTR] 18:32:00 End processing HTTP request after 355.3921ms - 200
[Info   :Zeepkist GTR] 18:32:00 Start processing HTTP request "POST" https://graphql.zeepki.st/
[Info   :Zeepkist GTR] 18:32:00 Sending HTTP request "POST" https://graphql.zeepki.st/
[Info   :Zeepkist GTR] 18:32:00 Received HTTP response headers after 193.7311ms - 200
[Info   :Zeepkist GTR] 18:32:00 End processing HTTP request after 194.0085ms - 200
[Info   :Zeepkist GTR] 18:32:01 Starting recorder
[Info   :RoundLeaderboardTab] Drawing leaderboard -> forwarding to Instance.DrawTabLeaderboard()
[Info   :Zeepkist Bingo] [BINGO] === PLAYER SPAWNED ===
[Info   :Zeepkist Bingo] [BINGO] IsInActiveSession: False
[Info   :Zeepkist Bingo] [BINGO] Not in active session, skipping timer reset
[Info   :Zeepkist GTR] 18:32:47 Stopping existing recorder if any
[Info   :Zeepkist GTR] 18:32:47 Creating new recorder
[Info   :Zeepkist GTR] 18:32:47 Start processing HTTP request "POST" https://graphql.zeepki.st/
[Info   :Zeepkist GTR] 18:32:47 Sending HTTP request "POST" https://graphql.zeepki.st/
[Info   :Zeepkist GTR] 18:32:47 Start processing HTTP request "POST" https://graphql.zeepki.st/
[Info   :Zeepkist GTR] 18:32:47 Sending HTTP request "POST" https://graphql.zeepki.st/
[Info   :Zeepkist GTR] 18:32:47 Received HTTP response headers after 190.2964ms - 200
[Info   :Zeepkist GTR] 18:32:47 Received HTTP response headers after 190.9254ms - 200
[Info   :Zeepkist GTR] 18:32:47 End processing HTTP request after 190.5449ms - 200
[Info   :Zeepkist GTR] 18:32:47 End processing HTTP request after 191.1624ms - 200
[Info   :Zeepkist GTR] 18:32:47 Start processing HTTP request "POST" https://graphql.zeepki.st/
[Info   :Zeepkist GTR] 18:32:47 Sending HTTP request "POST" https://graphql.zeepki.st/
[Info   :Zeepkist GTR] 18:32:47 Received HTTP response headers after 196.7731ms - 200
[Info   :Zeepkist GTR] 18:32:47 End processing HTTP request after 197.0926ms - 200
[Info   :Zeepkist GTR] 18:32:48 Starting recorder
[Info   :Zeepkist Bingo] [CHAT] Intercepted message: hi
[Info   :Zeepkist Bingo] [CHAT] Not relaying - no bingo session
[Info   :RoundLeaderboardTab] Drawing leaderboard -> forwarding to Instance.DrawTabLeaderboard()
[Info   :Zeepkist Bingo] [BINGO] === PLAYER SPAWNED ===
[Info   :Zeepkist Bingo] [BINGO] IsInActiveSession: False
[Info   :Zeepkist Bingo] [BINGO] Not in active session, skipping timer reset
[Info   :Zeepkist GTR] 18:32:52 Stopping existing recorder if any
[Info   :Zeepkist GTR] 18:32:52 Creating new recorder
[Info   :Zeepkist GTR] 18:32:52 Start processing HTTP request "POST" https://graphql.zeepki.st/
[Info   :Zeepkist GTR] 18:32:52 Sending HTTP request "POST" https://graphql.zeepki.st/
[Info   :Zeepkist GTR] 18:32:52 Start processing HTTP request "POST" https://graphql.zeepki.st/
[Info   :Zeepkist GTR] 18:32:52 Sending HTTP request "POST" https://graphql.zeepki.st/
[Info   :Zeepkist GTR] 18:32:52 Received HTTP response headers after 199.583ms - 200
[Info   :Zeepkist GTR] 18:32:52 End processing HTTP request after 199.8794ms - 200
[Info   :Zeepkist GTR] 18:32:53 Received HTTP response headers after 723.5507ms - 200
[Info   :Zeepkist GTR] 18:32:53 End processing HTTP request after 723.7962ms - 200
[Info   :Zeepkist GTR] 18:32:53 Start processing HTTP request "POST" https://graphql.zeepki.st/
[Info   :Zeepkist GTR] 18:32:53 Sending HTTP request "POST" https://graphql.zeepki.st/
[Info   :Zeepkist GTR] 18:32:53 Received HTTP response headers after 202.1944ms - 200
[Info   :Zeepkist GTR] 18:32:53 End processing HTTP request after 202.5161ms - 200
[Info   :Zeepkist GTR] 18:32:54 Starting recorder
[Info   :Zeepkist Bingo] [BINGO] === PLAYER SPAWNED ===
[Info   :Zeepkist Bingo] [BINGO] IsInActiveSession: False
[Info   :Zeepkist Bingo] [BINGO] Not in active session, skipping timer reset
[Info   :Zeepkist GTR] 18:33:00 Stopping existing recorder if any
[Info   :Zeepkist GTR] 18:33:00 Creating new recorder
[Info   :Zeepkist GTR] 18:33:00 Start processing HTTP request "POST" https://graphql.zeepki.st/
[Info   :Zeepkist GTR] 18:33:00 Sending HTTP request "POST" https://graphql.zeepki.st/
[Info   :Zeepkist GTR] 18:33:00 Start processing HTTP request "POST" https://graphql.zeepki.st/
[Info   :Zeepkist GTR] 18:33:00 Sending HTTP request "POST" https://graphql.zeepki.st/
[Info   :Zeepkist GTR] 18:33:01 Received HTTP response headers after 219.536ms - 200
[Info   :Zeepkist GTR] 18:33:01 Received HTTP response headers after 218.8852ms - 200
[Info   :Zeepkist GTR] 18:33:01 End processing HTTP request after 219.7924ms - 200
[Info   :Zeepkist GTR] 18:33:01 End processing HTTP request after 219.1082ms - 200
[Info   :Zeepkist GTR] 18:33:01 Start processing HTTP request "POST" https://graphql.zeepki.st/
[Info   :Zeepkist GTR] 18:33:01 Sending HTTP request "POST" https://graphql.zeepki.st/
[Info   :Zeepkist GTR] 18:33:01 Received HTTP response headers after 230.3498ms - 200
[Info   :Zeepkist GTR] 18:33:01 End processing HTTP request after 230.6212ms - 200
[Info   :Zeepkist GTR] 18:33:02 Starting recorder
[Info   :Zeepkist Bingo] [CHAT] Intercepted message: ik
[Info   :Zeepkist Bingo] [CHAT] Not relaying - no bingo session
[Info   :Zeepkist GTR] 18:33:54 Stopping recorder
[Info   :Zeepkist GTR] 18:33:54 Collecting extra information
[Info   :Zeepkist GTR] 18:33:54 Resolved workshop ID "3766716590" from lobby 3766716590 and level 0
[Info   :Zeepkist GTR] 18:33:54 Processing ghost data
[Info   :Zeepkist GTR] 18:33:54 Creating stream
[Info   :Zeepkist GTR] 18:33:54 Writing to stream
[Info   :Zeepkist GTR] 18:33:55 Converting to base64
[Info   :Zeepkist GTR] 18:33:55 Creating resource
[Info   :Zeepkist GTR] 18:33:55 Start processing HTTP request "POST" https://backend.zeepki.st/record/submit
[Info   :Zeepkist GTR] 18:33:55 Sending HTTP request "POST" https://backend.zeepki.st/record/submit
[Info   :Zeepkist Bingo] [BINGO] === PLAYER SPAWNED ===
[Info   :Zeepkist Bingo] [BINGO] IsInActiveSession: False
[Info   :Zeepkist Bingo] [BINGO] Not in active session, skipping timer reset
[Info   :Zeepkist GTR] 18:33:57 Stopping existing recorder if any
[Info   :Zeepkist GTR] 18:33:57 Creating new recorder
[Info   :Zeepkist GTR] 18:33:57 Start processing HTTP request "POST" https://graphql.zeepki.st/
[Info   :Zeepkist GTR] 18:33:57 Sending HTTP request "POST" https://graphql.zeepki.st/
[Info   :Zeepkist GTR] 18:33:57 Start processing HTTP request "POST" https://graphql.zeepki.st/
[Info   :Zeepkist GTR] 18:33:57 Sending HTTP request "POST" https://graphql.zeepki.st/
[Info   :Zeepkist GTR] 18:33:57 Received HTTP response headers after 338.0922ms - 200
[Info   :Zeepkist GTR] 18:33:57 End processing HTTP request after 338.3459ms - 200
[Info   :Zeepkist GTR] 18:33:57 Received HTTP response headers after 373.3005ms - 200
[Info   :Zeepkist GTR] 18:33:57 End processing HTTP request after 373.5326ms - 200
[Info   :Zeepkist GTR] 18:33:57 Start processing HTTP request "POST" https://graphql.zeepki.st/
[Info   :Zeepkist GTR] 18:33:57 Sending HTTP request "POST" https://graphql.zeepki.st/
[Info   :Zeepkist GTR] 18:33:57 Received HTTP response headers after 2541.4434ms - 200
[Info   :Zeepkist GTR] 18:33:57 End processing HTTP request after 2541.7044ms - 200
[Info   :Zeepkist GTR] 18:33:58 Received HTTP response headers after 212.2763ms - 200
[Info   :Zeepkist GTR] 18:33:58 End processing HTTP request after 212.5437ms - 200
[Info   :Zeepkist GTR] 18:33:59 Starting recorder
[Info   :RoundLeaderboardTab] Drawing leaderboard -> forwarding to Instance.DrawTabLeaderboard()
[Info   :Zeepkist Bingo] [BINGO] === PLAYER SPAWNED ===
[Info   :Zeepkist Bingo] [BINGO] IsInActiveSession: False
[Info   :Zeepkist Bingo] [BINGO] Not in active session, skipping timer reset
[Info   :Zeepkist GTR] 18:34:30 Stopping existing recorder if any
[Info   :Zeepkist GTR] 18:34:30 Creating new recorder
[Info   :Zeepkist GTR] 18:34:30 Start processing HTTP request "POST" https://graphql.zeepki.st/
[Info   :Zeepkist GTR] 18:34:30 Sending HTTP request "POST" https://graphql.zeepki.st/
[Info   :Zeepkist GTR] 18:34:30 Start processing HTTP request "POST" https://graphql.zeepki.st/
[Info   :Zeepkist GTR] 18:34:30 Sending HTTP request "POST" https://graphql.zeepki.st/
[Info   :Zeepkist GTR] 18:34:30 Received HTTP response headers after 381.5201ms - 200
[Info   :Zeepkist GTR] 18:34:30 Received HTTP response headers after 380.636ms - 200
[Info   :Zeepkist GTR] 18:34:30 End processing HTTP request after 381.7927ms - 200
[Info   :Zeepkist GTR] 18:34:30 End processing HTTP request after 380.9492ms - 200
[Info   :Zeepkist GTR] 18:34:31 Start processing HTTP request "POST" https://graphql.zeepki.st/
[Info   :Zeepkist GTR] 18:34:31 Sending HTTP request "POST" https://graphql.zeepki.st/
[Info   :Zeepkist GTR] 18:34:31 Received HTTP response headers after 184.5424ms - 200
[Info   :Zeepkist GTR] 18:34:31 End processing HTTP request after 184.8427ms - 200
[Info   :Zeepkist GTR] 18:34:32 Starting recorder
[Info   :Zeepkist GTR] 18:34:37 Discarding recorder
[Info   :   Console] Download started for AppId: 1440670, FileId: 3799906829, Result: OK
[Info   :RoundLeaderboardTab] Drawing leaderboard -> forwarding to Instance.DrawTabLeaderboard()
[Info   :Zeepkist Bingo] [BINGO] Level loaded
[Info   :Zeepkist GTR] 18:34:51 Start processing HTTP request "POST" https://backend.zeepki.st/level/request
[Info   :Zeepkist GTR] 18:34:51 Sending HTTP request "POST" https://backend.zeepki.st/level/request
[Info   :BetterSplits] getting gtr splits
[Info   :Zeepkist Bingo] [BINGO] === PLAYER SPAWNED ===
[Info   :Zeepkist Bingo] [BINGO] IsInActiveSession: False
[Info   :Zeepkist Bingo] [BINGO] Not in active session, skipping timer reset
[Info   :Zeepkist GTR] 18:34:52 Stopping existing recorder if any
[Info   :Zeepkist GTR] 18:34:52 Creating new recorder
[Info   :Zeepkist GTR] 18:34:52 Start processing HTTP request "POST" https://graphql.zeepki.st/
[Info   :Zeepkist GTR] 18:34:52 Sending HTTP request "POST" https://graphql.zeepki.st/
[Info   :Zeepkist GTR] 18:34:52 Start processing HTTP request "POST" https://graphql.zeepki.st/
[Info   :Zeepkist GTR] 18:34:52 Sending HTTP request "POST" https://graphql.zeepki.st/
[Info   :Zeepkist GTR] 18:34:52 Received HTTP response headers after 227.6103ms - 200
[Info   :Zeepkist GTR] 18:34:52 End processing HTTP request after 228.002ms - 200
[Info   :Zeepkist GTR] 18:34:52 Received HTTP response headers after 178.3413ms - 200
[Info   :Zeepkist GTR] 18:34:52 End processing HTTP request after 178.6991ms - 200
[Info   :BetterSplits] no record set
[Error  :BetterSplits] error parsing gtr response: System.MissingMethodException: Method not found: void .ZeepsystemMessenger.Log(string,single)
  at BetterSplits.Plugin.GetGtrSplitsInternal () [0x005f0] in <76d2578b548646f9b10aff6f9bb7fcfe>:0 
[Error  :BetterSplits] the response was StatusCode: 200, ReasonPhrase: 'OK', Version: 1.1, Content: System.Net.Http.StreamContent, Headers:
{
Date: Fri, 11 Sep 2026 23:34:53 GMT
Connection: keep-alive
access-control-allow-credentials: true
access-control-allow-headers: host, content-length, accept-encoding, content-type, via, cdn-loop, cf-connecting-ip, cf-ipcountry, cf-pseudo-ipv4, cf-ray, cf-visitor, x-forwarded-for, x-forwarded-host, x-forwarded-proto
access-control-allow-methods: POST
access-control-allow-origin: *
access-control-expose-headers: host, content-length, accept-encoding, content-type, via, cdn-loop, cf-connecting-ip, cf-ipcountry, cf-pseudo-ipv4, cf-ray, cf-visitor, x-forwarded-for, x-forwarded-host, x-forwarded-proto
alt-svc: h3=":443"; ma=86400
vary: *
x-query-cost: 74
cf-cache-status: DYNAMIC
Strict-Transport-Security: max-age=31536000; includeSubDomains; preload
x-content-type-options: nosniff
Server-Timing: cfCacheStatus;desc="DYNAMIC", cfEdge;dur=20,cfOrigin;dur=150
Report-To: {"group":"cf-nel","max_age":604800,"endpoints":[{"url":"https://a.nel.cloudflare.com/report/v4?s=DDVTra5%2Fg5s%2B9wYkPnN8Os%2FZyj7XdAwPbP1Ey56yt2FmBlask0y%2BZvGyoUY8uH0MJ2IMrEVMRhPnGDappZt5F8B5qHS0mRcenjfr1ZWGFz1tPZtRtkhCQCCn8EC8uoNl4qsed0PHdzYEDGT2V5zCyg%3D%3D"}]}
Nel: {"report_to":"cf-nel","success_fraction":0.0,"max_age":604800}
expect-ct: max-age=86400, enforce
referrer-policy: same-origin
x-frame-options: SAMEORIGIN
x-xss-protection: 1; mode=block
Server: cloudflare
CF-RAY: a39a7c555bb81249-ORD
Content-Type: application/graphql-response+json; charset=utf-8
Content-Length: 45
}
[Error  :BetterSplits] response body: {"data":{"personalBestGlobals":{"nodes":[]}}}
[Info   :Zeepkist GTR] 18:34:52 Received HTTP response headers after 334.5273ms - 200
[Info   :Zeepkist GTR] 18:34:52 End processing HTTP request after 334.8137ms - 200
[Info   :Zeepkist GTR] 18:34:53 Starting recorder
[Info   :Zeepkist GTR] 18:34:53 Starting recorder
[Info   :Zeepkist Bingo] [BINGO] === PLAYER SPAWNED ===
[Info   :Zeepkist Bingo] [BINGO] IsInActiveSession: False
[Info   :Zeepkist Bingo] [BINGO] Not in active session, skipping timer reset
[Info   :Zeepkist GTR] 18:34:55 Stopping existing recorder if any
[Info   :Zeepkist GTR] 18:34:55 Creating new recorder
[Info   :Zeepkist GTR] 18:34:55 Start processing HTTP request "POST" https://graphql.zeepki.st/
[Info   :Zeepkist GTR] 18:34:55 Sending HTTP request "POST" https://graphql.zeepki.st/
[Info   :Zeepkist GTR] 18:34:55 Start processing HTTP request "POST" https://graphql.zeepki.st/
[Info   :Zeepkist GTR] 18:34:55 Sending HTTP request "POST" https://graphql.zeepki.st/
[Info   :Zeepkist GTR] 18:34:55 Received HTTP response headers after 182.732ms - 200
[Info   :Zeepkist GTR] 18:34:55 End processing HTTP request after 183.0161ms - 200
[Info   :Zeepkist GTR] 18:34:55 Received HTTP response headers after 207.3101ms - 200
[Info   :Zeepkist GTR] 18:34:55 End processing HTTP request after 207.5524ms - 200
[Info   :Zeepkist GTR] 18:34:57 Starting recorder
[Info   :Zeepkist GTR] 18:34:57 Starting recorder
[Info   :RoundLeaderboardTab] Drawing leaderboard -> forwarding to Instance.DrawTabLeaderboard()
[Info   :Zeepkist Bingo] [BINGO] === PLAYER SPAWNED ===
[Info   :Zeepkist Bingo] [BINGO] IsInActiveSession: False
[Info   :Zeepkist Bingo] [BINGO] Not in active session, skipping timer reset
[Info   :Zeepkist GTR] 18:35:19 Stopping existing recorder if any
[Info   :Zeepkist GTR] 18:35:19 Creating new recorder
[Info   :Zeepkist GTR] 18:35:19 Start processing HTTP request "POST" https://graphql.zeepki.st/
[Info   :Zeepkist GTR] 18:35:19 Sending HTTP request "POST" https://graphql.zeepki.st/
[Info   :Zeepkist GTR] 18:35:19 Start processing HTTP request "POST" https://graphql.zeepki.st/
[Info   :Zeepkist GTR] 18:35:19 Sending HTTP request "POST" https://graphql.zeepki.st/
[Info   :Zeepkist GTR] 18:35:19 Received HTTP response headers after 190.8746ms - 200
[Info   :Zeepkist GTR] 18:35:19 End processing HTTP request after 191.1595ms - 200
[Info   :Zeepkist GTR] 18:35:19 Received HTTP response headers after 211.5621ms - 200
[Info   :Zeepkist GTR] 18:35:19 End processing HTTP request after 211.8093ms - 200
[Info   :Zeepkist GTR] 18:35:21 Starting recorder
[Info   :Zeepkist GTR] 18:35:21 Starting recorder
[Info   :Zeepkist Bingo] [BINGO] === PLAYER SPAWNED ===
[Info   :Zeepkist Bingo] [BINGO] IsInActiveSession: False
[Info   :Zeepkist Bingo] [BINGO] Not in active session, skipping timer reset
[Info   :Zeepkist GTR] 18:35:32 Stopping existing recorder if any
[Info   :Zeepkist GTR] 18:35:32 Creating new recorder
[Info   :Zeepkist GTR] 18:35:32 Start processing HTTP request "POST" https://graphql.zeepki.st/
[Info   :Zeepkist GTR] 18:35:32 Sending HTTP request "POST" https://graphql.zeepki.st/
[Info   :Zeepkist GTR] 18:35:32 Start processing HTTP request "POST" https://graphql.zeepki.st/
[Info   :Zeepkist GTR] 18:35:32 Sending HTTP request "POST" https://graphql.zeepki.st/
[Info   :Zeepkist GTR] 18:35:32 Received HTTP response headers after 194.2641ms - 200
[Info   :Zeepkist GTR] 18:35:32 End processing HTTP request after 194.5496ms - 200
[Info   :Zeepkist GTR] 18:35:32 Received HTTP response headers after 212.2726ms - 200
[Info   :Zeepkist GTR] 18:35:32 End processing HTTP request after 212.5957ms - 200
[Info   :Zeepkist GTR] 18:35:33 Starting recorder
[Info   :Zeepkist GTR] 18:35:33 Starting recorder
[Info   :Zeepkist GTR] 18:36:21 Stopping recorder
[Info   :Zeepkist GTR] 18:36:21 Collecting extra information
[Info   :Zeepkist GTR] 18:36:21 Resolved workshop ID "3799906829" from lobby 3799906829 and level 0
[Info   :Zeepkist GTR] 18:36:21 Processing ghost data
[Info   :Zeepkist GTR] 18:36:21 Creating stream
[Info   :Zeepkist GTR] 18:36:21 Writing to stream
[Info   :Zeepkist GTR] 18:36:22 Converting to base64
[Info   :Zeepkist GTR] 18:36:22 Creating resource
[Info   :Zeepkist GTR] 18:36:22 Start processing HTTP request "POST" https://backend.zeepki.st/record/submit
[Info   :Zeepkist GTR] 18:36:22 Sending HTTP request "POST" https://backend.zeepki.st/record/submit
[Info   :Zeepkist Bingo] [BINGO] === PLAYER SPAWNED ===
[Info   :Zeepkist Bingo] [BINGO] IsInActiveSession: False
[Info   :Zeepkist Bingo] [BINGO] Not in active session, skipping timer reset
[Info   :Zeepkist GTR] 18:36:23 Stopping existing recorder if any
[Info   :Zeepkist GTR] 18:36:23 Creating new recorder
[Info   :Zeepkist GTR] 18:36:23 Start processing HTTP request "POST" https://graphql.zeepki.st/
[Info   :Zeepkist GTR] 18:36:23 Sending HTTP request "POST" https://graphql.zeepki.st/
[Info   :Zeepkist GTR] 18:36:23 Start processing HTTP request "POST" https://graphql.zeepki.st/
[Info   :Zeepkist GTR] 18:36:23 Sending HTTP request "POST" https://graphql.zeepki.st/
[Info   :Zeepkist GTR] 18:36:23 Received HTTP response headers after 190.3438ms - 200
[Info   :Zeepkist GTR] 18:36:23 End processing HTTP request after 190.621ms - 200
[Info   :Zeepkist GTR] 18:36:23 Received HTTP response headers after 195.1575ms - 200
[Info   :Zeepkist GTR] 18:36:23 End processing HTTP request after 195.3781ms - 200
[Info   :Zeepkist GTR] 18:36:24 Received HTTP response headers after 1603.6276ms - 200
[Info   :Zeepkist GTR] 18:36:24 End processing HTTP request after 1603.8786ms - 200
[Info   :Zeepkist GTR] 18:36:24 Starting recorder
[Info   :Zeepkist GTR] 18:36:24 Starting recorder
[Info   :Zeepkist Bingo] [BINGO] === PLAYER SPAWNED ===
[Info   :Zeepkist Bingo] [BINGO] IsInActiveSession: False
[Info   :Zeepkist Bingo] [BINGO] Not in active session, skipping timer reset
[Info   :Zeepkist GTR] 18:36:29 Stopping existing recorder if any
[Info   :Zeepkist GTR] 18:36:29 Creating new recorder
[Info   :Zeepkist GTR] 18:36:29 Start processing HTTP request "POST" https://graphql.zeepki.st/
[Info   :Zeepkist GTR] 18:36:29 Sending HTTP request "POST" https://graphql.zeepki.st/
[Info   :Zeepkist GTR] 18:36:29 Start processing HTTP request "POST" https://graphql.zeepki.st/
[Info   :Zeepkist GTR] 18:36:29 Sending HTTP request "POST" https://graphql.zeepki.st/
[Info   :Zeepkist GTR] 18:36:29 Received HTTP response headers after 194.164ms - 200
[Info   :Zeepkist GTR] 18:36:29 End processing HTTP request after 194.425ms - 200
[Info   :Zeepkist GTR] 18:36:29 Received HTTP response headers after 196.857ms - 200
[Info   :Zeepkist GTR] 18:36:29 End processing HTTP request after 197.11ms - 200
[Info   :Zeepkist GTR] 18:36:29 Start processing HTTP request "POST" https://graphql.zeepki.st/
[Info   :Zeepkist GTR] 18:36:29 Sending HTTP request "POST" https://graphql.zeepki.st/
[Info   :Zeepkist GTR] 18:36:29 Received HTTP response headers after 179.9837ms - 200
[Info   :Zeepkist GTR] 18:36:29 End processing HTTP request after 180.3055ms - 200
[Info   :Zeepkist GTR] 18:36:30 Starting recorder
[Info   :Zeepkist GTR] 18:36:30 Starting recorder
[Info   :Zeepkist Bingo] [BINGO] === PLAYER SPAWNED ===
[Info   :Zeepkist Bingo] [BINGO] IsInActiveSession: False
[Info   :Zeepkist Bingo] [BINGO] Not in active session, skipping timer reset
[Info   :Zeepkist GTR] 18:36:39 Stopping existing recorder if any
[Info   :Zeepkist GTR] 18:36:39 Creating new recorder
[Info   :Zeepkist GTR] 18:36:39 Start processing HTTP request "POST" https://graphql.zeepki.st/
[Info   :Zeepkist GTR] 18:36:39 Sending HTTP request "POST" https://graphql.zeepki.st/
[Info   :Zeepkist GTR] 18:36:39 Start processing HTTP request "POST" https://graphql.zeepki.st/
[Info   :Zeepkist GTR] 18:36:39 Sending HTTP request "POST" https://graphql.zeepki.st/
[Info   :Zeepkist GTR] 18:36:39 Received HTTP response headers after 372.6011ms - 200
[Info   :Zeepkist GTR] 18:36:39 End processing HTTP request after 372.8713ms - 200
[Info   :Zeepkist GTR] 18:36:40 Received HTTP response headers after 507.8659ms - 200
[Info   :Zeepkist GTR] 18:36:40 End processing HTTP request after 508.091ms - 200
[Info   :Zeepkist GTR] 18:36:40 Start processing HTTP request "POST" https://graphql.zeepki.st/
[Info   :Zeepkist GTR] 18:36:40 Sending HTTP request "POST" https://graphql.zeepki.st/
[Info   :Zeepkist GTR] 18:36:40 Received HTTP response headers after 826.6786ms - 200
[Info   :Zeepkist GTR] 18:36:40 End processing HTTP request after 826.9484ms - 200
[Info   :Zeepkist GTR] 18:36:41 Starting recorder
[Info   :Zeepkist GTR] 18:36:41 Starting recorder
[Info   :Zeepkist Bingo] [BINGO] === PLAYER SPAWNED ===
[Info   :Zeepkist Bingo] [BINGO] IsInActiveSession: False
[Info   :Zeepkist Bingo] [BINGO] Not in active session, skipping timer reset
[Info   :Zeepkist GTR] 18:36:49 Stopping existing recorder if any
[Info   :Zeepkist GTR] 18:36:49 Creating new recorder
[Info   :Zeepkist GTR] 18:36:49 Start processing HTTP request "POST" https://graphql.zeepki.st/
[Info   :Zeepkist GTR] 18:36:49 Sending HTTP request "POST" https://graphql.zeepki.st/
[Info   :Zeepkist GTR] 18:36:49 Start processing HTTP request "POST" https://graphql.zeepki.st/
[Info   :Zeepkist GTR] 18:36:49 Sending HTTP request "POST" https://graphql.zeepki.st/
[Info   :Zeepkist GTR] 18:36:49 Received HTTP response headers after 218.2099ms - 200
[Info   :Zeepkist GTR] 18:36:49 End processing HTTP request after 218.4425ms - 200
[Info   :Zeepkist GTR] 18:36:50 Received HTTP response headers after 699.7902ms - 200
[Info   :Zeepkist GTR] 18:36:50 End processing HTTP request after 700.1287ms - 200
[Info   :Zeepkist GTR] 18:36:50 Start processing HTTP request "POST" https://graphql.zeepki.st/
[Info   :Zeepkist GTR] 18:36:50 Sending HTTP request "POST" https://graphql.zeepki.st/
[Info   :Zeepkist GTR] 18:36:50 Received HTTP response headers after 217.4338ms - 200
[Info   :Zeepkist GTR] 18:36:50 End processing HTTP request after 217.722ms - 200
[Info   :Zeepkist GTR] 18:36:51 Starting recorder
[Info   :Zeepkist GTR] 18:36:51 Starting recorder
[Info   :RoundLeaderboardTab] Drawing leaderboard -> forwarding to Instance.DrawTabLeaderboard()
[Info   :Zeepkist Bingo] [BINGO] === PLAYER SPAWNED ===
[Info   :Zeepkist Bingo] [BINGO] IsInActiveSession: False
[Info   :Zeepkist Bingo] [BINGO] Not in active session, skipping timer reset
[Info   :Zeepkist GTR] 18:37:27 Stopping existing recorder if any
[Info   :Zeepkist GTR] 18:37:27 Creating new recorder
[Info   :Zeepkist GTR] 18:37:27 Start processing HTTP request "POST" https://graphql.zeepki.st/
[Info   :Zeepkist GTR] 18:37:27 Sending HTTP request "POST" https://graphql.zeepki.st/
[Info   :Zeepkist GTR] 18:37:27 Start processing HTTP request "POST" https://graphql.zeepki.st/
[Info   :Zeepkist GTR] 18:37:27 Sending HTTP request "POST" https://graphql.zeepki.st/
[Info   :Zeepkist GTR] 18:37:27 Received HTTP response headers after 403.3134ms - 200
[Info   :Zeepkist GTR] 18:37:27 End processing HTTP request after 403.559ms - 200
[Info   :Zeepkist GTR] 18:37:27 Received HTTP response headers after 407.0385ms - 200
[Info   :Zeepkist GTR] 18:37:27 End processing HTTP request after 407.3278ms - 200
[Info   :Zeepkist GTR] 18:37:27 Start processing HTTP request "POST" https://graphql.zeepki.st/
[Info   :Zeepkist GTR] 18:37:27 Sending HTTP request "POST" https://graphql.zeepki.st/
[Info   :Zeepkist GTR] 18:37:28 Received HTTP response headers after 204.6074ms - 200
[Info   :Zeepkist GTR] 18:37:28 End processing HTTP request after 204.8704ms - 200
[Info   :Zeepkist GTR] 18:37:29 Starting recorder
[Info   :Zeepkist GTR] 18:37:29 Starting recorder
[Info   :Zeepkist Bingo] [BINGO] === PLAYER SPAWNED ===
[Info   :Zeepkist Bingo] [BINGO] IsInActiveSession: False
[Info   :Zeepkist Bingo] [BINGO] Not in active session, skipping timer reset
[Info   :Zeepkist GTR] 18:37:39 Stopping existing recorder if any
[Info   :Zeepkist GTR] 18:37:39 Creating new recorder
[Info   :Zeepkist GTR] 18:37:39 Start processing HTTP request "POST" https://graphql.zeepki.st/
[Info   :Zeepkist GTR] 18:37:39 Sending HTTP request "POST" https://graphql.zeepki.st/
[Info   :Zeepkist GTR] 18:37:39 Start processing HTTP request "POST" https://graphql.zeepki.st/
[Info   :Zeepkist GTR] 18:37:39 Sending HTTP request "POST" https://graphql.zeepki.st/
[Info   :Zeepkist GTR] 18:37:40 Received HTTP response headers after 798.7708ms - 200
[Info   :Zeepkist GTR] 18:37:40 Received HTTP response headers after 799.3865ms - 200
[Info   :Zeepkist GTR] 18:37:40 End processing HTTP request after 799.0452ms - 200
[Info   :Zeepkist GTR] 18:37:40 End processing HTTP request after 799.6192ms - 200
[Info   :Zeepkist GTR] 18:37:40 Start processing HTTP request "POST" https://graphql.zeepki.st/
[Info   :Zeepkist GTR] 18:37:40 Sending HTTP request "POST" https://graphql.zeepki.st/
[Info   :Zeepkist GTR] 18:37:40 Received HTTP response headers after 191.8581ms - 200
[Info   :Zeepkist GTR] 18:37:40 End processing HTTP request after 192.1644ms - 200
[Info   :Zeepkist GTR] 18:37:41 Starting recorder
[Info   :Zeepkist GTR] 18:37:41 Starting recorder
[Info   :Zeepkist GTR] 18:38:29 Stopping recorder
[Info   :Zeepkist GTR] 18:38:29 Collecting extra information
[Info   :Zeepkist GTR] 18:38:29 Resolved workshop ID "3799906829" from lobby 3799906829 and level 0
[Info   :Zeepkist GTR] 18:38:29 Processing ghost data
[Info   :Zeepkist GTR] 18:38:29 Creating stream
[Info   :Zeepkist GTR] 18:38:29 Writing to stream
[Info   :Zeepkist GTR] 18:38:30 Converting to base64
[Info   :Zeepkist GTR] 18:38:30 Creating resource
[Info   :Zeepkist GTR] 18:38:30 Start processing HTTP request "POST" https://backend.zeepki.st/record/submit
[Info   :Zeepkist GTR] 18:38:30 Sending HTTP request "POST" https://backend.zeepki.st/record/submit
[Info   :Zeepkist Bingo] [BINGO] === PLAYER SPAWNED ===
[Info   :Zeepkist Bingo] [BINGO] IsInActiveSession: False
[Info   :Zeepkist Bingo] [BINGO] Not in active session, skipping timer reset
[Info   :Zeepkist GTR] 18:38:30 Stopping existing recorder if any
[Info   :Zeepkist GTR] 18:38:30 Creating new recorder
[Info   :Zeepkist GTR] 18:38:30 Start processing HTTP request "POST" https://graphql.zeepki.st/
[Info   :Zeepkist GTR] 18:38:30 Sending HTTP request "POST" https://graphql.zeepki.st/
[Info   :Zeepkist GTR] 18:38:30 Start processing HTTP request "POST" https://graphql.zeepki.st/
[Info   :Zeepkist GTR] 18:38:30 Sending HTTP request "POST" https://graphql.zeepki.st/
[Info   :Zeepkist GTR] 18:38:31 Received HTTP response headers after 355.1539ms - 200
[Info   :Zeepkist GTR] 18:38:31 End processing HTTP request after 355.4277ms - 200
[Info   :Zeepkist GTR] 18:38:31 Received HTTP response headers after 492.2043ms - 200
[Info   :Zeepkist GTR] 18:38:31 End processing HTTP request after 492.4323ms - 200
[Info   :Zeepkist GTR] 18:38:31 Start processing HTTP request "POST" https://graphql.zeepki.st/
[Info   :Zeepkist GTR] 18:38:31 Sending HTTP request "POST" https://graphql.zeepki.st/
[Info   :Zeepkist GTR] 18:38:31 Received HTTP response headers after 1079.1682ms - 200
[Info   :Zeepkist GTR] 18:38:31 End processing HTTP request after 1079.4224ms - 200
[Info   :Zeepkist GTR] 18:38:31 Received HTTP response headers after 205.4964ms - 200
[Info   :Zeepkist GTR] 18:38:31 End processing HTTP request after 205.7564ms - 200
[Info   :Zeepkist GTR] 18:38:32 Starting recorder
[Info   :Zeepkist GTR] 18:38:32 Starting recorder
[Info   :Zeepkist GTR] 18:39:19 Stopping recorder
[Info   :Zeepkist GTR] 18:39:19 Collecting extra information
[Info   :Zeepkist GTR] 18:39:19 Resolved workshop ID "3799906829" from lobby 3799906829 and level 0
[Info   :Zeepkist GTR] 18:39:19 Processing ghost data
[Info   :Zeepkist GTR] 18:39:19 Creating stream
[Info   :Zeepkist GTR] 18:39:19 Writing to stream
[Info   :Zeepkist GTR] 18:39:20 Converting to base64
[Info   :Zeepkist GTR] 18:39:20 Creating resource
[Info   :Zeepkist GTR] 18:39:20 Start processing HTTP request "POST" https://backend.zeepki.st/record/submit
[Info   :Zeepkist GTR] 18:39:20 Sending HTTP request "POST" https://backend.zeepki.st/record/submit
[Info   :Zeepkist Bingo] [BINGO] === PLAYER SPAWNED ===
[Info   :Zeepkist Bingo] [BINGO] IsInActiveSession: False
[Info   :Zeepkist Bingo] [BINGO] Not in active session, skipping timer reset
[Info   :Zeepkist GTR] 18:39:20 Stopping existing recorder if any
[Info   :Zeepkist GTR] 18:39:20 Creating new recorder
[Info   :Zeepkist GTR] 18:39:20 Start processing HTTP request "POST" https://graphql.zeepki.st/
[Info   :Zeepkist GTR] 18:39:20 Sending HTTP request "POST" https://graphql.zeepki.st/
[Info   :Zeepkist GTR] 18:39:20 Start processing HTTP request "POST" https://graphql.zeepki.st/
[Info   :Zeepkist GTR] 18:39:20 Sending HTTP request "POST" https://graphql.zeepki.st/
[Info   :Zeepkist GTR] 18:39:21 Received HTTP response headers after 845.2553ms - 200
[Info   :Zeepkist GTR] 18:39:21 End processing HTTP request after 845.5955ms - 200
[Info   :Zeepkist GTR] 18:39:21 Received HTTP response headers after 1484.9122ms - 200
[Info   :Zeepkist GTR] 18:39:21 End processing HTTP request after 1485.2076ms - 200
[Info   :Zeepkist GTR] 18:39:22 Received HTTP response headers after 1511.401ms - 200
[Info   :Zeepkist GTR] 18:39:22 End processing HTTP request after 1511.6214ms - 200
[Info   :Zeepkist GTR] 18:39:22 Start processing HTTP request "POST" https://graphql.zeepki.st/
[Info   :Zeepkist GTR] 18:39:22 Sending HTTP request "POST" https://graphql.zeepki.st/
[Info   :Zeepkist GTR] 18:39:22 Starting recorder
[Info   :Zeepkist GTR] 18:39:22 Starting recorder
[Info   :Zeepkist GTR] 18:39:22 Received HTTP response headers after 212.1986ms - 200
[Info   :Zeepkist GTR] 18:39:22 End processing HTTP request after 212.512ms - 200
[Info   :Zeepkist Bingo] [BINGO] === PLAYER SPAWNED ===
[Info   :Zeepkist Bingo] [BINGO] IsInActiveSession: False
[Info   :Zeepkist Bingo] [BINGO] Not in active session, skipping timer reset
[Info   :Zeepkist GTR] 18:39:29 Stopping existing recorder if any
[Info   :Zeepkist GTR] 18:39:29 Creating new recorder
[Info   :Zeepkist GTR] 18:39:29 Start processing HTTP request "POST" https://graphql.zeepki.st/
[Info   :Zeepkist GTR] 18:39:29 Sending HTTP request "POST" https://graphql.zeepki.st/
[Info   :Zeepkist GTR] 18:39:29 Start processing HTTP request "POST" https://graphql.zeepki.st/
[Info   :Zeepkist GTR] 18:39:29 Sending HTTP request "POST" https://graphql.zeepki.st/
[Info   :Zeepkist GTR] 18:39:29 Received HTTP response headers after 189.0703ms - 200
[Info   :Zeepkist GTR] 18:39:29 End processing HTTP request after 189.3583ms - 200
[Info   :Zeepkist GTR] 18:39:29 Received HTTP response headers after 196.5181ms - 200
[Info   :Zeepkist GTR] 18:39:29 End processing HTTP request after 196.7388ms - 200
[Info   :Zeepkist GTR] 18:39:30 Start processing HTTP request "POST" https://graphql.zeepki.st/
[Info   :Zeepkist GTR] 18:39:30 Sending HTTP request "POST" https://graphql.zeepki.st/
[Info   :Zeepkist GTR] 18:39:30 Received HTTP response headers after 187.6103ms - 200
[Info   :Zeepkist GTR] 18:39:30 End processing HTTP request after 187.9288ms - 200
[Info   :Zeepkist GTR] 18:39:31 Starting recorder
[Info   :Zeepkist GTR] 18:39:31 Starting recorder
[Info   :Zeepkist Bingo] [BINGO] === PLAYER SPAWNED ===
[Info   :Zeepkist Bingo] [BINGO] IsInActiveSession: False
[Info   :Zeepkist Bingo] [BINGO] Not in active session, skipping timer reset
[Info   :Zeepkist GTR] 18:39:36 Stopping existing recorder if any
[Info   :Zeepkist GTR] 18:39:36 Creating new recorder
[Info   :Zeepkist GTR] 18:39:36 Start processing HTTP request "POST" https://graphql.zeepki.st/
[Info   :Zeepkist GTR] 18:39:36 Sending HTTP request "POST" https://graphql.zeepki.st/
[Info   :Zeepkist GTR] 18:39:36 Start processing HTTP request "POST" https://graphql.zeepki.st/
[Info   :Zeepkist GTR] 18:39:36 Sending HTTP request "POST" https://graphql.zeepki.st/
[Info   :Zeepkist GTR] 18:39:36 Received HTTP response headers after 203.6869ms - 200
[Info   :Zeepkist GTR] 18:39:36 End processing HTTP request after 203.9448ms - 200
[Info   :Zeepkist GTR] 18:39:37 Starting recorder
[Info   :Zeepkist GTR] 18:39:37 Starting recorder
[Info   :Zeepkist GTR] 18:39:38 Received HTTP response headers after 2618.8214ms - 200
[Info   :Zeepkist GTR] 18:39:38 End processing HTTP request after 2619.0659ms - 200
[Info   :Zeepkist GTR] 18:39:38 Start processing HTTP request "POST" https://graphql.zeepki.st/
[Info   :Zeepkist GTR] 18:39:38 Sending HTTP request "POST" https://graphql.zeepki.st/
[Info   :Zeepkist GTR] 18:39:38 Received HTTP response headers after 200.5974ms - 200
[Info   :Zeepkist GTR] 18:39:38 End processing HTTP request after 200.8938ms - 200
[Info   :Zeepkist GTR] 18:40:24 Stopping recorder
[Info   :Zeepkist GTR] 18:40:24 Collecting extra information
[Info   :Zeepkist GTR] 18:40:24 Resolved workshop ID "3799906829" from lobby 3799906829 and level 0
[Info   :Zeepkist GTR] 18:40:24 Processing ghost data
[Info   :Zeepkist GTR] 18:40:24 Creating stream
[Info   :Zeepkist GTR] 18:40:24 Writing to stream
[Info   :Zeepkist GTR] 18:40:25 Converting to base64
[Info   :Zeepkist GTR] 18:40:25 Creating resource
[Info   :Zeepkist GTR] 18:40:25 Start processing HTTP request "POST" https://backend.zeepki.st/record/submit
[Info   :Zeepkist GTR] 18:40:25 Sending HTTP request "POST" https://backend.zeepki.st/record/submit
[Info   :Zeepkist Bingo] [BINGO] === PLAYER SPAWNED ===
[Info   :Zeepkist Bingo] [BINGO] IsInActiveSession: False
[Info   :Zeepkist Bingo] [BINGO] Not in active session, skipping timer reset
[Info   :Zeepkist GTR] 18:40:26 Stopping existing recorder if any
[Info   :Zeepkist GTR] 18:40:26 Creating new recorder
[Info   :Zeepkist GTR] 18:40:26 Start processing HTTP request "POST" https://graphql.zeepki.st/
[Info   :Zeepkist GTR] 18:40:26 Sending HTTP request "POST" https://graphql.zeepki.st/
[Info   :Zeepkist GTR] 18:40:26 Start processing HTTP request "POST" https://graphql.zeepki.st/
[Info   :Zeepkist GTR] 18:40:26 Sending HTTP request "POST" https://graphql.zeepki.st/
[Info   :Zeepkist GTR] 18:40:26 Received HTTP response headers after 200.9433ms - 200
[Info   :Zeepkist GTR] 18:40:26 End processing HTTP request after 201.2166ms - 200
[Info   :Zeepkist GTR] 18:40:26 Received HTTP response headers after 1243.9323ms - 200
[Info   :Zeepkist GTR] 18:40:26 End processing HTTP request after 1244.2227ms - 200
[Info   :Zeepkist GTR] 18:40:27 Received HTTP response headers after 921.4224ms - 200
[Info   :Zeepkist GTR] 18:40:27 End processing HTTP request after 921.6698ms - 200
[Info   :Zeepkist GTR] 18:40:27 Start processing HTTP request "POST" https://graphql.zeepki.st/
[Info   :Zeepkist GTR] 18:40:27 Sending HTTP request "POST" https://graphql.zeepki.st/
[Info   :Zeepkist GTR] 18:40:27 Received HTTP response headers after 195.8853ms - 200
[Info   :Zeepkist GTR] 18:40:27 End processing HTTP request after 196.1585ms - 200
[Info   :Zeepkist GTR] 18:40:27 Starting recorder
[Info   :Zeepkist GTR] 18:40:27 Starting recorder
[Info   :Zeepkist Bingo] [BINGO] === PLAYER SPAWNED ===
[Info   :Zeepkist Bingo] [BINGO] IsInActiveSession: False
[Info   :Zeepkist Bingo] [BINGO] Not in active session, skipping timer reset
[Info   :Zeepkist GTR] 18:40:34 Stopping existing recorder if any
[Info   :Zeepkist GTR] 18:40:34 Creating new recorder
[Info   :Zeepkist GTR] 18:40:34 Start processing HTTP request "POST" https://graphql.zeepki.st/
[Info   :Zeepkist GTR] 18:40:34 Sending HTTP request "POST" https://graphql.zeepki.st/
[Info   :Zeepkist GTR] 18:40:34 Start processing HTTP request "POST" https://graphql.zeepki.st/
[Info   :Zeepkist GTR] 18:40:34 Sending HTTP request "POST" https://graphql.zeepki.st/
[Info   :Zeepkist GTR] 18:40:34 Received HTTP response headers after 201.8603ms - 200
[Info   :Zeepkist GTR] 18:40:34 End processing HTTP request after 202.1061ms - 200
[Info   :Zeepkist GTR] 18:40:34 Received HTTP response headers after 205.6449ms - 200
[Info   :Zeepkist GTR] 18:40:34 End processing HTTP request after 205.8926ms - 200
[Info   :Zeepkist GTR] 18:40:36 Start processing HTTP request "POST" https://graphql.zeepki.st/
[Info   :Zeepkist GTR] 18:40:36 Sending HTTP request "POST" https://graphql.zeepki.st/
[Info   :Zeepkist GTR] 18:40:36 Starting recorder
[Info   :Zeepkist GTR] 18:40:36 Starting recorder
[Info   :Zeepkist GTR] 18:40:36 Received HTTP response headers after 197.821ms - 200
[Info   :Zeepkist GTR] 18:40:36 End processing HTTP request after 198.1ms - 200
[Info   :Zeepkist Bingo] [BINGO] === PLAYER SPAWNED ===
[Info   :Zeepkist Bingo] [BINGO] IsInActiveSession: False
[Info   :Zeepkist Bingo] [BINGO] Not in active session, skipping timer reset
[Info   :Zeepkist GTR] 18:40:42 Stopping existing recorder if any
[Info   :Zeepkist GTR] 18:40:42 Creating new recorder
[Info   :Zeepkist GTR] 18:40:42 Start processing HTTP request "POST" https://graphql.zeepki.st/
[Info   :Zeepkist GTR] 18:40:42 Sending HTTP request "POST" https://graphql.zeepki.st/
[Info   :Zeepkist GTR] 18:40:42 Start processing HTTP request "POST" https://graphql.zeepki.st/
[Info   :Zeepkist GTR] 18:40:42 Sending HTTP request "POST" https://graphql.zeepki.st/
[Info   :Zeepkist GTR] 18:40:43 Received HTTP response headers after 195.6739ms - 200
[Info   :Zeepkist GTR] 18:40:43 End processing HTTP request after 195.9142ms - 200
[Info   :Zeepkist GTR] 18:40:43 Received HTTP response headers after 200.008ms - 200
[Info   :Zeepkist GTR] 18:40:43 End processing HTTP request after 200.2086ms - 200
[Info   :Zeepkist GTR] 18:40:43 Start processing HTTP request "POST" https://graphql.zeepki.st/
[Info   :Zeepkist GTR] 18:40:43 Sending HTTP request "POST" https://graphql.zeepki.st/
[Info   :Zeepkist GTR] 18:40:44 Received HTTP response headers after 521.4351ms - 200
[Info   :Zeepkist GTR] 18:40:44 End processing HTTP request after 521.7031ms - 200
[Info   :Zeepkist GTR] 18:40:44 Starting recorder
[Info   :Zeepkist GTR] 18:40:44 Starting recorder
[Info   :Zeepkist Bingo] [BINGO] === PLAYER SPAWNED ===
[Info   :Zeepkist Bingo] [BINGO] IsInActiveSession: False
[Info   :Zeepkist Bingo] [BINGO] Not in active session, skipping timer reset
[Info   :Zeepkist GTR] 18:40:59 Stopping existing recorder if any
[Info   :Zeepkist GTR] 18:40:59 Creating new recorder
[Info   :Zeepkist GTR] 18:40:59 Start processing HTTP request "POST" https://graphql.zeepki.st/
[Info   :Zeepkist GTR] 18:40:59 Sending HTTP request "POST" https://graphql.zeepki.st/
[Info   :Zeepkist GTR] 18:40:59 Start processing HTTP request "POST" https://graphql.zeepki.st/
[Info   :Zeepkist GTR] 18:40:59 Sending HTTP request "POST" https://graphql.zeepki.st/
[Info   :Zeepkist GTR] 18:40:59 Received HTTP response headers after 203.0994ms - 200
[Info   :Zeepkist GTR] 18:40:59 End processing HTTP request after 203.4224ms - 200
[Info   :Zeepkist GTR] 18:40:59 Received HTTP response headers after 209.9912ms - 200
[Info   :Zeepkist GTR] 18:40:59 End processing HTTP request after 210.2169ms - 200
[Info   :Zeepkist GTR] 18:40:59 Start processing HTTP request "POST" https://graphql.zeepki.st/
[Info   :Zeepkist GTR] 18:40:59 Sending HTTP request "POST" https://graphql.zeepki.st/
[Info   :Zeepkist GTR] 18:41:00 Received HTTP response headers after 187.0074ms - 200
[Info   :Zeepkist GTR] 18:41:00 End processing HTTP request after 187.2734ms - 200
[Info   :Zeepkist GTR] 18:41:01 Starting recorder
[Info   :Zeepkist GTR] 18:41:01 Starting recorder
[Info   :Zeepkist Bingo] [BINGO] === PLAYER SPAWNED ===
[Info   :Zeepkist Bingo] [BINGO] IsInActiveSession: False
[Info   :Zeepkist Bingo] [BINGO] Not in active session, skipping timer reset
[Info   :Zeepkist GTR] 18:41:12 Stopping existing recorder if any
[Info   :Zeepkist GTR] 18:41:12 Creating new recorder
[Info   :Zeepkist GTR] 18:41:12 Start processing HTTP request "POST" https://graphql.zeepki.st/
[Info   :Zeepkist GTR] 18:41:12 Sending HTTP request "POST" https://graphql.zeepki.st/
[Info   :Zeepkist GTR] 18:41:12 Start processing HTTP request "POST" https://graphql.zeepki.st/
[Info   :Zeepkist GTR] 18:41:12 Sending HTTP request "POST" https://graphql.zeepki.st/
[Info   :Zeepkist GTR] 18:41:12 Received HTTP response headers after 183.6244ms - 200
[Info   :Zeepkist GTR] 18:41:12 End processing HTTP request after 183.8426ms - 200
[Info   :Zeepkist GTR] 18:41:12 Received HTTP response headers after 201.5128ms - 200
[Info   :Zeepkist GTR] 18:41:12 End processing HTTP request after 201.834ms - 200
[Info   :Zeepkist GTR] 18:41:12 Start processing HTTP request "POST" https://graphql.zeepki.st/
[Info   :Zeepkist GTR] 18:41:12 Sending HTTP request "POST" https://graphql.zeepki.st/
[Info   :Zeepkist GTR] 18:41:12 Received HTTP response headers after 189.0934ms - 200
[Info   :Zeepkist GTR] 18:41:12 End processing HTTP request after 189.345ms - 200
[Info   :Zeepkist GTR] 18:41:14 Starting recorder
[Info   :Zeepkist GTR] 18:41:14 Starting recorder
[Info   :Zeepkist GTR] 18:42:00 Stopping recorder
[Info   :Zeepkist GTR] 18:42:00 Collecting extra information
[Info   :Zeepkist GTR] 18:42:00 Resolved workshop ID "3799906829" from lobby 3799906829 and level 0
[Info   :Zeepkist GTR] 18:42:00 Processing ghost data
[Info   :Zeepkist GTR] 18:42:00 Creating stream
[Info   :Zeepkist GTR] 18:42:00 Writing to stream
[Info   :Zeepkist GTR] 18:42:01 Converting to base64
[Info   :Zeepkist GTR] 18:42:01 Creating resource
[Info   :Zeepkist GTR] 18:42:01 Start processing HTTP request "POST" https://backend.zeepki.st/record/submit
[Info   :Zeepkist GTR] 18:42:01 Sending HTTP request "POST" https://backend.zeepki.st/record/submit
[Info   :Zeepkist Bingo] [BINGO] === PLAYER SPAWNED ===
[Info   :Zeepkist Bingo] [BINGO] IsInActiveSession: False
[Info   :Zeepkist Bingo] [BINGO] Not in active session, skipping timer reset
[Info   :Zeepkist GTR] 18:42:02 Stopping existing recorder if any
[Info   :Zeepkist GTR] 18:42:02 Creating new recorder
[Info   :Zeepkist GTR] 18:42:02 Start processing HTTP request "POST" https://graphql.zeepki.st/
[Info   :Zeepkist GTR] 18:42:02 Sending HTTP request "POST" https://graphql.zeepki.st/
[Info   :Zeepkist GTR] 18:42:02 Start processing HTTP request "POST" https://graphql.zeepki.st/
[Info   :Zeepkist GTR] 18:42:02 Sending HTTP request "POST" https://graphql.zeepki.st/
[Info   :Zeepkist GTR] 18:42:02 Received HTTP response headers after 403.7454ms - 200
[Info   :Zeepkist GTR] 18:42:02 End processing HTTP request after 404.0139ms - 200
[Info   :Zeepkist GTR] 18:42:02 Received HTTP response headers after 420.3472ms - 200
[Info   :Zeepkist GTR] 18:42:02 End processing HTTP request after 420.6841ms - 200
[Info   :Zeepkist GTR] 18:42:02 Start processing HTTP request "POST" https://graphql.zeepki.st/
[Info   :Zeepkist GTR] 18:42:02 Sending HTTP request "POST" https://graphql.zeepki.st/
[Info   :Zeepkist GTR] 18:42:03 Received HTTP response headers after 1413.9875ms - 200
[Info   :Zeepkist GTR] 18:42:03 End processing HTTP request after 1414.267ms - 200
[Info   :Zeepkist GTR] 18:42:03 Received HTTP response headers after 211.9523ms - 200
[Info   :Zeepkist GTR] 18:42:03 End processing HTTP request after 212.2407ms - 200
[Info   :Zeepkist GTR] 18:42:04 Starting recorder
[Info   :Zeepkist GTR] 18:42:04 Starting recorder
[Info   :Zeepkist Bingo] [BINGO] === PLAYER SPAWNED ===
[Info   :Zeepkist Bingo] [BINGO] IsInActiveSession: False
[Info   :Zeepkist Bingo] [BINGO] Not in active session, skipping timer reset
[Info   :Zeepkist GTR] 18:42:10 Stopping existing recorder if any
[Info   :Zeepkist GTR] 18:42:10 Creating new recorder
[Info   :Zeepkist GTR] 18:42:10 Start processing HTTP request "POST" https://graphql.zeepki.st/
[Info   :Zeepkist GTR] 18:42:10 Sending HTTP request "POST" https://graphql.zeepki.st/
[Info   :Zeepkist GTR] 18:42:10 Start processing HTTP request "POST" https://graphql.zeepki.st/
[Info   :Zeepkist GTR] 18:42:10 Sending HTTP request "POST" https://graphql.zeepki.st/
[Info   :Zeepkist GTR] 18:42:10 Received HTTP response headers after 208.8499ms - 200
[Info   :Zeepkist GTR] 18:42:10 End processing HTTP request after 209.1509ms - 200
[Info   :Zeepkist GTR] 18:42:10 Received HTTP response headers after 213.0767ms - 200
[Info   :Zeepkist GTR] 18:42:10 End processing HTTP request after 213.3033ms - 200
[Info   :Zeepkist GTR] 18:42:10 Start processing HTTP request "POST" https://graphql.zeepki.st/
[Info   :Zeepkist GTR] 18:42:10 Sending HTTP request "POST" https://graphql.zeepki.st/
[Info   :Zeepkist GTR] 18:42:11 Received HTTP response headers after 203.9856ms - 200
[Info   :Zeepkist GTR] 18:42:11 End processing HTTP request after 204.2435ms - 200
[Info   :RoundLeaderboardTab] Drawing leaderboard -> forwarding to Instance.DrawTabLeaderboard()
[Info   :Zeepkist GTR] 18:42:12 Starting recorder
[Info   :Zeepkist GTR] 18:42:12 Starting recorder
[Info   :Zeepkist Bingo] [BINGO] === PLAYER SPAWNED ===
[Info   :Zeepkist Bingo] [BINGO] IsInActiveSession: False
[Info   :Zeepkist Bingo] [BINGO] Not in active session, skipping timer reset
[Info   :Zeepkist GTR] 18:42:17 Stopping existing recorder if any
[Info   :Zeepkist GTR] 18:42:17 Creating new recorder
[Info   :Zeepkist GTR] 18:42:17 Start processing HTTP request "POST" https://graphql.zeepki.st/
[Info   :Zeepkist GTR] 18:42:17 Sending HTTP request "POST" https://graphql.zeepki.st/
[Info   :Zeepkist GTR] 18:42:17 Start processing HTTP request "POST" https://graphql.zeepki.st/
[Info   :Zeepkist GTR] 18:42:17 Sending HTTP request "POST" https://graphql.zeepki.st/
[Info   :Zeepkist GTR] 18:42:17 Received HTTP response headers after 186.8552ms - 200
[Info   :Zeepkist GTR] 18:42:17 End processing HTTP request after 187.0766ms - 200
[Info   :Zeepkist GTR] 18:42:17 Received HTTP response headers after 194.8466ms - 200
[Info   :Zeepkist GTR] 18:42:17 End processing HTTP request after 195.0653ms - 200
[Info   :Zeepkist GTR] 18:42:17 Start processing HTTP request "POST" https://graphql.zeepki.st/
[Info   :Zeepkist GTR] 18:42:17 Sending HTTP request "POST" https://graphql.zeepki.st/
[Info   :Zeepkist GTR] 18:42:17 Received HTTP response headers after 196.3879ms - 200
[Info   :Zeepkist GTR] 18:42:17 End processing HTTP request after 196.6588ms - 200
[Info   :Zeepkist GTR] 18:42:18 Starting recorder
[Info   :Zeepkist GTR] 18:42:18 Starting recorder
[Info   :Zeepkist GTR] 18:43:04 Stopping recorder
[Info   :Zeepkist GTR] 18:43:04 Collecting extra information
[Info   :Zeepkist GTR] 18:43:04 Resolved workshop ID "3799906829" from lobby 3799906829 and level 0
[Info   :Zeepkist GTR] 18:43:04 Processing ghost data
[Info   :Zeepkist GTR] 18:43:04 Creating stream
[Info   :Zeepkist GTR] 18:43:04 Writing to stream
[Info   :Zeepkist GTR] 18:43:05 Converting to base64
[Info   :Zeepkist GTR] 18:43:05 Creating resource
[Info   :Zeepkist GTR] 18:43:05 Start processing HTTP request "POST" https://backend.zeepki.st/record/submit
[Info   :Zeepkist GTR] 18:43:05 Sending HTTP request "POST" https://backend.zeepki.st/record/submit
[Info   :Zeepkist Bingo] [BINGO] === PLAYER SPAWNED ===
[Info   :Zeepkist Bingo] [BINGO] IsInActiveSession: False
[Info   :Zeepkist Bingo] [BINGO] Not in active session, skipping timer reset
[Info   :Zeepkist GTR] 18:43:06 Stopping existing recorder if any
[Info   :Zeepkist GTR] 18:43:06 Creating new recorder
[Info   :Zeepkist GTR] 18:43:06 Start processing HTTP request "POST" https://graphql.zeepki.st/
[Info   :Zeepkist GTR] 18:43:06 Sending HTTP request "POST" https://graphql.zeepki.st/
[Info   :Zeepkist GTR] 18:43:06 Start processing HTTP request "POST" https://graphql.zeepki.st/
[Info   :Zeepkist GTR] 18:43:06 Sending HTTP request "POST" https://graphql.zeepki.st/
[Info   :Zeepkist GTR] 18:43:06 Received HTTP response headers after 204.1276ms - 200
[Info   :Zeepkist GTR] 18:43:06 End processing HTTP request after 204.4201ms - 200
[Info   :Zeepkist GTR] 18:43:06 Received HTTP response headers after 213.8449ms - 200
[Info   :Zeepkist GTR] 18:43:06 End processing HTTP request after 214.1579ms - 200
[Info   :Zeepkist GTR] 18:43:06 Start processing HTTP request "POST" https://graphql.zeepki.st/
[Info   :Zeepkist GTR] 18:43:06 Sending HTTP request "POST" https://graphql.zeepki.st/
[Info   :Zeepkist GTR] 18:43:06 Received HTTP response headers after 242.9406ms - 200
[Info   :Zeepkist GTR] 18:43:06 End processing HTTP request after 243.2431ms - 200
[Info   :Zeepkist GTR] 18:43:06 Received HTTP response headers after 1041.4895ms - 200
[Info   :Zeepkist GTR] 18:43:06 End processing HTTP request after 1041.7244ms - 200
[Info   :Zeepkist GTR] 18:43:08 Starting recorder
[Info   :Zeepkist GTR] 18:43:08 Starting recorder
[Info   :Zeepkist Bingo] [BINGO] === PLAYER SPAWNED ===
[Info   :Zeepkist Bingo] [BINGO] IsInActiveSession: False
[Info   :Zeepkist Bingo] [BINGO] Not in active session, skipping timer reset
[Info   :Zeepkist GTR] 18:43:11 Stopping existing recorder if any
[Info   :Zeepkist GTR] 18:43:11 Creating new recorder
[Info   :Zeepkist GTR] 18:43:11 Start processing HTTP request "POST" https://graphql.zeepki.st/
[Info   :Zeepkist GTR] 18:43:11 Sending HTTP request "POST" https://graphql.zeepki.st/
[Info   :Zeepkist GTR] 18:43:11 Start processing HTTP request "POST" https://graphql.zeepki.st/
[Info   :Zeepkist GTR] 18:43:11 Sending HTTP request "POST" https://graphql.zeepki.st/
[Info   :Zeepkist GTR] 18:43:11 Received HTTP response headers after 205.8649ms - 200
[Info   :Zeepkist GTR] 18:43:11 End processing HTTP request after 206.1664ms - 200
[Info   :Zeepkist GTR] 18:43:11 Received HTTP response headers after 214.1985ms - 200
[Info   :Zeepkist GTR] 18:43:11 End processing HTTP request after 214.5281ms - 200
[Info   :Zeepkist GTR] 18:43:11 Start processing HTTP request "POST" https://graphql.zeepki.st/
[Info   :Zeepkist GTR] 18:43:11 Sending HTTP request "POST" https://graphql.zeepki.st/
[Info   :Zeepkist GTR] 18:43:12 Received HTTP response headers after 204.9ms - 200
[Info   :Zeepkist GTR] 18:43:12 End processing HTTP request after 205.1628ms - 200
[Info   :Zeepkist GTR] 18:43:13 Starting recorder
[Info   :Zeepkist GTR] 18:43:13 Starting recorder
[Info   :RoundLeaderboardTab] Drawing leaderboard -> forwarding to Instance.DrawTabLeaderboard()
[Info   :ChampionshipLeaderboardTab] Drawing leaderboard -> forwarding to Instance.DrawTabLeaderboard()
[Info   :Zeepkist Bingo] [BINGO] === PLAYER SPAWNED ===
[Info   :Zeepkist Bingo] [BINGO] IsInActiveSession: False
[Info   :Zeepkist Bingo] [BINGO] Not in active session, skipping timer reset
[Info   :Zeepkist GTR] 18:43:20 Stopping existing recorder if any
[Info   :Zeepkist GTR] 18:43:20 Creating new recorder
[Info   :Zeepkist GTR] 18:43:20 Start processing HTTP request "POST" https://graphql.zeepki.st/
[Info   :Zeepkist GTR] 18:43:20 Sending HTTP request "POST" https://graphql.zeepki.st/
[Info   :Zeepkist GTR] 18:43:20 Start processing HTTP request "POST" https://graphql.zeepki.st/
[Info   :Zeepkist GTR] 18:43:20 Sending HTTP request "POST" https://graphql.zeepki.st/
[Info   :Zeepkist GTR] 18:43:21 Received HTTP response headers after 208.4908ms - 200
[Info   :Zeepkist GTR] 18:43:21 End processing HTTP request after 208.8012ms - 200
[Info   :Zeepkist GTR] 18:43:21 Received HTTP response headers after 213.857ms - 200
[Info   :Zeepkist GTR] 18:43:21 End processing HTTP request after 214.1034ms - 200
[Info   :Zeepkist GTR] 18:43:21 Start processing HTTP request "POST" https://graphql.zeepki.st/
[Info   :Zeepkist GTR] 18:43:21 Sending HTTP request "POST" https://graphql.zeepki.st/
[Info   :Zeepkist GTR] 18:43:21 Received HTTP response headers after 198.5067ms - 200
[Info   :Zeepkist GTR] 18:43:21 End processing HTTP request after 198.7902ms - 200
[Info   :Zeepkist GTR] 18:43:22 Starting recorder
[Info   :Zeepkist GTR] 18:43:22 Starting recorder
[Info   :Zeepkist Bingo] [BINGO] === PLAYER SPAWNED ===
[Info   :Zeepkist Bingo] [BINGO] IsInActiveSession: False
[Info   :Zeepkist Bingo] [BINGO] Not in active session, skipping timer reset
[Info   :Zeepkist GTR] 18:43:27 Stopping existing recorder if any
[Info   :Zeepkist GTR] 18:43:27 Creating new recorder
[Info   :Zeepkist GTR] 18:43:27 Start processing HTTP request "POST" https://graphql.zeepki.st/
[Info   :Zeepkist GTR] 18:43:27 Sending HTTP request "POST" https://graphql.zeepki.st/
[Info   :Zeepkist GTR] 18:43:27 Start processing HTTP request "POST" https://graphql.zeepki.st/
[Info   :Zeepkist GTR] 18:43:27 Sending HTTP request "POST" https://graphql.zeepki.st/
[Info   :Zeepkist GTR] 18:43:27 Received HTTP response headers after 249.3765ms - 200
[Info   :Zeepkist GTR] 18:43:27 End processing HTTP request after 249.6833ms - 200
[Info   :Zeepkist GTR] 18:43:27 Received HTTP response headers after 260.9336ms - 200
[Info   :Zeepkist GTR] 18:43:27 End processing HTTP request after 261.2126ms - 200
[Info   :Zeepkist GTR] 18:43:27 Start processing HTTP request "POST" https://graphql.zeepki.st/
[Info   :Zeepkist GTR] 18:43:27 Sending HTTP request "POST" https://graphql.zeepki.st/
[Info   :Zeepkist GTR] 18:43:28 Received HTTP response headers after 198.7123ms - 200
[Info   :Zeepkist GTR] 18:43:28 End processing HTTP request after 199.037ms - 200
[Info   :Zeepkist GTR] 18:43:29 Starting recorder
[Info   :Zeepkist GTR] 18:43:29 Starting recorder
[Info   :Zeepkist Bingo] [BINGO] === PLAYER SPAWNED ===
[Info   :Zeepkist Bingo] [BINGO] IsInActiveSession: False
[Info   :Zeepkist Bingo] [BINGO] Not in active session, skipping timer reset
[Info   :Zeepkist GTR] 18:43:44 Stopping existing recorder if any
[Info   :Zeepkist GTR] 18:43:44 Creating new recorder
[Info   :Zeepkist GTR] 18:43:44 Start processing HTTP request "POST" https://graphql.zeepki.st/
[Info   :Zeepkist GTR] 18:43:44 Sending HTTP request "POST" https://graphql.zeepki.st/
[Info   :Zeepkist GTR] 18:43:44 Start processing HTTP request "POST" https://graphql.zeepki.st/
[Info   :Zeepkist GTR] 18:43:44 Sending HTTP request "POST" https://graphql.zeepki.st/
[Info   :Zeepkist GTR] 18:43:44 Received HTTP response headers after 190.571ms - 200
[Info   :Zeepkist GTR] 18:43:44 End processing HTTP request after 190.8353ms - 200
[Info   :Zeepkist GTR] 18:43:44 Received HTTP response headers after 197.451ms - 200
[Info   :Zeepkist GTR] 18:43:44 End processing HTTP request after 197.7049ms - 200
[Info   :Zeepkist GTR] 18:43:44 Start processing HTTP request "POST" https://graphql.zeepki.st/
[Info   :Zeepkist GTR] 18:43:44 Sending HTTP request "POST" https://graphql.zeepki.st/
[Info   :Zeepkist GTR] 18:43:44 Received HTTP response headers after 190.6986ms - 200
[Info   :Zeepkist GTR] 18:43:44 End processing HTTP request after 190.9815ms - 200
[Info   :Zeepkist GTR] 18:43:46 Starting recorder
[Info   :Zeepkist GTR] 18:43:46 Starting recorder
[Info   :Zeepkist Bingo] [BINGO] === PLAYER SPAWNED ===
[Info   :Zeepkist Bingo] [BINGO] IsInActiveSession: False
[Info   :Zeepkist Bingo] [BINGO] Not in active session, skipping timer reset
[Info   :Zeepkist GTR] 18:44:09 Stopping existing recorder if any
[Info   :Zeepkist GTR] 18:44:09 Creating new recorder
[Info   :Zeepkist GTR] 18:44:09 Start processing HTTP request "POST" https://graphql.zeepki.st/
[Info   :Zeepkist GTR] 18:44:09 Sending HTTP request "POST" https://graphql.zeepki.st/
[Info   :Zeepkist GTR] 18:44:09 Start processing HTTP request "POST" https://graphql.zeepki.st/
[Info   :Zeepkist GTR] 18:44:09 Sending HTTP request "POST" https://graphql.zeepki.st/
[Info   :Zeepkist GTR] 18:44:09 Received HTTP response headers after 292.2959ms - 200
[Info   :Zeepkist GTR] 18:44:09 End processing HTTP request after 292.5319ms - 200
[Info   :Zeepkist GTR] 18:44:09 Received HTTP response headers after 299.1047ms - 200
[Info   :Zeepkist GTR] 18:44:09 End processing HTTP request after 299.4121ms - 200
[Info   :Zeepkist GTR] 18:44:10 Start processing HTTP request "POST" https://graphql.zeepki.st/
[Info   :Zeepkist GTR] 18:44:10 Sending HTTP request "POST" https://graphql.zeepki.st/
[Info   :Zeepkist GTR] 18:44:10 Received HTTP response headers after 187.4314ms - 200
[Info   :Zeepkist GTR] 18:44:10 End processing HTTP request after 187.7568ms - 200
[Info   :Zeepkist GTR] 18:44:11 Starting recorder
[Info   :Zeepkist GTR] 18:44:11 Starting recorder
[Info   :Zeepkist Bingo] [BINGO] === PLAYER SPAWNED ===
[Info   :Zeepkist Bingo] [BINGO] IsInActiveSession: False
[Info   :Zeepkist Bingo] [BINGO] Not in active session, skipping timer reset
[Info   :Zeepkist GTR] 18:44:25 Stopping existing recorder if any
[Info   :Zeepkist GTR] 18:44:25 Creating new recorder
[Info   :Zeepkist GTR] 18:44:25 Start processing HTTP request "POST" https://graphql.zeepki.st/
[Info   :Zeepkist GTR] 18:44:25 Sending HTTP request "POST" https://graphql.zeepki.st/
[Info   :Zeepkist GTR] 18:44:25 Start processing HTTP request "POST" https://graphql.zeepki.st/
[Info   :Zeepkist GTR] 18:44:25 Sending HTTP request "POST" https://graphql.zeepki.st/
[Info   :Zeepkist GTR] 18:44:25 Received HTTP response headers after 194.9399ms - 200
[Info   :Zeepkist GTR] 18:44:25 End processing HTTP request after 195.2719ms - 200
[Info   :Zeepkist GTR] 18:44:25 Received HTTP response headers after 411.2461ms - 200
[Info   :Zeepkist GTR] 18:44:25 End processing HTTP request after 411.481ms - 200
[Info   :Zeepkist GTR] 18:44:25 Start processing HTTP request "POST" https://graphql.zeepki.st/
[Info   :Zeepkist GTR] 18:44:25 Sending HTTP request "POST" https://graphql.zeepki.st/
[Info   :Zeepkist GTR] 18:44:25 Received HTTP response headers after 186.8135ms - 200
[Info   :Zeepkist GTR] 18:44:25 End processing HTTP request after 187.1061ms - 200
[Info   :Zeepkist GTR] 18:44:26 Starting recorder
[Info   :Zeepkist GTR] 18:44:26 Starting recorder
[Info   :Zeepkist Bingo] [BINGO] === PLAYER SPAWNED ===
[Info   :Zeepkist Bingo] [BINGO] IsInActiveSession: False
[Info   :Zeepkist Bingo] [BINGO] Not in active session, skipping timer reset
[Info   :Zeepkist GTR] 18:44:46 Stopping existing recorder if any
[Info   :Zeepkist GTR] 18:44:46 Creating new recorder
[Info   :Zeepkist GTR] 18:44:46 Start processing HTTP request "POST" https://graphql.zeepki.st/
[Info   :Zeepkist GTR] 18:44:46 Sending HTTP request "POST" https://graphql.zeepki.st/
[Info   :Zeepkist GTR] 18:44:46 Start processing HTTP request "POST" https://graphql.zeepki.st/
[Info   :Zeepkist GTR] 18:44:46 Sending HTTP request "POST" https://graphql.zeepki.st/
[Info   :Zeepkist GTR] 18:44:46 Received HTTP response headers after 185.576ms - 200
[Info   :Zeepkist GTR] 18:44:46 End processing HTTP request after 185.8187ms - 200
[Info   :Zeepkist GTR] 18:44:46 Received HTTP response headers after 190.285ms - 200
[Info   :Zeepkist GTR] 18:44:46 End processing HTTP request after 190.552ms - 200
[Info   :Zeepkist GTR] 18:44:46 Start processing HTTP request "POST" https://graphql.zeepki.st/
[Info   :Zeepkist GTR] 18:44:46 Sending HTTP request "POST" https://graphql.zeepki.st/
[Info   :Zeepkist GTR] 18:44:46 Received HTTP response headers after 192.4115ms - 200
[Info   :Zeepkist GTR] 18:44:46 End processing HTTP request after 192.8364ms - 200
[Info   :Zeepkist GTR] 18:44:47 Starting recorder
[Info   :Zeepkist GTR] 18:44:47 Starting recorder
[Info   :Zeepkist Bingo] [BINGO] === PLAYER SPAWNED ===
[Info   :Zeepkist Bingo] [BINGO] IsInActiveSession: False
[Info   :Zeepkist Bingo] [BINGO] Not in active session, skipping timer reset
[Info   :Zeepkist GTR] 18:44:49 Stopping existing recorder if any
[Info   :Zeepkist GTR] 18:44:49 Creating new recorder
[Info   :Zeepkist GTR] 18:44:49 Start processing HTTP request "POST" https://graphql.zeepki.st/
[Info   :Zeepkist GTR] 18:44:49 Sending HTTP request "POST" https://graphql.zeepki.st/
[Info   :Zeepkist GTR] 18:44:49 Start processing HTTP request "POST" https://graphql.zeepki.st/
[Info   :Zeepkist GTR] 18:44:49 Sending HTTP request "POST" https://graphql.zeepki.st/
[Info   :Zeepkist GTR] 18:44:49 Received HTTP response headers after 197.7394ms - 200
[Info   :Zeepkist GTR] 18:44:49 End processing HTTP request after 197.9926ms - 200
[Info   :Zeepkist GTR] 18:44:49 Received HTTP response headers after 213.1457ms - 200
[Info   :Zeepkist GTR] 18:44:49 End processing HTTP request after 213.3655ms - 200
[Info   :Zeepkist GTR] 18:44:49 Start processing HTTP request "POST" https://graphql.zeepki.st/
[Info   :Zeepkist GTR] 18:44:49 Sending HTTP request "POST" https://graphql.zeepki.st/
[Info   :Zeepkist GTR] 18:44:50 Received HTTP response headers after 193.9834ms - 200
[Info   :Zeepkist GTR] 18:44:50 End processing HTTP request after 194.2653ms - 200
[Info   :Zeepkist GTR] 18:44:50 Discarding recorder
[Info   :Zeepkist GTR] 18:44:51 Starting recorder
[Error  :RecordingService] Unhandled exception in OnRoundStarted: System.Reflection.TargetInvocationException: Exception has been thrown by the target of an invocation. ---> System.NullReferenceException: Object reference not set to an instance of an object
  at TNRD.Zeepkist.GTR.Ghosting.Recording.RecordingService.OnRoundStarted () [0x00026] in D:\a\Zeepkist.GTR.Mod\Zeepkist.GTR.Mod\Ghosting\Recording\RecordingService.cs:68 
  at (wrapper managed-to-native) System.Reflection.RuntimeMethodInfo.InternalInvoke(System.Reflection.RuntimeMethodInfo,object,object[],System.Exception&)
  at System.Reflection.RuntimeMethodInfo.Invoke (System.Object obj, System.Reflection.BindingFlags invokeAttr, System.Reflection.Binder binder, System.Object[] parameters, System.Globalization.CultureInfo culture) [0x0006a] in <9aad1b3a47484d63ba2b3985692d80e9>:0 
   --- End of inner exception stack trace ---
  at System.Reflection.RuntimeMethodInfo.Invoke (System.Object obj, System.Reflection.BindingFlags invokeAttr, System.Reflection.Binder binder, System.Object[] parameters, System.Globalization.CultureInfo culture) [0x00083] in <9aad1b3a47484d63ba2b3985692d80e9>:0 
  at System.Reflection.MethodBase.Invoke (System.Object obj, System.Object[] parameters) [0x00000] in <9aad1b3a47484d63ba2b3985692d80e9>:0 
  at System.Delegate.DynamicInvokeImpl (System.Object[] args) [0x000e7] in <9aad1b3a47484d63ba2b3985692d80e9>:0 
  at System.MulticastDelegate.DynamicInvokeImpl (System.Object[] args) [0x00008] in <9aad1b3a47484d63ba2b3985692d80e9>:0 
  at System.Delegate.DynamicInvoke (System.Object[] args) [0x00000] in <9aad1b3a47484d63ba2b3985692d80e9>:0 
  at ZeepSDK.Extensions.DelegateExtensions.InvokeSafe (System.Delegate d, System.Object[] args) [0x00017] in D:\a\ZeepSDK\ZeepSDK\ZeepSDK\Extensions\DelegateExtensions.cs:22 
[Info   :Zeepkist GTR] 18:44:51 Starting recorder
[Error  :RecordingService] Unhandled exception in OnRoundStarted: System.Reflection.TargetInvocationException: Exception has been thrown by the target of an invocation. ---> System.NullReferenceException: Object reference not set to an instance of an object
  at TNRD.Zeepkist.GTR.Ghosting.Recording.RecordingService.OnRoundStarted () [0x00026] in D:\a\Zeepkist.GTR.Mod\Zeepkist.GTR.Mod\Ghosting\Recording\RecordingService.cs:68 
  at (wrapper managed-to-native) System.Reflection.RuntimeMethodInfo.InternalInvoke(System.Reflection.RuntimeMethodInfo,object,object[],System.Exception&)
  at System.Reflection.RuntimeMethodInfo.Invoke (System.Object obj, System.Reflection.BindingFlags invokeAttr, System.Reflection.Binder binder, System.Object[] parameters, System.Globalization.CultureInfo culture) [0x0006a] in <9aad1b3a47484d63ba2b3985692d80e9>:0 
   --- End of inner exception stack trace ---
  at System.Reflection.RuntimeMethodInfo.Invoke (System.Object obj, System.Reflection.BindingFlags invokeAttr, System.Reflection.Binder binder, System.Object[] parameters, System.Globalization.CultureInfo culture) [0x00083] in <9aad1b3a47484d63ba2b3985692d80e9>:0 
  at System.Reflection.MethodBase.Invoke (System.Object obj, System.Object[] parameters) [0x00000] in <9aad1b3a47484d63ba2b3985692d80e9>:0 
  at System.Delegate.DynamicInvokeImpl (System.Object[] args) [0x000e7] in <9aad1b3a47484d63ba2b3985692d80e9>:0 
  at System.MulticastDelegate.DynamicInvokeImpl (System.Object[] args) [0x00008] in <9aad1b3a47484d63ba2b3985692d80e9>:0 
  at System.Delegate.DynamicInvoke (System.Object[] args) [0x00000] in <9aad1b3a47484d63ba2b3985692d80e9>:0 
  at ZeepSDK.Extensions.DelegateExtensions.InvokeSafe (System.Delegate d, System.Object[] args) [0x00017] in D:\a\ZeepSDK\ZeepSDK\ZeepSDK\Extensions\DelegateExtensions.cs:22 
[Info   :Zeepkist Bingo] [CHAT] Intercepted message: uhh eggy
[Info   :Zeepkist Bingo] [CHAT] Not relaying - no bingo session
[Info   :Zeepkist Bingo] [BINGO] Level loaded
[Info   :BetterSplits] getting gtr splits
[Info   :Zeepkist Bingo] [BINGO] === PLAYER SPAWNED ===
[Info   :Zeepkist Bingo] [BINGO] IsInActiveSession: False
[Info   :Zeepkist Bingo] [BINGO] Not in active session, skipping timer reset
[Info   :Zeepkist GTR] 18:45:05 Stopping existing recorder if any
[Info   :Zeepkist GTR] 18:45:05 Creating new recorder
[Info   :Zeepkist GTR] 18:45:05 Start processing HTTP request "POST" https://graphql.zeepki.st/
[Info   :Zeepkist GTR] 18:45:05 Sending HTTP request "POST" https://graphql.zeepki.st/
[Info   :Zeepkist GTR] 18:45:05 Start processing HTTP request "POST" https://graphql.zeepki.st/
[Info   :Zeepkist GTR] 18:45:05 Sending HTTP request "POST" https://graphql.zeepki.st/
[Info   :Zeepkist GTR] 18:45:05 Received HTTP response headers after 199.8531ms - 200
[Info   :Zeepkist GTR] 18:45:05 End processing HTTP request after 200.1314ms - 200
[Info   :Zeepkist GTR] 18:45:05 Received HTTP response headers after 206.9032ms - 200
[Info   :Zeepkist GTR] 18:45:05 End processing HTTP request after 207.2631ms - 200
[Info   :Zeepkist GTR] 18:45:05 Start processing HTTP request "POST" https://graphql.zeepki.st/
[Info   :Zeepkist GTR] 18:45:05 Sending HTTP request "POST" https://graphql.zeepki.st/
[Info   :BetterSplits] got gtr splits
[Info   :Zeepkist GTR] 18:45:05 Received HTTP response headers after 197.1219ms - 200
[Info   :Zeepkist GTR] 18:45:05 End processing HTTP request after 197.3886ms - 200
[Info   :Zeepkist GTR] 18:45:06 Starting recorder
[Info   :Zeepkist GTR] 18:45:06 Starting recorder
[Info   :Zeepkist Bingo] [CHAT] Intercepted message: !cotd startcup
[Info   :Zeepkist Bingo] [CHAT] Not relaying - no bingo session
[Info   :COTDTracker] Starting cup with exclude list: 
[Info   :Zeepkist GTR] 18:45:10 Discarding recorder
[Info   :COTDTracker] Doing eliminations with leaderboard:
[Info   :COTDTracker] Player [ZET] Wheelie: Time: DNF
[Info   :COTDTracker] Player SuperHeavy: Time: DNF
[Info   :COTDTracker] Player [ZET]Stick: Time: DNF
[Info   :COTDTracker] Player Minkus: Time: DNF
[Info   :COTDTracker] Player BrickEdwards: Time: DNF
[Info   :COTDTracker] Player M4DSCOTSM4N: Time: DNF
[Info   :COTDTracker] Player [ZET]maskeddog: Time: DNF
[Info   :COTDTracker] Player Akane: Time: DNF
[Info   :COTDTracker] Player [CCC]Shinikage221: Time: DNF
[Info   :COTDTracker] Player [ZET]vectortrajector: Time: DNF
[Info   :COTDTracker] Player [MMM]LKat: Time: DNF
[Info   :COTDTracker] Player Six: Time: DNF
[Info   :COTDTracker] Player [EG]Victor: Time: DNF
[Info   :COTDTracker] Player [ZET]Sword125: Time: DNF
[Info   :COTDTracker] Player pannekoekbijter: Time: DNF
[Info   :COTDTracker] Player [KBW] microways: Time: DNF
[Info   :COTDTracker] Player agix: Time: DNF
[Info   :COTDTracker] Player tbb300: Time: DNF
[Info   :COTDTracker] Kicking eliminated players
[Info   :Zeepkist Bingo] [BINGO] Level loaded
[Info   :BetterSplits] getting gtr splits
[Info   :Zeepkist Bingo] [BINGO] === PLAYER SPAWNED ===
[Info   :Zeepkist Bingo] [BINGO] IsInActiveSession: False
[Info   :Zeepkist Bingo] [BINGO] Not in active session, skipping timer reset
[Info   :Zeepkist GTR] 18:45:24 Stopping existing recorder if any
[Info   :Zeepkist GTR] 18:45:24 Creating new recorder
[Info   :Zeepkist GTR] 18:45:24 Start processing HTTP request "POST" https://graphql.zeepki.st/
[Info   :Zeepkist GTR] 18:45:24 Sending HTTP request "POST" https://graphql.zeepki.st/
[Info   :Zeepkist GTR] 18:45:24 Start processing HTTP request "POST" https://graphql.zeepki.st/
[Info   :Zeepkist GTR] 18:45:24 Sending HTTP request "POST" https://graphql.zeepki.st/
[Info   :BetterSplits] got gtr splits
[Info   :Zeepkist GTR] 18:45:25 Received HTTP response headers after 212.8175ms - 200
[Info   :Zeepkist GTR] 18:45:25 End processing HTTP request after 213.052ms - 200
[Info   :Zeepkist GTR] 18:45:25 Received HTTP response headers after 213.5067ms - 200
[Info   :Zeepkist GTR] 18:45:25 End processing HTTP request after 213.735ms - 200
[Info   :Zeepkist GTR] 18:45:25 Start processing HTTP request "POST" https://graphql.zeepki.st/
[Info   :Zeepkist GTR] 18:45:25 Sending HTTP request "POST" https://graphql.zeepki.st/
[Info   :Zeepkist GTR] 18:45:25 Received HTTP response headers after 205.0732ms - 200
[Info   :Zeepkist GTR] 18:45:25 End processing HTTP request after 205.4474ms - 200
[Info   :Zeepkist GTR] 18:45:26 Starting recorder
[Info   :Zeepkist GTR] 18:45:26 Starting recorder
[Info   :Zeepkist Bingo] [BINGO] === PLAYER SPAWNED ===
[Info   :Zeepkist Bingo] [BINGO] IsInActiveSession: False
[Info   :Zeepkist Bingo] [BINGO] Not in active session, skipping timer reset
[Info   :Zeepkist GTR] 18:45:46 Stopping existing recorder if any
[Info   :Zeepkist GTR] 18:45:46 Creating new recorder
[Info   :Zeepkist GTR] 18:45:46 Start processing HTTP request "POST" https://graphql.zeepki.st/
[Info   :Zeepkist GTR] 18:45:46 Sending HTTP request "POST" https://graphql.zeepki.st/
[Info   :Zeepkist GTR] 18:45:46 Start processing HTTP request "POST" https://graphql.zeepki.st/
[Info   :Zeepkist GTR] 18:45:46 Sending HTTP request "POST" https://graphql.zeepki.st/
[Info   :Zeepkist GTR] 18:45:46 Received HTTP response headers after 170.3742ms - 200
[Info   :Zeepkist GTR] 18:45:46 End processing HTTP request after 170.6831ms - 200
[Info   :Zeepkist GTR] 18:45:46 Received HTTP response headers after 175.0083ms - 200
[Info   :Zeepkist GTR] 18:45:46 End processing HTTP request after 175.239ms - 200
[Info   :Zeepkist GTR] 18:45:46 Start processing HTTP request "POST" https://graphql.zeepki.st/
[Info   :Zeepkist GTR] 18:45:46 Sending HTTP request "POST" https://graphql.zeepki.st/
[Info   :Zeepkist GTR] 18:45:46 Received HTTP response headers after 177.6786ms - 200
[Info   :Zeepkist GTR] 18:45:46 End processing HTTP request after 177.9461ms - 200
[Info   :Zeepkist GTR] 18:45:47 Starting recorder
[Info   :Zeepkist GTR] 18:45:47 Starting recorder
[Info   :Zeepkist GTR] 18:46:33 Stopping recorder
[Info   :Zeepkist GTR] 18:46:33 Collecting extra information
[Info   :Zeepkist GTR] 18:46:33 Resolved workshop ID "3799906829" from lobby 3799906829 and level 0
[Info   :Zeepkist GTR] 18:46:33 Processing ghost data
[Info   :Zeepkist GTR] 18:46:33 Creating stream
[Info   :Zeepkist GTR] 18:46:33 Writing to stream
[Info   :Zeepkist GTR] 18:46:34 Converting to base64
[Info   :Zeepkist GTR] 18:46:34 Creating resource
[Info   :Zeepkist GTR] 18:46:34 Start processing HTTP request "POST" https://backend.zeepki.st/auth/refresh
[Info   :Zeepkist GTR] 18:46:34 Sending HTTP request "POST" https://backend.zeepki.st/auth/refresh
[Info   :Zeepkist Bingo] [BINGO] === PLAYER SPAWNED ===
[Info   :Zeepkist Bingo] [BINGO] IsInActiveSession: False
[Info   :Zeepkist Bingo] [BINGO] Not in active session, skipping timer reset
[Info   :Zeepkist GTR] 18:46:35 Stopping existing recorder if any
[Info   :Zeepkist GTR] 18:46:35 Creating new recorder
[Info   :Zeepkist GTR] 18:46:35 Start processing HTTP request "POST" https://graphql.zeepki.st/
[Info   :Zeepkist GTR] 18:46:35 Sending HTTP request "POST" https://graphql.zeepki.st/
[Info   :Zeepkist GTR] 18:46:35 Start processing HTTP request "POST" https://graphql.zeepki.st/
[Info   :Zeepkist GTR] 18:46:35 Sending HTTP request "POST" https://graphql.zeepki.st/
[Info   :Zeepkist GTR] 18:46:35 Received HTTP response headers after 674.6862ms - 200
[Info   :Zeepkist GTR] 18:46:35 End processing HTTP request after 674.9377ms - 200
[Info   :Zeepkist GTR] 18:46:35 Start processing HTTP request "POST" https://backend.zeepki.st/record/submit
[Info   :Zeepkist GTR] 18:46:35 Sending HTTP request "POST" https://backend.zeepki.st/record/submit
[Info   :Zeepkist GTR] 18:46:35 Received HTTP response headers after 347.3566ms - 200
[Info   :Zeepkist GTR] 18:46:35 Received HTTP response headers after 346.6819ms - 200
[Info   :Zeepkist GTR] 18:46:35 End processing HTTP request after 347.5818ms - 200
[Info   :Zeepkist GTR] 18:46:35 End processing HTTP request after 346.9138ms - 200
[Info   :Zeepkist GTR] 18:46:35 Start processing HTTP request "POST" https://graphql.zeepki.st/
[Info   :Zeepkist GTR] 18:46:35 Sending HTTP request "POST" https://graphql.zeepki.st/
[Info   :Zeepkist GTR] 18:46:35 Received HTTP response headers after 175.0885ms - 200
[Info   :Zeepkist GTR] 18:46:35 End processing HTTP request after 175.3537ms - 200
[Info   :Zeepkist GTR] 18:46:36 Received HTTP response headers after 915.5916ms - 200
[Info   :Zeepkist GTR] 18:46:36 End processing HTTP request after 915.9664ms - 200
[Info   :Zeepkist GTR] 18:46:37 Starting recorder
[Info   :Zeepkist GTR] 18:46:37 Starting recorder
[Info   :Zeepkist Bingo] [BINGO] === PLAYER SPAWNED ===
[Info   :Zeepkist Bingo] [BINGO] IsInActiveSession: False
[Info   :Zeepkist Bingo] [BINGO] Not in active session, skipping timer reset
[Info   :Zeepkist GTR] 18:46:44 Stopping existing recorder if any
[Info   :Zeepkist GTR] 18:46:44 Creating new recorder
[Info   :Zeepkist GTR] 18:46:44 Start processing HTTP request "POST" https://graphql.zeepki.st/
[Info   :Zeepkist GTR] 18:46:44 Sending HTTP request "POST" https://graphql.zeepki.st/
[Info   :Zeepkist GTR] 18:46:44 Start processing HTTP request "POST" https://graphql.zeepki.st/
[Info   :Zeepkist GTR] 18:46:44 Sending HTTP request "POST" https://graphql.zeepki.st/
[Info   :Zeepkist GTR] 18:46:44 Received HTTP response headers after 197.4523ms - 200
[Info   :Zeepkist GTR] 18:46:44 End processing HTTP request after 197.7142ms - 200
[Info   :Zeepkist GTR] 18:46:44 Received HTTP response headers after 204.7208ms - 200
[Info   :Zeepkist GTR] 18:46:44 End processing HTTP request after 204.9877ms - 200
[Info   :Zeepkist GTR] 18:46:44 Start processing HTTP request "POST" https://graphql.zeepki.st/
[Info   :Zeepkist GTR] 18:46:44 Sending HTTP request "POST" https://graphql.zeepki.st/
[Info   :Zeepkist GTR] 18:46:44 Received HTTP response headers after 174.9774ms - 200
[Info   :Zeepkist GTR] 18:46:44 End processing HTTP request after 175.2392ms - 200
[Info   :COTDTracker] Running update tab leaderboard function
[Info   :Zeepkist GTR] 18:46:46 Starting recorder
[Info   :Zeepkist GTR] 18:46:46 Starting recorder
[Info   :COTDTracker] Running update tab leaderboard function
[Info   :COTDTracker] Running update tab leaderboard function
[Info   :COTDTracker] Running update tab leaderboard function
[Info   :COTDTracker] Running update tab leaderboard function
[Info   :COTDTracker] Running update tab leaderboard function
[Info   :Zeepkist GTR] 18:47:25 Discarding recorder
[Info   :COTDTracker] Doing eliminations with leaderboard:
[Info   :COTDTracker] Player [MMM]LKat: Time: 43.69388
[Info   :COTDTracker] Player [EG]Victor: Time: 43.84797
[Info   :COTDTracker] Player [KBW] microways: Time: 44.03516
[Info   :COTDTracker] Player agix: Time: 44.05783
[Info   :COTDTracker] Player [ZET]Stick: Time: 44.92489
[Info   :COTDTracker] Player Minkus: Time: 45.13688
[Info   :COTDTracker] Player [ZET] Wheelie: Time: 46.01313
[Info   :COTDTracker] Player SuperHeavy: Time: 46.05418
[Info   :COTDTracker] Player pannekoekbijter: Time: 46.07752
[Info   :COTDTracker] Player BrickEdwards: Time: 46.40033
[Info   :COTDTracker] Player M4DSCOTSM4N: Time: 46.44166
[Info   :COTDTracker] Player Six: Time: 46.76786
[Info   :COTDTracker] Player [ZET]maskeddog: Time: 47.32116
[Info   :COTDTracker] Player Akane: Time: 47.80844
[Info   :COTDTracker] Player [CCC]Shinikage221: Time: 48.3322
[Info   :COTDTracker] Player [ZET]Sword125: Time: 48.44439
[Info   :COTDTracker] Player tbb300: Time: DNF
[Info   :COTDTracker] Player [ZET]vectortrajector: Time: DNF
[Info   :COTDTracker] Eliminating DNF: [ZET]vectortrajector
[Info   :COTDTracker] Eliminating DNF: tbb300
[Info   :COTDTracker] Eliminated 2 DNF players
[Info   :COTDTracker] Eliminating on time: [ZET]Sword125
[Info   :COTDTracker] Eliminating on time: [CCC]Shinikage221
[Info   :COTDTracker] Eliminating 4 players: 
[Info   :COTDTracker] [ZET]vectortrajector
[Info   :COTDTracker] tbb300
[Info   :COTDTracker] [ZET]Sword125
[Info   :COTDTracker] [CCC]Shinikage221
[Info   :COTDTracker] Kicking eliminated players
[Info   :Zeepkist Bingo] [BINGO] Level loaded
[Info   :BetterSplits] getting gtr splits
[Info   :Zeepkist Bingo] [BINGO] === PLAYER SPAWNED ===
[Info   :Zeepkist Bingo] [BINGO] IsInActiveSession: False
[Info   :Zeepkist Bingo] [BINGO] Not in active session, skipping timer reset
[Info   :Zeepkist GTR] 18:47:39 Stopping existing recorder if any
[Info   :Zeepkist GTR] 18:47:39 Creating new recorder
[Info   :Zeepkist GTR] 18:47:39 Start processing HTTP request "POST" https://graphql.zeepki.st/
[Info   :Zeepkist GTR] 18:47:39 Sending HTTP request "POST" https://graphql.zeepki.st/
[Info   :Zeepkist GTR] 18:47:39 Start processing HTTP request "POST" https://graphql.zeepki.st/
[Info   :Zeepkist GTR] 18:47:39 Sending HTTP request "POST" https://graphql.zeepki.st/
[Info   :Zeepkist GTR] 18:47:39 Received HTTP response headers after 187.0215ms - 200
[Info   :Zeepkist GTR] 18:47:39 End processing HTTP request after 187.2549ms - 200
[Info   :Zeepkist GTR] 18:47:39 Received HTTP response headers after 201.3833ms - 200
[Info   :Zeepkist GTR] 18:47:39 End processing HTTP request after 201.5942ms - 200
[Info   :Zeepkist GTR] 18:47:39 Start processing HTTP request "POST" https://graphql.zeepki.st/
[Info   :Zeepkist GTR] 18:47:39 Sending HTTP request "POST" https://graphql.zeepki.st/
[Info   :BetterSplits] got gtr splits
[Info   :Zeepkist GTR] 18:47:40 Received HTTP response headers after 192.0701ms - 200
[Info   :Zeepkist GTR] 18:47:40 End processing HTTP request after 192.3727ms - 200
[Info   :Zeepkist Bingo] [CHAT] Intercepted message: 4 players eliminated: [ZET]vectortrajector, tbb300, [ZET]Sword125, [CCC]Shinikage221
[Info   :Zeepkist Bingo] [CHAT] Not relaying - no bingo session
[Info   :Zeepkist GTR] 18:47:41 Starting recorder
[Info   :Zeepkist GTR] 18:47:41 Starting recorder
[Info   :Zeepkist Bingo] [BINGO] === PLAYER SPAWNED ===
[Info   :Zeepkist Bingo] [BINGO] IsInActiveSession: False
[Info   :Zeepkist Bingo] [BINGO] Not in active session, skipping timer reset
[Info   :Zeepkist GTR] 18:47:46 Stopping existing recorder if any
[Info   :Zeepkist GTR] 18:47:46 Creating new recorder
[Info   :Zeepkist GTR] 18:47:46 Start processing HTTP request "POST" https://graphql.zeepki.st/
[Info   :Zeepkist GTR] 18:47:46 Sending HTTP request "POST" https://graphql.zeepki.st/
[Info   :Zeepkist GTR] 18:47:46 Start processing HTTP request "POST" https://graphql.zeepki.st/
[Info   :Zeepkist GTR] 18:47:46 Sending HTTP request "POST" https://graphql.zeepki.st/
[Info   :Zeepkist GTR] 18:47:46 Received HTTP response headers after 184.5165ms - 200
[Info   :Zeepkist GTR] 18:47:46 End processing HTTP request after 184.8169ms - 200
[Info   :Zeepkist GTR] 18:47:46 Received HTTP response headers after 189.4652ms - 200
[Info   :Zeepkist GTR] 18:47:46 End processing HTTP request after 189.6858ms - 200
[Info   :Zeepkist GTR] 18:47:46 Start processing HTTP request "POST" https://graphql.zeepki.st/
[Info   :Zeepkist GTR] 18:47:46 Sending HTTP request "POST" https://graphql.zeepki.st/
[Info   :Zeepkist GTR] 18:47:46 Received HTTP response headers after 183.2502ms - 200
[Info   :Zeepkist GTR] 18:47:46 End processing HTTP request after 183.5156ms - 200
[Info   :Zeepkist GTR] 18:47:48 Starting recorder
[Info   :Zeepkist GTR] 18:47:48 Starting recorder
[Info   :Zeepkist Bingo] [BINGO] === PLAYER SPAWNED ===
[Info   :Zeepkist Bingo] [BINGO] IsInActiveSession: False
[Info   :Zeepkist Bingo] [BINGO] Not in active session, skipping timer reset
[Info   :Zeepkist GTR] 18:47:52 Stopping existing recorder if any
[Info   :Zeepkist GTR] 18:47:52 Creating new recorder
[Info   :Zeepkist GTR] 18:47:52 Start processing HTTP request "POST" https://graphql.zeepki.st/
[Info   :Zeepkist GTR] 18:47:52 Sending HTTP request "POST" https://graphql.zeepki.st/
[Info   :Zeepkist GTR] 18:47:52 Start processing HTTP request "POST" https://graphql.zeepki.st/
[Info   :Zeepkist GTR] 18:47:52 Sending HTTP request "POST" https://graphql.zeepki.st/
[Info   :Zeepkist GTR] 18:47:53 Received HTTP response headers after 177.7188ms - 200
[Info   :Zeepkist GTR] 18:47:53 End processing HTTP request after 177.9792ms - 200
[Info   :Zeepkist GTR] 18:47:53 Received HTTP response headers after 180.9726ms - 200
[Info   :Zeepkist GTR] 18:47:53 End processing HTTP request after 181.2576ms - 200
[Info   :Zeepkist GTR] 18:47:53 Start processing HTTP request "POST" https://graphql.zeepki.st/
[Info   :Zeepkist GTR] 18:47:53 Sending HTTP request "POST" https://graphql.zeepki.st/
[Info   :Zeepkist GTR] 18:47:53 Received HTTP response headers after 183.3092ms - 200
[Info   :Zeepkist GTR] 18:47:53 End processing HTTP request after 183.5995ms - 200
[Info   :Zeepkist GTR] 18:47:54 Starting recorder
[Info   :Zeepkist GTR] 18:47:54 Starting recorder
[Info   :Zeepkist GTR] 18:48:40 Stopping recorder
[Info   :Zeepkist GTR] 18:48:40 Collecting extra information
[Info   :Zeepkist GTR] 18:48:40 Resolved workshop ID "3799906829" from lobby 3799906829 and level 0
[Info   :Zeepkist GTR] 18:48:40 Processing ghost data
[Info   :Zeepkist GTR] 18:48:40 Creating stream
[Info   :Zeepkist GTR] 18:48:40 Writing to stream
[Info   :Zeepkist GTR] 18:48:41 Converting to base64
[Info   :Zeepkist GTR] 18:48:41 Creating resource
[Info   :Zeepkist GTR] 18:48:41 Start processing HTTP request "POST" https://backend.zeepki.st/record/submit
[Info   :Zeepkist GTR] 18:48:41 Sending HTTP request "POST" https://backend.zeepki.st/record/submit
[Info   :Zeepkist Bingo] [BINGO] === PLAYER SPAWNED ===
[Info   :Zeepkist Bingo] [BINGO] IsInActiveSession: False
[Info   :Zeepkist Bingo] [BINGO] Not in active session, skipping timer reset
[Info   :Zeepkist GTR] 18:48:42 Stopping existing recorder if any
[Info   :Zeepkist GTR] 18:48:42 Creating new recorder
[Info   :Zeepkist GTR] 18:48:42 Start processing HTTP request "POST" https://graphql.zeepki.st/
[Info   :Zeepkist GTR] 18:48:42 Sending HTTP request "POST" https://graphql.zeepki.st/
[Info   :Zeepkist GTR] 18:48:42 Start processing HTTP request "POST" https://graphql.zeepki.st/
[Info   :Zeepkist GTR] 18:48:42 Sending HTTP request "POST" https://graphql.zeepki.st/
[Info   :Zeepkist GTR] 18:48:42 Received HTTP response headers after 808.5627ms - 200
[Info   :Zeepkist GTR] 18:48:42 End processing HTTP request after 808.8237ms - 200
[Info   :Zeepkist GTR] 18:48:42 Received HTTP response headers after 593.3231ms - 200
[Info   :Zeepkist GTR] 18:48:42 End processing HTTP request after 593.6164ms - 200
[Info   :Zeepkist GTR] 18:48:43 Received HTTP response headers after 1385.6379ms - 200
[Info   :Zeepkist GTR] 18:48:43 End processing HTTP request after 1385.9ms - 200
[Info   :Zeepkist GTR] 18:48:43 Start processing HTTP request "POST" https://graphql.zeepki.st/
[Info   :Zeepkist GTR] 18:48:43 Sending HTTP request "POST" https://graphql.zeepki.st/
[Info   :Zeepkist GTR] 18:48:43 Received HTTP response headers after 191.6672ms - 200
[Info   :Zeepkist GTR] 18:48:43 End processing HTTP request after 191.927ms - 200
[Info   :Zeepkist GTR] 18:48:43 Starting recorder
[Info   :Zeepkist GTR] 18:48:43 Starting recorder
[Info   :Zeepkist Bingo] [BINGO] === PLAYER SPAWNED ===
[Info   :Zeepkist Bingo] [BINGO] IsInActiveSession: False
[Info   :Zeepkist Bingo] [BINGO] Not in active session, skipping timer reset
[Info   :Zeepkist GTR] 18:48:45 Stopping existing recorder if any
[Info   :Zeepkist GTR] 18:48:45 Creating new recorder
[Info   :Zeepkist GTR] 18:48:45 Start processing HTTP request "POST" https://graphql.zeepki.st/
[Info   :Zeepkist GTR] 18:48:45 Sending HTTP request "POST" https://graphql.zeepki.st/
[Info   :Zeepkist GTR] 18:48:45 Start processing HTTP request "POST" https://graphql.zeepki.st/
[Info   :Zeepkist GTR] 18:48:45 Sending HTTP request "POST" https://graphql.zeepki.st/
[Info   :Zeepkist GTR] 18:48:45 Received HTTP response headers after 207.7278ms - 200
[Info   :Zeepkist GTR] 18:48:45 Received HTTP response headers after 207.0723ms - 200
[Info   :Zeepkist GTR] 18:48:45 End processing HTTP request after 207.9737ms - 200
[Info   :Zeepkist GTR] 18:48:45 End processing HTTP request after 207.3056ms - 200
[Info   :Zeepkist GTR] 18:48:45 Start processing HTTP request "POST" https://graphql.zeepki.st/
[Info   :Zeepkist GTR] 18:48:45 Sending HTTP request "POST" https://graphql.zeepki.st/
[Info   :Zeepkist GTR] 18:48:46 Received HTTP response headers after 198.7723ms - 200
[Info   :Zeepkist GTR] 18:48:46 End processing HTTP request after 200.129ms - 200
[Info   :Zeepkist GTR] 18:48:47 Starting recorder
[Info   :Zeepkist GTR] 18:48:47 Starting recorder
[Info   :Zeepkist Bingo] [BINGO] === PLAYER SPAWNED ===
[Info   :Zeepkist Bingo] [BINGO] IsInActiveSession: False
[Info   :Zeepkist Bingo] [BINGO] Not in active session, skipping timer reset
[Info   :Zeepkist GTR] 18:49:01 Stopping existing recorder if any
[Info   :Zeepkist GTR] 18:49:01 Creating new recorder
[Info   :Zeepkist GTR] 18:49:01 Start processing HTTP request "POST" https://graphql.zeepki.st/
[Info   :Zeepkist GTR] 18:49:01 Sending HTTP request "POST" https://graphql.zeepki.st/
[Info   :Zeepkist GTR] 18:49:01 Start processing HTTP request "POST" https://graphql.zeepki.st/
[Info   :Zeepkist GTR] 18:49:01 Sending HTTP request "POST" https://graphql.zeepki.st/
[Info   :Zeepkist GTR] 18:49:02 Received HTTP response headers after 223.7195ms - 200
[Info   :Zeepkist GTR] 18:49:02 End processing HTTP request after 224.0105ms - 200
[Info   :Zeepkist GTR] 18:49:02 Received HTTP response headers after 266.9834ms - 200
[Info   :Zeepkist GTR] 18:49:02 End processing HTTP request after 267.2099ms - 200
[Info   :Zeepkist GTR] 18:49:02 Start processing HTTP request "POST" https://graphql.zeepki.st/
[Info   :Zeepkist GTR] 18:49:02 Sending HTTP request "POST" https://graphql.zeepki.st/
[Info   :Zeepkist GTR] 18:49:02 Received HTTP response headers after 566.8715ms - 200
[Info   :Zeepkist GTR] 18:49:02 End processing HTTP request after 567.1816ms - 200
[Info   :Zeepkist GTR] 18:49:03 Starting recorder
[Info   :Zeepkist GTR] 18:49:03 Starting recorder
[Info   :Zeepkist GTR] 18:49:38 Discarding recorder
[Info   :COTDTracker] Doing eliminations with leaderboard:
[Info   :COTDTracker] Player [KBW] microways: Time: 43.68049
[Info   :COTDTracker] Player [EG]Victor: Time: 43.76853
[Info   :COTDTracker] Player [ZET]Stick: Time: 44.05566
[Info   :COTDTracker] Player [MMM]LKat: Time: 44.1008
[Info   :COTDTracker] Player agix: Time: 44.16944
[Info   :COTDTracker] Player Minkus: Time: 44.22062
[Info   :COTDTracker] Player [ZET] Wheelie: Time: 45.63845
[Info   :COTDTracker] Player SuperHeavy: Time: 45.87674
[Info   :COTDTracker] Player Six: Time: 46.02482
[Info   :COTDTracker] Player BrickEdwards: Time: 46.85247
[Info   :COTDTracker] Player pannekoekbijter: Time: 46.88192
[Info   :COTDTracker] Player M4DSCOTSM4N: Time: 47.23563
[Info   :COTDTracker] Player Akane: Time: 47.67566
[Info   :COTDTracker] Player [ZET]maskeddog: Time: 47.87424
[Info   :COTDTracker] Eliminated 0 DNF players
[Info   :COTDTracker] Eliminating on time: [ZET]maskeddog
[Info   :COTDTracker] Eliminating on time: Akane
[Info   :COTDTracker] Eliminating 2 players: 
[Info   :COTDTracker] [ZET]maskeddog
[Info   :COTDTracker] Akane
[Info   :COTDTracker] Kicking eliminated players
[Info   :Zeepkist Bingo] [BINGO] Level loaded
[Info   :BetterSplits] getting gtr splits
[Info   :Zeepkist Bingo] [BINGO] === PLAYER SPAWNED ===
[Info   :Zeepkist Bingo] [BINGO] IsInActiveSession: False
[Info   :Zeepkist Bingo] [BINGO] Not in active session, skipping timer reset
[Info   :Zeepkist GTR] 18:49:52 Stopping existing recorder if any
[Info   :Zeepkist GTR] 18:49:52 Creating new recorder
[Info   :Zeepkist GTR] 18:49:52 Start processing HTTP request "POST" https://graphql.zeepki.st/
[Info   :Zeepkist GTR] 18:49:52 Sending HTTP request "POST" https://graphql.zeepki.st/
[Info   :Zeepkist GTR] 18:49:52 Start processing HTTP request "POST" https://graphql.zeepki.st/
[Info   :Zeepkist GTR] 18:49:52 Sending HTTP request "POST" https://graphql.zeepki.st/
[Info   :Zeepkist GTR] 18:49:52 Received HTTP response headers after 175.0186ms - 200
[Info   :Zeepkist GTR] 18:49:52 End processing HTTP request after 175.2547ms - 200
[Info   :Zeepkist GTR] 18:49:52 Received HTTP response headers after 201.5565ms - 200
[Info   :Zeepkist GTR] 18:49:52 End processing HTTP request after 201.8037ms - 200
[Info   :Zeepkist GTR] 18:49:52 Start processing HTTP request "POST" https://graphql.zeepki.st/
[Info   :Zeepkist GTR] 18:49:52 Sending HTTP request "POST" https://graphql.zeepki.st/
[Info   :BetterSplits] got gtr splits
[Info   :Zeepkist GTR] 18:49:53 Received HTTP response headers after 183.6788ms - 200
[Info   :Zeepkist GTR] 18:49:53 End processing HTTP request after 183.9712ms - 200
[Info   :Zeepkist Bingo] [CHAT] Intercepted message: 2 players eliminated: [ZET]maskeddog, Akane
[Info   :Zeepkist Bingo] [CHAT] Not relaying - no bingo session
[Info   :Zeepkist GTR] 18:49:54 Starting recorder
[Info   :Zeepkist GTR] 18:49:54 Starting recorder
[Info   :Zeepkist Bingo] [BINGO] === PLAYER SPAWNED ===
[Info   :Zeepkist Bingo] [BINGO] IsInActiveSession: False
[Info   :Zeepkist Bingo] [BINGO] Not in active session, skipping timer reset
[Info   :Zeepkist GTR] 18:49:59 Stopping existing recorder if any
[Info   :Zeepkist GTR] 18:49:59 Creating new recorder
[Info   :Zeepkist GTR] 18:49:59 Start processing HTTP request "POST" https://graphql.zeepki.st/
[Info   :Zeepkist GTR] 18:49:59 Sending HTTP request "POST" https://graphql.zeepki.st/
[Info   :Zeepkist GTR] 18:49:59 Start processing HTTP request "POST" https://graphql.zeepki.st/
[Info   :Zeepkist GTR] 18:49:59 Sending HTTP request "POST" https://graphql.zeepki.st/
[Info   :Zeepkist GTR] 18:49:59 Received HTTP response headers after 181.3772ms - 200
[Info   :Zeepkist GTR] 18:49:59 End processing HTTP request after 181.9076ms - 200
[Info   :Zeepkist GTR] 18:49:59 Received HTTP response headers after 185.2062ms - 200
[Info   :Zeepkist GTR] 18:49:59 End processing HTTP request after 185.4202ms - 200
[Info   :Zeepkist GTR] 18:49:59 Start processing HTTP request "POST" https://graphql.zeepki.st/
[Info   :Zeepkist GTR] 18:49:59 Sending HTTP request "POST" https://graphql.zeepki.st/
[Info   :Zeepkist GTR] 18:49:59 Received HTTP response headers after 181.2326ms - 200
[Info   :Zeepkist GTR] 18:49:59 End processing HTTP request after 181.5432ms - 200
[Info   :Zeepkist GTR] 18:50:00 Starting recorder
[Info   :Zeepkist GTR] 18:50:00 Starting recorder
[Info   :Zeepkist GTR] 18:50:45 Stopping recorder
[Info   :Zeepkist GTR] 18:50:45 Collecting extra information
[Info   :Zeepkist GTR] 18:50:45 Resolved workshop ID "3799906829" from lobby 3799906829 and level 0
[Info   :Zeepkist GTR] 18:50:45 Processing ghost data
[Info   :Zeepkist GTR] 18:50:45 Creating stream
[Info   :Zeepkist GTR] 18:50:45 Writing to stream
[Info   :Zeepkist GTR] 18:50:46 Converting to base64
[Info   :Zeepkist GTR] 18:50:46 Creating resource
[Info   :Zeepkist GTR] 18:50:46 Start processing HTTP request "POST" https://backend.zeepki.st/record/submit
[Info   :Zeepkist GTR] 18:50:46 Sending HTTP request "POST" https://backend.zeepki.st/record/submit
[Info   :Zeepkist Bingo] [BINGO] === PLAYER SPAWNED ===
[Info   :Zeepkist Bingo] [BINGO] IsInActiveSession: False
[Info   :Zeepkist Bingo] [BINGO] Not in active session, skipping timer reset
[Info   :Zeepkist GTR] 18:50:47 Stopping existing recorder if any
[Info   :Zeepkist GTR] 18:50:47 Creating new recorder
[Info   :Zeepkist GTR] 18:50:47 Start processing HTTP request "POST" https://graphql.zeepki.st/
[Info   :Zeepkist GTR] 18:50:47 Sending HTTP request "POST" https://graphql.zeepki.st/
[Info   :Zeepkist GTR] 18:50:47 Start processing HTTP request "POST" https://graphql.zeepki.st/
[Info   :Zeepkist GTR] 18:50:47 Sending HTTP request "POST" https://graphql.zeepki.st/
[Info   :Zeepkist GTR] 18:50:47 Received HTTP response headers after 338.598ms - 200
[Info   :Zeepkist GTR] 18:50:47 Received HTTP response headers after 338.0892ms - 200
[Info   :Zeepkist GTR] 18:50:47 End processing HTTP request after 338.85ms - 200
[Info   :Zeepkist GTR] 18:50:47 End processing HTTP request after 338.3208ms - 200
[Info   :Zeepkist GTR] 18:50:47 Start processing HTTP request "POST" https://graphql.zeepki.st/
[Info   :Zeepkist GTR] 18:50:47 Sending HTTP request "POST" https://graphql.zeepki.st/
[Info   :Zeepkist GTR] 18:50:47 Received HTTP response headers after 188.5228ms - 200
[Info   :Zeepkist GTR] 18:50:47 End processing HTTP request after 188.7904ms - 200
[Info   :Zeepkist GTR] 18:50:49 Starting recorder
[Info   :Zeepkist GTR] 18:50:49 Starting recorder
[Info   :Zeepkist GTR] 18:50:49 Received HTTP response headers after 2780.5493ms - 200
[Info   :Zeepkist GTR] 18:50:49 End processing HTTP request after 2780.8172ms - 200
[Info   :Zeepkist Bingo] [BINGO] === PLAYER SPAWNED ===
[Info   :Zeepkist Bingo] [BINGO] IsInActiveSession: False
[Info   :Zeepkist Bingo] [BINGO] Not in active session, skipping timer reset
[Info   :Zeepkist GTR] 18:50:53 Stopping existing recorder if any
[Info   :Zeepkist GTR] 18:50:53 Creating new recorder
[Info   :Zeepkist GTR] 18:50:53 Start processing HTTP request "POST" https://graphql.zeepki.st/
[Info   :Zeepkist GTR] 18:50:53 Sending HTTP request "POST" https://graphql.zeepki.st/
[Info   :Zeepkist GTR] 18:50:53 Start processing HTTP request "POST" https://graphql.zeepki.st/
[Info   :Zeepkist GTR] 18:50:53 Sending HTTP request "POST" https://graphql.zeepki.st/
[Info   :Zeepkist GTR] 18:50:53 Received HTTP response headers after 195.5929ms - 200
[Info   :Zeepkist GTR] 18:50:53 Received HTTP response headers after 196.1967ms - 200
[Info   :Zeepkist GTR] 18:50:53 End processing HTTP request after 195.842ms - 200
[Info   :Zeepkist GTR] 18:50:53 End processing HTTP request after 196.4449ms - 200
[Info   :Zeepkist GTR] 18:50:53 Start processing HTTP request "POST" https://graphql.zeepki.st/
[Info   :Zeepkist GTR] 18:50:53 Sending HTTP request "POST" https://graphql.zeepki.st/
[Info   :Zeepkist GTR] 18:50:54 Received HTTP response headers after 183.099ms - 200
[Info   :Zeepkist GTR] 18:50:54 End processing HTTP request after 183.3481ms - 200
[Info   :Zeepkist GTR] 18:50:55 Starting recorder
[Info   :Zeepkist GTR] 18:50:55 Starting recorder
[Info   :Zeepkist Bingo] [BINGO] === PLAYER SPAWNED ===
[Info   :Zeepkist Bingo] [BINGO] IsInActiveSession: False
[Info   :Zeepkist Bingo] [BINGO] Not in active session, skipping timer reset
[Info   :Zeepkist GTR] 18:51:17 Stopping existing recorder if any
[Info   :Zeepkist GTR] 18:51:17 Creating new recorder
[Info   :Zeepkist GTR] 18:51:17 Start processing HTTP request "POST" https://graphql.zeepki.st/
[Info   :Zeepkist GTR] 18:51:17 Sending HTTP request "POST" https://graphql.zeepki.st/
[Info   :Zeepkist GTR] 18:51:17 Start processing HTTP request "POST" https://graphql.zeepki.st/
[Info   :Zeepkist GTR] 18:51:17 Sending HTTP request "POST" https://graphql.zeepki.st/
[Info   :Zeepkist GTR] 18:51:17 Received HTTP response headers after 194.4248ms - 200
[Info   :Zeepkist GTR] 18:51:17 End processing HTTP request after 194.7365ms - 200
[Info   :Zeepkist GTR] 18:51:17 Received HTTP response headers after 199.5273ms - 200
[Info   :Zeepkist GTR] 18:51:17 End processing HTTP request after 199.7915ms - 200
[Info   :Zeepkist GTR] 18:51:17 Start processing HTTP request "POST" https://graphql.zeepki.st/
[Info   :Zeepkist GTR] 18:51:17 Sending HTTP request "POST" https://graphql.zeepki.st/
[Info   :Zeepkist GTR] 18:51:17 Received HTTP response headers after 186.5347ms - 200
[Info   :Zeepkist GTR] 18:51:17 End processing HTTP request after 186.8039ms - 200
[Info   :Zeepkist GTR] 18:51:18 Starting recorder
[Info   :Zeepkist GTR] 18:51:18 Starting recorder
[Info   :Zeepkist GTR] 18:51:51 Discarding recorder
[Info   :COTDTracker] Doing eliminations with leaderboard:
[Info   :COTDTracker] Player [ZET]Stick: Time: 43.1404
[Info   :COTDTracker] Player [MMM]LKat: Time: 43.6901
[Info   :COTDTracker] Player [KBW] microways: Time: 43.83452
[Info   :COTDTracker] Player [EG]Victor: Time: 43.87842
[Info   :COTDTracker] Player Minkus: Time: 44.59317
[Info   :COTDTracker] Player agix: Time: 44.70854
[Info   :COTDTracker] Player pannekoekbijter: Time: 45.00803
[Info   :COTDTracker] Player [ZET] Wheelie: Time: 45.04174
[Info   :COTDTracker] Player SuperHeavy: Time: 45.04573
[Info   :COTDTracker] Player M4DSCOTSM4N: Time: 45.53529
[Info   :COTDTracker] Player Six: Time: 46.58867
[Info   :COTDTracker] Player BrickEdwards: Time: DNF
[Info   :COTDTracker] Eliminating DNF: BrickEdwards
[Info   :COTDTracker] Eliminated 1 DNF players
[Info   :COTDTracker] Eliminating on time: Six
[Info   :COTDTracker] Eliminating 2 players: 
[Info   :COTDTracker] BrickEdwards
[Info   :COTDTracker] Six
[Info   :COTDTracker] Running update tab leaderboard function
[Info   :COTDTracker] Running update tab leaderboard function
[Info   :COTDTracker] Kicking eliminated players
[Info   :Zeepkist Bingo] [BINGO] Level loaded
[Info   :BetterSplits] getting gtr splits
[Info   :Zeepkist Bingo] [BINGO] === PLAYER SPAWNED ===
[Info   :Zeepkist Bingo] [BINGO] IsInActiveSession: False
[Info   :Zeepkist Bingo] [BINGO] Not in active session, skipping timer reset
[Info   :Zeepkist GTR] 18:52:05 Stopping existing recorder if any
[Info   :Zeepkist GTR] 18:52:05 Creating new recorder
[Info   :Zeepkist GTR] 18:52:05 Start processing HTTP request "POST" https://graphql.zeepki.st/
[Info   :Zeepkist GTR] 18:52:05 Sending HTTP request "POST" https://graphql.zeepki.st/
[Info   :Zeepkist GTR] 18:52:05 Start processing HTTP request "POST" https://graphql.zeepki.st/
[Info   :Zeepkist GTR] 18:52:05 Sending HTTP request "POST" https://graphql.zeepki.st/
[Info   :Zeepkist GTR] 18:52:05 Received HTTP response headers after 188.1375ms - 200
[Info   :Zeepkist GTR] 18:52:05 Received HTTP response headers after 187.6314ms - 200
[Info   :Zeepkist GTR] 18:52:05 End processing HTTP request after 188.3783ms - 200
[Info   :Zeepkist GTR] 18:52:05 End processing HTTP request after 187.8825ms - 200
[Info   :Zeepkist GTR] 18:52:05 Start processing HTTP request "POST" https://graphql.zeepki.st/
[Info   :Zeepkist GTR] 18:52:05 Sending HTTP request "POST" https://graphql.zeepki.st/
[Info   :Zeepkist GTR] 18:52:06 Received HTTP response headers after 190.7411ms - 200
[Info   :Zeepkist GTR] 18:52:06 End processing HTTP request after 191.0036ms - 200
[Info   :Zeepkist Bingo] [CHAT] Intercepted message: 2 players eliminated: BrickEdwards, Six
[Info   :Zeepkist Bingo] [CHAT] Not relaying - no bingo session
[Info   :BetterSplits] got gtr splits
[Info   :Zeepkist GTR] 18:52:07 Starting recorder
[Info   :Zeepkist GTR] 18:52:07 Starting recorder
[Info   :Zeepkist GTR] 18:52:52 Stopping recorder
[Info   :Zeepkist GTR] 18:52:52 Collecting extra information
[Info   :Zeepkist GTR] 18:52:52 Resolved workshop ID "3799906829" from lobby 3799906829 and level 0
[Info   :Zeepkist GTR] 18:52:52 Processing ghost data
[Info   :Zeepkist GTR] 18:52:52 Creating stream
[Info   :Zeepkist GTR] 18:52:52 Writing to stream
[Info   :Zeepkist GTR] 18:52:53 Converting to base64
[Info   :Zeepkist GTR] 18:52:53 Creating resource
[Info   :Zeepkist GTR] 18:52:53 Start processing HTTP request "POST" https://backend.zeepki.st/record/submit
[Info   :Zeepkist GTR] 18:52:53 Sending HTTP request "POST" https://backend.zeepki.st/record/submit
[Info   :Zeepkist GTR] 18:52:53 Received HTTP response headers after 757.6276ms - 200
[Info   :Zeepkist GTR] 18:52:53 End processing HTTP request after 757.8774ms - 200
[Info   :Zeepkist Bingo] [BINGO] === PLAYER SPAWNED ===
[Info   :Zeepkist Bingo] [BINGO] IsInActiveSession: False
[Info   :Zeepkist Bingo] [BINGO] Not in active session, skipping timer reset
[Info   :Zeepkist GTR] 18:52:55 Stopping existing recorder if any
[Info   :Zeepkist GTR] 18:52:55 Creating new recorder
[Info   :Zeepkist GTR] 18:52:55 Start processing HTTP request "POST" https://graphql.zeepki.st/
[Info   :Zeepkist GTR] 18:52:55 Sending HTTP request "POST" https://graphql.zeepki.st/
[Info   :Zeepkist GTR] 18:52:55 Start processing HTTP request "POST" https://graphql.zeepki.st/
[Info   :Zeepkist GTR] 18:52:55 Sending HTTP request "POST" https://graphql.zeepki.st/
[Info   :Zeepkist GTR] 18:52:55 Received HTTP response headers after 405.4605ms - 200
[Info   :Zeepkist GTR] 18:52:55 End processing HTTP request after 405.6911ms - 200
[Info   :Zeepkist GTR] 18:52:55 Received HTTP response headers after 412.8653ms - 200
[Info   :Zeepkist GTR] 18:52:55 End processing HTTP request after 413.0538ms - 200
[Info   :Zeepkist GTR] 18:52:55 Start processing HTTP request "POST" https://graphql.zeepki.st/
[Info   :Zeepkist GTR] 18:52:55 Sending HTTP request "POST" https://graphql.zeepki.st/
[Info   :Zeepkist GTR] 18:52:55 Received HTTP response headers after 244.1802ms - 200
[Info   :Zeepkist GTR] 18:52:55 End processing HTTP request after 244.4743ms - 200
[Info   :Zeepkist GTR] 18:52:56 Starting recorder
[Info   :Zeepkist GTR] 18:52:56 Starting recorder
[Info   :Zeepkist Bingo] [BINGO] === PLAYER SPAWNED ===
[Info   :Zeepkist Bingo] [BINGO] IsInActiveSession: False
[Info   :Zeepkist Bingo] [BINGO] Not in active session, skipping timer reset
[Info   :Zeepkist GTR] 18:53:15 Stopping existing recorder if any
[Info   :Zeepkist GTR] 18:53:15 Creating new recorder
[Info   :Zeepkist GTR] 18:53:15 Start processing HTTP request "POST" https://graphql.zeepki.st/
[Info   :Zeepkist GTR] 18:53:15 Sending HTTP request "POST" https://graphql.zeepki.st/
[Info   :Zeepkist GTR] 18:53:15 Start processing HTTP request "POST" https://graphql.zeepki.st/
[Info   :Zeepkist GTR] 18:53:15 Sending HTTP request "POST" https://graphql.zeepki.st/
[Info   :Zeepkist GTR] 18:53:16 Received HTTP response headers after 215.8592ms - 200
[Info   :Zeepkist GTR] 18:53:16 End processing HTTP request after 216.145ms - 200
[Info   :Zeepkist GTR] 18:53:16 Received HTTP response headers after 227.2758ms - 200
[Info   :Zeepkist GTR] 18:53:16 End processing HTTP request after 227.5193ms - 200
[Info   :Zeepkist GTR] 18:53:16 Start processing HTTP request "POST" https://graphql.zeepki.st/
[Info   :Zeepkist GTR] 18:53:16 Sending HTTP request "POST" https://graphql.zeepki.st/
[Info   :Zeepkist GTR] 18:53:16 Received HTTP response headers after 198.1852ms - 200
[Info   :Zeepkist GTR] 18:53:16 End processing HTTP request after 198.452ms - 200
[Info   :Zeepkist GTR] 18:53:17 Starting recorder
[Info   :Zeepkist GTR] 18:53:17 Starting recorder
[Info   :Zeepkist Bingo] [BINGO] === PLAYER SPAWNED ===
[Info   :Zeepkist Bingo] [BINGO] IsInActiveSession: False
[Info   :Zeepkist Bingo] [BINGO] Not in active session, skipping timer reset
[Info   :Zeepkist GTR] 18:53:22 Stopping existing recorder if any
[Info   :Zeepkist GTR] 18:53:22 Creating new recorder
[Info   :Zeepkist GTR] 18:53:22 Start processing HTTP request "POST" https://graphql.zeepki.st/
[Info   :Zeepkist GTR] 18:53:22 Sending HTTP request "POST" https://graphql.zeepki.st/
[Info   :Zeepkist GTR] 18:53:22 Start processing HTTP request "POST" https://graphql.zeepki.st/
[Info   :Zeepkist GTR] 18:53:22 Sending HTTP request "POST" https://graphql.zeepki.st/
[Info   :Zeepkist GTR] 18:53:22 Received HTTP response headers after 213.8399ms - 200
[Info   :Zeepkist GTR] 18:53:22 End processing HTTP request after 214.0922ms - 200
[Info   :Zeepkist GTR] 18:53:23 Received HTTP response headers after 574.7468ms - 200
[Info   :Zeepkist GTR] 18:53:23 End processing HTTP request after 575.0108ms - 200
[Info   :Zeepkist GTR] 18:53:23 Start processing HTTP request "POST" https://graphql.zeepki.st/
[Info   :Zeepkist GTR] 18:53:23 Sending HTTP request "POST" https://graphql.zeepki.st/
[Info   :Zeepkist GTR] 18:53:23 Received HTTP response headers after 223.6737ms - 200
[Info   :Zeepkist GTR] 18:53:23 End processing HTTP request after 223.9937ms - 200
[Info   :Zeepkist GTR] 18:53:24 Starting recorder
[Info   :Zeepkist GTR] 18:53:24 Starting recorder
[Info   :Zeepkist GTR] 18:54:04 Discarding recorder
[Info   :COTDTracker] Doing eliminations with leaderboard:
[Info   :COTDTracker] Player [ZET]Stick: Time: 42.93142
[Info   :COTDTracker] Player [KBW] microways: Time: 43.54493
[Info   :COTDTracker] Player agix: Time: 43.87846
[Info   :COTDTracker] Player [MMM]LKat: Time: 44.0398
[Info   :COTDTracker] Player [EG]Victor: Time: 44.14419
[Info   :COTDTracker] Player Minkus: Time: 44.3395
[Info   :COTDTracker] Player [ZET] Wheelie: Time: 44.5498
[Info   :COTDTracker] Player pannekoekbijter: Time: 44.84163
[Info   :COTDTracker] Player SuperHeavy: Time: 45.29358
[Info   :COTDTracker] Player M4DSCOTSM4N: Time: 52.80915
[Info   :COTDTracker] Eliminated 0 DNF players
[Info   :COTDTracker] Eliminating on time: M4DSCOTSM4N
[Info   :COTDTracker] Eliminating on time: SuperHeavy
[Info   :COTDTracker] Eliminating 2 players: 
[Info   :COTDTracker] M4DSCOTSM4N
[Info   :COTDTracker] SuperHeavy
[Info   :COTDTracker] Kicking eliminated players
[Info   :Zeepkist Bingo] [BINGO] Level loaded
[Info   :BetterSplits] getting gtr splits
[Info   :Zeepkist Bingo] [BINGO] === PLAYER SPAWNED ===
[Info   :Zeepkist Bingo] [BINGO] IsInActiveSession: False
[Info   :Zeepkist Bingo] [BINGO] Not in active session, skipping timer reset
[Info   :Zeepkist GTR] 18:54:18 Stopping existing recorder if any
[Info   :Zeepkist GTR] 18:54:18 Creating new recorder
[Info   :Zeepkist GTR] 18:54:18 Start processing HTTP request "POST" https://graphql.zeepki.st/
[Info   :Zeepkist GTR] 18:54:18 Sending HTTP request "POST" https://graphql.zeepki.st/
[Info   :Zeepkist GTR] 18:54:18 Start processing HTTP request "POST" https://graphql.zeepki.st/
[Info   :Zeepkist GTR] 18:54:18 Sending HTTP request "POST" https://graphql.zeepki.st/
[Info   :Zeepkist GTR] 18:54:18 Received HTTP response headers after 199.9584ms - 200
[Info   :Zeepkist GTR] 18:54:18 End processing HTTP request after 200.1794ms - 200
[Info   :Zeepkist GTR] 18:54:18 Received HTTP response headers after 220.6051ms - 200
[Info   :Zeepkist GTR] 18:54:18 End processing HTTP request after 220.8464ms - 200
[Info   :Zeepkist GTR] 18:54:18 Start processing HTTP request "POST" https://graphql.zeepki.st/
[Info   :Zeepkist GTR] 18:54:18 Sending HTTP request "POST" https://graphql.zeepki.st/
[Info   :BetterSplits] got gtr splits
[Info   :Zeepkist GTR] 18:54:19 Received HTTP response headers after 186.3257ms - 200
[Info   :Zeepkist GTR] 18:54:19 End processing HTTP request after 186.5917ms - 200
[Info   :Zeepkist Bingo] [CHAT] Intercepted message: 2 players eliminated: M4DSCOTSM4N, SuperHeavy
[Info   :Zeepkist Bingo] [CHAT] Not relaying - no bingo session
[Info   :Zeepkist GTR] 18:54:20 Starting recorder
[Info   :Zeepkist GTR] 18:54:20 Starting recorder
[Info   :Zeepkist Bingo] [BINGO] === PLAYER SPAWNED ===
[Info   :Zeepkist Bingo] [BINGO] IsInActiveSession: False
[Info   :Zeepkist Bingo] [BINGO] Not in active session, skipping timer reset
[Info   :Zeepkist GTR] 18:54:24 Stopping existing recorder if any
[Info   :Zeepkist GTR] 18:54:24 Creating new recorder
[Info   :Zeepkist GTR] 18:54:24 Start processing HTTP request "POST" https://graphql.zeepki.st/
[Info   :Zeepkist GTR] 18:54:24 Sending HTTP request "POST" https://graphql.zeepki.st/
[Info   :Zeepkist GTR] 18:54:24 Start processing HTTP request "POST" https://graphql.zeepki.st/
[Info   :Zeepkist GTR] 18:54:24 Sending HTTP request "POST" https://graphql.zeepki.st/
[Info   :Zeepkist GTR] 18:54:25 Received HTTP response headers after 197.9666ms - 200
[Info   :Zeepkist GTR] 18:54:25 End processing HTTP request after 198.2105ms - 200
[Info   :Zeepkist GTR] 18:54:25 Received HTTP response headers after 206.8891ms - 200
[Info   :Zeepkist GTR] 18:54:25 End processing HTTP request after 207.1337ms - 200
[Info   :Zeepkist GTR] 18:54:25 Start processing HTTP request "POST" https://graphql.zeepki.st/
[Info   :Zeepkist GTR] 18:54:25 Sending HTTP request "POST" https://graphql.zeepki.st/
[Info   :Zeepkist GTR] 18:54:25 Received HTTP response headers after 181.759ms - 200
[Info   :Zeepkist GTR] 18:54:25 End processing HTTP request after 182.0333ms - 200
[Info   :Zeepkist GTR] 18:54:26 Starting recorder
[Info   :Zeepkist GTR] 18:54:26 Starting recorder
[Info   :Zeepkist Bingo] [BINGO] === PLAYER SPAWNED ===
[Info   :Zeepkist Bingo] [BINGO] IsInActiveSession: False
[Info   :Zeepkist Bingo] [BINGO] Not in active session, skipping timer reset
[Info   :Zeepkist GTR] 18:54:53 Stopping existing recorder if any
[Info   :Zeepkist GTR] 18:54:53 Creating new recorder
[Info   :Zeepkist GTR] 18:54:53 Start processing HTTP request "POST" https://graphql.zeepki.st/
[Info   :Zeepkist GTR] 18:54:53 Sending HTTP request "POST" https://graphql.zeepki.st/
[Info   :Zeepkist GTR] 18:54:53 Start processing HTTP request "POST" https://graphql.zeepki.st/
[Info   :Zeepkist GTR] 18:54:53 Sending HTTP request "POST" https://graphql.zeepki.st/
[Info   :Zeepkist GTR] 18:54:53 Received HTTP response headers after 216.5319ms - 200
[Info   :Zeepkist GTR] 18:54:53 End processing HTTP request after 216.7813ms - 200
[Info   :Zeepkist GTR] 18:54:54 Received HTTP response headers after 979.9886ms - 200
[Info   :Zeepkist GTR] 18:54:54 End processing HTTP request after 980.221ms - 200
[Info   :Zeepkist GTR] 18:54:54 Start processing HTTP request "POST" https://graphql.zeepki.st/
[Info   :Zeepkist GTR] 18:54:54 Sending HTTP request "POST" https://graphql.zeepki.st/
[Info   :Zeepkist GTR] 18:54:54 Received HTTP response headers after 200.5822ms - 200
[Info   :Zeepkist GTR] 18:54:54 End processing HTTP request after 200.8479ms - 200
[Info   :Zeepkist GTR] 18:54:55 Starting recorder
[Info   :Zeepkist GTR] 18:54:55 Starting recorder
[Info   :Zeepkist Bingo] [BINGO] === PLAYER SPAWNED ===
[Info   :Zeepkist Bingo] [BINGO] IsInActiveSession: False
[Info   :Zeepkist Bingo] [BINGO] Not in active session, skipping timer reset
[Info   :Zeepkist GTR] 18:54:59 Stopping existing recorder if any
[Info   :Zeepkist GTR] 18:54:59 Creating new recorder
[Info   :Zeepkist GTR] 18:54:59 Start processing HTTP request "POST" https://graphql.zeepki.st/
[Info   :Zeepkist GTR] 18:54:59 Sending HTTP request "POST" https://graphql.zeepki.st/
[Info   :Zeepkist GTR] 18:54:59 Start processing HTTP request "POST" https://graphql.zeepki.st/
[Info   :Zeepkist GTR] 18:54:59 Sending HTTP request "POST" https://graphql.zeepki.st/
[Info   :Zeepkist GTR] 18:55:00 Received HTTP response headers after 424.8528ms - 200
[Info   :Zeepkist GTR] 18:55:00 End processing HTTP request after 425.0882ms - 200
[Info   :Zeepkist GTR] 18:55:01 Received HTTP response headers after 1237.6062ms - 200
[Info   :Zeepkist GTR] 18:55:01 End processing HTTP request after 1237.8346ms - 200
[Info   :Zeepkist GTR] 18:55:01 Start processing HTTP request "POST" https://graphql.zeepki.st/
[Info   :Zeepkist GTR] 18:55:01 Sending HTTP request "POST" https://graphql.zeepki.st/
[Info   :Zeepkist GTR] 18:55:01 Received HTTP response headers after 202.4844ms - 200
[Info   :Zeepkist GTR] 18:55:01 End processing HTTP request after 202.8306ms - 200
[Info   :Zeepkist GTR] 18:55:01 Starting recorder
[Info   :Zeepkist GTR] 18:55:01 Starting recorder
[Info   :Zeepkist Bingo] [BINGO] === PLAYER SPAWNED ===
[Info   :Zeepkist Bingo] [BINGO] IsInActiveSession: False
[Info   :Zeepkist Bingo] [BINGO] Not in active session, skipping timer reset
[Info   :Zeepkist GTR] 18:55:21 Stopping existing recorder if any
[Info   :Zeepkist GTR] 18:55:21 Creating new recorder
[Info   :Zeepkist GTR] 18:55:21 Start processing HTTP request "POST" https://graphql.zeepki.st/
[Info   :Zeepkist GTR] 18:55:21 Sending HTTP request "POST" https://graphql.zeepki.st/
[Info   :Zeepkist GTR] 18:55:21 Start processing HTTP request "POST" https://graphql.zeepki.st/
[Info   :Zeepkist GTR] 18:55:21 Sending HTTP request "POST" https://graphql.zeepki.st/
[Info   :Zeepkist GTR] 18:55:21 Received HTTP response headers after 192.511ms - 200
[Info   :Zeepkist GTR] 18:55:21 End processing HTTP request after 192.8171ms - 200
[Info   :Zeepkist GTR] 18:55:21 Received HTTP response headers after 200.7081ms - 200
[Info   :Zeepkist GTR] 18:55:21 End processing HTTP request after 201.0385ms - 200
[Info   :Zeepkist GTR] 18:55:21 Start processing HTTP request "POST" https://graphql.zeepki.st/
[Info   :Zeepkist GTR] 18:55:21 Sending HTTP request "POST" https://graphql.zeepki.st/
[Info   :Zeepkist GTR] 18:55:21 Received HTTP response headers after 205.7165ms - 200
[Info   :Zeepkist GTR] 18:55:21 End processing HTTP request after 206.0447ms - 200
[Info   :Zeepkist GTR] 18:55:23 Starting recorder
[Info   :Zeepkist GTR] 18:55:23 Starting recorder
[Info   :Zeepkist GTR] 18:56:08 Stopping recorder
[Info   :Zeepkist GTR] 18:56:08 Collecting extra information
[Info   :Zeepkist GTR] 18:56:08 Resolved workshop ID "3799906829" from lobby 3799906829 and level 0
[Info   :Zeepkist GTR] 18:56:08 Processing ghost data
[Info   :Zeepkist GTR] 18:56:08 Creating stream
[Info   :Zeepkist GTR] 18:56:08 Writing to stream
[Info   :Zeepkist GTR] 18:56:09 Converting to base64
[Info   :Zeepkist GTR] 18:56:09 Creating resource
[Info   :Zeepkist GTR] 18:56:09 Start processing HTTP request "POST" https://backend.zeepki.st/record/submit
[Info   :Zeepkist GTR] 18:56:09 Sending HTTP request "POST" https://backend.zeepki.st/record/submit
[Info   :Zeepkist Bingo] [BINGO] === PLAYER SPAWNED ===
[Info   :Zeepkist Bingo] [BINGO] IsInActiveSession: False
[Info   :Zeepkist Bingo] [BINGO] Not in active session, skipping timer reset
[Info   :Zeepkist GTR] 18:56:11 Stopping existing recorder if any
[Info   :Zeepkist GTR] 18:56:11 Creating new recorder
[Info   :Zeepkist GTR] 18:56:11 Start processing HTTP request "POST" https://graphql.zeepki.st/
[Info   :Zeepkist GTR] 18:56:11 Sending HTTP request "POST" https://graphql.zeepki.st/
[Info   :Zeepkist GTR] 18:56:11 Start processing HTTP request "POST" https://graphql.zeepki.st/
[Info   :Zeepkist GTR] 18:56:11 Sending HTTP request "POST" https://graphql.zeepki.st/
[Info   :Zeepkist GTR] 18:56:11 Received HTTP response headers after 196.6856ms - 200
[Info   :Zeepkist GTR] 18:56:11 End processing HTTP request after 197.0021ms - 200
[Info   :Zeepkist GTR] 18:56:11 Received HTTP response headers after 201.0818ms - 200
[Info   :Zeepkist GTR] 18:56:11 End processing HTTP request after 201.4214ms - 200
[Info   :Zeepkist GTR] 18:56:11 Start processing HTTP request "POST" https://graphql.zeepki.st/
[Info   :Zeepkist GTR] 18:56:11 Sending HTTP request "POST" https://graphql.zeepki.st/
[Info   :Zeepkist GTR] 18:56:12 Received HTTP response headers after 199.6414ms - 200
[Info   :Zeepkist GTR] 18:56:12 End processing HTTP request after 199.9119ms - 200
[Info   :Zeepkist GTR] 18:56:13 Starting recorder
[Info   :Zeepkist GTR] 18:56:13 Starting recorder
[Info   :Zeepkist GTR] 18:56:15 Received HTTP response headers after 6144.8756ms - 200
[Info   :Zeepkist GTR] 18:56:15 End processing HTTP request after 6145.1599ms - 200
[Info   :Zeepkist GTR] 18:56:17 Discarding recorder
[Info   :COTDTracker] Doing eliminations with leaderboard:
[Info   :COTDTracker] Player [MMM]LKat: Time: 43.51149
[Info   :COTDTracker] Player Minkus: Time: 43.57967
[Info   :COTDTracker] Player agix: Time: 43.71503
[Info   :COTDTracker] Player [KBW] microways: Time: 43.78337
[Info   :COTDTracker] Player [EG]Victor: Time: 43.90393
[Info   :COTDTracker] Player [ZET] Wheelie: Time: 45.10024
[Info   :COTDTracker] Player pannekoekbijter: Time: 45.37037
[Info   :COTDTracker] Player [ZET]Stick: Time: DNF
[Info   :COTDTracker] Eliminating DNF: [ZET]Stick
[Info   :COTDTracker] Eliminated 1 DNF players
[Info   :COTDTracker] Eliminating on time: pannekoekbijter
[Info   :COTDTracker] Eliminating 2 players: 
[Info   :COTDTracker] [ZET]Stick
[Info   :COTDTracker] pannekoekbijter
[Info   :COTDTracker] Running update tab leaderboard function
[Info   :COTDTracker] Kicking eliminated players
[Info   :Zeepkist Bingo] [BINGO] Level loaded
[Info   :BetterSplits] getting gtr splits
[Info   :Zeepkist Bingo] [BINGO] === PLAYER SPAWNED ===
[Info   :Zeepkist Bingo] [BINGO] IsInActiveSession: False
[Info   :Zeepkist Bingo] [BINGO] Not in active session, skipping timer reset
[Info   :Zeepkist GTR] 18:56:32 Stopping existing recorder if any
[Info   :Zeepkist GTR] 18:56:32 Creating new recorder
[Info   :Zeepkist GTR] 18:56:32 Start processing HTTP request "POST" https://graphql.zeepki.st/
[Info   :Zeepkist GTR] 18:56:32 Sending HTTP request "POST" https://graphql.zeepki.st/
[Info   :Zeepkist GTR] 18:56:32 Start processing HTTP request "POST" https://graphql.zeepki.st/
[Info   :Zeepkist GTR] 18:56:32 Sending HTTP request "POST" https://graphql.zeepki.st/
[Info   :Zeepkist GTR] 18:56:32 Received HTTP response headers after 197.2336ms - 200
[Info   :Zeepkist GTR] 18:56:32 End processing HTTP request after 197.4636ms - 200
[Info   :Zeepkist GTR] 18:56:32 Received HTTP response headers after 309.9093ms - 200
[Info   :Zeepkist GTR] 18:56:32 End processing HTTP request after 310.1434ms - 200
[Info   :Zeepkist GTR] 18:56:32 Start processing HTTP request "POST" https://graphql.zeepki.st/
[Info   :Zeepkist GTR] 18:56:32 Sending HTTP request "POST" https://graphql.zeepki.st/
[Info   :BetterSplits] got gtr splits
[Info   :Zeepkist Bingo] [CHAT] Intercepted message: 2 players eliminated: [ZET]Stick, pannekoekbijter
[Info   :Zeepkist Bingo] [CHAT] Not relaying - no bingo session
[Info   :Zeepkist GTR] 18:56:32 Received HTTP response headers after 207.033ms - 200
[Info   :Zeepkist GTR] 18:56:32 End processing HTTP request after 207.2922ms - 200
[Info   :Zeepkist GTR] 18:56:33 Starting recorder
[Info   :Zeepkist GTR] 18:56:33 Starting recorder
[Info   :Zeepkist Bingo] [BINGO] === PLAYER SPAWNED ===
[Info   :Zeepkist Bingo] [BINGO] IsInActiveSession: False
[Info   :Zeepkist Bingo] [BINGO] Not in active session, skipping timer reset
[Info   :Zeepkist GTR] 18:56:55 Stopping existing recorder if any
[Info   :Zeepkist GTR] 18:56:55 Creating new recorder
[Info   :Zeepkist GTR] 18:56:55 Start processing HTTP request "POST" https://graphql.zeepki.st/
[Info   :Zeepkist GTR] 18:56:55 Sending HTTP request "POST" https://graphql.zeepki.st/
[Info   :Zeepkist GTR] 18:56:55 Start processing HTTP request "POST" https://graphql.zeepki.st/
[Info   :Zeepkist GTR] 18:56:55 Sending HTTP request "POST" https://graphql.zeepki.st/
[Info   :Zeepkist GTR] 18:56:55 Received HTTP response headers after 205.3998ms - 200
[Info   :Zeepkist GTR] 18:56:55 End processing HTTP request after 205.6656ms - 200
[Info   :Zeepkist GTR] 18:56:55 Received HTTP response headers after 211.3045ms - 200
[Info   :Zeepkist GTR] 18:56:55 End processing HTTP request after 211.5474ms - 200
[Info   :Zeepkist GTR] 18:56:55 Start processing HTTP request "POST" https://graphql.zeepki.st/
[Info   :Zeepkist GTR] 18:56:55 Sending HTTP request "POST" https://graphql.zeepki.st/
[Info   :Zeepkist GTR] 18:56:55 Received HTTP response headers after 204.8134ms - 200
[Info   :Zeepkist GTR] 18:56:55 End processing HTTP request after 205.0718ms - 200
[Info   :Zeepkist GTR] 18:56:57 Starting recorder
[Info   :Zeepkist GTR] 18:56:57 Starting recorder
[Info   :Zeepkist Bingo] [BINGO] === PLAYER SPAWNED ===
[Info   :Zeepkist Bingo] [BINGO] IsInActiveSession: False
[Info   :Zeepkist Bingo] [BINGO] Not in active session, skipping timer reset
[Info   :Zeepkist GTR] 18:57:16 Stopping existing recorder if any
[Info   :Zeepkist GTR] 18:57:16 Creating new recorder
[Info   :Zeepkist GTR] 18:57:16 Start processing HTTP request "POST" https://graphql.zeepki.st/
[Info   :Zeepkist GTR] 18:57:16 Sending HTTP request "POST" https://graphql.zeepki.st/
[Info   :Zeepkist GTR] 18:57:16 Start processing HTTP request "POST" https://graphql.zeepki.st/
[Info   :Zeepkist GTR] 18:57:16 Sending HTTP request "POST" https://graphql.zeepki.st/
[Info   :Zeepkist GTR] 18:57:16 Received HTTP response headers after 309.2548ms - 200
[Info   :Zeepkist GTR] 18:57:16 End processing HTTP request after 309.4965ms - 200
[Info   :Zeepkist GTR] 18:57:16 Received HTTP response headers after 324.7754ms - 200
[Info   :Zeepkist GTR] 18:57:16 End processing HTTP request after 325.0284ms - 200
[Info   :Zeepkist GTR] 18:57:16 Start processing HTTP request "POST" https://graphql.zeepki.st/
[Info   :Zeepkist GTR] 18:57:16 Sending HTTP request "POST" https://graphql.zeepki.st/
[Info   :Zeepkist GTR] 18:57:16 Received HTTP response headers after 190.3677ms - 200
[Info   :Zeepkist GTR] 18:57:16 End processing HTTP request after 190.6537ms - 200
[Info   :Zeepkist GTR] 18:57:18 Starting recorder
[Info   :Zeepkist GTR] 18:57:18 Starting recorder
[Info   :Zeepkist Bingo] [BINGO] === PLAYER SPAWNED ===
[Info   :Zeepkist Bingo] [BINGO] IsInActiveSession: False
[Info   :Zeepkist Bingo] [BINGO] Not in active session, skipping timer reset
[Info   :Zeepkist GTR] 18:57:36 Stopping existing recorder if any
[Info   :Zeepkist GTR] 18:57:36 Creating new recorder
[Info   :Zeepkist GTR] 18:57:36 Start processing HTTP request "POST" https://graphql.zeepki.st/
[Info   :Zeepkist GTR] 18:57:36 Sending HTTP request "POST" https://graphql.zeepki.st/
[Info   :Zeepkist GTR] 18:57:36 Start processing HTTP request "POST" https://graphql.zeepki.st/
[Info   :Zeepkist GTR] 18:57:36 Sending HTTP request "POST" https://graphql.zeepki.st/
[Info   :Zeepkist GTR] 18:57:37 Received HTTP response headers after 377.5916ms - 200
[Info   :Zeepkist GTR] 18:57:37 End processing HTTP request after 377.822ms - 200
[Info   :Zeepkist GTR] 18:57:37 Received HTTP response headers after 729.6602ms - 200
[Info   :Zeepkist GTR] 18:57:37 End processing HTTP request after 729.8826ms - 200
[Info   :Zeepkist GTR] 18:57:37 Start processing HTTP request "POST" https://graphql.zeepki.st/
[Info   :Zeepkist GTR] 18:57:37 Sending HTTP request "POST" https://graphql.zeepki.st/
[Info   :Zeepkist GTR] 18:57:37 Received HTTP response headers after 206.0889ms - 200
[Info   :Zeepkist GTR] 18:57:37 End processing HTTP request after 206.3498ms - 200
[Info   :Zeepkist GTR] 18:57:38 Starting recorder
[Info   :Zeepkist GTR] 18:57:38 Starting recorder
[Info   :COTDTracker] Running update tab leaderboard function
[Info   :Zeepkist Bingo] [CHAT] Intercepted message: gg
[Info   :Zeepkist Bingo] [CHAT] Not relaying - no bingo session
[Info   :Zeepkist GTR] 18:58:30 Discarding recorder
[Info   :COTDTracker] Doing eliminations with leaderboard:
[Info   :COTDTracker] Player [MMM]LKat: Time: 43.26312
[Info   :COTDTracker] Player [KBW] microways: Time: 43.35691
[Info   :COTDTracker] Player [EG]Victor: Time: 43.75904
[Info   :COTDTracker] Player agix: Time: 43.80434
[Info   :COTDTracker] Player Minkus: Time: 44.33194
[Info   :COTDTracker] Player [ZET] Wheelie: Time: DNF
[Info   :COTDTracker] Eliminating DNF: [ZET] Wheelie
[Info   :COTDTracker] Eliminated 1 DNF players
[Info   :COTDTracker] Eliminating 1 players: 
[Info   :COTDTracker] [ZET] Wheelie
[Info   :COTDTracker] Running update tab leaderboard function
[Info   :COTDTracker] Kicking eliminated players
[Info   :Zeepkist Bingo] [BINGO] Level loaded
[Info   :BetterSplits] getting gtr splits
[Info   :Zeepkist Bingo] [BINGO] === PLAYER SPAWNED ===
[Info   :Zeepkist Bingo] [BINGO] IsInActiveSession: False
[Info   :Zeepkist Bingo] [BINGO] Not in active session, skipping timer reset
[Info   :Zeepkist GTR] 18:58:44 Stopping existing recorder if any
[Info   :Zeepkist GTR] 18:58:44 Creating new recorder
[Info   :Zeepkist GTR] 18:58:44 Start processing HTTP request "POST" https://graphql.zeepki.st/
[Info   :Zeepkist GTR] 18:58:44 Sending HTTP request "POST" https://graphql.zeepki.st/
[Info   :Zeepkist GTR] 18:58:44 Start processing HTTP request "POST" https://graphql.zeepki.st/
[Info   :Zeepkist GTR] 18:58:44 Sending HTTP request "POST" https://graphql.zeepki.st/
[Info   :Zeepkist GTR] 18:58:44 Received HTTP response headers after 192.48ms - 200
[Info   :Zeepkist GTR] 18:58:44 End processing HTTP request after 192.9087ms - 200
[Info   :Zeepkist GTR] 18:58:44 Received HTTP response headers after 200.7125ms - 200
[Info   :Zeepkist GTR] 18:58:44 End processing HTTP request after 200.9946ms - 200
[Info   :Zeepkist GTR] 18:58:45 Start processing HTTP request "POST" https://graphql.zeepki.st/
[Info   :Zeepkist GTR] 18:58:45 Sending HTTP request "POST" https://graphql.zeepki.st/
[Info   :BetterSplits] got gtr splits
[Info   :Zeepkist GTR] 18:58:45 Received HTTP response headers after 196.3033ms - 200
[Info   :Zeepkist GTR] 18:58:45 End processing HTTP request after 196.5455ms - 200
[Info   :Zeepkist Bingo] [CHAT] Intercepted message: 1 player eliminated: [ZET] Wheelie
[Info   :Zeepkist Bingo] [CHAT] Not relaying - no bingo session
[Info   :Zeepkist GTR] 18:58:46 Starting recorder
[Info   :Zeepkist GTR] 18:58:46 Starting recorder
[Info   :Zeepkist Bingo] [BINGO] === PLAYER SPAWNED ===
[Info   :Zeepkist Bingo] [BINGO] IsInActiveSession: False
[Info   :Zeepkist Bingo] [BINGO] Not in active session, skipping timer reset
[Info   :Zeepkist GTR] 18:58:58 Stopping existing recorder if any
[Info   :Zeepkist GTR] 18:58:58 Creating new recorder
[Info   :Zeepkist GTR] 18:58:58 Start processing HTTP request "POST" https://graphql.zeepki.st/
[Info   :Zeepkist GTR] 18:58:58 Sending HTTP request "POST" https://graphql.zeepki.st/
[Info   :Zeepkist GTR] 18:58:58 Start processing HTTP request "POST" https://graphql.zeepki.st/
[Info   :Zeepkist GTR] 18:58:58 Sending HTTP request "POST" https://graphql.zeepki.st/
[Info   :Zeepkist GTR] 18:58:59 Received HTTP response headers after 208.1316ms - 200
[Info   :Zeepkist GTR] 18:58:59 Received HTTP response headers after 207.6504ms - 200
[Info   :Zeepkist GTR] 18:58:59 End processing HTTP request after 207.8568ms - 200
[Info   :Zeepkist GTR] 18:58:59 End processing HTTP request after 208.3754ms - 200
[Info   :Zeepkist GTR] 18:58:59 Start processing HTTP request "POST" https://graphql.zeepki.st/
[Info   :Zeepkist GTR] 18:58:59 Sending HTTP request "POST" https://graphql.zeepki.st/
[Info   :Zeepkist GTR] 18:58:59 Received HTTP response headers after 226.021ms - 200
[Info   :Zeepkist GTR] 18:58:59 End processing HTTP request after 226.3081ms - 200
[Info   :Zeepkist GTR] 18:59:00 Starting recorder
[Info   :Zeepkist GTR] 18:59:00 Starting recorder
[Info   :Zeepkist Bingo] [BINGO] === PLAYER SPAWNED ===
[Info   :Zeepkist Bingo] [BINGO] IsInActiveSession: False
[Info   :Zeepkist Bingo] [BINGO] Not in active session, skipping timer reset
[Info   :Zeepkist GTR] 18:59:05 Stopping existing recorder if any
[Info   :Zeepkist GTR] 18:59:05 Creating new recorder
[Info   :Zeepkist GTR] 18:59:05 Start processing HTTP request "POST" https://graphql.zeepki.st/
[Info   :Zeepkist GTR] 18:59:05 Sending HTTP request "POST" https://graphql.zeepki.st/
[Info   :Zeepkist GTR] 18:59:05 Start processing HTTP request "POST" https://graphql.zeepki.st/
[Info   :Zeepkist GTR] 18:59:05 Sending HTTP request "POST" https://graphql.zeepki.st/
[Info   :Zeepkist GTR] 18:59:05 Received HTTP response headers after 205.85ms - 200
[Info   :Zeepkist GTR] 18:59:05 End processing HTTP request after 206.0815ms - 200
[Info   :Zeepkist GTR] 18:59:05 Received HTTP response headers after 213.8199ms - 200
[Info   :Zeepkist GTR] 18:59:05 End processing HTTP request after 214.0632ms - 200
[Info   :Zeepkist GTR] 18:59:05 Start processing HTTP request "POST" https://graphql.zeepki.st/
[Info   :Zeepkist GTR] 18:59:05 Sending HTTP request "POST" https://graphql.zeepki.st/
[Info   :Zeepkist GTR] 18:59:05 Received HTTP response headers after 214.9377ms - 200
[Info   :Zeepkist GTR] 18:59:05 End processing HTTP request after 215.2373ms - 200
[Info   :Zeepkist GTR] 18:59:06 Starting recorder
[Info   :Zeepkist GTR] 18:59:06 Starting recorder
[Info   :Zeepkist Bingo] [BINGO] === PLAYER SPAWNED ===
[Info   :Zeepkist Bingo] [BINGO] IsInActiveSession: False
[Info   :Zeepkist Bingo] [BINGO] Not in active session, skipping timer reset
[Info   :Zeepkist GTR] 18:59:11 Stopping existing recorder if any
[Info   :Zeepkist GTR] 18:59:11 Creating new recorder
[Info   :Zeepkist GTR] 18:59:11 Start processing HTTP request "POST" https://graphql.zeepki.st/
[Info   :Zeepkist GTR] 18:59:11 Sending HTTP request "POST" https://graphql.zeepki.st/
[Info   :Zeepkist GTR] 18:59:11 Start processing HTTP request "POST" https://graphql.zeepki.st/
[Info   :Zeepkist GTR] 18:59:11 Sending HTTP request "POST" https://graphql.zeepki.st/
[Info   :Zeepkist GTR] 18:59:11 Received HTTP response headers after 198.7564ms - 200
[Info   :Zeepkist GTR] 18:59:11 End processing HTTP request after 199.03ms - 200
[Info   :Zeepkist GTR] 18:59:12 Received HTTP response headers after 355.5577ms - 200
[Info   :Zeepkist GTR] 18:59:12 End processing HTTP request after 355.7988ms - 200
[Info   :Zeepkist GTR] 18:59:12 Start processing HTTP request "POST" https://graphql.zeepki.st/
[Info   :Zeepkist GTR] 18:59:12 Sending HTTP request "POST" https://graphql.zeepki.st/
[Info   :Zeepkist GTR] 18:59:12 Received HTTP response headers after 192.0593ms - 200
[Info   :Zeepkist GTR] 18:59:12 End processing HTTP request after 192.3186ms - 200
[Info   :Zeepkist GTR] 18:59:13 Starting recorder
[Info   :Zeepkist GTR] 18:59:13 Starting recorder
[Info   :Zeepkist Bingo] [BINGO] === PLAYER SPAWNED ===
[Info   :Zeepkist Bingo] [BINGO] IsInActiveSession: False
[Info   :Zeepkist Bingo] [BINGO] Not in active session, skipping timer reset
[Info   :Zeepkist GTR] 18:59:35 Stopping existing recorder if any
[Info   :Zeepkist GTR] 18:59:35 Creating new recorder
[Info   :Zeepkist GTR] 18:59:35 Start processing HTTP request "POST" https://graphql.zeepki.st/
[Info   :Zeepkist GTR] 18:59:35 Sending HTTP request "POST" https://graphql.zeepki.st/
[Info   :Zeepkist GTR] 18:59:35 Start processing HTTP request "POST" https://graphql.zeepki.st/
[Info   :Zeepkist GTR] 18:59:35 Sending HTTP request "POST" https://graphql.zeepki.st/
[Info   :Zeepkist GTR] 18:59:36 Received HTTP response headers after 319.7408ms - 200
[Info   :Zeepkist GTR] 18:59:36 End processing HTTP request after 320.1692ms - 200
[Info   :Zeepkist GTR] 18:59:36 Received HTTP response headers after 324.2376ms - 200
[Info   :Zeepkist GTR] 18:59:36 End processing HTTP request after 324.4688ms - 200
[Info   :Zeepkist GTR] 18:59:36 Start processing HTTP request "POST" https://graphql.zeepki.st/
[Info   :Zeepkist GTR] 18:59:36 Sending HTTP request "POST" https://graphql.zeepki.st/
[Info   :Zeepkist GTR] 18:59:36 Received HTTP response headers after 211.0427ms - 200
[Info   :Zeepkist GTR] 18:59:36 End processing HTTP request after 211.3386ms - 200
[Info   :Zeepkist GTR] 18:59:37 Starting recorder
[Info   :Zeepkist GTR] 18:59:37 Starting recorder
[Info   :Zeepkist GTR] 19:00:21 Stopping recorder
[Info   :Zeepkist GTR] 19:00:21 Collecting extra information
[Info   :Zeepkist GTR] 19:00:21 Resolved workshop ID "3799906829" from lobby 3799906829 and level 0
[Info   :Zeepkist GTR] 19:00:21 Processing ghost data
[Info   :Zeepkist GTR] 19:00:21 Creating stream
[Info   :Zeepkist GTR] 19:00:21 Writing to stream
[Info   :Zeepkist GTR] 19:00:22 Converting to base64
[Info   :Zeepkist GTR] 19:00:22 Creating resource
[Info   :Zeepkist GTR] 19:00:22 Start processing HTTP request "POST" https://backend.zeepki.st/record/submit
[Info   :Zeepkist GTR] 19:00:22 Sending HTTP request "POST" https://backend.zeepki.st/record/submit
[Info   :Zeepkist Bingo] [BINGO] === PLAYER SPAWNED ===
[Info   :Zeepkist Bingo] [BINGO] IsInActiveSession: False
[Info   :Zeepkist Bingo] [BINGO] Not in active session, skipping timer reset
[Info   :Zeepkist GTR] 19:00:23 Stopping existing recorder if any
[Info   :Zeepkist GTR] 19:00:23 Creating new recorder
[Info   :Zeepkist GTR] 19:00:23 Start processing HTTP request "POST" https://graphql.zeepki.st/
[Info   :Zeepkist GTR] 19:00:23 Sending HTTP request "POST" https://graphql.zeepki.st/
[Info   :Zeepkist GTR] 19:00:23 Start processing HTTP request "POST" https://graphql.zeepki.st/
[Info   :Zeepkist GTR] 19:00:23 Sending HTTP request "POST" https://graphql.zeepki.st/
[Info   :Zeepkist GTR] 19:00:23 Received HTTP response headers after 225.941ms - 200
[Info   :Zeepkist GTR] 19:00:23 End processing HTTP request after 226.1498ms - 200
[Info   :Zeepkist GTR] 19:00:23 Received HTTP response headers after 234.478ms - 200
[Info   :Zeepkist GTR] 19:00:23 End processing HTTP request after 234.6989ms - 200
[Info   :Zeepkist GTR] 19:00:23 Start processing HTTP request "POST" https://graphql.zeepki.st/
[Info   :Zeepkist GTR] 19:00:23 Sending HTTP request "POST" https://graphql.zeepki.st/
[Info   :Zeepkist GTR] 19:00:24 Received HTTP response headers after 222.9981ms - 200
[Info   :Zeepkist GTR] 19:00:24 End processing HTTP request after 223.2554ms - 200
[Info   :Zeepkist GTR] 19:00:25 Starting recorder
[Info   :Zeepkist GTR] 19:00:25 Starting recorder
[Info   :COTDTracker] Running update tab leaderboard function
[Info   :Zeepkist GTR] 19:00:29 Received HTTP response headers after 6216.1712ms - 200
[Info   :Zeepkist GTR] 19:00:29 End processing HTTP request after 6216.4045ms - 200
[Info   :Zeepkist GTR] 19:00:43 Discarding recorder
[Info   :COTDTracker] Doing eliminations with leaderboard:
[Info   :COTDTracker] Player [KBW] microways: Time: 43.11734
[Info   :COTDTracker] Player [MMM]LKat: Time: 43.44548
[Info   :COTDTracker] Player agix: Time: 43.78771
[Info   :COTDTracker] Player [EG]Victor: Time: 43.95855
[Info   :COTDTracker] Player Minkus: Time: 44.23748
[Info   :COTDTracker] Eliminated 0 DNF players
[Info   :COTDTracker] Eliminating on time: Minkus
[Info   :COTDTracker] Eliminating 1 players: 
[Info   :COTDTracker] Minkus
[Info   :COTDTracker] Kicking eliminated players
[Info   :Zeepkist Bingo] [BINGO] Level loaded
[Info   :BetterSplits] getting gtr splits
[Info   :Zeepkist Bingo] [BINGO] === PLAYER SPAWNED ===
[Info   :Zeepkist Bingo] [BINGO] IsInActiveSession: False
[Info   :Zeepkist Bingo] [BINGO] Not in active session, skipping timer reset
[Info   :Zeepkist GTR] 19:00:57 Stopping existing recorder if any
[Info   :Zeepkist GTR] 19:00:57 Creating new recorder
[Info   :Zeepkist GTR] 19:00:57 Start processing HTTP request "POST" https://graphql.zeepki.st/
[Info   :Zeepkist GTR] 19:00:57 Sending HTTP request "POST" https://graphql.zeepki.st/
[Info   :Zeepkist GTR] 19:00:57 Start processing HTTP request "POST" https://graphql.zeepki.st/
[Info   :Zeepkist GTR] 19:00:57 Sending HTTP request "POST" https://graphql.zeepki.st/
[Info   :Zeepkist GTR] 19:00:58 Received HTTP response headers after 201.8102ms - 200
[Info   :Zeepkist GTR] 19:00:58 End processing HTTP request after 202.0365ms - 200
[Info   :Zeepkist GTR] 19:00:58 Received HTTP response headers after 209.0058ms - 200
[Info   :Zeepkist GTR] 19:00:58 End processing HTTP request after 209.1991ms - 200
[Info   :Zeepkist GTR] 19:00:58 Start processing HTTP request "POST" https://graphql.zeepki.st/
[Info   :Zeepkist GTR] 19:00:58 Sending HTTP request "POST" https://graphql.zeepki.st/
[Info   :BetterSplits] got gtr splits
[Info   :Zeepkist GTR] 19:00:58 Received HTTP response headers after 226.9582ms - 200
[Info   :Zeepkist GTR] 19:00:58 End processing HTTP request after 227.2517ms - 200
[Info   :Zeepkist Bingo] [CHAT] Intercepted message: 1 player eliminated: Minkus
[Info   :Zeepkist Bingo] [CHAT] Not relaying - no bingo session
[Info   :Zeepkist GTR] 19:00:59 Starting recorder
[Info   :Zeepkist GTR] 19:00:59 Starting recorder
[Info   :Zeepkist GTR] 19:02:56 Discarding recorder
[Info   :COTDTracker] Doing eliminations with leaderboard:
[Info   :COTDTracker] Player [MMM]LKat: Time: 42.85573
[Info   :COTDTracker] Player [KBW] microways: Time: 43.1397
[Info   :COTDTracker] Player [EG]Victor: Time: 43.69761
[Info   :COTDTracker] Player agix: Time: 43.80499
[Info   :COTDTracker] Eliminated 0 DNF players
[Info   :COTDTracker] Eliminating on time: agix
[Info   :COTDTracker] Eliminating 1 players: 
[Info   :COTDTracker] agix
[Info   :COTDTracker] Kicking eliminated players
[Info   :Zeepkist Bingo] [BINGO] Level loaded
[Info   :BetterSplits] getting gtr splits
[Info   :Zeepkist Bingo] [BINGO] === PLAYER SPAWNED ===
[Info   :Zeepkist Bingo] [BINGO] IsInActiveSession: False
[Info   :Zeepkist Bingo] [BINGO] Not in active session, skipping timer reset
[Info   :Zeepkist GTR] 19:03:10 Stopping existing recorder if any
[Info   :Zeepkist GTR] 19:03:10 Creating new recorder
[Info   :Zeepkist GTR] 19:03:10 Start processing HTTP request "POST" https://graphql.zeepki.st/
[Info   :Zeepkist GTR] 19:03:10 Sending HTTP request "POST" https://graphql.zeepki.st/
[Info   :Zeepkist GTR] 19:03:10 Start processing HTTP request "POST" https://graphql.zeepki.st/
[Info   :Zeepkist GTR] 19:03:10 Sending HTTP request "POST" https://graphql.zeepki.st/
[Info   :Zeepkist GTR] 19:03:11 Received HTTP response headers after 328.4837ms - 200
[Info   :Zeepkist GTR] 19:03:11 Received HTTP response headers after 337.4176ms - 200
[Info   :Zeepkist GTR] 19:03:11 End processing HTTP request after 328.7558ms - 200
[Info   :Zeepkist GTR] 19:03:11 End processing HTTP request after 337.695ms - 200
[Info   :BetterSplits] got gtr splits
[Info   :Zeepkist GTR] 19:03:11 Start processing HTTP request "POST" https://graphql.zeepki.st/
[Info   :Zeepkist GTR] 19:03:11 Sending HTTP request "POST" https://graphql.zeepki.st/
[Info   :Zeepkist GTR] 19:03:11 Received HTTP response headers after 206.4346ms - 200
[Info   :Zeepkist GTR] 19:03:11 End processing HTTP request after 206.7229ms - 200
[Info   :Zeepkist Bingo] [CHAT] Intercepted message: 1 player eliminated: agix
[Info   :Zeepkist Bingo] [CHAT] Not relaying - no bingo session
[Info   :Zeepkist GTR] 19:03:12 Starting recorder
[Info   :Zeepkist GTR] 19:03:12 Starting recorder
[Info   :Zeepkist GTR] 19:05:09 Discarding recorder
[Info   :COTDTracker] Doing eliminations with leaderboard:
[Info   :COTDTracker] Player [KBW] microways: Time: 43.02503
[Info   :COTDTracker] Player [MMM]LKat: Time: 43.11556
[Info   :COTDTracker] Player [EG]Victor: Time: DNF
[Info   :COTDTracker] Eliminating DNF: [EG]Victor
[Info   :COTDTracker] Eliminated 1 DNF players
[Info   :COTDTracker] Eliminating 1 players: 
[Info   :COTDTracker] [EG]Victor
[Info   :Zeepkist Bingo] [CHAT] Intercepted message: gl
[Info   :Zeepkist Bingo] [CHAT] Not relaying - no bingo session
[Info   :COTDTracker] Running update tab leaderboard function
[Info   :COTDTracker] Kicking eliminated players
[Info   :Zeepkist Bingo] [BINGO] Level loaded
[Info   :BetterSplits] getting gtr splits
[Info   :Zeepkist Bingo] [BINGO] === PLAYER SPAWNED ===
[Info   :Zeepkist Bingo] [BINGO] IsInActiveSession: False
[Info   :Zeepkist Bingo] [BINGO] Not in active session, skipping timer reset
[Info   :Zeepkist GTR] 19:05:23 Stopping existing recorder if any
[Info   :Zeepkist GTR] 19:05:23 Creating new recorder
[Info   :Zeepkist GTR] 19:05:23 Start processing HTTP request "POST" https://graphql.zeepki.st/
[Info   :Zeepkist GTR] 19:05:23 Sending HTTP request "POST" https://graphql.zeepki.st/
[Info   :Zeepkist GTR] 19:05:23 Start processing HTTP request "POST" https://graphql.zeepki.st/
[Info   :Zeepkist GTR] 19:05:23 Sending HTTP request "POST" https://graphql.zeepki.st/
[Info   :BetterSplits] got gtr splits
[Info   :Zeepkist GTR] 19:05:24 Received HTTP response headers after 315.7335ms - 200
[Info   :Zeepkist GTR] 19:05:24 End processing HTTP request after 315.9773ms - 200
[Info   :Zeepkist GTR] 19:05:24 Received HTTP response headers after 595.1287ms - 200
[Info   :Zeepkist GTR] 19:05:24 End processing HTTP request after 595.3521ms - 200
[Info   :Zeepkist GTR] 19:05:24 Start processing HTTP request "POST" https://graphql.zeepki.st/
[Info   :Zeepkist GTR] 19:05:24 Sending HTTP request "POST" https://graphql.zeepki.st/
[Info   :Zeepkist Bingo] [CHAT] Intercepted message: 1 player eliminated: [EG]Victor
[Info   :Zeepkist Bingo] [CHAT] Not relaying - no bingo session
[Info   :Zeepkist GTR] 19:05:24 Received HTTP response headers after 189.6234ms - 200
[Info   :Zeepkist GTR] 19:05:24 End processing HTTP request after 190.0175ms - 200
[Info   :Zeepkist GTR] 19:05:25 Starting recorder
[Info   :Zeepkist GTR] 19:05:25 Starting recorder
[Info   :Zeepkist Bingo] [CHAT] Intercepted message: gg
[Info   :Zeepkist Bingo] [CHAT] Not relaying - no bingo session
[Info   :Zeepkist GTR] 19:07:22 Discarding recorder
[Info   :COTDTracker] Doing eliminations with leaderboard:
[Info   :COTDTracker] Player [MMM]LKat: Time: 43.34166
[Info   :COTDTracker] Player [KBW] microways: Time: DNF
[Info   :COTDTracker] Eliminating DNF: [KBW] microways
[Info   :COTDTracker] Eliminated 1 DNF players
[Info   :COTDTracker] Eliminating 1 players: 
[Info   :COTDTracker] [KBW] microways
[Info   :COTDTracker] Kicking eliminated players
[Info   :Zeepkist Bingo] [BINGO] Level loaded
[Info   :BetterSplits] getting gtr splits
[Info   :Zeepkist Bingo] [BINGO] === PLAYER SPAWNED ===
[Info   :Zeepkist Bingo] [BINGO] IsInActiveSession: False
[Info   :Zeepkist Bingo] [BINGO] Not in active session, skipping timer reset
[Info   :Zeepkist GTR] 19:07:37 Stopping existing recorder if any
[Info   :Zeepkist GTR] 19:07:37 Creating new recorder
[Info   :Zeepkist GTR] 19:07:37 Start processing HTTP request "POST" https://graphql.zeepki.st/
[Info   :Zeepkist GTR] 19:07:37 Sending HTTP request "POST" https://graphql.zeepki.st/
[Info   :Zeepkist GTR] 19:07:37 Start processing HTTP request "POST" https://graphql.zeepki.st/
[Info   :Zeepkist GTR] 19:07:37 Sending HTTP request "POST" https://graphql.zeepki.st/
[Info   :Zeepkist GTR] 19:07:37 Received HTTP response headers after 325.8024ms - 200
[Info   :Zeepkist GTR] 19:07:37 End processing HTTP request after 326.1041ms - 200
[Info   :Zeepkist GTR] 19:07:37 Received HTTP response headers after 348.2151ms - 200
[Info   :Zeepkist GTR] 19:07:37 End processing HTTP request after 348.4732ms - 200
[Info   :Zeepkist GTR] 19:07:37 Start processing HTTP request "POST" https://graphql.zeepki.st/
[Info   :Zeepkist GTR] 19:07:37 Sending HTTP request "POST" https://graphql.zeepki.st/
[Info   :Zeepkist GTR] 19:07:37 Received HTTP response headers after 197.5988ms - 200
[Info   :Zeepkist GTR] 19:07:37 End processing HTTP request after 197.8734ms - 200
[Info   :Zeepkist Bingo] [CHAT] Intercepted message: 1 player eliminated: [KBW] microways
[Info   :Zeepkist Bingo] [CHAT] Not relaying - no bingo session
[Info   :BetterSplits] got gtr splits
[Info   :Zeepkist GTR] 19:07:38 Starting recorder
[Info   :Zeepkist GTR] 19:07:38 Starting recorder
[Info   :Zeepkist Bingo] [CHAT] Intercepted message: !cotd endcup
[Info   :Zeepkist Bingo] [CHAT] Not relaying - no bingo session
[Error  :     TeamX]  [TEAMX] Operation failed: Client is already disconnected.
[Info   :Zeepkist Bingo] [BINGO] Application quitting - force disposing WebSocket
[Info   :Zeepkist Bingo] [WEBSOCKET] Force disposed
[Info   :Zeepkist Bingo] [WEBSOCKET] Force disposed
