[Message:   BepInEx] BepInEx 5.4.22.0 - Zeepkist (1/15/2026 3:08:57 PM)
[Info   :   BepInEx] Running under Unity v2021.3.10.1867021
[Info   :   BepInEx] CLR runtime version: 4.0.30319.42000
[Info   :   BepInEx] Supports SRE: True
[Info   :   BepInEx] System platform: Bits64, Windows
[Message:   BepInEx] Preloader started
[Info   :   BepInEx] Loaded 1 patcher method from [BepInEx.Preloader 5.4.22.0]
[Info   :   BepInEx] 1 patcher plugin loaded
[Info   :   BepInEx] Patching [UnityEngine.CoreModule] with [BepInEx.Chainloader]
[Message:   BepInEx] Preloader finished
[Message:   BepInEx] Chainloader ready
[Message:   BepInEx] Chainloader started
[Info   :   BepInEx] 11 plugins to load
[Info   :   BepInEx] Loading [Zeep SDK 2.2.0]
[Info   :  Zeep SDK] Plugin ZeepSDK is loaded!
[Info   :   BepInEx] Loading [AuthorTimeHunting 1.17.4]
[Info   :AuthorTimeHunting] StateMachine: Transitioning from null to StateMasterOff
[Info   :AuthorTimeHunting] Plugin AuthorTimeHunting is loaded!
[Info   :   BepInEx] Loading [BetterSplits 0.2.2]
[Info   :BetterSplits] Plugin BetterSplits is loaded!
[Info   :   BepInEx] Loading [TeamX 2.1]
[Info   :   BepInEx] Loading [FastStart 1.0.0]
[Info   : FastStart] Plugin FastStart is loaded!
[Info   :   BepInEx] Loading [Zeepkist Bingo 1.1.5]
[Info   :Zeepkist Bingo] Zeepkist Bingo v1.1.5 is loading...
[Info   :Zeepkist Bingo] [BINGO] Loaded 0 muted players
[Info   :Zeepkist Bingo] [BingoTTS] Initialized. Cache: C:/Users/joshs/AppData/Local/Temp/Steelpan Interactive/Zeepkist\ZeepkistBingo_TTS
[Info   :Zeepkist Bingo] [BingoTTS] Available voices: Microsoft David Desktop, Microsoft Zira Desktop
[Info   :Zeepkist Bingo] [BINGO UI] Menu initialized
[Info   :Zeepkist Bingo] [BINGO UI] Mini board initialized
[Info   :Zeepkist Bingo] [BINGO UI] Team status initialized
[Info   :Zeepkist Bingo] [BINGO] V2 UI components initialized
[Info   :Zeepkist Bingo] [InstantLoader] Initialized
[Info   :Zeepkist Bingo] Bingo commands registered
[Info   :Zeepkist Bingo] [BINGO TEST] Test commands registered (/bt0 - /bt50)
[Info   :Zeepkist Bingo] Event hooks registered
[Info   :Zeepkist Bingo] [WEBSOCKET] Base URL set to: wss://zeepkist-bingo.chrisleiter.workers.dev
[Info   :Zeepkist Bingo] Zeepkist Bingo loaded successfully!
[Info   :   BepInEx] Loading [COTDTracker 0.11.1]
[Info   :COTDTracker] Plugin COTDTracker is loaded!
[Info   :   BepInEx] Loading [Level Editor Trails 4.0.2]
[Info   :Level Editor Trails] Plugin LevelEditorTrails is loaded!
[Info   :   BepInEx] Loading [Zeepkist GTR 0.40.3]
[Info   :   BepInEx] Loading [Medal Times 5.3.1]
[Info   :Medal Times] Plugin net.tnrd.zeepkist.medaltimes is loaded!
[Info   :   BepInEx] Loading [ZeepTourney 0.0.9]
[Info   :ZeepTourney] Plugin ZeepTourney is loaded!
[Message:   BepInEx] Chainloader startup complete
[Info   :AuthorTimeHunting] GraphQL client initialized.
[Info   :Zeepkist Bingo] [BINGO AUDIO] Generating custom sounds...
[Info   :Zeepkist Bingo] [BINGO AUDIO] All custom sounds generated!
[Info   :Zeepkist Bingo] [BINGO AUDIO] Custom FMOD audio system initialized!
[Info   :Zeepkist GTR] 17:57:53 Patching
[Info   :Zeepkist GTR] 17:57:53 Found 17 eager services
[Info   :Zeepkist GTR] 17:57:53 Application started. Press Ctrl+C to shut down.
[Info   :Zeepkist GTR] 17:57:53 Hosting environment: "Production"
[Info   :Zeepkist GTR] 17:57:53 Content root path: "C:\Program Files (x86)\Steam\steamapps\common\Zeepkist\BepInEx\plugins\Mods\2948039_6688852"
[Info   :Zeepkist GTR] Plugin net.tnrd.zeepkist.gtr is loaded!
[Info   :AuthorTimeHunting] Successfully retrieved 5 random levels
[Info   :     TeamX]  [TEAMX] Initializing TeamX...
[Info   :Zeepkist GTR] 17:58:08 Start processing HTTP request "POST" "https://backend.zeepki.st/auth/login"
[Info   :Zeepkist GTR] 17:58:08 Sending HTTP request "POST" "https://backend.zeepki.st/auth/login"
[Info   :CrashlyticsApi] Initializing bugsnag
[Info   :CrashlyticsApi] Bugsnag initialized
[Info   :Zeepkist GTR] 17:58:09 Received HTTP response headers after 1145.4751ms - 200
[Info   :Zeepkist GTR] 17:58:09 End processing HTTP request after 1154.7031ms - 200
[Info   :Zeepkist Bingo] [BINGO] Level loaded
[Info   :BetterSplits] getting gtr splits
[Info   :Zeepkist Bingo] [BINGO] === PLAYER SPAWNED ===
[Info   :Zeepkist Bingo] [BINGO] IsInActiveSession: False
[Info   :Zeepkist Bingo] [BINGO] Not in active session, skipping timer reset
[Info   :Zeepkist GTR] 17:58:36 Loading personal best...
[Info   :Zeepkist GTR] 17:58:36 Start processing HTTP request "POST" "https://graphql.zeepki.st/"
[Info   :Zeepkist GTR] 17:58:36 Sending HTTP request "POST" "https://graphql.zeepki.st/"
[Info   :Zeepkist GTR] 17:58:36 Stopping existing recorder if any
[Info   :Zeepkist GTR] 17:58:36 Creating new recorder
[Info   :Zeepkist GTR] 17:58:36 Start processing HTTP request "POST" "https://graphql.zeepki.st/"
[Info   :Zeepkist GTR] 17:58:36 Sending HTTP request "POST" "https://graphql.zeepki.st/"
[Info   :Zeepkist GTR] 17:58:36 Start processing HTTP request "POST" "https://graphql.zeepki.st/"
[Info   :Zeepkist GTR] 17:58:36 Sending HTTP request "POST" "https://graphql.zeepki.st/"
[Error  :BetterSplits] could not get splits
Response: StatusCode: 400, ReasonPhrase: 'Bad Request', Version: 1.1, Content: System.Net.Http.StreamContent, Headers:
{
Date: Fri, 12 Jun 2026 22:58:37 GMT
Connection: keep-alive
Access-Control-Allow-Headers: Origin, X-Requested-With, Accept, Authorization, X-Apollo-Tracing, Content-Type, Content-Length, X-PostGraphile-Explain
Access-Control-Allow-Methods: HEAD, GET, POST
Access-Control-Allow-Origin: *
Access-Control-Expose-Headers: X-GraphQL-Event-Stream
Alt-Svc: h3=":443"; ma=86400
Vary: Origin
Via: 1.1 Caddy
X-Graphql-Event-Stream: /stream
X-Query-Cost: 115
Cf-Cache-Status: DYNAMIC
x-xss-protection: 1; mode=block
Strict-Transport-Security: max-age=15552000; includeSubDomains; preload
x-content-type-options: nosniff
Server-Timing: cfCacheStatus;desc="DYNAMIC", cfEdge;dur=17,cfOrigin;dur=135
Report-To: {"group":"cf-nel","max_age":604800,"endpoints":[{"url":"https://a.nel.cloudflare.com/report/v4?s=p94waHVdNkcLSfKqbgbqqQtkL7q3C9c5oAypqNan0P6a2x4yDXUXDpgnMSe7NHVr7gQvqJx0TNjfP71ELdDG36f8CVik9d97ZfV0npRZmXAAff09nH0PAEZ%2F%2F7oo6xl4NUD2lxVaoURMjmgiEFDRfQ%3D%3D"}]}
Nel: {"report_to":"cf-nel","success_fraction":0.0,"max_age":604800}
expect-ct: max-age=86400, enforce
referrer-policy: same-origin
x-frame-options: SAMEORIGIN
Server: cloudflare
CF-RAY: a0ac76177a5aa1df-MSP
Content-Type: application/json; charset=utf-8
Content-Length: 172
} 
Content: {"errors":[{"message":"Cannot query field \"personalBestGlobalsByIdLevel\" on type \"Level\". Did you mean \"personalBestGlobals\"?","locations":[{"line":1,"column":87}]}]}
Url: https://graphql.zeepki.st
Request: {"query":"query BetterSplitsPB($hash: String!, $steamId: BigFloat) { levelByHash(hash: $hash) { personalBestGlobalsByIdLevel(filter: {userByIdUser: {steamId: {equalTo: $steamId}}}) { nodes { recordByIdRecord { speeds splits time }}}}}","variables":{"hash":"ea1","steamId":"76561199218214543"}}
[Info   :Zeepkist GTR] 17:58:36 Received HTTP response headers after 293.523ms - 200
[Info   :Zeepkist GTR] 17:58:36 End processing HTTP request after 293.8354ms - 200
[Info   :Zeepkist GTR] 17:58:36 Received HTTP response headers after 300.6975ms - 200
[Info   :Zeepkist GTR] 17:58:36 End processing HTTP request after 300.9714ms - 200
[Info   :Zeepkist GTR] 17:58:36 Ghost version: 5
[Info   :Zeepkist GTR] 17:58:36 Received HTTP response headers after 504.7662ms - 200
[Info   :Zeepkist GTR] 17:58:36 End processing HTTP request after 504.9999ms - 200
[Info   :Zeepkist GTR] 17:58:36 Start processing HTTP request "POST" "https://graphql.zeepki.st/"
[Info   :Zeepkist GTR] 17:58:36 Sending HTTP request "POST" "https://graphql.zeepki.st/"
[Info   :Zeepkist GTR] 17:58:37 Received HTTP response headers after 232.0153ms - 200
[Info   :Zeepkist GTR] 17:58:37 End processing HTTP request after 232.281ms - 200
[Info   :Zeepkist GTR] 17:58:37 Starting recorder
[Info   :Zeepkist GTR] 17:58:45 Discarding recorder
[Info   :Zeepkist Bingo] [BINGO] Level loaded
[Info   :BetterSplits] getting gtr splits
[Info   :Zeepkist Bingo] [BINGO] === PLAYER SPAWNED ===
[Info   :Zeepkist Bingo] [BINGO] IsInActiveSession: False
[Info   :Zeepkist Bingo] [BINGO] Not in active session, skipping timer reset
[Info   :Zeepkist GTR] 17:58:59 Loading personal best...
[Info   :Zeepkist GTR] 17:58:59 Start processing HTTP request "POST" "https://graphql.zeepki.st/"
[Info   :Zeepkist GTR] 17:58:59 Sending HTTP request "POST" "https://graphql.zeepki.st/"
[Info   :Zeepkist GTR] 17:58:59 Stopping existing recorder if any
[Info   :Zeepkist GTR] 17:58:59 Creating new recorder
[Info   :Zeepkist GTR] 17:58:59 Start processing HTTP request "POST" "https://graphql.zeepki.st/"
[Info   :Zeepkist GTR] 17:58:59 Sending HTTP request "POST" "https://graphql.zeepki.st/"
[Info   :Zeepkist GTR] 17:58:59 Start processing HTTP request "POST" "https://graphql.zeepki.st/"
[Info   :Zeepkist GTR] 17:58:59 Sending HTTP request "POST" "https://graphql.zeepki.st/"
[Error  :BetterSplits] could not get splits
Response: StatusCode: 400, ReasonPhrase: 'Bad Request', Version: 1.1, Content: System.Net.Http.StreamContent, Headers:
{
Date: Fri, 12 Jun 2026 22:59:01 GMT
Connection: keep-alive
Access-Control-Allow-Headers: Origin, X-Requested-With, Accept, Authorization, X-Apollo-Tracing, Content-Type, Content-Length, X-PostGraphile-Explain
Access-Control-Allow-Methods: HEAD, GET, POST
Access-Control-Allow-Origin: *
Access-Control-Expose-Headers: X-GraphQL-Event-Stream
Alt-Svc: h3=":443"; ma=86400
Vary: Origin
Via: 1.1 Caddy
X-Graphql-Event-Stream: /stream
X-Query-Cost: 115
Cf-Cache-Status: DYNAMIC
Strict-Transport-Security: max-age=15552000; includeSubDomains; preload
x-content-type-options: nosniff
Server-Timing: cfCacheStatus;desc="DYNAMIC", cfEdge;dur=14,cfOrigin;dur=137
Report-To: {"group":"cf-nel","max_age":604800,"endpoints":[{"url":"https://a.nel.cloudflare.com/report/v4?s=dKZZxKdgJQp6bLFQG4mlKd8YOkkwDy86Jk2o9eJQzGvI8GxdGI1SAE%2F4ClpCOPDSr2sd6ngKjuC8dt23irfcHLNy0gzd0xkvI38S2R8dw%2FLHUv0P4Ndv7gob8hRdnoGkglVfvC0HiAmuD%2FjfvtKaJA%3D%3D"}]}
Nel: {"report_to":"cf-nel","success_fraction":0.0,"max_age":604800}
expect-ct: max-age=86400, enforce
referrer-policy: same-origin
x-frame-options: SAMEORIGIN
x-xss-protection: 1; mode=block
Server: cloudflare
CF-RAY: a0ac76aabbe0a1df-MSP
Content-Type: application/json; charset=utf-8
Content-Length: 172
} 
Content: {"errors":[{"message":"Cannot query field \"personalBestGlobalsByIdLevel\" on type \"Level\". Did you mean \"personalBestGlobals\"?","locations":[{"line":1,"column":87}]}]}
Url: https://graphql.zeepki.st
Request: {"query":"query BetterSplitsPB($hash: String!, $steamId: BigFloat) { levelByHash(hash: $hash) { personalBestGlobalsByIdLevel(filter: {userByIdUser: {steamId: {equalTo: $steamId}}}) { nodes { recordByIdRecord { speeds splits time }}}}}","variables":{"hash":"E8DE49526E2B7C887FAD9C96EC2656650F65D575-3","steamId":"76561199218214543"}}
[Info   :Zeepkist GTR] 17:59:00 Received HTTP response headers after 185.2079ms - 200
[Info   :Zeepkist GTR] 17:59:00 Received HTTP response headers after 185.5916ms - 200
[Info   :Zeepkist GTR] 17:59:00 End processing HTTP request after 185.813ms - 200
[Info   :Zeepkist GTR] 17:59:00 End processing HTTP request after 185.4125ms - 200
[Info   :Zeepkist GTR] 17:59:00 Ghost version: 5
[Info   :Zeepkist GTR] 17:59:00 Received HTTP response headers after 372.0409ms - 200
[Info   :Zeepkist GTR] 17:59:00 End processing HTTP request after 372.2272ms - 200
[Info   :Zeepkist GTR] 17:59:00 Start processing HTTP request "POST" "https://graphql.zeepki.st/"
[Info   :Zeepkist GTR] 17:59:00 Sending HTTP request "POST" "https://graphql.zeepki.st/"
[Info   :Zeepkist GTR] 17:59:00 Received HTTP response headers after 181.56ms - 200
[Info   :Zeepkist GTR] 17:59:00 End processing HTTP request after 181.7634ms - 200
[Info   :Zeepkist GTR] 17:59:01 Starting recorder
[Info   :Zeepkist Bingo] [CHAT] Intercepted message: hi
[Info   :Zeepkist Bingo] [CHAT] Not relaying - no bingo session
[Info   :Zeepkist Bingo] [CHAT] Intercepted message: o/
[Info   :Zeepkist Bingo] [CHAT] Not relaying - no bingo session
[Info   :Zeepkist GTR] 18:03:58 Discarding recorder
[Info   :Zeepkist Bingo] [BINGO] Level loaded
[Info   :BetterSplits] getting gtr splits
[Info   :Zeepkist Bingo] [BINGO] === PLAYER SPAWNED ===
[Info   :Zeepkist Bingo] [BINGO] IsInActiveSession: False
[Info   :Zeepkist Bingo] [BINGO] Not in active session, skipping timer reset
[Info   :Zeepkist GTR] 18:04:13 Loading personal best...
[Info   :Zeepkist GTR] 18:04:13 Start processing HTTP request "POST" "https://graphql.zeepki.st/"
[Info   :Zeepkist GTR] 18:04:13 Sending HTTP request "POST" "https://graphql.zeepki.st/"
[Info   :Zeepkist GTR] 18:04:13 Stopping existing recorder if any
[Info   :Zeepkist GTR] 18:04:13 Creating new recorder
[Info   :Zeepkist GTR] 18:04:13 Start processing HTTP request "POST" "https://graphql.zeepki.st/"
[Info   :Zeepkist GTR] 18:04:13 Sending HTTP request "POST" "https://graphql.zeepki.st/"
[Info   :Zeepkist GTR] 18:04:13 Start processing HTTP request "POST" "https://graphql.zeepki.st/"
[Info   :Zeepkist GTR] 18:04:13 Sending HTTP request "POST" "https://graphql.zeepki.st/"
[Info   :Zeepkist GTR] 18:04:14 Received HTTP response headers after 701.1822ms - 200
[Info   :Zeepkist GTR] 18:04:14 End processing HTTP request after 701.4268ms - 200
[Info   :Zeepkist GTR] 18:04:14 Received HTTP response headers after 738.974ms - 200
[Info   :Zeepkist GTR] 18:04:14 End processing HTTP request after 739.1828ms - 200
[Info   :Zeepkist GTR] 18:04:14 Ghost version: 5
[Error  :BetterSplits] could not get splits
Response: StatusCode: 400, ReasonPhrase: 'Bad Request', Version: 1.1, Content: System.Net.Http.StreamContent, Headers:
{
Date: Fri, 12 Jun 2026 23:04:15 GMT
Connection: keep-alive
Access-Control-Allow-Headers: Origin, X-Requested-With, Accept, Authorization, X-Apollo-Tracing, Content-Type, Content-Length, X-PostGraphile-Explain
Access-Control-Allow-Methods: HEAD, GET, POST
Access-Control-Allow-Origin: *
Access-Control-Expose-Headers: X-GraphQL-Event-Stream
Alt-Svc: h3=":443"; ma=86400
Vary: Origin
Via: 1.1 Caddy
X-Graphql-Event-Stream: /stream
X-Query-Cost: 115
Cf-Cache-Status: DYNAMIC
Strict-Transport-Security: max-age=15552000; includeSubDomains; preload
x-content-type-options: nosniff
Server-Timing: cfCacheStatus;desc="DYNAMIC", cfEdge;dur=12,cfOrigin;dur=541
Report-To: {"group":"cf-nel","max_age":604800,"endpoints":[{"url":"https://a.nel.cloudflare.com/report/v4?s=VWNz8ud49mmFdcIEmXVlroO%2Bt21zCixjCjyTn2TmA%2BiJGO%2BVJKRMnI%2BIvdp3HOmRsBPTnFE34MS7CmdpHPZS5e80keUz615OK%2FDLBZh9nU4aTPTGrrUsDy6IUgYa1C%2F%2F4B7t4VsVL7GYBs07s9zj%2Bg%3D%3D"}]}
Nel: {"report_to":"cf-nel","success_fraction":0.0,"max_age":604800}
expect-ct: max-age=86400, enforce
referrer-policy: same-origin
x-frame-options: SAMEORIGIN
x-xss-protection: 1; mode=block
Server: cloudflare
CF-RAY: a0ac7e53fd55a203-MSP
Content-Type: application/json; charset=utf-8
Content-Length: 172
} 
Content: {"errors":[{"message":"Cannot query field \"personalBestGlobalsByIdLevel\" on type \"Level\". Did you mean \"personalBestGlobals\"?","locations":[{"line":1,"column":87}]}]}
Url: https://graphql.zeepki.st
Request: {"query":"query BetterSplitsPB($hash: String!, $steamId: BigFloat) { levelByHash(hash: $hash) { personalBestGlobalsByIdLevel(filter: {userByIdUser: {steamId: {equalTo: $steamId}}}) { nodes { recordByIdRecord { speeds splits time }}}}}","variables":{"hash":"2C4E5E52FBABACD0EDA871675D3C0853E97B7DD5","steamId":"76561199218214543"}}
[Info   :Zeepkist GTR] 18:04:14 Received HTTP response headers after 899.3971ms - 200
[Info   :Zeepkist GTR] 18:04:14 End processing HTTP request after 899.6462ms - 200
[Info   :Zeepkist GTR] 18:04:14 Start processing HTTP request "POST" "https://graphql.zeepki.st/"
[Info   :Zeepkist GTR] 18:04:14 Sending HTTP request "POST" "https://graphql.zeepki.st/"
[Info   :Zeepkist GTR] 18:04:14 Received HTTP response headers after 187.1426ms - 200
[Info   :Zeepkist GTR] 18:04:14 End processing HTTP request after 187.3491ms - 200
[Info   :Zeepkist GTR] 18:04:15 Starting recorder
[Info   :Zeepkist GTR] 18:09:11 Discarding recorder
[Info   :Zeepkist Bingo] [BINGO] Level loaded
[Info   :BetterSplits] getting gtr splits
[Info   :Zeepkist Bingo] [BINGO] === PLAYER SPAWNED ===
[Info   :Zeepkist Bingo] [BINGO] IsInActiveSession: False
[Info   :Zeepkist Bingo] [BINGO] Not in active session, skipping timer reset
[Info   :Zeepkist GTR] 18:09:26 Loading personal best...
[Info   :Zeepkist GTR] 18:09:26 Start processing HTTP request "POST" "https://graphql.zeepki.st/"
[Info   :Zeepkist GTR] 18:09:26 Sending HTTP request "POST" "https://graphql.zeepki.st/"
[Info   :Zeepkist GTR] 18:09:26 Stopping existing recorder if any
[Info   :Zeepkist GTR] 18:09:26 Creating new recorder
[Info   :Zeepkist GTR] 18:09:26 Start processing HTTP request "POST" "https://graphql.zeepki.st/"
[Info   :Zeepkist GTR] 18:09:26 Sending HTTP request "POST" "https://graphql.zeepki.st/"
[Info   :Zeepkist GTR] 18:09:26 Start processing HTTP request "POST" "https://graphql.zeepki.st/"
[Info   :Zeepkist GTR] 18:09:26 Sending HTTP request "POST" "https://graphql.zeepki.st/"
[Info   :Zeepkist GTR] 18:09:26 Received HTTP response headers after 725.6527ms - 200
[Info   :Zeepkist GTR] 18:09:26 End processing HTTP request after 725.9729ms - 200
[Info   :Zeepkist GTR] 18:09:26 Received HTTP response headers after 746.3763ms - 200
[Info   :Zeepkist GTR] 18:09:26 End processing HTTP request after 746.6571ms - 200
[Info   :Zeepkist GTR] 18:09:26 Ghost version: 5
[Error  :BetterSplits] could not get splits
Response: StatusCode: 400, ReasonPhrase: 'Bad Request', Version: 1.1, Content: System.Net.Http.StreamContent, Headers:
{
Date: Fri, 12 Jun 2026 23:09:27 GMT
Connection: keep-alive
Access-Control-Allow-Headers: Origin, X-Requested-With, Accept, Authorization, X-Apollo-Tracing, Content-Type, Content-Length, X-PostGraphile-Explain
Access-Control-Allow-Methods: HEAD, GET, POST
Access-Control-Allow-Origin: *
Access-Control-Expose-Headers: X-GraphQL-Event-Stream
Alt-Svc: h3=":443"; ma=86400
Vary: Origin
Via: 1.1 Caddy
X-Graphql-Event-Stream: /stream
X-Query-Cost: 115
Cf-Cache-Status: DYNAMIC
Strict-Transport-Security: max-age=15552000; includeSubDomains; preload
x-content-type-options: nosniff
Server-Timing: cfCacheStatus;desc="DYNAMIC", cfEdge;dur=20,cfOrigin;dur=549
Report-To: {"group":"cf-nel","max_age":604800,"endpoints":[{"url":"https://a.nel.cloudflare.com/report/v4?s=M2KgerAclHU6%2F02GfN09AliUnayfqMwqMdkJUd%2Fnt7vrX8iVmiYUSfk%2FM79CQ%2F74OD33AV3ebOaE6KHkP1tzR6k7YBf%2BNekoIpfwpKWkFL7YH0WJZzQot3yS2SQJpzMn%2BnPyWMo5OJgVGQAqy%2BC0zw%3D%3D"}]}
Nel: {"report_to":"cf-nel","success_fraction":0.0,"max_age":604800}
expect-ct: max-age=86400, enforce
referrer-policy: same-origin
x-frame-options: SAMEORIGIN
x-xss-protection: 1; mode=block
Server: cloudflare
CF-RAY: a0ac85f5ec57a1f7-MSP
Content-Type: application/json; charset=utf-8
Content-Length: 172
} 
Content: {"errors":[{"message":"Cannot query field \"personalBestGlobalsByIdLevel\" on type \"Level\". Did you mean \"personalBestGlobals\"?","locations":[{"line":1,"column":87}]}]}
Url: https://graphql.zeepki.st
Request: {"query":"query BetterSplitsPB($hash: String!, $steamId: BigFloat) { levelByHash(hash: $hash) { personalBestGlobalsByIdLevel(filter: {userByIdUser: {steamId: {equalTo: $steamId}}}) { nodes { recordByIdRecord { speeds splits time }}}}}","variables":{"hash":"8A97A8A085A3E7F1A80D9EEEBFDB6E263D844CC5","steamId":"76561199218214543"}}
[Info   :Zeepkist GTR] 18:09:27 Received HTTP response headers after 926.5478ms - 200
[Info   :Zeepkist GTR] 18:09:27 End processing HTTP request after 926.7963ms - 200
[Info   :Zeepkist GTR] 18:09:27 Start processing HTTP request "POST" "https://graphql.zeepki.st/"
[Info   :Zeepkist GTR] 18:09:27 Sending HTTP request "POST" "https://graphql.zeepki.st/"
[Info   :Zeepkist GTR] 18:09:27 Received HTTP response headers after 193.6288ms - 200
[Info   :Zeepkist GTR] 18:09:27 End processing HTTP request after 193.8689ms - 200
[Info   :Zeepkist GTR] 18:09:27 Starting recorder
[Info   :Zeepkist GTR] 18:14:24 Discarding recorder
[Info   :Zeepkist Bingo] [BINGO] Level loaded
[Info   :BetterSplits] getting gtr splits
[Info   :Zeepkist Bingo] [BINGO] === PLAYER SPAWNED ===
[Info   :Zeepkist Bingo] [BINGO] IsInActiveSession: False
[Info   :Zeepkist Bingo] [BINGO] Not in active session, skipping timer reset
[Info   :Zeepkist GTR] 18:14:39 Loading personal best...
[Info   :Zeepkist GTR] 18:14:39 Start processing HTTP request "POST" "https://graphql.zeepki.st/"
[Info   :Zeepkist GTR] 18:14:39 Sending HTTP request "POST" "https://graphql.zeepki.st/"
[Info   :Zeepkist GTR] 18:14:39 Stopping existing recorder if any
[Info   :Zeepkist GTR] 18:14:39 Creating new recorder
[Info   :Zeepkist GTR] 18:14:39 Start processing HTTP request "POST" "https://graphql.zeepki.st/"
[Info   :Zeepkist GTR] 18:14:39 Sending HTTP request "POST" "https://graphql.zeepki.st/"
[Info   :Zeepkist GTR] 18:14:39 Start processing HTTP request "POST" "https://graphql.zeepki.st/"
[Info   :Zeepkist GTR] 18:14:39 Sending HTTP request "POST" "https://graphql.zeepki.st/"
[Error  :BetterSplits] could not get splits
Response: StatusCode: 400, ReasonPhrase: 'Bad Request', Version: 1.1, Content: System.Net.Http.StreamContent, Headers:
{
Date: Fri, 12 Jun 2026 23:14:40 GMT
Connection: keep-alive
Access-Control-Allow-Headers: Origin, X-Requested-With, Accept, Authorization, X-Apollo-Tracing, Content-Type, Content-Length, X-PostGraphile-Explain
Access-Control-Allow-Methods: HEAD, GET, POST
Access-Control-Allow-Origin: *
Access-Control-Expose-Headers: X-GraphQL-Event-Stream
Alt-Svc: h3=":443"; ma=86400
Vary: Origin
Via: 1.1 Caddy
X-Graphql-Event-Stream: /stream
X-Query-Cost: 115
Cf-Cache-Status: DYNAMIC
Strict-Transport-Security: max-age=15552000; includeSubDomains; preload
x-content-type-options: nosniff
Server-Timing: cfCacheStatus;desc="DYNAMIC", cfEdge;dur=14,cfOrigin;dur=138
Report-To: {"group":"cf-nel","max_age":604800,"endpoints":[{"url":"https://a.nel.cloudflare.com/report/v4?s=47NWPnTEYpgtkhkqqvkEipYcpPa2OiTuftMWTZpZxkf0T12FzBRvCBQU8sjJVRmBs3eYpc2MNv6ynku9jc3VFwhITZW%2BJL0BdIHBRJS6uZJ4VwjhMm%2FjeFgT6BtZbmjoquS9kGIWbjN%2F%2BCCUcIu%2F7g%3D%3D"}]}
Nel: {"report_to":"cf-nel","success_fraction":0.0,"max_age":604800}
expect-ct: max-age=86400, enforce
referrer-policy: same-origin
x-frame-options: SAMEORIGIN
x-xss-protection: 1; mode=block
Server: cloudflare
CF-RAY: a0ac8d99c999acd5-MSP
Content-Type: application/json; charset=utf-8
Content-Length: 172
} 
Content: {"errors":[{"message":"Cannot query field \"personalBestGlobalsByIdLevel\" on type \"Level\". Did you mean \"personalBestGlobals\"?","locations":[{"line":1,"column":87}]}]}
Url: https://graphql.zeepki.st
Request: {"query":"query BetterSplitsPB($hash: String!, $steamId: BigFloat) { levelByHash(hash: $hash) { personalBestGlobalsByIdLevel(filter: {userByIdUser: {steamId: {equalTo: $steamId}}}) { nodes { recordByIdRecord { speeds splits time }}}}}","variables":{"hash":"EAA2102B59B6B72756F51344376A45B2F771773D-3","steamId":"76561199218214543"}}
[Info   :Zeepkist GTR] 18:14:39 Received HTTP response headers after 294.0189ms - 200
[Info   :Zeepkist GTR] 18:14:39 End processing HTTP request after 294.2896ms - 200
[Info   :Zeepkist GTR] 18:14:39 Received HTTP response headers after 306.7479ms - 200
[Info   :Zeepkist GTR] 18:14:39 End processing HTTP request after 307.0207ms - 200
[Info   :Zeepkist GTR] 18:14:39 Ghost version: 5
[Info   :Zeepkist GTR] 18:14:39 Received HTTP response headers after 493.2848ms - 200
[Info   :Zeepkist GTR] 18:14:39 End processing HTTP request after 493.5183ms - 200
[Info   :Zeepkist GTR] 18:14:39 Start processing HTTP request "POST" "https://graphql.zeepki.st/"
[Info   :Zeepkist GTR] 18:14:39 Sending HTTP request "POST" "https://graphql.zeepki.st/"
[Info   :Zeepkist GTR] 18:14:39 Received HTTP response headers after 201.8359ms - 200
[Info   :Zeepkist GTR] 18:14:39 End processing HTTP request after 202.1478ms - 200
[Info   :Zeepkist GTR] 18:14:40 Starting recorder
[Info   :Zeepkist Bingo] [BINGO] === PLAYER SPAWNED ===
[Info   :Zeepkist Bingo] [BINGO] IsInActiveSession: False
[Info   :Zeepkist Bingo] [BINGO] Not in active session, skipping timer reset
[Info   :Zeepkist GTR] 18:14:59 Loading personal best...
[Info   :Zeepkist GTR] 18:14:59 Start processing HTTP request "POST" "https://graphql.zeepki.st/"
[Info   :Zeepkist GTR] 18:14:59 Sending HTTP request "POST" "https://graphql.zeepki.st/"
[Info   :Zeepkist GTR] 18:14:59 Stopping existing recorder if any
[Info   :Zeepkist GTR] 18:14:59 Creating new recorder
[Info   :Zeepkist GTR] 18:14:59 Start processing HTTP request "POST" "https://graphql.zeepki.st/"
[Info   :Zeepkist GTR] 18:14:59 Sending HTTP request "POST" "https://graphql.zeepki.st/"
[Info   :Zeepkist GTR] 18:14:59 Start processing HTTP request "POST" "https://graphql.zeepki.st/"
[Info   :Zeepkist GTR] 18:14:59 Sending HTTP request "POST" "https://graphql.zeepki.st/"
[Info   :Zeepkist GTR] 18:14:59 Received HTTP response headers after 179.3415ms - 200
[Info   :Zeepkist GTR] 18:14:59 End processing HTTP request after 179.7136ms - 200
[Info   :Zeepkist GTR] 18:14:59 Received HTTP response headers after 188.2161ms - 200
[Info   :Zeepkist GTR] 18:14:59 End processing HTTP request after 188.5846ms - 200
[Info   :Zeepkist GTR] 18:14:59 Ghost version: 5
[Info   :Zeepkist GTR] 18:14:59 Received HTTP response headers after 383.798ms - 200
[Info   :Zeepkist GTR] 18:14:59 End processing HTTP request after 384.1417ms - 200
[Info   :Zeepkist GTR] 18:14:59 Start processing HTTP request "POST" "https://graphql.zeepki.st/"
[Info   :Zeepkist GTR] 18:14:59 Sending HTTP request "POST" "https://graphql.zeepki.st/"
[Info   :Zeepkist GTR] 18:14:59 Received HTTP response headers after 180.1964ms - 200
[Info   :Zeepkist GTR] 18:14:59 End processing HTTP request after 180.7502ms - 200
[Info   :Zeepkist GTR] 18:15:00 Starting recorder
[Info   :Zeepkist Bingo] [BINGO] === PLAYER SPAWNED ===
[Info   :Zeepkist Bingo] [BINGO] IsInActiveSession: False
[Info   :Zeepkist Bingo] [BINGO] Not in active session, skipping timer reset
[Info   :Zeepkist GTR] 18:15:17 Loading personal best...
[Info   :Zeepkist GTR] 18:15:17 Start processing HTTP request "POST" "https://graphql.zeepki.st/"
[Info   :Zeepkist GTR] 18:15:17 Sending HTTP request "POST" "https://graphql.zeepki.st/"
[Info   :Zeepkist GTR] 18:15:17 Stopping existing recorder if any
[Info   :Zeepkist GTR] 18:15:17 Creating new recorder
[Info   :Zeepkist GTR] 18:15:17 Start processing HTTP request "POST" "https://graphql.zeepki.st/"
[Info   :Zeepkist GTR] 18:15:17 Sending HTTP request "POST" "https://graphql.zeepki.st/"
[Info   :Zeepkist GTR] 18:15:17 Start processing HTTP request "POST" "https://graphql.zeepki.st/"
[Info   :Zeepkist GTR] 18:15:17 Sending HTTP request "POST" "https://graphql.zeepki.st/"
[Info   :Zeepkist GTR] 18:15:17 Received HTTP response headers after 228.0748ms - 200
[Info   :Zeepkist GTR] 18:15:17 Received HTTP response headers after 227.021ms - 200
[Info   :Zeepkist GTR] 18:15:17 End processing HTTP request after 227.3254ms - 200
[Info   :Zeepkist GTR] 18:15:17 End processing HTTP request after 228.3185ms - 200
[Info   :Zeepkist GTR] 18:15:17 Ghost version: 5
[Info   :Zeepkist GTR] 18:15:18 Received HTTP response headers after 420.082ms - 200
[Info   :Zeepkist GTR] 18:15:18 End processing HTTP request after 420.496ms - 200
[Info   :Zeepkist GTR] 18:15:18 Start processing HTTP request "POST" "https://graphql.zeepki.st/"
[Info   :Zeepkist GTR] 18:15:18 Sending HTTP request "POST" "https://graphql.zeepki.st/"
[Info   :Zeepkist GTR] 18:15:18 Received HTTP response headers after 205.3165ms - 200
[Info   :Zeepkist GTR] 18:15:18 End processing HTTP request after 205.5464ms - 200
[Info   :Zeepkist GTR] 18:15:19 Starting recorder
[Info   :Zeepkist Bingo] [BINGO] === PLAYER SPAWNED ===
[Info   :Zeepkist Bingo] [BINGO] IsInActiveSession: False
[Info   :Zeepkist Bingo] [BINGO] Not in active session, skipping timer reset
[Info   :Zeepkist GTR] 18:15:36 Loading personal best...
[Info   :Zeepkist GTR] 18:15:36 Start processing HTTP request "POST" "https://graphql.zeepki.st/"
[Info   :Zeepkist GTR] 18:15:36 Sending HTTP request "POST" "https://graphql.zeepki.st/"
[Info   :Zeepkist GTR] 18:15:36 Stopping existing recorder if any
[Info   :Zeepkist GTR] 18:15:36 Creating new recorder
[Info   :Zeepkist GTR] 18:15:36 Start processing HTTP request "POST" "https://graphql.zeepki.st/"
[Info   :Zeepkist GTR] 18:15:36 Sending HTTP request "POST" "https://graphql.zeepki.st/"
[Info   :Zeepkist GTR] 18:15:36 Start processing HTTP request "POST" "https://graphql.zeepki.st/"
[Info   :Zeepkist GTR] 18:15:36 Sending HTTP request "POST" "https://graphql.zeepki.st/"
[Info   :Zeepkist GTR] 18:15:36 Received HTTP response headers after 189.061ms - 200
[Info   :Zeepkist GTR] 18:15:36 Received HTTP response headers after 188.5103ms - 200
[Info   :Zeepkist GTR] 18:15:36 End processing HTTP request after 188.7196ms - 200
[Info   :Zeepkist GTR] 18:15:36 End processing HTTP request after 189.361ms - 200
[Info   :Zeepkist GTR] 18:15:36 Ghost version: 5
[Info   :Zeepkist GTR] 18:15:36 Received HTTP response headers after 375.9354ms - 200
[Info   :Zeepkist GTR] 18:15:36 End processing HTTP request after 376.1951ms - 200
[Info   :Zeepkist GTR] 18:15:36 Start processing HTTP request "POST" "https://graphql.zeepki.st/"
[Info   :Zeepkist GTR] 18:15:36 Sending HTTP request "POST" "https://graphql.zeepki.st/"
[Info   :Zeepkist GTR] 18:15:36 Received HTTP response headers after 179.9444ms - 200
[Info   :Zeepkist GTR] 18:15:36 End processing HTTP request after 180.1866ms - 200
[Info   :Zeepkist GTR] 18:15:37 Starting recorder
[Info   :Zeepkist GTR] 18:16:11 Stopping recorder
[Info   :Zeepkist GTR] 18:16:11 Collecting extra information
[Info   :Zeepkist GTR] 18:16:11 Processing ghost data
[Info   :Zeepkist GTR] 18:16:11 Creating stream
[Info   :Zeepkist GTR] 18:16:11 Writing to stream
[Info   :Zeepkist GTR] 18:16:11 Closing stream
[Info   :Zeepkist GTR] 18:16:11 Getting buffer
[Info   :Zeepkist GTR] 18:16:11 Converting to base64
[Info   :Zeepkist GTR] 18:16:11 Creating resource
[Info   :Zeepkist GTR] 18:16:11 Start processing HTTP request "POST" "https://backend.zeepki.st/auth/refresh"
[Info   :Zeepkist GTR] 18:16:11 Sending HTTP request "POST" "https://backend.zeepki.st/auth/refresh"
[Info   :Zeepkist GTR] 18:16:11 Received HTTP response headers after 533.1809ms - 200
[Info   :Zeepkist GTR] 18:16:11 End processing HTTP request after 533.3868ms - 200
[Info   :Zeepkist GTR] 18:16:11 Start processing HTTP request "POST" "https://backend.zeepki.st/record/submit"
[Info   :Zeepkist GTR] 18:16:11 Sending HTTP request "POST" "https://backend.zeepki.st/record/submit"
[Info   :Zeepkist GTR] 18:16:12 Received HTTP response headers after 375.9348ms - 200
[Info   :Zeepkist GTR] 18:16:12 End processing HTTP request after 376.1396ms - 200
[Info   :Zeepkist Bingo] [BINGO] === PLAYER SPAWNED ===
[Info   :Zeepkist Bingo] [BINGO] IsInActiveSession: False
[Info   :Zeepkist Bingo] [BINGO] Not in active session, skipping timer reset
[Info   :Zeepkist GTR] 18:16:49 Loading personal best...
[Info   :Zeepkist GTR] 18:16:49 Start processing HTTP request "POST" "https://graphql.zeepki.st/"
[Info   :Zeepkist GTR] 18:16:49 Sending HTTP request "POST" "https://graphql.zeepki.st/"
[Info   :Zeepkist GTR] 18:16:49 Stopping existing recorder if any
[Info   :Zeepkist GTR] 18:16:49 Creating new recorder
[Info   :Zeepkist GTR] 18:16:49 Start processing HTTP request "POST" "https://graphql.zeepki.st/"
[Info   :Zeepkist GTR] 18:16:49 Sending HTTP request "POST" "https://graphql.zeepki.st/"
[Info   :Zeepkist GTR] 18:16:49 Start processing HTTP request "POST" "https://graphql.zeepki.st/"
[Info   :Zeepkist GTR] 18:16:49 Sending HTTP request "POST" "https://graphql.zeepki.st/"
[Info   :Zeepkist GTR] 18:16:49 Received HTTP response headers after 297.4839ms - 200
[Info   :Zeepkist GTR] 18:16:49 End processing HTTP request after 297.7028ms - 200
[Info   :Zeepkist GTR] 18:16:49 Received HTTP response headers after 305.0407ms - 200
[Info   :Zeepkist GTR] 18:16:49 End processing HTTP request after 305.3289ms - 200
[Info   :Zeepkist GTR] 18:16:49 Ghost version: 5
[Info   :Zeepkist GTR] 18:16:49 Received HTTP response headers after 473.9626ms - 200
[Info   :Zeepkist GTR] 18:16:49 End processing HTTP request after 474.1976ms - 200
[Info   :Zeepkist GTR] 18:16:49 Start processing HTTP request "POST" "https://graphql.zeepki.st/"
[Info   :Zeepkist GTR] 18:16:49 Sending HTTP request "POST" "https://graphql.zeepki.st/"
[Info   :Zeepkist GTR] 18:16:50 Received HTTP response headers after 188.7416ms - 200
[Info   :Zeepkist GTR] 18:16:50 End processing HTTP request after 189.0497ms - 200
[Info   :Zeepkist GTR] 18:16:51 Starting recorder
[Info   :Zeepkist GTR] 18:17:23 Stopping recorder
[Info   :Zeepkist GTR] 18:17:23 Collecting extra information
[Info   :Zeepkist GTR] 18:17:23 Processing ghost data
[Info   :Zeepkist GTR] 18:17:23 Creating stream
[Info   :Zeepkist GTR] 18:17:23 Writing to stream
[Info   :Zeepkist GTR] 18:17:23 Closing stream
[Info   :Zeepkist GTR] 18:17:23 Getting buffer
[Info   :Zeepkist GTR] 18:17:23 Converting to base64
[Info   :Zeepkist GTR] 18:17:23 Creating resource
[Info   :Zeepkist GTR] 18:17:23 Start processing HTTP request "POST" "https://backend.zeepki.st/auth/refresh"
[Info   :Zeepkist GTR] 18:17:23 Sending HTTP request "POST" "https://backend.zeepki.st/auth/refresh"
[Info   :Zeepkist GTR] 18:17:24 Received HTTP response headers after 321.7365ms - 200
[Info   :Zeepkist GTR] 18:17:24 End processing HTTP request after 322.0137ms - 200
[Info   :Zeepkist GTR] 18:17:24 Start processing HTTP request "POST" "https://backend.zeepki.st/record/submit"
[Info   :Zeepkist GTR] 18:17:24 Sending HTTP request "POST" "https://backend.zeepki.st/record/submit"
[Info   :Zeepkist GTR] 18:17:24 Received HTTP response headers after 269.5251ms - 200
[Info   :Zeepkist GTR] 18:17:24 End processing HTTP request after 269.8541ms - 200
[Info   :Zeepkist Bingo] [BINGO] === PLAYER SPAWNED ===
[Info   :Zeepkist Bingo] [BINGO] IsInActiveSession: False
[Info   :Zeepkist Bingo] [BINGO] Not in active session, skipping timer reset
[Info   :Zeepkist GTR] 18:17:25 Loading personal best...
[Info   :Zeepkist GTR] 18:17:25 Start processing HTTP request "POST" "https://graphql.zeepki.st/"
[Info   :Zeepkist GTR] 18:17:25 Sending HTTP request "POST" "https://graphql.zeepki.st/"
[Info   :Zeepkist GTR] 18:17:25 Stopping existing recorder if any
[Info   :Zeepkist GTR] 18:17:25 Creating new recorder
[Info   :Zeepkist GTR] 18:17:25 Start processing HTTP request "POST" "https://graphql.zeepki.st/"
[Info   :Zeepkist GTR] 18:17:25 Sending HTTP request "POST" "https://graphql.zeepki.st/"
[Info   :Zeepkist GTR] 18:17:25 Start processing HTTP request "POST" "https://graphql.zeepki.st/"
[Info   :Zeepkist GTR] 18:17:25 Sending HTTP request "POST" "https://graphql.zeepki.st/"
[Info   :Zeepkist GTR] 18:17:25 Received HTTP response headers after 178.6344ms - 200
[Info   :Zeepkist GTR] 18:17:25 Received HTTP response headers after 179.1797ms - 200
[Info   :Zeepkist GTR] 18:17:25 End processing HTTP request after 178.8778ms - 200
[Info   :Zeepkist GTR] 18:17:25 End processing HTTP request after 179.4931ms - 200
[Info   :Zeepkist GTR] 18:17:25 Start processing HTTP request "GET" "https://cdn.zeepki.st/ghosts/01KTZ20G5TGKN7PGS5D8VXSWWG.bin"
[Info   :Zeepkist GTR] 18:17:25 Sending HTTP request "GET" "https://cdn.zeepki.st/ghosts/01KTZ20G5TGKN7PGS5D8VXSWWG.bin"
[Info   :Zeepkist GTR] 18:17:25 Received HTTP response headers after 358.2027ms - 200
[Info   :Zeepkist GTR] 18:17:25 End processing HTTP request after 358.4457ms - 200
[Info   :Zeepkist GTR] 18:17:25 Start processing HTTP request "POST" "https://graphql.zeepki.st/"
[Info   :Zeepkist GTR] 18:17:25 Sending HTTP request "POST" "https://graphql.zeepki.st/"
[Info   :Zeepkist GTR] 18:17:25 Received HTTP response headers after 184.5675ms - 200
[Info   :Zeepkist GTR] 18:17:25 End processing HTTP request after 184.8882ms - 200
[Info   :Zeepkist GTR] 18:17:25 Received HTTP response headers after 669.2668ms - 200
[Info   :Zeepkist GTR] 18:17:25 End processing HTTP request after 669.5773ms - 200
[Info   :Zeepkist GTR] 18:17:26 Ghost version: 5
[Info   :Zeepkist GTR] 18:17:26 Starting recorder
[Info   :Zeepkist GTR] 18:17:59 Stopping recorder
[Info   :Zeepkist GTR] 18:17:59 Collecting extra information
[Info   :Zeepkist GTR] 18:17:59 Processing ghost data
[Info   :Zeepkist GTR] 18:17:59 Creating stream
[Info   :Zeepkist GTR] 18:17:59 Writing to stream
[Info   :Zeepkist GTR] 18:18:00 Closing stream
[Info   :Zeepkist GTR] 18:18:00 Getting buffer
[Info   :Zeepkist GTR] 18:18:00 Converting to base64
[Info   :Zeepkist GTR] 18:18:00 Creating resource
[Info   :Zeepkist GTR] 18:18:00 Start processing HTTP request "POST" "https://backend.zeepki.st/auth/refresh"
[Info   :Zeepkist GTR] 18:18:00 Sending HTTP request "POST" "https://backend.zeepki.st/auth/refresh"
[Info   :Zeepkist GTR] 18:18:00 Received HTTP response headers after 320.0326ms - 200
[Info   :Zeepkist GTR] 18:18:00 End processing HTTP request after 320.2923ms - 200
[Info   :Zeepkist GTR] 18:18:00 Start processing HTTP request "POST" "https://backend.zeepki.st/record/submit"
[Info   :Zeepkist GTR] 18:18:00 Sending HTTP request "POST" "https://backend.zeepki.st/record/submit"
[Info   :Zeepkist GTR] 18:18:00 Received HTTP response headers after 295.4582ms - 200
[Info   :Zeepkist GTR] 18:18:00 End processing HTTP request after 344.4019ms - 200
[Info   :Zeepkist Bingo] [BINGO] === PLAYER SPAWNED ===
[Info   :Zeepkist Bingo] [BINGO] IsInActiveSession: False
[Info   :Zeepkist Bingo] [BINGO] Not in active session, skipping timer reset
[Info   :Zeepkist GTR] 18:18:31 Loading personal best...
[Info   :Zeepkist GTR] 18:18:31 Start processing HTTP request "POST" "https://graphql.zeepki.st/"
[Info   :Zeepkist GTR] 18:18:31 Sending HTTP request "POST" "https://graphql.zeepki.st/"
[Info   :Zeepkist GTR] 18:18:31 Stopping existing recorder if any
[Info   :Zeepkist GTR] 18:18:31 Creating new recorder
[Info   :Zeepkist GTR] 18:18:31 Start processing HTTP request "POST" "https://graphql.zeepki.st/"
[Info   :Zeepkist GTR] 18:18:31 Sending HTTP request "POST" "https://graphql.zeepki.st/"
[Info   :Zeepkist GTR] 18:18:31 Start processing HTTP request "POST" "https://graphql.zeepki.st/"
[Info   :Zeepkist GTR] 18:18:31 Sending HTTP request "POST" "https://graphql.zeepki.st/"
[Info   :Zeepkist GTR] 18:18:31 Received HTTP response headers after 192.8353ms - 200
[Info   :Zeepkist GTR] 18:18:31 Received HTTP response headers after 192.2948ms - 200
[Info   :Zeepkist GTR] 18:18:31 End processing HTTP request after 193.1868ms - 200
[Info   :Zeepkist GTR] 18:18:31 End processing HTTP request after 192.5749ms - 200
[Info   :Zeepkist GTR] 18:18:31 Ghost version: 5
[Info   :Zeepkist GTR] 18:18:31 Received HTTP response headers after 397.0976ms - 200
[Info   :Zeepkist GTR] 18:18:31 End processing HTTP request after 397.3099ms - 200
[Info   :Zeepkist GTR] 18:18:31 Start processing HTTP request "POST" "https://graphql.zeepki.st/"
[Info   :Zeepkist GTR] 18:18:31 Sending HTTP request "POST" "https://graphql.zeepki.st/"
[Info   :Zeepkist GTR] 18:18:32 Received HTTP response headers after 172.1247ms - 200
[Info   :Zeepkist GTR] 18:18:32 End processing HTTP request after 172.3847ms - 200
[Info   :Zeepkist GTR] 18:18:33 Starting recorder
[Info   :Zeepkist Bingo] [BINGO] === PLAYER SPAWNED ===
[Info   :Zeepkist Bingo] [BINGO] IsInActiveSession: False
[Info   :Zeepkist Bingo] [BINGO] Not in active session, skipping timer reset
[Info   :Zeepkist GTR] 18:18:48 Loading personal best...
[Info   :Zeepkist GTR] 18:18:48 Start processing HTTP request "POST" "https://graphql.zeepki.st/"
[Info   :Zeepkist GTR] 18:18:48 Sending HTTP request "POST" "https://graphql.zeepki.st/"
[Info   :Zeepkist GTR] 18:18:48 Stopping existing recorder if any
[Info   :Zeepkist GTR] 18:18:48 Creating new recorder
[Info   :Zeepkist GTR] 18:18:48 Start processing HTTP request "POST" "https://graphql.zeepki.st/"
[Info   :Zeepkist GTR] 18:18:48 Sending HTTP request "POST" "https://graphql.zeepki.st/"
[Info   :Zeepkist GTR] 18:18:48 Start processing HTTP request "POST" "https://graphql.zeepki.st/"
[Info   :Zeepkist GTR] 18:18:48 Sending HTTP request "POST" "https://graphql.zeepki.st/"
[Info   :Zeepkist GTR] 18:18:48 Received HTTP response headers after 202.4496ms - 200
[Info   :Zeepkist GTR] 18:18:48 End processing HTTP request after 202.6769ms - 200
[Info   :Zeepkist GTR] 18:18:48 Received HTTP response headers after 203.0658ms - 200
[Info   :Zeepkist GTR] 18:18:48 End processing HTTP request after 203.3183ms - 200
[Info   :Zeepkist GTR] 18:18:48 Ghost version: 5
[Info   :Zeepkist GTR] 18:18:49 Received HTTP response headers after 1218.6158ms - 200
[Info   :Zeepkist GTR] 18:18:49 End processing HTTP request after 1218.8096ms - 200
[Info   :Zeepkist GTR] 18:18:49 Start processing HTTP request "POST" "https://graphql.zeepki.st/"
[Info   :Zeepkist GTR] 18:18:49 Sending HTTP request "POST" "https://graphql.zeepki.st/"
[Info   :Zeepkist GTR] 18:18:49 Received HTTP response headers after 311.3657ms - 200
[Info   :Zeepkist GTR] 18:18:49 End processing HTTP request after 311.6128ms - 200
[Info   :Zeepkist GTR] 18:18:49 Starting recorder
[Info   :Zeepkist Bingo] [BINGO] === PLAYER SPAWNED ===
[Info   :Zeepkist Bingo] [BINGO] IsInActiveSession: False
[Info   :Zeepkist Bingo] [BINGO] Not in active session, skipping timer reset
[Info   :Zeepkist GTR] 18:19:09 Loading personal best...
[Info   :Zeepkist GTR] 18:19:09 Start processing HTTP request "POST" "https://graphql.zeepki.st/"
[Info   :Zeepkist GTR] 18:19:09 Sending HTTP request "POST" "https://graphql.zeepki.st/"
[Info   :Zeepkist GTR] 18:19:09 Stopping existing recorder if any
[Info   :Zeepkist GTR] 18:19:09 Creating new recorder
[Info   :Zeepkist GTR] 18:19:09 Start processing HTTP request "POST" "https://graphql.zeepki.st/"
[Info   :Zeepkist GTR] 18:19:09 Sending HTTP request "POST" "https://graphql.zeepki.st/"
[Info   :Zeepkist GTR] 18:19:09 Start processing HTTP request "POST" "https://graphql.zeepki.st/"
[Info   :Zeepkist GTR] 18:19:09 Sending HTTP request "POST" "https://graphql.zeepki.st/"
[Info   :Zeepkist GTR] 18:19:09 Received HTTP response headers after 192.5495ms - 200
[Info   :Zeepkist GTR] 18:19:09 End processing HTTP request after 192.7892ms - 200
[Info   :Zeepkist GTR] 18:19:09 Ghost version: 5
[Info   :Zeepkist GTR] 18:19:09 Received HTTP response headers after 299.0108ms - 200
[Info   :Zeepkist GTR] 18:19:09 End processing HTTP request after 299.2958ms - 200
[Info   :Zeepkist GTR] 18:19:09 Received HTTP response headers after 386.3595ms - 200
[Info   :Zeepkist GTR] 18:19:09 End processing HTTP request after 386.5871ms - 200
[Info   :Zeepkist GTR] 18:19:09 Start processing HTTP request "POST" "https://graphql.zeepki.st/"
[Info   :Zeepkist GTR] 18:19:09 Sending HTTP request "POST" "https://graphql.zeepki.st/"
[Info   :Zeepkist GTR] 18:19:09 Received HTTP response headers after 179.519ms - 200
[Info   :Zeepkist GTR] 18:19:09 End processing HTTP request after 179.7634ms - 200
[Info   :Zeepkist GTR] 18:19:10 Starting recorder
[Info   :Zeepkist GTR] 18:19:37 Discarding recorder
[Info   :RoundLeaderboardTab] Drawing leaderboard -> forwarding to Instance.DrawTabLeaderboard()
[Info   :RoundLeaderboardTab] Drawing leaderboard -> forwarding to Instance.DrawTabLeaderboard()
[Info   :Zeepkist Bingo] [BINGO] Level loaded
[Info   :BetterSplits] getting gtr splits
[Info   :Zeepkist Bingo] [BINGO] === PLAYER SPAWNED ===
[Info   :Zeepkist Bingo] [BINGO] IsInActiveSession: False
[Info   :Zeepkist Bingo] [BINGO] Not in active session, skipping timer reset
[Info   :Zeepkist GTR] 18:19:52 Loading personal best...
[Info   :Zeepkist GTR] 18:19:52 Start processing HTTP request "POST" "https://graphql.zeepki.st/"
[Info   :Zeepkist GTR] 18:19:52 Sending HTTP request "POST" "https://graphql.zeepki.st/"
[Info   :Zeepkist GTR] 18:19:52 Stopping existing recorder if any
[Info   :Zeepkist GTR] 18:19:52 Creating new recorder
[Info   :Zeepkist GTR] 18:19:52 Start processing HTTP request "POST" "https://graphql.zeepki.st/"
[Info   :Zeepkist GTR] 18:19:52 Sending HTTP request "POST" "https://graphql.zeepki.st/"
[Info   :Zeepkist GTR] 18:19:52 Start processing HTTP request "POST" "https://graphql.zeepki.st/"
[Info   :Zeepkist GTR] 18:19:52 Sending HTTP request "POST" "https://graphql.zeepki.st/"
[Info   :Zeepkist GTR] 18:19:52 Received HTTP response headers after 186.104ms - 200
[Info   :Zeepkist GTR] 18:19:52 End processing HTTP request after 186.3079ms - 200
[Info   :Zeepkist GTR] 18:19:52 Received HTTP response headers after 202.5043ms - 200
[Info   :Zeepkist GTR] 18:19:52 End processing HTTP request after 202.7051ms - 200
[Info   :Zeepkist GTR] 18:19:52 Ghost version: 5
[Error  :BetterSplits] could not get splits
Response: StatusCode: 400, ReasonPhrase: 'Bad Request', Version: 1.1, Content: System.Net.Http.StreamContent, Headers:
{
Date: Fri, 12 Jun 2026 23:19:53 GMT
Connection: keep-alive
Access-Control-Allow-Headers: Origin, X-Requested-With, Accept, Authorization, X-Apollo-Tracing, Content-Type, Content-Length, X-PostGraphile-Explain
Access-Control-Allow-Methods: HEAD, GET, POST
Access-Control-Allow-Origin: *
Access-Control-Expose-Headers: X-GraphQL-Event-Stream
Alt-Svc: h3=":443"; ma=86400
Vary: Origin
Via: 1.1 Caddy
X-Graphql-Event-Stream: /stream
X-Query-Cost: 115
Cf-Cache-Status: DYNAMIC
x-xss-protection: 1; mode=block
Strict-Transport-Security: max-age=15552000; includeSubDomains; preload
x-content-type-options: nosniff
Server-Timing: cfCacheStatus;desc="DYNAMIC", cfEdge;dur=20,cfOrigin;dur=128
Report-To: {"group":"cf-nel","max_age":604800,"endpoints":[{"url":"https://a.nel.cloudflare.com/report/v4?s=krlcMxfj2gICMKokjcRC%2B%2FsSFk39WH00%2BXmrlwVsjvg4xctwWZ1NysJIYsfCyO3kmWEtVJhlHz97KvdeJg9Jb%2BXjln12YC41cRVcg1r7eeQ0aCMFvmFPKqO1JKIMGj4n%2FTPgmSTo9zK%2BVGi1IaWPdg%3D%3D"}]}
Nel: {"report_to":"cf-nel","success_fraction":0.0,"max_age":604800}
expect-ct: max-age=86400, enforce
referrer-policy: same-origin
x-frame-options: SAMEORIGIN
Server: cloudflare
CF-RAY: a0ac953e1e2b4ca0-MSP
Content-Type: application/json; charset=utf-8
Content-Length: 172
} 
Content: {"errors":[{"message":"Cannot query field \"personalBestGlobalsByIdLevel\" on type \"Level\". Did you mean \"personalBestGlobals\"?","locations":[{"line":1,"column":87}]}]}
Url: https://graphql.zeepki.st
Request: {"query":"query BetterSplitsPB($hash: String!, $steamId: BigFloat) { levelByHash(hash: $hash) { personalBestGlobalsByIdLevel(filter: {userByIdUser: {steamId: {equalTo: $steamId}}}) { nodes { recordByIdRecord { speeds splits time }}}}}","variables":{"hash":"E80C3D61450C344E1855222983B4D522A2E00F32-3","steamId":"76561199218214543"}}
[Info   :Zeepkist GTR] 18:19:52 Received HTTP response headers after 375.3065ms - 200
[Info   :Zeepkist GTR] 18:19:52 End processing HTTP request after 375.5268ms - 200
[Info   :Zeepkist GTR] 18:19:52 Start processing HTTP request "POST" "https://graphql.zeepki.st/"
[Info   :Zeepkist GTR] 18:19:52 Sending HTTP request "POST" "https://graphql.zeepki.st/"
[Info   :Zeepkist GTR] 18:19:52 Received HTTP response headers after 186.7038ms - 200
[Info   :Zeepkist GTR] 18:19:52 End processing HTTP request after 186.9276ms - 200
[Info   :RoundLeaderboardTab] Drawing leaderboard -> forwarding to Instance.DrawTabLeaderboard()
[Info   :Zeepkist GTR] 18:19:53 Starting recorder
[Info   :Zeepkist GTR] 18:20:22 Stopping recorder
[Info   :Zeepkist GTR] 18:20:22 Collecting extra information
[Info   :Zeepkist GTR] 18:20:22 Processing ghost data
[Info   :Zeepkist GTR] 18:20:22 Creating stream
[Info   :Zeepkist GTR] 18:20:22 Writing to stream
[Info   :Zeepkist GTR] 18:20:22 Closing stream
[Info   :Zeepkist GTR] 18:20:22 Getting buffer
[Info   :Zeepkist GTR] 18:20:22 Converting to base64
[Info   :Zeepkist GTR] 18:20:22 Creating resource
[Info   :Zeepkist GTR] 18:20:22 Start processing HTTP request "POST" "https://backend.zeepki.st/auth/refresh"
[Info   :Zeepkist GTR] 18:20:22 Sending HTTP request "POST" "https://backend.zeepki.st/auth/refresh"
[Info   :Zeepkist GTR] 18:20:23 Received HTTP response headers after 669.3517ms - 200
[Info   :Zeepkist GTR] 18:20:23 End processing HTTP request after 669.5455ms - 200
[Info   :Zeepkist GTR] 18:20:23 Start processing HTTP request "POST" "https://backend.zeepki.st/record/submit"
[Info   :Zeepkist GTR] 18:20:23 Sending HTTP request "POST" "https://backend.zeepki.st/record/submit"
[Info   :Zeepkist GTR] 18:20:23 Received HTTP response headers after 406.1425ms - 200
[Info   :Zeepkist GTR] 18:20:23 End processing HTTP request after 406.3507ms - 200
[Info   :Zeepkist Bingo] [BINGO] === PLAYER SPAWNED ===
[Info   :Zeepkist Bingo] [BINGO] IsInActiveSession: False
[Info   :Zeepkist Bingo] [BINGO] Not in active session, skipping timer reset
[Info   :Zeepkist GTR] 18:20:24 Loading personal best...
[Info   :Zeepkist GTR] 18:20:24 Start processing HTTP request "POST" "https://graphql.zeepki.st/"
[Info   :Zeepkist GTR] 18:20:24 Sending HTTP request "POST" "https://graphql.zeepki.st/"
[Info   :Zeepkist GTR] 18:20:24 Stopping existing recorder if any
[Info   :Zeepkist GTR] 18:20:24 Creating new recorder
[Info   :Zeepkist GTR] 18:20:24 Start processing HTTP request "POST" "https://graphql.zeepki.st/"
[Info   :Zeepkist GTR] 18:20:24 Sending HTTP request "POST" "https://graphql.zeepki.st/"
[Info   :Zeepkist GTR] 18:20:24 Start processing HTTP request "POST" "https://graphql.zeepki.st/"
[Info   :Zeepkist GTR] 18:20:24 Sending HTTP request "POST" "https://graphql.zeepki.st/"
[Info   :Zeepkist GTR] 18:20:24 Received HTTP response headers after 203.6124ms - 200
[Info   :Zeepkist GTR] 18:20:24 End processing HTTP request after 203.9255ms - 200
[Info   :Zeepkist GTR] 18:20:24 Received HTTP response headers after 210.3169ms - 200
[Info   :Zeepkist GTR] 18:20:24 End processing HTTP request after 210.5537ms - 200
[Info   :Zeepkist GTR] 18:20:24 Ghost version: 5
[Info   :Zeepkist GTR] 18:20:24 Received HTTP response headers after 428.2185ms - 200
[Info   :Zeepkist GTR] 18:20:24 End processing HTTP request after 428.52ms - 200
[Info   :Zeepkist GTR] 18:20:24 Start processing HTTP request "POST" "https://graphql.zeepki.st/"
[Info   :Zeepkist GTR] 18:20:24 Sending HTTP request "POST" "https://graphql.zeepki.st/"
[Info   :Zeepkist GTR] 18:20:24 Received HTTP response headers after 176.4287ms - 200
[Info   :Zeepkist GTR] 18:20:24 End processing HTTP request after 176.7241ms - 200
[Info   :Zeepkist GTR] 18:20:25 Starting recorder
[Info   :Zeepkist GTR] 18:20:54 Stopping recorder
[Info   :Zeepkist GTR] 18:20:54 Collecting extra information
[Info   :Zeepkist GTR] 18:20:54 Processing ghost data
[Info   :Zeepkist GTR] 18:20:54 Creating stream
[Info   :Zeepkist GTR] 18:20:54 Writing to stream
[Info   :Zeepkist GTR] 18:20:54 Closing stream
[Info   :Zeepkist GTR] 18:20:54 Getting buffer
[Info   :Zeepkist GTR] 18:20:54 Converting to base64
[Info   :Zeepkist GTR] 18:20:54 Creating resource
[Info   :Zeepkist GTR] 18:20:54 Start processing HTTP request "POST" "https://backend.zeepki.st/auth/refresh"
[Info   :Zeepkist GTR] 18:20:54 Sending HTTP request "POST" "https://backend.zeepki.st/auth/refresh"
[Info   :Zeepkist GTR] 18:20:55 Received HTTP response headers after 341.1316ms - 200
[Info   :Zeepkist GTR] 18:20:55 End processing HTTP request after 341.3638ms - 200
[Info   :Zeepkist GTR] 18:20:55 Start processing HTTP request "POST" "https://backend.zeepki.st/record/submit"
[Info   :Zeepkist GTR] 18:20:55 Sending HTTP request "POST" "https://backend.zeepki.st/record/submit"
[Info   :Zeepkist GTR] 18:20:55 Received HTTP response headers after 300.9076ms - 200
[Info   :Zeepkist GTR] 18:20:55 End processing HTTP request after 301.123ms - 200
[Info   :Zeepkist Bingo] [BINGO] === PLAYER SPAWNED ===
[Info   :Zeepkist Bingo] [BINGO] IsInActiveSession: False
[Info   :Zeepkist Bingo] [BINGO] Not in active session, skipping timer reset
[Info   :Zeepkist GTR] 18:20:55 Loading personal best...
[Info   :Zeepkist GTR] 18:20:55 Start processing HTTP request "POST" "https://graphql.zeepki.st/"
[Info   :Zeepkist GTR] 18:20:55 Sending HTTP request "POST" "https://graphql.zeepki.st/"
[Info   :Zeepkist GTR] 18:20:55 Stopping existing recorder if any
[Info   :Zeepkist GTR] 18:20:55 Creating new recorder
[Info   :Zeepkist GTR] 18:20:55 Start processing HTTP request "POST" "https://graphql.zeepki.st/"
[Info   :Zeepkist GTR] 18:20:55 Sending HTTP request "POST" "https://graphql.zeepki.st/"
[Info   :Zeepkist GTR] 18:20:55 Start processing HTTP request "POST" "https://graphql.zeepki.st/"
[Info   :Zeepkist GTR] 18:20:55 Sending HTTP request "POST" "https://graphql.zeepki.st/"
[Info   :Zeepkist GTR] 18:20:56 Received HTTP response headers after 370.3833ms - 200
[Info   :Zeepkist GTR] 18:20:56 End processing HTTP request after 370.6589ms - 200
[Info   :Zeepkist GTR] 18:20:56 Received HTTP response headers after 374.3626ms - 200
[Info   :Zeepkist GTR] 18:20:56 End processing HTTP request after 374.579ms - 200
[Info   :Zeepkist GTR] 18:20:56 Start processing HTTP request "GET" "https://cdn.zeepki.st/ghosts/01KTZ26YA1BF60ET89BG526XJH.bin"
[Info   :Zeepkist GTR] 18:20:56 Sending HTTP request "GET" "https://cdn.zeepki.st/ghosts/01KTZ26YA1BF60ET89BG526XJH.bin"
[Info   :Zeepkist GTR] 18:20:56 Received HTTP response headers after 499.5083ms - 200
[Info   :Zeepkist GTR] 18:20:56 End processing HTTP request after 499.7655ms - 200
[Info   :Zeepkist GTR] 18:20:56 Start processing HTTP request "POST" "https://graphql.zeepki.st/"
[Info   :Zeepkist GTR] 18:20:56 Sending HTTP request "POST" "https://graphql.zeepki.st/"
[Info   :Zeepkist GTR] 18:20:56 Received HTTP response headers after 184.5544ms - 200
[Info   :Zeepkist GTR] 18:20:56 End processing HTTP request after 184.79ms - 200
[Info   :Zeepkist GTR] 18:20:56 Received HTTP response headers after 631.3008ms - 200
[Info   :Zeepkist GTR] 18:20:56 End processing HTTP request after 631.6239ms - 200
[Info   :Zeepkist GTR] 18:20:56 Ghost version: 5
[Info   :Zeepkist GTR] 18:20:57 Starting recorder
[Info   :Zeepkist Bingo] [BINGO] === PLAYER SPAWNED ===
[Info   :Zeepkist Bingo] [BINGO] IsInActiveSession: False
[Info   :Zeepkist Bingo] [BINGO] Not in active session, skipping timer reset
[Info   :Zeepkist GTR] 18:20:59 Loading personal best...
[Info   :Zeepkist GTR] 18:20:59 Start processing HTTP request "POST" "https://graphql.zeepki.st/"
[Info   :Zeepkist GTR] 18:20:59 Sending HTTP request "POST" "https://graphql.zeepki.st/"
[Info   :Zeepkist GTR] 18:20:59 Stopping existing recorder if any
[Info   :Zeepkist GTR] 18:20:59 Creating new recorder
[Info   :Zeepkist GTR] 18:20:59 Start processing HTTP request "POST" "https://graphql.zeepki.st/"
[Info   :Zeepkist GTR] 18:20:59 Sending HTTP request "POST" "https://graphql.zeepki.st/"
[Info   :Zeepkist GTR] 18:20:59 Start processing HTTP request "POST" "https://graphql.zeepki.st/"
[Info   :Zeepkist GTR] 18:20:59 Sending HTTP request "POST" "https://graphql.zeepki.st/"
[Info   :Zeepkist GTR] 18:20:59 Received HTTP response headers after 188.2516ms - 200
[Info   :Zeepkist GTR] 18:20:59 End processing HTTP request after 188.5076ms - 200
[Info   :Zeepkist GTR] 18:20:59 Received HTTP response headers after 197.3959ms - 200
[Info   :Zeepkist GTR] 18:20:59 End processing HTTP request after 197.6252ms - 200
[Info   :Zeepkist GTR] 18:20:59 Ghost version: 5
[Info   :Zeepkist GTR] 18:21:01 Starting recorder
[Info   :Zeepkist GTR] 18:21:01 Received HTTP response headers after 2148.6793ms - 200
[Info   :Zeepkist GTR] 18:21:01 End processing HTTP request after 2148.9076ms - 200
[Info   :Zeepkist GTR] 18:21:01 Start processing HTTP request "POST" "https://graphql.zeepki.st/"
[Info   :Zeepkist GTR] 18:21:01 Sending HTTP request "POST" "https://graphql.zeepki.st/"
[Info   :Zeepkist GTR] 18:21:01 Received HTTP response headers after 187.6181ms - 200
[Info   :Zeepkist GTR] 18:21:01 End processing HTTP request after 187.8927ms - 200
[Info   :Zeepkist Bingo] [BINGO] === PLAYER SPAWNED ===
[Info   :Zeepkist Bingo] [BINGO] IsInActiveSession: False
[Info   :Zeepkist Bingo] [BINGO] Not in active session, skipping timer reset
[Info   :Zeepkist GTR] 18:21:06 Loading personal best...
[Info   :Zeepkist GTR] 18:21:06 Start processing HTTP request "POST" "https://graphql.zeepki.st/"
[Info   :Zeepkist GTR] 18:21:06 Sending HTTP request "POST" "https://graphql.zeepki.st/"
[Info   :Zeepkist GTR] 18:21:06 Stopping existing recorder if any
[Info   :Zeepkist GTR] 18:21:06 Creating new recorder
[Info   :Zeepkist GTR] 18:21:06 Start processing HTTP request "POST" "https://graphql.zeepki.st/"
[Info   :Zeepkist GTR] 18:21:06 Sending HTTP request "POST" "https://graphql.zeepki.st/"
[Info   :Zeepkist GTR] 18:21:06 Start processing HTTP request "POST" "https://graphql.zeepki.st/"
[Info   :Zeepkist GTR] 18:21:06 Sending HTTP request "POST" "https://graphql.zeepki.st/"
[Info   :Zeepkist GTR] 18:21:06 Received HTTP response headers after 198.5805ms - 200
[Info   :Zeepkist GTR] 18:21:06 Received HTTP response headers after 198.1916ms - 200
[Info   :Zeepkist GTR] 18:21:06 End processing HTTP request after 198.9274ms - 200
[Info   :Zeepkist GTR] 18:21:06 End processing HTTP request after 198.4261ms - 200
[Info   :Zeepkist GTR] 18:21:06 Ghost version: 5
[Info   :Zeepkist GTR] 18:21:06 Received HTTP response headers after 383.6684ms - 200
[Info   :Zeepkist GTR] 18:21:06 End processing HTTP request after 383.881ms - 200
[Info   :Zeepkist GTR] 18:21:06 Start processing HTTP request "POST" "https://graphql.zeepki.st/"
[Info   :Zeepkist GTR] 18:21:06 Sending HTTP request "POST" "https://graphql.zeepki.st/"
[Info   :Zeepkist GTR] 18:21:06 Received HTTP response headers after 188.2912ms - 200
[Info   :Zeepkist GTR] 18:21:06 End processing HTTP request after 188.5528ms - 200
[Info   :Zeepkist GTR] 18:21:07 Starting recorder
[Info   :Zeepkist Bingo] [BINGO] === PLAYER SPAWNED ===
[Info   :Zeepkist Bingo] [BINGO] IsInActiveSession: False
[Info   :Zeepkist Bingo] [BINGO] Not in active session, skipping timer reset
[Info   :Zeepkist GTR] 18:21:12 Loading personal best...
[Info   :Zeepkist GTR] 18:21:12 Start processing HTTP request "POST" "https://graphql.zeepki.st/"
[Info   :Zeepkist GTR] 18:21:12 Sending HTTP request "POST" "https://graphql.zeepki.st/"
[Info   :Zeepkist GTR] 18:21:12 Stopping existing recorder if any
[Info   :Zeepkist GTR] 18:21:12 Creating new recorder
[Info   :Zeepkist GTR] 18:21:12 Start processing HTTP request "POST" "https://graphql.zeepki.st/"
[Info   :Zeepkist GTR] 18:21:12 Sending HTTP request "POST" "https://graphql.zeepki.st/"
[Info   :Zeepkist GTR] 18:21:12 Start processing HTTP request "POST" "https://graphql.zeepki.st/"
[Info   :Zeepkist GTR] 18:21:12 Sending HTTP request "POST" "https://graphql.zeepki.st/"
[Info   :Zeepkist GTR] 18:21:12 Received HTTP response headers after 177.3801ms - 200
[Info   :Zeepkist GTR] 18:21:12 End processing HTTP request after 177.597ms - 200
[Info   :Zeepkist GTR] 18:21:12 Received HTTP response headers after 337.2905ms - 200
[Info   :Zeepkist GTR] 18:21:12 End processing HTTP request after 337.5466ms - 200
[Info   :Zeepkist GTR] 18:21:13 Ghost version: 5
[Info   :Zeepkist GTR] 18:21:13 Received HTTP response headers after 366.5557ms - 200
[Info   :Zeepkist GTR] 18:21:13 End processing HTTP request after 366.8029ms - 200
[Info   :Zeepkist GTR] 18:21:13 Start processing HTTP request "POST" "https://graphql.zeepki.st/"
[Info   :Zeepkist GTR] 18:21:13 Sending HTTP request "POST" "https://graphql.zeepki.st/"
[Info   :Zeepkist GTR] 18:21:13 Received HTTP response headers after 176.2037ms - 200
[Info   :Zeepkist GTR] 18:21:13 End processing HTTP request after 176.4621ms - 200
[Info   :Zeepkist GTR] 18:21:14 Starting recorder
[Info   :Zeepkist Bingo] [BINGO] === PLAYER SPAWNED ===
[Info   :Zeepkist Bingo] [BINGO] IsInActiveSession: False
[Info   :Zeepkist Bingo] [BINGO] Not in active session, skipping timer reset
[Info   :Zeepkist GTR] 18:21:19 Loading personal best...
[Info   :Zeepkist GTR] 18:21:19 Start processing HTTP request "POST" "https://graphql.zeepki.st/"
[Info   :Zeepkist GTR] 18:21:19 Sending HTTP request "POST" "https://graphql.zeepki.st/"
[Info   :Zeepkist GTR] 18:21:19 Stopping existing recorder if any
[Info   :Zeepkist GTR] 18:21:19 Creating new recorder
[Info   :Zeepkist GTR] 18:21:19 Start processing HTTP request "POST" "https://graphql.zeepki.st/"
[Info   :Zeepkist GTR] 18:21:19 Sending HTTP request "POST" "https://graphql.zeepki.st/"
[Info   :Zeepkist GTR] 18:21:19 Start processing HTTP request "POST" "https://graphql.zeepki.st/"
[Info   :Zeepkist GTR] 18:21:19 Sending HTTP request "POST" "https://graphql.zeepki.st/"
[Info   :Zeepkist GTR] 18:21:19 Received HTTP response headers after 189.6779ms - 200
[Info   :Zeepkist GTR] 18:21:19 End processing HTTP request after 189.9102ms - 200
[Info   :Zeepkist GTR] 18:21:19 Ghost version: 5
[Info   :Zeepkist GTR] 18:21:19 Received HTTP response headers after 368.4561ms - 200
[Info   :Zeepkist GTR] 18:21:19 End processing HTTP request after 368.678ms - 200
[Info   :Zeepkist GTR] 18:21:20 Received HTTP response headers after 481.5133ms - 200
[Info   :Zeepkist GTR] 18:21:20 End processing HTTP request after 481.749ms - 200
[Info   :Zeepkist GTR] 18:21:20 Start processing HTTP request "POST" "https://graphql.zeepki.st/"
[Info   :Zeepkist GTR] 18:21:20 Sending HTTP request "POST" "https://graphql.zeepki.st/"
[Info   :Zeepkist GTR] 18:21:20 Received HTTP response headers after 182.7842ms - 200
[Info   :Zeepkist GTR] 18:21:20 End processing HTTP request after 183.0377ms - 200
[Info   :Zeepkist GTR] 18:21:21 Starting recorder
[Info   :Zeepkist GTR] 18:21:50 Stopping recorder
[Info   :Zeepkist GTR] 18:21:50 Collecting extra information
[Info   :Zeepkist GTR] 18:21:50 Processing ghost data
[Info   :Zeepkist GTR] 18:21:50 Creating stream
[Info   :Zeepkist GTR] 18:21:50 Writing to stream
[Info   :Zeepkist GTR] 18:21:50 Closing stream
[Info   :Zeepkist GTR] 18:21:50 Getting buffer
[Info   :Zeepkist GTR] 18:21:50 Converting to base64
[Info   :Zeepkist GTR] 18:21:50 Creating resource
[Info   :Zeepkist GTR] 18:21:50 Start processing HTTP request "POST" "https://backend.zeepki.st/auth/refresh"
[Info   :Zeepkist GTR] 18:21:50 Sending HTTP request "POST" "https://backend.zeepki.st/auth/refresh"
[Info   :Zeepkist GTR] 18:21:50 Received HTTP response headers after 362.2043ms - 200
[Info   :Zeepkist GTR] 18:21:50 End processing HTTP request after 362.4109ms - 200
[Info   :Zeepkist GTR] 18:21:50 Start processing HTTP request "POST" "https://backend.zeepki.st/record/submit"
[Info   :Zeepkist GTR] 18:21:50 Sending HTTP request "POST" "https://backend.zeepki.st/record/submit"
[Info   :Zeepkist GTR] 18:21:50 Received HTTP response headers after 253.5938ms - 200
[Info   :Zeepkist GTR] 18:21:50 End processing HTTP request after 253.8134ms - 200
[Info   :Zeepkist Bingo] [BINGO] === PLAYER SPAWNED ===
[Info   :Zeepkist Bingo] [BINGO] IsInActiveSession: False
[Info   :Zeepkist Bingo] [BINGO] Not in active session, skipping timer reset
[Info   :Zeepkist GTR] 18:21:51 Loading personal best...
[Info   :Zeepkist GTR] 18:21:51 Start processing HTTP request "POST" "https://graphql.zeepki.st/"
[Info   :Zeepkist GTR] 18:21:51 Sending HTTP request "POST" "https://graphql.zeepki.st/"
[Info   :Zeepkist GTR] 18:21:51 Stopping existing recorder if any
[Info   :Zeepkist GTR] 18:21:51 Creating new recorder
[Info   :Zeepkist GTR] 18:21:51 Start processing HTTP request "POST" "https://graphql.zeepki.st/"
[Info   :Zeepkist GTR] 18:21:51 Sending HTTP request "POST" "https://graphql.zeepki.st/"
[Info   :Zeepkist GTR] 18:21:51 Start processing HTTP request "POST" "https://graphql.zeepki.st/"
[Info   :Zeepkist GTR] 18:21:51 Sending HTTP request "POST" "https://graphql.zeepki.st/"
[Info   :Zeepkist GTR] 18:21:51 Received HTTP response headers after 190.5235ms - 200
[Info   :Zeepkist GTR] 18:21:51 End processing HTTP request after 190.8489ms - 200
[Info   :Zeepkist GTR] 18:21:51 Received HTTP response headers after 197.1743ms - 200
[Info   :Zeepkist GTR] 18:21:51 End processing HTTP request after 197.4618ms - 200
[Info   :Zeepkist GTR] 18:21:51 Start processing HTTP request "GET" "https://cdn.zeepki.st/ghosts/01KTZ28ME6TDZR3JC4CQRNXHYB.bin"
[Info   :Zeepkist GTR] 18:21:51 Sending HTTP request "GET" "https://cdn.zeepki.st/ghosts/01KTZ28ME6TDZR3JC4CQRNXHYB.bin"
[Info   :Zeepkist GTR] 18:21:51 Received HTTP response headers after 363.4304ms - 200
[Info   :Zeepkist GTR] 18:21:51 End processing HTTP request after 363.6511ms - 200
[Info   :Zeepkist GTR] 18:21:51 Start processing HTTP request "POST" "https://graphql.zeepki.st/"
[Info   :Zeepkist GTR] 18:21:51 Sending HTTP request "POST" "https://graphql.zeepki.st/"
[Info   :Zeepkist GTR] 18:21:51 Received HTTP response headers after 179.0709ms - 200
[Info   :Zeepkist GTR] 18:21:51 End processing HTTP request after 179.3218ms - 200
[Info   :Zeepkist GTR] 18:21:52 Received HTTP response headers after 514.3198ms - 200
[Info   :Zeepkist GTR] 18:21:52 End processing HTTP request after 514.7996ms - 200
[Info   :Zeepkist GTR] 18:21:52 Ghost version: 5
[Info   :Zeepkist GTR] 18:21:53 Starting recorder
[Info   :Zeepkist Bingo] [BINGO] === PLAYER SPAWNED ===
[Info   :Zeepkist Bingo] [BINGO] IsInActiveSession: False
[Info   :Zeepkist Bingo] [BINGO] Not in active session, skipping timer reset
[Info   :Zeepkist GTR] 18:21:54 Loading personal best...
[Info   :Zeepkist GTR] 18:21:54 Start processing HTTP request "POST" "https://graphql.zeepki.st/"
[Info   :Zeepkist GTR] 18:21:54 Sending HTTP request "POST" "https://graphql.zeepki.st/"
[Info   :Zeepkist GTR] 18:21:54 Stopping existing recorder if any
[Info   :Zeepkist GTR] 18:21:54 Creating new recorder
[Info   :Zeepkist GTR] 18:21:54 Start processing HTTP request "POST" "https://graphql.zeepki.st/"
[Info   :Zeepkist GTR] 18:21:54 Sending HTTP request "POST" "https://graphql.zeepki.st/"
[Info   :Zeepkist GTR] 18:21:54 Start processing HTTP request "POST" "https://graphql.zeepki.st/"
[Info   :Zeepkist GTR] 18:21:54 Sending HTTP request "POST" "https://graphql.zeepki.st/"
[Info   :Zeepkist GTR] 18:21:54 Received HTTP response headers after 168.929ms - 200
[Info   :Zeepkist GTR] 18:21:54 End processing HTTP request after 169.1745ms - 200
[Info   :Zeepkist GTR] 18:21:54 Received HTTP response headers after 173.5063ms - 200
[Info   :Zeepkist GTR] 18:21:54 End processing HTTP request after 173.7861ms - 200
[Info   :Zeepkist GTR] 18:21:54 Ghost version: 5
[Info   :Zeepkist GTR] 18:21:54 Received HTTP response headers after 360.8536ms - 200
[Info   :Zeepkist GTR] 18:21:54 End processing HTTP request after 361.1107ms - 200
[Info   :Zeepkist GTR] 18:21:54 Start processing HTTP request "POST" "https://graphql.zeepki.st/"
[Info   :Zeepkist GTR] 18:21:54 Sending HTTP request "POST" "https://graphql.zeepki.st/"
[Info   :Zeepkist GTR] 18:21:55 Received HTTP response headers after 178.7234ms - 200
[Info   :Zeepkist GTR] 18:21:55 End processing HTTP request after 178.978ms - 200
[Info   :Zeepkist GTR] 18:21:56 Starting recorder
[Info   :Zeepkist Bingo] [BINGO] === PLAYER SPAWNED ===
[Info   :Zeepkist Bingo] [BINGO] IsInActiveSession: False
[Info   :Zeepkist Bingo] [BINGO] Not in active session, skipping timer reset
[Info   :Zeepkist GTR] 18:21:59 Loading personal best...
[Info   :Zeepkist GTR] 18:21:59 Start processing HTTP request "POST" "https://graphql.zeepki.st/"
[Info   :Zeepkist GTR] 18:21:59 Sending HTTP request "POST" "https://graphql.zeepki.st/"
[Info   :Zeepkist GTR] 18:21:59 Stopping existing recorder if any
[Info   :Zeepkist GTR] 18:21:59 Creating new recorder
[Info   :Zeepkist GTR] 18:21:59 Start processing HTTP request "POST" "https://graphql.zeepki.st/"
[Info   :Zeepkist GTR] 18:21:59 Sending HTTP request "POST" "https://graphql.zeepki.st/"
[Info   :Zeepkist GTR] 18:21:59 Start processing HTTP request "POST" "https://graphql.zeepki.st/"
[Info   :Zeepkist GTR] 18:21:59 Sending HTTP request "POST" "https://graphql.zeepki.st/"
[Info   :Zeepkist GTR] 18:21:59 Received HTTP response headers after 176.6359ms - 200
[Info   :Zeepkist GTR] 18:21:59 End processing HTTP request after 176.9306ms - 200
[Info   :Zeepkist GTR] 18:21:59 Received HTTP response headers after 184.59ms - 200
[Info   :Zeepkist GTR] 18:21:59 End processing HTTP request after 184.8135ms - 200
[Info   :Zeepkist GTR] 18:21:59 Ghost version: 5
[Info   :Zeepkist GTR] 18:21:59 Received HTTP response headers after 355.8814ms - 200
[Info   :Zeepkist GTR] 18:21:59 End processing HTTP request after 356.1037ms - 200
[Info   :Zeepkist GTR] 18:21:59 Start processing HTTP request "POST" "https://graphql.zeepki.st/"
[Info   :Zeepkist GTR] 18:21:59 Sending HTTP request "POST" "https://graphql.zeepki.st/"
[Info   :Zeepkist GTR] 18:21:59 Received HTTP response headers after 183.338ms - 200
[Info   :Zeepkist GTR] 18:21:59 End processing HTTP request after 183.5991ms - 200
[Info   :Zeepkist GTR] 18:22:01 Starting recorder
[Info   :Zeepkist Bingo] [BINGO] === PLAYER SPAWNED ===
[Info   :Zeepkist Bingo] [BINGO] IsInActiveSession: False
[Info   :Zeepkist Bingo] [BINGO] Not in active session, skipping timer reset
[Info   :Zeepkist GTR] 18:22:04 Loading personal best...
[Info   :Zeepkist GTR] 18:22:04 Start processing HTTP request "POST" "https://graphql.zeepki.st/"
[Info   :Zeepkist GTR] 18:22:04 Sending HTTP request "POST" "https://graphql.zeepki.st/"
[Info   :Zeepkist GTR] 18:22:04 Stopping existing recorder if any
[Info   :Zeepkist GTR] 18:22:04 Creating new recorder
[Info   :Zeepkist GTR] 18:22:04 Start processing HTTP request "POST" "https://graphql.zeepki.st/"
[Info   :Zeepkist GTR] 18:22:04 Sending HTTP request "POST" "https://graphql.zeepki.st/"
[Info   :Zeepkist GTR] 18:22:04 Start processing HTTP request "POST" "https://graphql.zeepki.st/"
[Info   :Zeepkist GTR] 18:22:04 Sending HTTP request "POST" "https://graphql.zeepki.st/"
[Info   :Zeepkist GTR] 18:22:05 Received HTTP response headers after 174.3056ms - 200
[Info   :Zeepkist GTR] 18:22:05 End processing HTTP request after 174.5191ms - 200
[Info   :Zeepkist GTR] 18:22:05 Received HTTP response headers after 183.0959ms - 200
[Info   :Zeepkist GTR] 18:22:05 End processing HTTP request after 183.3584ms - 200
[Info   :Zeepkist GTR] 18:22:05 Ghost version: 5
[Info   :Zeepkist GTR] 18:22:05 Received HTTP response headers after 345.7616ms - 200
[Info   :Zeepkist GTR] 18:22:05 End processing HTTP request after 345.9702ms - 200
[Info   :Zeepkist GTR] 18:22:05 Start processing HTTP request "POST" "https://graphql.zeepki.st/"
[Info   :Zeepkist GTR] 18:22:05 Sending HTTP request "POST" "https://graphql.zeepki.st/"
[Info   :Zeepkist GTR] 18:22:05 Received HTTP response headers after 181.0878ms - 200
[Info   :Zeepkist GTR] 18:22:05 End processing HTTP request after 181.3342ms - 200
[Info   :Zeepkist GTR] 18:22:06 Starting recorder
[Info   :Zeepkist GTR] 18:22:35 Stopping recorder
[Info   :Zeepkist GTR] 18:22:35 Collecting extra information
[Info   :Zeepkist GTR] 18:22:35 Processing ghost data
[Info   :Zeepkist GTR] 18:22:35 Creating stream
[Info   :Zeepkist GTR] 18:22:35 Writing to stream
[Info   :Zeepkist GTR] 18:22:35 Closing stream
[Info   :Zeepkist GTR] 18:22:35 Getting buffer
[Info   :Zeepkist GTR] 18:22:35 Converting to base64
[Info   :Zeepkist GTR] 18:22:35 Creating resource
[Info   :Zeepkist GTR] 18:22:35 Start processing HTTP request "POST" "https://backend.zeepki.st/auth/refresh"
[Info   :Zeepkist GTR] 18:22:35 Sending HTTP request "POST" "https://backend.zeepki.st/auth/refresh"
[Info   :Zeepkist GTR] 18:22:35 Received HTTP response headers after 495.1171ms - 200
[Info   :Zeepkist GTR] 18:22:35 End processing HTTP request after 495.3529ms - 200
[Info   :Zeepkist GTR] 18:22:35 Start processing HTTP request "POST" "https://backend.zeepki.st/record/submit"
[Info   :Zeepkist GTR] 18:22:35 Sending HTTP request "POST" "https://backend.zeepki.st/record/submit"
[Info   :Zeepkist GTR] 18:22:36 Received HTTP response headers after 371.1235ms - 200
[Info   :Zeepkist GTR] 18:22:36 End processing HTTP request after 371.3873ms - 200
[Info   :Zeepkist Bingo] [BINGO] === PLAYER SPAWNED ===
[Info   :Zeepkist Bingo] [BINGO] IsInActiveSession: False
[Info   :Zeepkist Bingo] [BINGO] Not in active session, skipping timer reset
[Info   :Zeepkist GTR] 18:22:40 Loading personal best...
[Info   :Zeepkist GTR] 18:22:40 Start processing HTTP request "POST" "https://graphql.zeepki.st/"
[Info   :Zeepkist GTR] 18:22:40 Sending HTTP request "POST" "https://graphql.zeepki.st/"
[Info   :Zeepkist GTR] 18:22:40 Stopping existing recorder if any
[Info   :Zeepkist GTR] 18:22:40 Creating new recorder
[Info   :Zeepkist GTR] 18:22:40 Start processing HTTP request "POST" "https://graphql.zeepki.st/"
[Info   :Zeepkist GTR] 18:22:40 Sending HTTP request "POST" "https://graphql.zeepki.st/"
[Info   :Zeepkist GTR] 18:22:40 Start processing HTTP request "POST" "https://graphql.zeepki.st/"
[Info   :Zeepkist GTR] 18:22:40 Sending HTTP request "POST" "https://graphql.zeepki.st/"
[Info   :Zeepkist GTR] 18:22:41 Received HTTP response headers after 202.1838ms - 200
[Info   :Zeepkist GTR] 18:22:41 Received HTTP response headers after 202.7386ms - 200
[Info   :Zeepkist GTR] 18:22:41 End processing HTTP request after 202.9843ms - 200
[Info   :Zeepkist GTR] 18:22:41 End processing HTTP request after 202.4356ms - 200
[Info   :Zeepkist GTR] 18:22:41 Start processing HTTP request "GET" "https://cdn.zeepki.st/ghosts/01KTZ2A0P4XDZDZVPTTQ2Y8Q98.bin"
[Info   :Zeepkist GTR] 18:22:41 Sending HTTP request "GET" "https://cdn.zeepki.st/ghosts/01KTZ2A0P4XDZDZVPTTQ2Y8Q98.bin"
[Info   :Zeepkist GTR] 18:22:41 Received HTTP response headers after 392.3938ms - 200
[Info   :Zeepkist GTR] 18:22:41 End processing HTTP request after 392.622ms - 200
[Info   :Zeepkist GTR] 18:22:41 Start processing HTTP request "POST" "https://graphql.zeepki.st/"
[Info   :Zeepkist GTR] 18:22:41 Sending HTTP request "POST" "https://graphql.zeepki.st/"
[Info   :Zeepkist GTR] 18:22:41 Received HTTP response headers after 240.6849ms - 200
[Info   :Zeepkist GTR] 18:22:41 End processing HTTP request after 240.947ms - 200
[Info   :Zeepkist GTR] 18:22:41 Received HTTP response headers after 554.0371ms - 200
[Info   :Zeepkist GTR] 18:22:41 End processing HTTP request after 554.4321ms - 200
[Info   :Zeepkist GTR] 18:22:41 Ghost version: 5
[Info   :Zeepkist GTR] 18:22:42 Starting recorder
[Info   :Zeepkist GTR] 18:23:11 Stopping recorder
[Info   :Zeepkist GTR] 18:23:11 Collecting extra information
[Info   :Zeepkist GTR] 18:23:11 Processing ghost data
[Info   :Zeepkist GTR] 18:23:11 Creating stream
[Info   :Zeepkist GTR] 18:23:11 Writing to stream
[Info   :Zeepkist GTR] 18:23:11 Closing stream
[Info   :Zeepkist GTR] 18:23:11 Getting buffer
[Info   :Zeepkist GTR] 18:23:11 Converting to base64
[Info   :Zeepkist GTR] 18:23:11 Creating resource
[Info   :Zeepkist GTR] 18:23:11 Start processing HTTP request "POST" "https://backend.zeepki.st/auth/refresh"
[Info   :Zeepkist GTR] 18:23:11 Sending HTTP request "POST" "https://backend.zeepki.st/auth/refresh"
[Info   :Zeepkist GTR] 18:23:11 Received HTTP response headers after 362.4373ms - 200
[Info   :Zeepkist GTR] 18:23:11 End processing HTTP request after 362.6557ms - 200
[Info   :Zeepkist GTR] 18:23:11 Start processing HTTP request "POST" "https://backend.zeepki.st/record/submit"
[Info   :Zeepkist GTR] 18:23:11 Sending HTTP request "POST" "https://backend.zeepki.st/record/submit"
[Info   :Zeepkist GTR] 18:23:12 Received HTTP response headers after 975.2985ms - 200
[Info   :Zeepkist GTR] 18:23:12 End processing HTTP request after 975.552ms - 200
[Info   :Zeepkist Bingo] [BINGO] === PLAYER SPAWNED ===
[Info   :Zeepkist Bingo] [BINGO] IsInActiveSession: False
[Info   :Zeepkist Bingo] [BINGO] Not in active session, skipping timer reset
[Info   :Zeepkist GTR] 18:23:12 Loading personal best...
[Info   :Zeepkist GTR] 18:23:12 Start processing HTTP request "POST" "https://graphql.zeepki.st/"
[Info   :Zeepkist GTR] 18:23:12 Sending HTTP request "POST" "https://graphql.zeepki.st/"
[Info   :Zeepkist GTR] 18:23:12 Stopping existing recorder if any
[Info   :Zeepkist GTR] 18:23:12 Creating new recorder
[Info   :Zeepkist GTR] 18:23:12 Start processing HTTP request "POST" "https://graphql.zeepki.st/"
[Info   :Zeepkist GTR] 18:23:12 Sending HTTP request "POST" "https://graphql.zeepki.st/"
[Info   :Zeepkist GTR] 18:23:12 Start processing HTTP request "POST" "https://graphql.zeepki.st/"
[Info   :Zeepkist GTR] 18:23:12 Sending HTTP request "POST" "https://graphql.zeepki.st/"
[Info   :Zeepkist GTR] 18:23:13 Received HTTP response headers after 361.7533ms - 200
[Info   :Zeepkist GTR] 18:23:13 End processing HTTP request after 362.094ms - 200
[Info   :Zeepkist GTR] 18:23:13 Start processing HTTP request "GET" "https://cdn.zeepki.st/ghosts/01KTZ2B3M82GQX0S9YTE845MN0.bin"
[Info   :Zeepkist GTR] 18:23:13 Sending HTTP request "GET" "https://cdn.zeepki.st/ghosts/01KTZ2B3M82GQX0S9YTE845MN0.bin"
[Info   :Zeepkist GTR] 18:23:13 Received HTTP response headers after 451.6743ms - 200
[Info   :Zeepkist GTR] 18:23:13 End processing HTTP request after 451.9006ms - 200
[Info   :Zeepkist GTR] 18:23:13 Received HTTP response headers after 573.1167ms - 200
[Info   :Zeepkist GTR] 18:23:13 End processing HTTP request after 573.3754ms - 200
[Info   :Zeepkist GTR] 18:23:13 Start processing HTTP request "POST" "https://graphql.zeepki.st/"
[Info   :Zeepkist GTR] 18:23:13 Sending HTTP request "POST" "https://graphql.zeepki.st/"
[Info   :Zeepkist GTR] 18:23:13 Received HTTP response headers after 182.5218ms - 200
[Info   :Zeepkist GTR] 18:23:13 End processing HTTP request after 182.7794ms - 200
[Info   :Zeepkist GTR] 18:23:13 Received HTTP response headers after 507.8611ms - 200
[Info   :Zeepkist GTR] 18:23:13 End processing HTTP request after 508.1255ms - 200
[Info   :Zeepkist GTR] 18:23:13 Ghost version: 5
[Info   :Zeepkist GTR] 18:23:14 Starting recorder
[Info   :Zeepkist Bingo] [BINGO] === PLAYER SPAWNED ===
[Info   :Zeepkist Bingo] [BINGO] IsInActiveSession: False
[Info   :Zeepkist Bingo] [BINGO] Not in active session, skipping timer reset
[Info   :Zeepkist GTR] 18:23:18 Loading personal best...
[Info   :Zeepkist GTR] 18:23:18 Start processing HTTP request "POST" "https://graphql.zeepki.st/"
[Info   :Zeepkist GTR] 18:23:18 Sending HTTP request "POST" "https://graphql.zeepki.st/"
[Info   :Zeepkist GTR] 18:23:18 Stopping existing recorder if any
[Info   :Zeepkist GTR] 18:23:18 Creating new recorder
[Info   :Zeepkist GTR] 18:23:18 Start processing HTTP request "POST" "https://graphql.zeepki.st/"
[Info   :Zeepkist GTR] 18:23:18 Sending HTTP request "POST" "https://graphql.zeepki.st/"
[Info   :Zeepkist GTR] 18:23:18 Start processing HTTP request "POST" "https://graphql.zeepki.st/"
[Info   :Zeepkist GTR] 18:23:18 Sending HTTP request "POST" "https://graphql.zeepki.st/"
[Info   :Zeepkist GTR] 18:23:18 Received HTTP response headers after 200.3239ms - 200
[Info   :Zeepkist GTR] 18:23:18 End processing HTTP request after 200.6171ms - 200
[Info   :Zeepkist GTR] 18:23:18 Ghost version: 5
[Info   :Zeepkist GTR] 18:23:18 Received HTTP response headers after 385.8405ms - 200
[Info   :Zeepkist GTR] 18:23:18 End processing HTTP request after 386.078ms - 200
[Info   :Zeepkist GTR] 18:23:18 Received HTTP response headers after 479.785ms - 200
[Info   :Zeepkist GTR] 18:23:18 End processing HTTP request after 480.022ms - 200
[Info   :Zeepkist GTR] 18:23:18 Start processing HTTP request "POST" "https://graphql.zeepki.st/"
[Info   :Zeepkist GTR] 18:23:18 Sending HTTP request "POST" "https://graphql.zeepki.st/"
[Info   :Zeepkist GTR] 18:23:18 Received HTTP response headers after 197.6073ms - 200
[Info   :Zeepkist GTR] 18:23:18 End processing HTTP request after 197.859ms - 200
[Info   :Zeepkist GTR] 18:23:19 Starting recorder
[Info   :Zeepkist Bingo] [BINGO] === PLAYER SPAWNED ===
[Info   :Zeepkist Bingo] [BINGO] IsInActiveSession: False
[Info   :Zeepkist Bingo] [BINGO] Not in active session, skipping timer reset
[Info   :Zeepkist GTR] 18:23:24 Loading personal best...
[Info   :Zeepkist GTR] 18:23:24 Start processing HTTP request "POST" "https://graphql.zeepki.st/"
[Info   :Zeepkist GTR] 18:23:24 Sending HTTP request "POST" "https://graphql.zeepki.st/"
[Info   :Zeepkist GTR] 18:23:24 Stopping existing recorder if any
[Info   :Zeepkist GTR] 18:23:24 Creating new recorder
[Info   :Zeepkist GTR] 18:23:24 Start processing HTTP request "POST" "https://graphql.zeepki.st/"
[Info   :Zeepkist GTR] 18:23:24 Sending HTTP request "POST" "https://graphql.zeepki.st/"
[Info   :Zeepkist GTR] 18:23:24 Start processing HTTP request "POST" "https://graphql.zeepki.st/"
[Info   :Zeepkist GTR] 18:23:24 Sending HTTP request "POST" "https://graphql.zeepki.st/"
[Info   :Zeepkist GTR] 18:23:24 Received HTTP response headers after 183.5022ms - 200
[Info   :Zeepkist GTR] 18:23:24 End processing HTTP request after 183.7582ms - 200
[Info   :Zeepkist GTR] 18:23:24 Received HTTP response headers after 194.0793ms - 200
[Info   :Zeepkist GTR] 18:23:24 End processing HTTP request after 194.3ms - 200
[Info   :Zeepkist GTR] 18:23:24 Ghost version: 5
[Info   :Zeepkist GTR] 18:23:24 Received HTTP response headers after 378.5282ms - 200
[Info   :Zeepkist GTR] 18:23:24 End processing HTTP request after 378.8367ms - 200
[Info   :Zeepkist GTR] 18:23:24 Start processing HTTP request "POST" "https://graphql.zeepki.st/"
[Info   :Zeepkist GTR] 18:23:24 Sending HTTP request "POST" "https://graphql.zeepki.st/"
[Info   :Zeepkist GTR] 18:23:25 Received HTTP response headers after 205.8815ms - 200
[Info   :Zeepkist GTR] 18:23:25 End processing HTTP request after 206.231ms - 200
[Info   :Zeepkist GTR] 18:23:26 Starting recorder
[Info   :Zeepkist Bingo] [BINGO] === PLAYER SPAWNED ===
[Info   :Zeepkist Bingo] [BINGO] IsInActiveSession: False
[Info   :Zeepkist Bingo] [BINGO] Not in active session, skipping timer reset
[Info   :Zeepkist GTR] 18:23:30 Loading personal best...
[Info   :Zeepkist GTR] 18:23:30 Start processing HTTP request "POST" "https://graphql.zeepki.st/"
[Info   :Zeepkist GTR] 18:23:30 Sending HTTP request "POST" "https://graphql.zeepki.st/"
[Info   :Zeepkist GTR] 18:23:30 Stopping existing recorder if any
[Info   :Zeepkist GTR] 18:23:30 Creating new recorder
[Info   :Zeepkist GTR] 18:23:30 Start processing HTTP request "POST" "https://graphql.zeepki.st/"
[Info   :Zeepkist GTR] 18:23:30 Sending HTTP request "POST" "https://graphql.zeepki.st/"
[Info   :Zeepkist GTR] 18:23:30 Start processing HTTP request "POST" "https://graphql.zeepki.st/"
[Info   :Zeepkist GTR] 18:23:30 Sending HTTP request "POST" "https://graphql.zeepki.st/"
[Info   :Zeepkist GTR] 18:23:31 Received HTTP response headers after 172.6467ms - 200
[Info   :Zeepkist GTR] 18:23:31 End processing HTTP request after 172.8511ms - 200
[Info   :Zeepkist GTR] 18:23:31 Received HTTP response headers after 176.8957ms - 200
[Info   :Zeepkist GTR] 18:23:31 End processing HTTP request after 177.1156ms - 200
[Info   :Zeepkist GTR] 18:23:31 Ghost version: 5
[Info   :Zeepkist GTR] 18:23:31 Received HTTP response headers after 365.4231ms - 200
[Info   :Zeepkist GTR] 18:23:31 End processing HTTP request after 365.673ms - 200
[Info   :Zeepkist GTR] 18:23:31 Start processing HTTP request "POST" "https://graphql.zeepki.st/"
[Info   :Zeepkist GTR] 18:23:31 Sending HTTP request "POST" "https://graphql.zeepki.st/"
[Info   :Zeepkist GTR] 18:23:31 Received HTTP response headers after 179.7459ms - 200
[Info   :Zeepkist GTR] 18:23:31 End processing HTTP request after 180.013ms - 200
[Info   :Zeepkist GTR] 18:23:32 Starting recorder
[Info   :Zeepkist Bingo] [BINGO] === PLAYER SPAWNED ===
[Info   :Zeepkist Bingo] [BINGO] IsInActiveSession: False
[Info   :Zeepkist Bingo] [BINGO] Not in active session, skipping timer reset
[Info   :Zeepkist GTR] 18:23:36 Loading personal best...
[Info   :Zeepkist GTR] 18:23:36 Start processing HTTP request "POST" "https://graphql.zeepki.st/"
[Info   :Zeepkist GTR] 18:23:36 Sending HTTP request "POST" "https://graphql.zeepki.st/"
[Info   :Zeepkist GTR] 18:23:36 Stopping existing recorder if any
[Info   :Zeepkist GTR] 18:23:36 Creating new recorder
[Info   :Zeepkist GTR] 18:23:36 Start processing HTTP request "POST" "https://graphql.zeepki.st/"
[Info   :Zeepkist GTR] 18:23:36 Sending HTTP request "POST" "https://graphql.zeepki.st/"
[Info   :Zeepkist GTR] 18:23:36 Start processing HTTP request "POST" "https://graphql.zeepki.st/"
[Info   :Zeepkist GTR] 18:23:36 Sending HTTP request "POST" "https://graphql.zeepki.st/"
[Info   :Zeepkist GTR] 18:23:36 Received HTTP response headers after 189.1185ms - 200
[Info   :Zeepkist GTR] 18:23:36 End processing HTTP request after 189.4173ms - 200
[Info   :Zeepkist GTR] 18:23:36 Received HTTP response headers after 193.5018ms - 200
[Info   :Zeepkist GTR] 18:23:36 End processing HTTP request after 193.7421ms - 200
[Info   :Zeepkist GTR] 18:23:36 Ghost version: 5
[Info   :Zeepkist GTR] 18:23:36 Received HTTP response headers after 364.5059ms - 200
[Info   :Zeepkist GTR] 18:23:36 End processing HTTP request after 364.735ms - 200
[Info   :Zeepkist GTR] 18:23:36 Start processing HTTP request "POST" "https://graphql.zeepki.st/"
[Info   :Zeepkist GTR] 18:23:36 Sending HTTP request "POST" "https://graphql.zeepki.st/"
[Info   :Zeepkist GTR] 18:23:37 Received HTTP response headers after 187.7655ms - 200
[Info   :Zeepkist GTR] 18:23:37 End processing HTTP request after 188.0186ms - 200
[Info   :Zeepkist GTR] 18:23:38 Starting recorder
[Info   :Zeepkist Bingo] [BINGO] === PLAYER SPAWNED ===
[Info   :Zeepkist Bingo] [BINGO] IsInActiveSession: False
[Info   :Zeepkist Bingo] [BINGO] Not in active session, skipping timer reset
[Info   :Zeepkist GTR] 18:23:42 Loading personal best...
[Info   :Zeepkist GTR] 18:23:42 Start processing HTTP request "POST" "https://graphql.zeepki.st/"
[Info   :Zeepkist GTR] 18:23:42 Sending HTTP request "POST" "https://graphql.zeepki.st/"
[Info   :Zeepkist GTR] 18:23:42 Stopping existing recorder if any
[Info   :Zeepkist GTR] 18:23:42 Creating new recorder
[Info   :Zeepkist GTR] 18:23:42 Start processing HTTP request "POST" "https://graphql.zeepki.st/"
[Info   :Zeepkist GTR] 18:23:42 Sending HTTP request "POST" "https://graphql.zeepki.st/"
[Info   :Zeepkist GTR] 18:23:42 Start processing HTTP request "POST" "https://graphql.zeepki.st/"
[Info   :Zeepkist GTR] 18:23:42 Sending HTTP request "POST" "https://graphql.zeepki.st/"
[Info   :Zeepkist GTR] 18:23:42 Received HTTP response headers after 174.892ms - 200
[Info   :Zeepkist GTR] 18:23:42 End processing HTTP request after 175.1328ms - 200
[Info   :Zeepkist GTR] 18:23:42 Received HTTP response headers after 181.3167ms - 200
[Info   :Zeepkist GTR] 18:23:42 End processing HTTP request after 181.592ms - 200
[Info   :Zeepkist GTR] 18:23:42 Ghost version: 5
[Info   :Zeepkist GTR] 18:23:43 Received HTTP response headers after 360.9796ms - 200
[Info   :Zeepkist GTR] 18:23:43 End processing HTTP request after 361.2539ms - 200
[Info   :Zeepkist GTR] 18:23:43 Start processing HTTP request "POST" "https://graphql.zeepki.st/"
[Info   :Zeepkist GTR] 18:23:43 Sending HTTP request "POST" "https://graphql.zeepki.st/"
[Info   :Zeepkist GTR] 18:23:43 Received HTTP response headers after 186.1204ms - 200
[Info   :Zeepkist GTR] 18:23:43 End processing HTTP request after 186.3808ms - 200
[Info   :Zeepkist GTR] 18:23:44 Starting recorder
[Info   :Zeepkist Bingo] [BINGO] === PLAYER SPAWNED ===
[Info   :Zeepkist Bingo] [BINGO] IsInActiveSession: False
[Info   :Zeepkist Bingo] [BINGO] Not in active session, skipping timer reset
[Info   :Zeepkist GTR] 18:24:04 Loading personal best...
[Info   :Zeepkist GTR] 18:24:04 Start processing HTTP request "POST" "https://graphql.zeepki.st/"
[Info   :Zeepkist GTR] 18:24:04 Sending HTTP request "POST" "https://graphql.zeepki.st/"
[Info   :Zeepkist GTR] 18:24:04 Stopping existing recorder if any
[Info   :Zeepkist GTR] 18:24:04 Creating new recorder
[Info   :Zeepkist GTR] 18:24:04 Start processing HTTP request "POST" "https://graphql.zeepki.st/"
[Info   :Zeepkist GTR] 18:24:04 Sending HTTP request "POST" "https://graphql.zeepki.st/"
[Info   :Zeepkist GTR] 18:24:04 Start processing HTTP request "POST" "https://graphql.zeepki.st/"
[Info   :Zeepkist GTR] 18:24:04 Sending HTTP request "POST" "https://graphql.zeepki.st/"
[Info   :Zeepkist GTR] 18:24:05 Received HTTP response headers after 192.0315ms - 200
[Info   :Zeepkist GTR] 18:24:05 End processing HTTP request after 192.2719ms - 200
[Info   :Zeepkist GTR] 18:24:05 Ghost version: 5
[Info   :Zeepkist GTR] 18:24:05 Received HTTP response headers after 235.4384ms - 200
[Info   :Zeepkist GTR] 18:24:05 End processing HTTP request after 235.754ms - 200
[Info   :Zeepkist GTR] 18:24:05 Received HTTP response headers after 398.9982ms - 200
[Info   :Zeepkist GTR] 18:24:05 End processing HTTP request after 399.3527ms - 200
[Info   :Zeepkist GTR] 18:24:05 Start processing HTTP request "POST" "https://graphql.zeepki.st/"
[Info   :Zeepkist GTR] 18:24:05 Sending HTTP request "POST" "https://graphql.zeepki.st/"
[Info   :Zeepkist GTR] 18:24:05 Received HTTP response headers after 187.3143ms - 200
[Info   :Zeepkist GTR] 18:24:05 End processing HTTP request after 187.5644ms - 200
[Info   :Zeepkist GTR] 18:24:06 Starting recorder
[Info   :Zeepkist GTR] 18:24:35 Stopping recorder
[Info   :Zeepkist GTR] 18:24:35 Collecting extra information
[Info   :Zeepkist GTR] 18:24:35 Processing ghost data
[Info   :Zeepkist GTR] 18:24:35 Creating stream
[Info   :Zeepkist GTR] 18:24:35 Writing to stream
[Info   :Zeepkist GTR] 18:24:35 Closing stream
[Info   :Zeepkist GTR] 18:24:35 Getting buffer
[Info   :Zeepkist GTR] 18:24:35 Converting to base64
[Info   :Zeepkist GTR] 18:24:35 Creating resource
[Info   :Zeepkist GTR] 18:24:35 Start processing HTTP request "POST" "https://backend.zeepki.st/auth/refresh"
[Info   :Zeepkist GTR] 18:24:35 Sending HTTP request "POST" "https://backend.zeepki.st/auth/refresh"
[Info   :Zeepkist GTR] 18:24:35 Received HTTP response headers after 638.6483ms - 200
[Info   :Zeepkist GTR] 18:24:35 End processing HTTP request after 638.9106ms - 200
[Info   :Zeepkist GTR] 18:24:35 Start processing HTTP request "POST" "https://backend.zeepki.st/record/submit"
[Info   :Zeepkist GTR] 18:24:35 Sending HTTP request "POST" "https://backend.zeepki.st/record/submit"
[Info   :Zeepkist GTR] 18:24:36 Received HTTP response headers after 459.0003ms - 200
[Info   :Zeepkist GTR] 18:24:36 End processing HTTP request after 459.2185ms - 200
[Info   :Zeepkist Bingo] [BINGO] === PLAYER SPAWNED ===
[Info   :Zeepkist Bingo] [BINGO] IsInActiveSession: False
[Info   :Zeepkist Bingo] [BINGO] Not in active session, skipping timer reset
[Info   :Zeepkist GTR] 18:24:37 Loading personal best...
[Info   :Zeepkist GTR] 18:24:37 Start processing HTTP request "POST" "https://graphql.zeepki.st/"
[Info   :Zeepkist GTR] 18:24:37 Sending HTTP request "POST" "https://graphql.zeepki.st/"
[Info   :Zeepkist GTR] 18:24:37 Stopping existing recorder if any
[Info   :Zeepkist GTR] 18:24:37 Creating new recorder
[Info   :Zeepkist GTR] 18:24:37 Start processing HTTP request "POST" "https://graphql.zeepki.st/"
[Info   :Zeepkist GTR] 18:24:37 Sending HTTP request "POST" "https://graphql.zeepki.st/"
[Info   :Zeepkist GTR] 18:24:37 Start processing HTTP request "POST" "https://graphql.zeepki.st/"
[Info   :Zeepkist GTR] 18:24:37 Sending HTTP request "POST" "https://graphql.zeepki.st/"
[Info   :Zeepkist GTR] 18:24:37 Received HTTP response headers after 183.9706ms - 200
[Info   :Zeepkist GTR] 18:24:37 End processing HTTP request after 184.2231ms - 200
[Info   :Zeepkist GTR] 18:24:37 Received HTTP response headers after 195.1145ms - 200
[Info   :Zeepkist GTR] 18:24:37 End processing HTTP request after 195.4377ms - 200
[Info   :Zeepkist GTR] 18:24:37 Ghost version: 5
[Info   :Zeepkist GTR] 18:24:38 Received HTTP response headers after 391.1576ms - 200
[Info   :Zeepkist GTR] 18:24:38 End processing HTTP request after 391.3941ms - 200
[Info   :Zeepkist GTR] 18:24:38 Start processing HTTP request "POST" "https://graphql.zeepki.st/"
[Info   :Zeepkist GTR] 18:24:38 Sending HTTP request "POST" "https://graphql.zeepki.st/"
[Info   :Zeepkist GTR] 18:24:38 Received HTTP response headers after 180.8941ms - 200
[Info   :Zeepkist GTR] 18:24:38 End processing HTTP request after 181.1713ms - 200
[Info   :Zeepkist GTR] 18:24:39 Starting recorder
[Info   :Zeepkist GTR] 18:24:50 Discarding recorder
[Info   :RoundLeaderboardTab] Drawing leaderboard -> forwarding to Instance.DrawTabLeaderboard()
[Info   :Zeepkist Bingo] [BINGO] Level loaded
[Info   :BetterSplits] getting gtr splits
[Info   :Zeepkist Bingo] [BINGO] === PLAYER SPAWNED ===
[Info   :Zeepkist Bingo] [BINGO] IsInActiveSession: False
[Info   :Zeepkist Bingo] [BINGO] Not in active session, skipping timer reset
[Info   :Zeepkist GTR] 18:25:05 Loading personal best...
[Info   :Zeepkist GTR] 18:25:05 Start processing HTTP request "POST" "https://graphql.zeepki.st/"
[Info   :Zeepkist GTR] 18:25:05 Sending HTTP request "POST" "https://graphql.zeepki.st/"
[Info   :Zeepkist GTR] 18:25:05 Stopping existing recorder if any
[Info   :Zeepkist GTR] 18:25:05 Creating new recorder
[Info   :Zeepkist GTR] 18:25:05 Start processing HTTP request "POST" "https://graphql.zeepki.st/"
[Info   :Zeepkist GTR] 18:25:05 Sending HTTP request "POST" "https://graphql.zeepki.st/"
[Info   :Zeepkist GTR] 18:25:05 Start processing HTTP request "POST" "https://graphql.zeepki.st/"
[Info   :Zeepkist GTR] 18:25:05 Sending HTTP request "POST" "https://graphql.zeepki.st/"
[Info   :Zeepkist GTR] 18:25:05 Received HTTP response headers after 215.9768ms - 200
[Info   :Zeepkist GTR] 18:25:05 End processing HTTP request after 216.1971ms - 200
[Info   :Zeepkist GTR] 18:25:05 Received HTTP response headers after 227.3361ms - 200
[Info   :Zeepkist GTR] 18:25:05 End processing HTTP request after 227.5819ms - 200
[Info   :Zeepkist GTR] 18:25:05 Ghost version: 5
[Error  :BetterSplits] could not get splits
Response: StatusCode: 400, ReasonPhrase: 'Bad Request', Version: 1.1, Content: System.Net.Http.StreamContent, Headers:
{
Date: Fri, 12 Jun 2026 23:25:06 GMT
Connection: keep-alive
Access-Control-Allow-Headers: Origin, X-Requested-With, Accept, Authorization, X-Apollo-Tracing, Content-Type, Content-Length, X-PostGraphile-Explain
Access-Control-Allow-Methods: HEAD, GET, POST
Access-Control-Allow-Origin: *
Access-Control-Expose-Headers: X-GraphQL-Event-Stream
Alt-Svc: h3=":443"; ma=86400
Vary: Origin
Via: 1.1 Caddy
X-Graphql-Event-Stream: /stream
X-Query-Cost: 115
Cf-Cache-Status: DYNAMIC
x-xss-protection: 1; mode=block
Strict-Transport-Security: max-age=15552000; includeSubDomains; preload
x-content-type-options: nosniff
Server-Timing: cfCacheStatus;desc="DYNAMIC", cfEdge;dur=22,cfOrigin;dur=136
Report-To: {"group":"cf-nel","max_age":604800,"endpoints":[{"url":"https://a.nel.cloudflare.com/report/v4?s=%2F%2BvfQ67Dgdxt8%2BRGxVx3dSWP%2FA2WsSoCpI5gFXtgV2Mc5OW3prjCMZJO1sAikzs9mS2vaxPliDF9K4vUrQAsspYk0Rm9Ua9nAeO5tWSfCV0Fiu4fa4%2B20RxLUSRiCDEgsK6MRx0uGut%2FrNUmVhLLOw%3D%3D"}]}
Nel: {"report_to":"cf-nel","success_fraction":0.0,"max_age":604800}
expect-ct: max-age=86400, enforce
referrer-policy: same-origin
x-frame-options: SAMEORIGIN
Server: cloudflare
CF-RAY: a0ac9ce2f8a6510d-MSP
Content-Type: application/json; charset=utf-8
Content-Length: 172
} 
Content: {"errors":[{"message":"Cannot query field \"personalBestGlobalsByIdLevel\" on type \"Level\". Did you mean \"personalBestGlobals\"?","locations":[{"line":1,"column":87}]}]}
Url: https://graphql.zeepki.st
Request: {"query":"query BetterSplitsPB($hash: String!, $steamId: BigFloat) { levelByHash(hash: $hash) { personalBestGlobalsByIdLevel(filter: {userByIdUser: {steamId: {equalTo: $steamId}}}) { nodes { recordByIdRecord { speeds splits time }}}}}","variables":{"hash":"93CDA1BA0956E14CF59D9E5B39922D4BA56E8100-3","steamId":"76561199218214543"}}
[Info   :Zeepkist GTR] 18:25:05 Received HTTP response headers after 421.0905ms - 200
[Info   :Zeepkist GTR] 18:25:05 End processing HTTP request after 421.3093ms - 200
[Info   :Zeepkist GTR] 18:25:05 Start processing HTTP request "POST" "https://graphql.zeepki.st/"
[Info   :Zeepkist GTR] 18:25:05 Sending HTTP request "POST" "https://graphql.zeepki.st/"
[Info   :Zeepkist GTR] 18:25:05 Received HTTP response headers after 202.7078ms - 200
[Info   :Zeepkist GTR] 18:25:05 End processing HTTP request after 202.9404ms - 200
[Info   :Zeepkist GTR] 18:25:06 Starting recorder
[Info   :Zeepkist Bingo] [BINGO] === PLAYER SPAWNED ===
[Info   :Zeepkist Bingo] [BINGO] IsInActiveSession: False
[Info   :Zeepkist Bingo] [BINGO] Not in active session, skipping timer reset
[Info   :Zeepkist GTR] 18:25:18 Loading personal best...
[Info   :Zeepkist GTR] 18:25:18 Start processing HTTP request "POST" "https://graphql.zeepki.st/"
[Info   :Zeepkist GTR] 18:25:18 Sending HTTP request "POST" "https://graphql.zeepki.st/"
[Info   :Zeepkist GTR] 18:25:18 Stopping existing recorder if any
[Info   :Zeepkist GTR] 18:25:18 Creating new recorder
[Info   :Zeepkist GTR] 18:25:18 Start processing HTTP request "POST" "https://graphql.zeepki.st/"
[Info   :Zeepkist GTR] 18:25:18 Sending HTTP request "POST" "https://graphql.zeepki.st/"
[Info   :Zeepkist GTR] 18:25:18 Start processing HTTP request "POST" "https://graphql.zeepki.st/"
[Info   :Zeepkist GTR] 18:25:18 Sending HTTP request "POST" "https://graphql.zeepki.st/"
[Info   :Zeepkist GTR] 18:25:19 Received HTTP response headers after 264.4452ms - 200
[Info   :Zeepkist GTR] 18:25:19 End processing HTTP request after 264.7111ms - 200
[Info   :Zeepkist GTR] 18:25:19 Received HTTP response headers after 268.965ms - 200
[Info   :Zeepkist GTR] 18:25:19 End processing HTTP request after 269.149ms - 200
[Info   :Zeepkist GTR] 18:25:19 Ghost version: 5
[Info   :Zeepkist GTR] 18:25:19 Received HTTP response headers after 444.2176ms - 200
[Info   :Zeepkist GTR] 18:25:19 End processing HTTP request after 444.4094ms - 200
[Info   :Zeepkist GTR] 18:25:19 Start processing HTTP request "POST" "https://graphql.zeepki.st/"
[Info   :Zeepkist GTR] 18:25:19 Sending HTTP request "POST" "https://graphql.zeepki.st/"
[Info   :Zeepkist GTR] 18:25:19 Received HTTP response headers after 171.1316ms - 200
[Info   :Zeepkist GTR] 18:25:19 End processing HTTP request after 171.4259ms - 200
[Info   :Zeepkist GTR] 18:25:20 Starting recorder
[Info   :Zeepkist Bingo] [BINGO] === PLAYER SPAWNED ===
[Info   :Zeepkist Bingo] [BINGO] IsInActiveSession: False
[Info   :Zeepkist Bingo] [BINGO] Not in active session, skipping timer reset
[Info   :Zeepkist GTR] 18:25:46 Loading personal best...
[Info   :Zeepkist GTR] 18:25:46 Start processing HTTP request "POST" "https://graphql.zeepki.st/"
[Info   :Zeepkist GTR] 18:25:46 Sending HTTP request "POST" "https://graphql.zeepki.st/"
[Info   :Zeepkist GTR] 18:25:46 Stopping existing recorder if any
[Info   :Zeepkist GTR] 18:25:46 Creating new recorder
[Info   :Zeepkist GTR] 18:25:46 Start processing HTTP request "POST" "https://graphql.zeepki.st/"
[Info   :Zeepkist GTR] 18:25:46 Sending HTTP request "POST" "https://graphql.zeepki.st/"
[Info   :Zeepkist GTR] 18:25:46 Start processing HTTP request "POST" "https://graphql.zeepki.st/"
[Info   :Zeepkist GTR] 18:25:46 Sending HTTP request "POST" "https://graphql.zeepki.st/"
[Info   :Zeepkist GTR] 18:25:46 Received HTTP response headers after 193.5008ms - 200
[Info   :Zeepkist GTR] 18:25:46 End processing HTTP request after 193.7614ms - 200
[Info   :Zeepkist GTR] 18:25:46 Received HTTP response headers after 193.1381ms - 200
[Info   :Zeepkist GTR] 18:25:46 End processing HTTP request after 193.3889ms - 200
[Info   :Zeepkist GTR] 18:25:46 Ghost version: 5
[Info   :Zeepkist GTR] 18:25:47 Received HTTP response headers after 383.9135ms - 200
[Info   :Zeepkist GTR] 18:25:47 End processing HTTP request after 384.1209ms - 200
[Info   :Zeepkist GTR] 18:25:47 Start processing HTTP request "POST" "https://graphql.zeepki.st/"
[Info   :Zeepkist GTR] 18:25:47 Sending HTTP request "POST" "https://graphql.zeepki.st/"
[Info   :Zeepkist GTR] 18:25:47 Received HTTP response headers after 190.0021ms - 200
[Info   :Zeepkist GTR] 18:25:47 End processing HTTP request after 190.2823ms - 200
[Info   :Zeepkist GTR] 18:25:48 Starting recorder
[Info   :Zeepkist GTR] 18:26:21 Stopping recorder
[Info   :Zeepkist GTR] 18:26:21 Collecting extra information
[Info   :Zeepkist GTR] 18:26:21 Processing ghost data
[Info   :Zeepkist GTR] 18:26:21 Creating stream
[Info   :Zeepkist GTR] 18:26:21 Writing to stream
[Info   :Zeepkist GTR] 18:26:21 Closing stream
[Info   :Zeepkist GTR] 18:26:21 Getting buffer
[Info   :Zeepkist GTR] 18:26:21 Converting to base64
[Info   :Zeepkist GTR] 18:26:21 Creating resource
[Info   :Zeepkist GTR] 18:26:21 Start processing HTTP request "POST" "https://backend.zeepki.st/auth/refresh"
[Info   :Zeepkist GTR] 18:26:21 Sending HTTP request "POST" "https://backend.zeepki.st/auth/refresh"
[Info   :Zeepkist GTR] 18:26:21 Received HTTP response headers after 452.0179ms - 200
[Info   :Zeepkist GTR] 18:26:21 End processing HTTP request after 452.2427ms - 200
[Info   :Zeepkist GTR] 18:26:21 Start processing HTTP request "POST" "https://backend.zeepki.st/record/submit"
[Info   :Zeepkist GTR] 18:26:21 Sending HTTP request "POST" "https://backend.zeepki.st/record/submit"
[Info   :Zeepkist GTR] 18:26:22 Received HTTP response headers after 351.0407ms - 200
[Info   :Zeepkist GTR] 18:26:22 End processing HTTP request after 351.2491ms - 200
[Info   :Zeepkist Bingo] [BINGO] === PLAYER SPAWNED ===
[Info   :Zeepkist Bingo] [BINGO] IsInActiveSession: False
[Info   :Zeepkist Bingo] [BINGO] Not in active session, skipping timer reset
[Info   :Zeepkist GTR] 18:26:22 Loading personal best...
[Info   :Zeepkist GTR] 18:26:22 Start processing HTTP request "POST" "https://graphql.zeepki.st/"
[Info   :Zeepkist GTR] 18:26:22 Sending HTTP request "POST" "https://graphql.zeepki.st/"
[Info   :Zeepkist GTR] 18:26:22 Stopping existing recorder if any
[Info   :Zeepkist GTR] 18:26:22 Creating new recorder
[Info   :Zeepkist GTR] 18:26:22 Start processing HTTP request "POST" "https://graphql.zeepki.st/"
[Info   :Zeepkist GTR] 18:26:22 Sending HTTP request "POST" "https://graphql.zeepki.st/"
[Info   :Zeepkist GTR] 18:26:22 Start processing HTTP request "POST" "https://graphql.zeepki.st/"
[Info   :Zeepkist GTR] 18:26:22 Sending HTTP request "POST" "https://graphql.zeepki.st/"
[Info   :Zeepkist GTR] 18:26:22 Received HTTP response headers after 194.0316ms - 200
[Info   :Zeepkist GTR] 18:26:22 End processing HTTP request after 194.2707ms - 200
[Info   :Zeepkist GTR] 18:26:22 Received HTTP response headers after 194.7019ms - 200
[Info   :Zeepkist GTR] 18:26:22 End processing HTTP request after 194.978ms - 200
[Info   :Zeepkist GTR] 18:26:22 Start processing HTTP request "GET" "https://cdn.zeepki.st/ghosts/01KTZ2GXGR6DVD8153GMFSE8CQ.bin"
[Info   :Zeepkist GTR] 18:26:22 Sending HTTP request "GET" "https://cdn.zeepki.st/ghosts/01KTZ2GXGR6DVD8153GMFSE8CQ.bin"
[Info   :Zeepkist GTR] 18:26:23 Received HTTP response headers after 396.7272ms - 200
[Info   :Zeepkist GTR] 18:26:23 End processing HTTP request after 396.9525ms - 200
[Info   :Zeepkist GTR] 18:26:23 Start processing HTTP request "POST" "https://graphql.zeepki.st/"
[Info   :Zeepkist GTR] 18:26:23 Sending HTTP request "POST" "https://graphql.zeepki.st/"
[Info   :Zeepkist GTR] 18:26:23 Received HTTP response headers after 192.6223ms - 200
[Info   :Zeepkist GTR] 18:26:23 End processing HTTP request after 192.8921ms - 200
[Info   :Zeepkist GTR] 18:26:23 Received HTTP response headers after 671.5304ms - 200
[Info   :Zeepkist GTR] 18:26:23 End processing HTTP request after 671.7738ms - 200
[Info   :Zeepkist GTR] 18:26:23 Ghost version: 5
[Info   :Zeepkist GTR] 18:26:24 Starting recorder
[Info   :Zeepkist Bingo] [BINGO] === PLAYER SPAWNED ===
[Info   :Zeepkist Bingo] [BINGO] IsInActiveSession: False
[Info   :Zeepkist Bingo] [BINGO] Not in active session, skipping timer reset
[Info   :Zeepkist GTR] 18:26:44 Loading personal best...
[Info   :Zeepkist GTR] 18:26:44 Start processing HTTP request "POST" "https://graphql.zeepki.st/"
[Info   :Zeepkist GTR] 18:26:44 Sending HTTP request "POST" "https://graphql.zeepki.st/"
[Info   :Zeepkist GTR] 18:26:44 Stopping existing recorder if any
[Info   :Zeepkist GTR] 18:26:44 Creating new recorder
[Info   :Zeepkist GTR] 18:26:44 Start processing HTTP request "POST" "https://graphql.zeepki.st/"
[Info   :Zeepkist GTR] 18:26:44 Sending HTTP request "POST" "https://graphql.zeepki.st/"
[Info   :Zeepkist GTR] 18:26:44 Start processing HTTP request "POST" "https://graphql.zeepki.st/"
[Info   :Zeepkist GTR] 18:26:44 Sending HTTP request "POST" "https://graphql.zeepki.st/"
[Info   :Zeepkist GTR] 18:26:44 Received HTTP response headers after 199.4242ms - 200
[Info   :Zeepkist GTR] 18:26:44 End processing HTTP request after 199.6624ms - 200
[Info   :Zeepkist GTR] 18:26:44 Received HTTP response headers after 199.3279ms - 200
[Info   :Zeepkist GTR] 18:26:44 End processing HTTP request after 199.5263ms - 200
[Info   :Zeepkist GTR] 18:26:44 Ghost version: 5
[Info   :Zeepkist GTR] 18:26:44 Received HTTP response headers after 395.0185ms - 200
[Info   :Zeepkist GTR] 18:26:44 End processing HTTP request after 395.2581ms - 200
[Info   :Zeepkist GTR] 18:26:44 Start processing HTTP request "POST" "https://graphql.zeepki.st/"
[Info   :Zeepkist GTR] 18:26:44 Sending HTTP request "POST" "https://graphql.zeepki.st/"
[Info   :Zeepkist GTR] 18:26:44 Received HTTP response headers after 187.1154ms - 200
[Info   :Zeepkist GTR] 18:26:44 End processing HTTP request after 187.3556ms - 200
[Info   :Zeepkist GTR] 18:26:45 Starting recorder
[Info   :Zeepkist Bingo] [BINGO] === PLAYER SPAWNED ===
[Info   :Zeepkist Bingo] [BINGO] IsInActiveSession: False
[Info   :Zeepkist Bingo] [BINGO] Not in active session, skipping timer reset
[Info   :Zeepkist GTR] 18:26:58 Loading personal best...
[Info   :Zeepkist GTR] 18:26:58 Start processing HTTP request "POST" "https://graphql.zeepki.st/"
[Info   :Zeepkist GTR] 18:26:58 Sending HTTP request "POST" "https://graphql.zeepki.st/"
[Info   :Zeepkist GTR] 18:26:58 Stopping existing recorder if any
[Info   :Zeepkist GTR] 18:26:58 Creating new recorder
[Info   :Zeepkist GTR] 18:26:58 Start processing HTTP request "POST" "https://graphql.zeepki.st/"
[Info   :Zeepkist GTR] 18:26:58 Sending HTTP request "POST" "https://graphql.zeepki.st/"
[Info   :Zeepkist GTR] 18:26:58 Start processing HTTP request "POST" "https://graphql.zeepki.st/"
[Info   :Zeepkist GTR] 18:26:58 Sending HTTP request "POST" "https://graphql.zeepki.st/"
[Info   :Zeepkist GTR] 18:26:58 Received HTTP response headers after 193.9347ms - 200
[Info   :Zeepkist GTR] 18:26:58 Received HTTP response headers after 198.9862ms - 200
[Info   :Zeepkist GTR] 18:26:58 End processing HTTP request after 199.7437ms - 200
[Info   :Zeepkist GTR] 18:26:58 End processing HTTP request after 194.6657ms - 200
[Info   :Zeepkist GTR] 18:26:58 Ghost version: 5
[Info   :Zeepkist GTR] 18:26:58 Received HTTP response headers after 396.6524ms - 200
[Info   :Zeepkist GTR] 18:26:58 End processing HTTP request after 396.985ms - 200
[Info   :Zeepkist GTR] 18:26:58 Start processing HTTP request "POST" "https://graphql.zeepki.st/"
[Info   :Zeepkist GTR] 18:26:58 Sending HTTP request "POST" "https://graphql.zeepki.st/"
[Info   :Zeepkist GTR] 18:26:58 Received HTTP response headers after 184.4849ms - 200
[Info   :Zeepkist GTR] 18:26:58 End processing HTTP request after 184.8024ms - 200
[Info   :Zeepkist GTR] 18:27:00 Starting recorder
[Info   :Zeepkist Bingo] [BINGO] === PLAYER SPAWNED ===
[Info   :Zeepkist Bingo] [BINGO] IsInActiveSession: False
[Info   :Zeepkist Bingo] [BINGO] Not in active session, skipping timer reset
[Info   :Zeepkist GTR] 18:27:32 Loading personal best...
[Info   :Zeepkist GTR] 18:27:32 Start processing HTTP request "POST" "https://graphql.zeepki.st/"
[Info   :Zeepkist GTR] 18:27:32 Sending HTTP request "POST" "https://graphql.zeepki.st/"
[Info   :Zeepkist GTR] 18:27:32 Stopping existing recorder if any
[Info   :Zeepkist GTR] 18:27:32 Creating new recorder
[Info   :Zeepkist GTR] 18:27:32 Start processing HTTP request "POST" "https://graphql.zeepki.st/"
[Info   :Zeepkist GTR] 18:27:32 Sending HTTP request "POST" "https://graphql.zeepki.st/"
[Info   :Zeepkist GTR] 18:27:32 Start processing HTTP request "POST" "https://graphql.zeepki.st/"
[Info   :Zeepkist GTR] 18:27:32 Sending HTTP request "POST" "https://graphql.zeepki.st/"
[Info   :Zeepkist GTR] 18:27:32 Received HTTP response headers after 325.6118ms - 200
[Info   :Zeepkist GTR] 18:27:32 End processing HTTP request after 325.866ms - 200
[Info   :Zeepkist GTR] 18:27:32 Received HTTP response headers after 332.8297ms - 200
[Info   :Zeepkist GTR] 18:27:32 End processing HTTP request after 333.1388ms - 200
[Info   :Zeepkist GTR] 18:27:32 Ghost version: 5
[Info   :Zeepkist GTR] 18:27:32 Received HTTP response headers after 479.4659ms - 200
[Info   :Zeepkist GTR] 18:27:32 End processing HTTP request after 479.717ms - 200
[Info   :Zeepkist GTR] 18:27:32 Start processing HTTP request "POST" "https://graphql.zeepki.st/"
[Info   :Zeepkist GTR] 18:27:32 Sending HTTP request "POST" "https://graphql.zeepki.st/"
[Info   :Zeepkist GTR] 18:27:32 Received HTTP response headers after 191.3978ms - 200
[Info   :Zeepkist GTR] 18:27:32 End processing HTTP request after 191.6779ms - 200
[Info   :Zeepkist GTR] 18:27:33 Starting recorder
[Info   :Zeepkist Bingo] [BINGO] === PLAYER SPAWNED ===
[Info   :Zeepkist Bingo] [BINGO] IsInActiveSession: False
[Info   :Zeepkist Bingo] [BINGO] Not in active session, skipping timer reset
[Info   :Zeepkist GTR] 18:28:04 Loading personal best...
[Info   :Zeepkist GTR] 18:28:04 Start processing HTTP request "POST" "https://graphql.zeepki.st/"
[Info   :Zeepkist GTR] 18:28:04 Sending HTTP request "POST" "https://graphql.zeepki.st/"
[Info   :Zeepkist GTR] 18:28:04 Stopping existing recorder if any
[Info   :Zeepkist GTR] 18:28:04 Creating new recorder
[Info   :Zeepkist GTR] 18:28:04 Start processing HTTP request "POST" "https://graphql.zeepki.st/"
[Info   :Zeepkist GTR] 18:28:04 Sending HTTP request "POST" "https://graphql.zeepki.st/"
[Info   :Zeepkist GTR] 18:28:04 Start processing HTTP request "POST" "https://graphql.zeepki.st/"
[Info   :Zeepkist GTR] 18:28:04 Sending HTTP request "POST" "https://graphql.zeepki.st/"
[Info   :Zeepkist GTR] 18:28:04 Received HTTP response headers after 194.8489ms - 200
[Info   :Zeepkist GTR] 18:28:04 End processing HTTP request after 195.0843ms - 200
[Info   :Zeepkist GTR] 18:28:04 Ghost version: 5
[Info   :Zeepkist GTR] 18:28:04 Received HTTP response headers after 334.9697ms - 200
[Info   :Zeepkist GTR] 18:28:04 End processing HTTP request after 335.1654ms - 200
[Info   :Zeepkist GTR] 18:28:04 Received HTTP response headers after 386.7128ms - 200
[Info   :Zeepkist GTR] 18:28:04 End processing HTTP request after 386.9359ms - 200
[Info   :Zeepkist GTR] 18:28:04 Start processing HTTP request "POST" "https://graphql.zeepki.st/"
[Info   :Zeepkist GTR] 18:28:04 Sending HTTP request "POST" "https://graphql.zeepki.st/"
[Info   :Zeepkist GTR] 18:28:04 Received HTTP response headers after 295.2274ms - 200
[Info   :Zeepkist GTR] 18:28:04 End processing HTTP request after 295.4799ms - 200
[Info   :Zeepkist GTR] 18:28:06 Starting recorder
[Info   :Zeepkist Bingo] [BINGO] === PLAYER SPAWNED ===
[Info   :Zeepkist Bingo] [BINGO] IsInActiveSession: False
[Info   :Zeepkist Bingo] [BINGO] Not in active session, skipping timer reset
[Info   :Zeepkist GTR] 18:28:26 Loading personal best...
[Info   :Zeepkist GTR] 18:28:26 Start processing HTTP request "POST" "https://graphql.zeepki.st/"
[Info   :Zeepkist GTR] 18:28:26 Sending HTTP request "POST" "https://graphql.zeepki.st/"
[Info   :Zeepkist GTR] 18:28:26 Stopping existing recorder if any
[Info   :Zeepkist GTR] 18:28:26 Creating new recorder
[Info   :Zeepkist GTR] 18:28:26 Start processing HTTP request "POST" "https://graphql.zeepki.st/"
[Info   :Zeepkist GTR] 18:28:26 Sending HTTP request "POST" "https://graphql.zeepki.st/"
[Info   :Zeepkist GTR] 18:28:26 Start processing HTTP request "POST" "https://graphql.zeepki.st/"
[Info   :Zeepkist GTR] 18:28:26 Sending HTTP request "POST" "https://graphql.zeepki.st/"
[Info   :Zeepkist GTR] 18:28:26 Received HTTP response headers after 198.6964ms - 200
[Info   :Zeepkist GTR] 18:28:26 End processing HTTP request after 198.9168ms - 200
[Info   :Zeepkist GTR] 18:28:26 Received HTTP response headers after 198.338ms - 200
[Info   :Zeepkist GTR] 18:28:26 End processing HTTP request after 198.5567ms - 200
[Info   :Zeepkist GTR] 18:28:26 Ghost version: 5
[Info   :Zeepkist GTR] 18:28:26 Received HTTP response headers after 405.0995ms - 200
[Info   :Zeepkist GTR] 18:28:26 End processing HTTP request after 405.3174ms - 200
[Info   :Zeepkist GTR] 18:28:26 Start processing HTTP request "POST" "https://graphql.zeepki.st/"
[Info   :Zeepkist GTR] 18:28:26 Sending HTTP request "POST" "https://graphql.zeepki.st/"
[Info   :Zeepkist GTR] 18:28:27 Received HTTP response headers after 201.508ms - 200
[Info   :Zeepkist GTR] 18:28:27 End processing HTTP request after 201.8005ms - 200
[Info   :Zeepkist GTR] 18:28:28 Starting recorder
[Info   :Zeepkist Bingo] [BINGO] === PLAYER SPAWNED ===
[Info   :Zeepkist Bingo] [BINGO] IsInActiveSession: False
[Info   :Zeepkist Bingo] [BINGO] Not in active session, skipping timer reset
[Info   :Zeepkist GTR] 18:28:33 Loading personal best...
[Info   :Zeepkist GTR] 18:28:33 Start processing HTTP request "POST" "https://graphql.zeepki.st/"
[Info   :Zeepkist GTR] 18:28:33 Sending HTTP request "POST" "https://graphql.zeepki.st/"
[Info   :Zeepkist GTR] 18:28:33 Stopping existing recorder if any
[Info   :Zeepkist GTR] 18:28:33 Creating new recorder
[Info   :Zeepkist GTR] 18:28:33 Start processing HTTP request "POST" "https://graphql.zeepki.st/"
[Info   :Zeepkist GTR] 18:28:33 Sending HTTP request "POST" "https://graphql.zeepki.st/"
[Info   :Zeepkist GTR] 18:28:33 Start processing HTTP request "POST" "https://graphql.zeepki.st/"
[Info   :Zeepkist GTR] 18:28:33 Sending HTTP request "POST" "https://graphql.zeepki.st/"
[Info   :Zeepkist GTR] 18:28:33 Received HTTP response headers after 192.8002ms - 200
[Info   :Zeepkist GTR] 18:28:33 Received HTTP response headers after 193.4067ms - 200
[Info   :Zeepkist GTR] 18:28:33 End processing HTTP request after 193.0775ms - 200
[Info   :Zeepkist GTR] 18:28:33 End processing HTTP request after 193.6725ms - 200
[Info   :Zeepkist GTR] 18:28:33 Ghost version: 5
[Info   :Zeepkist GTR] 18:28:33 Received HTTP response headers after 383.2229ms - 200
[Info   :Zeepkist GTR] 18:28:33 End processing HTTP request after 383.4415ms - 200
[Info   :Zeepkist GTR] 18:28:33 Start processing HTTP request "POST" "https://graphql.zeepki.st/"
[Info   :Zeepkist GTR] 18:28:33 Sending HTTP request "POST" "https://graphql.zeepki.st/"
[Info   :Zeepkist GTR] 18:28:33 Received HTTP response headers after 197.8602ms - 200
[Info   :Zeepkist GTR] 18:28:33 End processing HTTP request after 198.0996ms - 200
[Info   :Zeepkist GTR] 18:28:34 Starting recorder
[Info   :Zeepkist Bingo] [BINGO] === PLAYER SPAWNED ===
[Info   :Zeepkist Bingo] [BINGO] IsInActiveSession: False
[Info   :Zeepkist Bingo] [BINGO] Not in active session, skipping timer reset
[Info   :Zeepkist GTR] 18:29:06 Loading personal best...
[Info   :Zeepkist GTR] 18:29:06 Start processing HTTP request "POST" "https://graphql.zeepki.st/"
[Info   :Zeepkist GTR] 18:29:06 Sending HTTP request "POST" "https://graphql.zeepki.st/"
[Info   :Zeepkist GTR] 18:29:06 Stopping existing recorder if any
[Info   :Zeepkist GTR] 18:29:06 Creating new recorder
[Info   :Zeepkist GTR] 18:29:06 Start processing HTTP request "POST" "https://graphql.zeepki.st/"
[Info   :Zeepkist GTR] 18:29:06 Sending HTTP request "POST" "https://graphql.zeepki.st/"
[Info   :Zeepkist GTR] 18:29:06 Start processing HTTP request "POST" "https://graphql.zeepki.st/"
[Info   :Zeepkist GTR] 18:29:06 Sending HTTP request "POST" "https://graphql.zeepki.st/"
[Info   :Zeepkist GTR] 18:29:07 Received HTTP response headers after 188.347ms - 200
[Info   :Zeepkist GTR] 18:29:07 Received HTTP response headers after 188.9107ms - 200
[Info   :Zeepkist GTR] 18:29:07 End processing HTTP request after 188.6304ms - 200
[Info   :Zeepkist GTR] 18:29:07 End processing HTTP request after 189.1854ms - 200
[Info   :Zeepkist GTR] 18:29:07 Ghost version: 5
[Info   :Zeepkist GTR] 18:29:07 Received HTTP response headers after 369.6248ms - 200
[Info   :Zeepkist GTR] 18:29:07 End processing HTTP request after 369.8415ms - 200
[Info   :Zeepkist GTR] 18:29:07 Start processing HTTP request "POST" "https://graphql.zeepki.st/"
[Info   :Zeepkist GTR] 18:29:07 Sending HTTP request "POST" "https://graphql.zeepki.st/"
[Info   :Zeepkist GTR] 18:29:07 Received HTTP response headers after 187.6487ms - 200
[Info   :Zeepkist GTR] 18:29:07 End processing HTTP request after 187.9053ms - 200
[Info   :Zeepkist GTR] 18:29:08 Starting recorder
[Info   :Zeepkist Bingo] [BINGO] === PLAYER SPAWNED ===
[Info   :Zeepkist Bingo] [BINGO] IsInActiveSession: False
[Info   :Zeepkist Bingo] [BINGO] Not in active session, skipping timer reset
[Info   :Zeepkist GTR] 18:29:15 Loading personal best...
[Info   :Zeepkist GTR] 18:29:15 Start processing HTTP request "POST" "https://graphql.zeepki.st/"
[Info   :Zeepkist GTR] 18:29:15 Sending HTTP request "POST" "https://graphql.zeepki.st/"
[Info   :Zeepkist GTR] 18:29:15 Stopping existing recorder if any
[Info   :Zeepkist GTR] 18:29:15 Creating new recorder
[Info   :Zeepkist GTR] 18:29:15 Start processing HTTP request "POST" "https://graphql.zeepki.st/"
[Info   :Zeepkist GTR] 18:29:15 Sending HTTP request "POST" "https://graphql.zeepki.st/"
[Info   :Zeepkist GTR] 18:29:15 Start processing HTTP request "POST" "https://graphql.zeepki.st/"
[Info   :Zeepkist GTR] 18:29:15 Sending HTTP request "POST" "https://graphql.zeepki.st/"
[Info   :Zeepkist GTR] 18:29:16 Received HTTP response headers after 185.2596ms - 200
[Info   :Zeepkist GTR] 18:29:16 End processing HTTP request after 185.5046ms - 200
[Info   :Zeepkist GTR] 18:29:16 Received HTTP response headers after 190.713ms - 200
[Info   :Zeepkist GTR] 18:29:16 End processing HTTP request after 190.9563ms - 200
[Info   :Zeepkist GTR] 18:29:16 Ghost version: 5
[Info   :Zeepkist GTR] 18:29:16 Received HTTP response headers after 381.1168ms - 200
[Info   :Zeepkist GTR] 18:29:16 End processing HTTP request after 381.369ms - 200
[Info   :Zeepkist GTR] 18:29:16 Start processing HTTP request "POST" "https://graphql.zeepki.st/"
[Info   :Zeepkist GTR] 18:29:16 Sending HTTP request "POST" "https://graphql.zeepki.st/"
[Info   :Zeepkist GTR] 18:29:16 Received HTTP response headers after 181.9365ms - 200
[Info   :Zeepkist GTR] 18:29:16 End processing HTTP request after 182.1853ms - 200
[Info   :Zeepkist GTR] 18:29:17 Starting recorder
[Info   :Zeepkist GTR] 18:29:49 Stopping recorder
[Info   :Zeepkist GTR] 18:29:49 Collecting extra information
[Info   :Zeepkist GTR] 18:29:49 Processing ghost data
[Info   :Zeepkist GTR] 18:29:49 Creating stream
[Info   :Zeepkist GTR] 18:29:49 Writing to stream
[Info   :Zeepkist GTR] 18:29:50 Closing stream
[Info   :Zeepkist GTR] 18:29:50 Getting buffer
[Info   :Zeepkist GTR] 18:29:50 Converting to base64
[Info   :Zeepkist GTR] 18:29:50 Creating resource
[Info   :Zeepkist GTR] 18:29:50 Start processing HTTP request "POST" "https://backend.zeepki.st/auth/refresh"
[Info   :Zeepkist GTR] 18:29:50 Sending HTTP request "POST" "https://backend.zeepki.st/auth/refresh"
[Info   :Zeepkist GTR] 18:29:50 Received HTTP response headers after 510.8765ms - 200
[Info   :Zeepkist GTR] 18:29:50 End processing HTTP request after 511.2114ms - 200
[Info   :Zeepkist GTR] 18:29:50 Start processing HTTP request "POST" "https://backend.zeepki.st/record/submit"
[Info   :Zeepkist GTR] 18:29:50 Sending HTTP request "POST" "https://backend.zeepki.st/record/submit"
[Info   :Zeepkist GTR] 18:29:50 Received HTTP response headers after 352.6306ms - 200
[Info   :Zeepkist GTR] 18:29:50 End processing HTTP request after 352.9063ms - 200
[Info   :Zeepkist Bingo] [BINGO] === PLAYER SPAWNED ===
[Info   :Zeepkist Bingo] [BINGO] IsInActiveSession: False
[Info   :Zeepkist Bingo] [BINGO] Not in active session, skipping timer reset
[Info   :Zeepkist GTR] 18:29:53 Loading personal best...
[Info   :Zeepkist GTR] 18:29:53 Start processing HTTP request "POST" "https://graphql.zeepki.st/"
[Info   :Zeepkist GTR] 18:29:53 Sending HTTP request "POST" "https://graphql.zeepki.st/"
[Info   :Zeepkist GTR] 18:29:53 Stopping existing recorder if any
[Info   :Zeepkist GTR] 18:29:53 Creating new recorder
[Info   :Zeepkist GTR] 18:29:53 Start processing HTTP request "POST" "https://graphql.zeepki.st/"
[Info   :Zeepkist GTR] 18:29:53 Sending HTTP request "POST" "https://graphql.zeepki.st/"
[Info   :Zeepkist GTR] 18:29:53 Start processing HTTP request "POST" "https://graphql.zeepki.st/"
[Info   :Zeepkist GTR] 18:29:53 Sending HTTP request "POST" "https://graphql.zeepki.st/"
[Info   :Zeepkist GTR] 18:29:53 Received HTTP response headers after 273.0072ms - 200
[Info   :Zeepkist GTR] 18:29:53 End processing HTTP request after 273.213ms - 200
[Info   :Zeepkist GTR] 18:29:53 Received HTTP response headers after 309.8915ms - 200
[Info   :Zeepkist GTR] 18:29:53 End processing HTTP request after 310.1387ms - 200
[Info   :Zeepkist GTR] 18:29:53 Start processing HTTP request "GET" "https://cdn.zeepki.st/ghosts/01KTZ2Q99Y1MRHSTFV991FN5EZ.bin"
[Info   :Zeepkist GTR] 18:29:53 Sending HTTP request "GET" "https://cdn.zeepki.st/ghosts/01KTZ2Q99Y1MRHSTFV991FN5EZ.bin"
[Info   :Zeepkist GTR] 18:29:53 Received HTTP response headers after 451.9406ms - 200
[Info   :Zeepkist GTR] 18:29:53 End processing HTTP request after 452.1424ms - 200
[Info   :Zeepkist GTR] 18:29:53 Start processing HTTP request "POST" "https://graphql.zeepki.st/"
[Info   :Zeepkist GTR] 18:29:53 Sending HTTP request "POST" "https://graphql.zeepki.st/"
[Info   :Zeepkist GTR] 18:29:53 Received HTTP response headers after 185.5526ms - 200
[Info   :Zeepkist GTR] 18:29:53 End processing HTTP request after 185.8129ms - 200
[Info   :Zeepkist GTR] 18:29:54 Received HTTP response headers after 668.4514ms - 200
[Info   :Zeepkist GTR] 18:29:54 End processing HTTP request after 668.7401ms - 200
[Info   :Zeepkist GTR] 18:29:54 Ghost version: 5
[Info   :Zeepkist GTR] 18:29:54 Starting recorder
[Info   :Zeepkist GTR] 18:30:03 Discarding recorder
[Info   :RoundLeaderboardTab] Drawing leaderboard -> forwarding to Instance.DrawTabLeaderboard()
[Info   :Zeepkist Bingo] [BINGO] Level loaded
[Info   :BetterSplits] getting gtr splits
[Info   :Zeepkist Bingo] [BINGO] === PLAYER SPAWNED ===
[Info   :Zeepkist Bingo] [BINGO] IsInActiveSession: False
[Info   :Zeepkist Bingo] [BINGO] Not in active session, skipping timer reset
[Info   :Zeepkist GTR] 18:30:18 Loading personal best...
[Info   :Zeepkist GTR] 18:30:18 Start processing HTTP request "POST" "https://graphql.zeepki.st/"
[Info   :Zeepkist GTR] 18:30:18 Sending HTTP request "POST" "https://graphql.zeepki.st/"
[Info   :Zeepkist GTR] 18:30:18 Stopping existing recorder if any
[Info   :Zeepkist GTR] 18:30:18 Creating new recorder
[Info   :Zeepkist GTR] 18:30:18 Start processing HTTP request "POST" "https://graphql.zeepki.st/"
[Info   :Zeepkist GTR] 18:30:18 Sending HTTP request "POST" "https://graphql.zeepki.st/"
[Info   :Zeepkist GTR] 18:30:18 Start processing HTTP request "POST" "https://graphql.zeepki.st/"
[Info   :Zeepkist GTR] 18:30:18 Sending HTTP request "POST" "https://graphql.zeepki.st/"
[Info   :Zeepkist GTR] 18:30:18 Received HTTP response headers after 184.4386ms - 200
[Info   :Zeepkist GTR] 18:30:18 End processing HTTP request after 184.6678ms - 200
[Info   :Zeepkist GTR] 18:30:18 Ghost version: 5
[Info   :Zeepkist GTR] 18:30:18 Received HTTP response headers after 223.8343ms - 200
[Info   :Zeepkist GTR] 18:30:18 End processing HTTP request after 224.089ms - 200
[Error  :BetterSplits] could not get splits
Response: StatusCode: 400, ReasonPhrase: 'Bad Request', Version: 1.1, Content: System.Net.Http.StreamContent, Headers:
{
Date: Fri, 12 Jun 2026 23:30:19 GMT
Connection: keep-alive
Access-Control-Allow-Headers: Origin, X-Requested-With, Accept, Authorization, X-Apollo-Tracing, Content-Type, Content-Length, X-PostGraphile-Explain
Access-Control-Allow-Methods: HEAD, GET, POST
Access-Control-Allow-Origin: *
Access-Control-Expose-Headers: X-GraphQL-Event-Stream
Alt-Svc: h3=":443"; ma=86400
Vary: Origin
Via: 1.1 Caddy
X-Graphql-Event-Stream: /stream
X-Query-Cost: 115
Cf-Cache-Status: DYNAMIC
Strict-Transport-Security: max-age=15552000; includeSubDomains; preload
x-content-type-options: nosniff
Server-Timing: cfCacheStatus;desc="DYNAMIC", cfEdge;dur=64,cfOrigin;dur=131
Report-To: {"group":"cf-nel","max_age":604800,"endpoints":[{"url":"https://a.nel.cloudflare.com/report/v4?s=m7y4PfORMF9i11lomgUVIzaVsKgiQNnKOtpsNzadC7d4GdP%2FEY8jiZ5B1DVgTkA6IVw2uzin2QSkJOAcf4Y8acmvnUr1tNgwr1jD9zZzj6VYUZwbde%2BkDG%2Bg%2FOzJrModPMuJnCAS3jIUeQmI83uSRA%3D%3D"}]}
Nel: {"report_to":"cf-nel","success_fraction":0.0,"max_age":604800}
expect-ct: max-age=86400, enforce
referrer-policy: same-origin
x-frame-options: SAMEORIGIN
x-xss-protection: 1; mode=block
Server: cloudflare
CF-RAY: a0aca4869aa0a1cf-MSP
Content-Type: application/json; charset=utf-8
Content-Length: 172
} 
Content: {"errors":[{"message":"Cannot query field \"personalBestGlobalsByIdLevel\" on type \"Level\". Did you mean \"personalBestGlobals\"?","locations":[{"line":1,"column":87}]}]}
Url: https://graphql.zeepki.st
Request: {"query":"query BetterSplitsPB($hash: String!, $steamId: BigFloat) { levelByHash(hash: $hash) { personalBestGlobalsByIdLevel(filter: {userByIdUser: {steamId: {equalTo: $steamId}}}) { nodes { recordByIdRecord { speeds splits time }}}}}","variables":{"hash":"93CDA1BA0956E14CF59D9E5B39922D4BA56E8100-3","steamId":"76561199218214543"}}
[Info   :Zeepkist GTR] 18:30:18 Received HTTP response headers after 370.4822ms - 200
[Info   :Zeepkist GTR] 18:30:18 End processing HTTP request after 370.6881ms - 200
[Info   :Zeepkist GTR] 18:30:18 Start processing HTTP request "POST" "https://graphql.zeepki.st/"
[Info   :Zeepkist GTR] 18:30:18 Sending HTTP request "POST" "https://graphql.zeepki.st/"
[Info   :Zeepkist GTR] 18:30:18 Received HTTP response headers after 184.832ms - 200
[Info   :Zeepkist GTR] 18:30:18 End processing HTTP request after 185.1109ms - 200
[Info   :Zeepkist GTR] 18:30:19 Starting recorder
[Info   :Zeepkist GTR] 18:30:23 Discarding recorder
[Info   :   Console] Download started for AppId: 1440670, FileId: 3743552956, Result: AccessDenied
[Info   :RoundLeaderboardTab] Drawing leaderboard -> forwarding to Instance.DrawTabLeaderboard()
[Info   :Zeepkist Bingo] [CHAT] Intercepted message: ???????
[Info   :Zeepkist Bingo] [CHAT] Not relaying - no bingo session
[Info   :Zeepkist Bingo] [BINGO] Level loaded
[Info   :BetterSplits] getting gtr splits
[Info   :Zeepkist Bingo] [BINGO] === PLAYER SPAWNED ===
[Info   :Zeepkist Bingo] [BINGO] IsInActiveSession: False
[Info   :Zeepkist Bingo] [BINGO] Not in active session, skipping timer reset
[Info   :Zeepkist GTR] 18:30:52 Loading personal best...
[Info   :Zeepkist GTR] 18:30:52 Start processing HTTP request "POST" "https://graphql.zeepki.st/"
[Info   :Zeepkist GTR] 18:30:52 Sending HTTP request "POST" "https://graphql.zeepki.st/"
[Info   :Zeepkist GTR] 18:30:52 Stopping existing recorder if any
[Info   :Zeepkist GTR] 18:30:52 Creating new recorder
[Info   :Zeepkist GTR] 18:30:52 Start processing HTTP request "POST" "https://graphql.zeepki.st/"
[Info   :Zeepkist GTR] 18:30:52 Sending HTTP request "POST" "https://graphql.zeepki.st/"
[Info   :Zeepkist GTR] 18:30:52 Start processing HTTP request "POST" "https://graphql.zeepki.st/"
[Info   :Zeepkist GTR] 18:30:52 Sending HTTP request "POST" "https://graphql.zeepki.st/"
[Error  :BetterSplits] could not get splits
Response: StatusCode: 400, ReasonPhrase: 'Bad Request', Version: 1.1, Content: System.Net.Http.StreamContent, Headers:
{
Date: Fri, 12 Jun 2026 23:30:53 GMT
Connection: keep-alive
Access-Control-Allow-Headers: Origin, X-Requested-With, Accept, Authorization, X-Apollo-Tracing, Content-Type, Content-Length, X-PostGraphile-Explain
Access-Control-Allow-Methods: HEAD, GET, POST
Access-Control-Allow-Origin: *
Access-Control-Expose-Headers: X-GraphQL-Event-Stream
Alt-Svc: h3=":443"; ma=86400
Vary: Origin
Via: 1.1 Caddy
X-Graphql-Event-Stream: /stream
X-Query-Cost: 115
Cf-Cache-Status: DYNAMIC
Strict-Transport-Security: max-age=15552000; includeSubDomains; preload
x-content-type-options: nosniff
Server-Timing: cfCacheStatus;desc="DYNAMIC", cfEdge;dur=15,cfOrigin;dur=145
Report-To: {"group":"cf-nel","max_age":604800,"endpoints":[{"url":"https://a.nel.cloudflare.com/report/v4?s=RYdqNLJSXmEC0C8ZB0Grmop4OAv43sbM1RA%2Bsor7obe6ErqBbeJHKKyY2p294S1qOX01vYMb4yYoi%2BHJS91pBRHkt2ZC6HvNAyff6WmLPRtEvUZghGIVqKSoKxCFyQJfgGHc35CW18v50%2FpWecQEeQ%3D%3D"}]}
Nel: {"report_to":"cf-nel","success_fraction":0.0,"max_age":604800}
expect-ct: max-age=86400, enforce
referrer-policy: same-origin
x-frame-options: SAMEORIGIN
x-xss-protection: 1; mode=block
Server: cloudflare
CF-RAY: a0aca55aec53a1cf-MSP
Content-Type: application/json; charset=utf-8
Content-Length: 172
} 
Content: {"errors":[{"message":"Cannot query field \"personalBestGlobalsByIdLevel\" on type \"Level\". Did you mean \"personalBestGlobals\"?","locations":[{"line":1,"column":87}]}]}
Url: https://graphql.zeepki.st
Request: {"query":"query BetterSplitsPB($hash: String!, $steamId: BigFloat) { levelByHash(hash: $hash) { personalBestGlobalsByIdLevel(filter: {userByIdUser: {steamId: {equalTo: $steamId}}}) { nodes { recordByIdRecord { speeds splits time }}}}}","variables":{"hash":"ea5","steamId":"76561199218214543"}}
[Info   :Zeepkist GTR] 18:30:52 Received HTTP response headers after 181.9207ms - 200
[Info   :Zeepkist GTR] 18:30:52 Received HTTP response headers after 181.4065ms - 200
[Info   :Zeepkist GTR] 18:30:52 End processing HTTP request after 181.6715ms - 200
[Info   :Zeepkist GTR] 18:30:52 End processing HTTP request after 182.1893ms - 200
[Info   :Zeepkist GTR] 18:30:52 Ghost version: 5
[Info   :Zeepkist GTR] 18:30:52 Received HTTP response headers after 399.3003ms - 200
[Info   :Zeepkist GTR] 18:30:52 End processing HTTP request after 399.5178ms - 200
[Info   :Zeepkist GTR] 18:30:52 Start processing HTTP request "POST" "https://graphql.zeepki.st/"
[Info   :Zeepkist GTR] 18:30:52 Sending HTTP request "POST" "https://graphql.zeepki.st/"
[Info   :Zeepkist GTR] 18:30:52 Received HTTP response headers after 192.6926ms - 200
[Info   :Zeepkist GTR] 18:30:52 End processing HTTP request after 192.9553ms - 200
[Info   :Zeepkist GTR] 18:30:53 Starting recorder
[Info   :Zeepkist GTR] 18:30:58 Discarding recorder
[Info   :Zeepkist Bingo] [CHAT] Intercepted message: uh
[Info   :Zeepkist Bingo] [CHAT] Not relaying - no bingo session
[Info   :Zeepkist Bingo] [CHAT] Intercepted message: void
[Info   :Zeepkist Bingo] [CHAT] Not relaying - no bingo session
[Info   :Zeepkist Bingo] [BINGO] Level loaded
[Info   :BetterSplits] getting gtr splits
[Info   :Zeepkist Bingo] [BINGO] === PLAYER SPAWNED ===
[Info   :Zeepkist Bingo] [BINGO] IsInActiveSession: False
[Info   :Zeepkist Bingo] [BINGO] Not in active session, skipping timer reset
[Info   :Zeepkist GTR] 18:31:12 Loading personal best...
[Info   :Zeepkist GTR] 18:31:12 Start processing HTTP request "POST" "https://graphql.zeepki.st/"
[Info   :Zeepkist GTR] 18:31:12 Sending HTTP request "POST" "https://graphql.zeepki.st/"
[Info   :Zeepkist GTR] 18:31:12 Stopping existing recorder if any
[Info   :Zeepkist GTR] 18:31:12 Creating new recorder
[Info   :Zeepkist GTR] 18:31:12 Start processing HTTP request "POST" "https://graphql.zeepki.st/"
[Info   :Zeepkist GTR] 18:31:12 Sending HTTP request "POST" "https://graphql.zeepki.st/"
[Info   :Zeepkist GTR] 18:31:12 Start processing HTTP request "POST" "https://graphql.zeepki.st/"
[Info   :Zeepkist GTR] 18:31:12 Sending HTTP request "POST" "https://graphql.zeepki.st/"
[Info   :Zeepkist GTR] 18:31:13 Received HTTP response headers after 170.054ms - 200
[Info   :Zeepkist GTR] 18:31:13 Received HTTP response headers after 169.6832ms - 200
[Info   :Zeepkist GTR] 18:31:13 End processing HTTP request after 170.3109ms - 200
[Info   :Zeepkist GTR] 18:31:13 End processing HTTP request after 169.8868ms - 200
[Info   :Zeepkist GTR] 18:31:13 Ghost version: 5
[Error  :BetterSplits] could not get splits
Response: StatusCode: 400, ReasonPhrase: 'Bad Request', Version: 1.1, Content: System.Net.Http.StreamContent, Headers:
{
Date: Fri, 12 Jun 2026 23:31:14 GMT
Connection: keep-alive
Access-Control-Allow-Headers: Origin, X-Requested-With, Accept, Authorization, X-Apollo-Tracing, Content-Type, Content-Length, X-PostGraphile-Explain
Access-Control-Allow-Methods: HEAD, GET, POST
Access-Control-Allow-Origin: *
Access-Control-Expose-Headers: X-GraphQL-Event-Stream
Alt-Svc: h3=":443"; ma=86400
Vary: Origin
Via: 1.1 Caddy
X-Graphql-Event-Stream: /stream
X-Query-Cost: 115
Cf-Cache-Status: DYNAMIC
Strict-Transport-Security: max-age=15552000; includeSubDomains; preload
x-content-type-options: nosniff
Server-Timing: cfCacheStatus;desc="DYNAMIC", cfEdge;dur=213,cfOrigin;dur=130
Report-To: {"group":"cf-nel","max_age":604800,"endpoints":[{"url":"https://a.nel.cloudflare.com/report/v4?s=cP7LCNimryFmjdKdWbwQoceCOkW%2FZCy18KAztzh9%2Fptpg4rBG0WFdOHeiniFC%2BNzAMZX%2Frhq2HTLz7TBiWX9w788%2FoNypBdEjF8puiKhJ2j1lGSvWYd1KMnPYp6Khd316wZU6v4fTPVp%2Bzc99V3j7w%3D%3D"}]}
Nel: {"report_to":"cf-nel","success_fraction":0.0,"max_age":604800}
expect-ct: max-age=86400, enforce
referrer-policy: same-origin
x-frame-options: SAMEORIGIN
x-xss-protection: 1; mode=block
Server: cloudflare
CF-RAY: a0aca5dc1e87a1cf-MSP
Content-Type: application/json; charset=utf-8
Content-Length: 172
} 
Content: {"errors":[{"message":"Cannot query field \"personalBestGlobalsByIdLevel\" on type \"Level\". Did you mean \"personalBestGlobals\"?","locations":[{"line":1,"column":87}]}]}
Url: https://graphql.zeepki.st
Request: {"query":"query BetterSplitsPB($hash: String!, $steamId: BigFloat) { levelByHash(hash: $hash) { personalBestGlobalsByIdLevel(filter: {userByIdUser: {steamId: {equalTo: $steamId}}}) { nodes { recordByIdRecord { speeds splits time }}}}}","variables":{"hash":"ea5","steamId":"76561199218214543"}}
[Info   :Zeepkist GTR] 18:31:13 Received HTTP response headers after 352.5998ms - 200
[Info   :Zeepkist GTR] 18:31:13 End processing HTTP request after 352.8267ms - 200
[Info   :Zeepkist GTR] 18:31:13 Start processing HTTP request "POST" "https://graphql.zeepki.st/"
[Info   :Zeepkist GTR] 18:31:13 Sending HTTP request "POST" "https://graphql.zeepki.st/"
[Info   :Zeepkist GTR] 18:31:13 Received HTTP response headers after 189.8409ms - 200
[Info   :Zeepkist GTR] 18:31:13 End processing HTTP request after 190.0978ms - 200
[Info   :Zeepkist GTR] 18:31:14 Starting recorder
[Info   :Zeepkist GTR] 18:31:32 Discarding recorder
[Info   :   Console] Download started for AppId: 1440670, FileId: 3743552956, Result: OK
[Info   :Zeepkist Bingo] [BINGO] Level loaded
[Info   :BetterSplits] getting gtr splits
[Info   :Zeepkist Bingo] [BINGO] === PLAYER SPAWNED ===
[Info   :Zeepkist Bingo] [BINGO] IsInActiveSession: False
[Info   :Zeepkist Bingo] [BINGO] Not in active session, skipping timer reset
[Info   :Zeepkist GTR] 18:31:46 Loading personal best...
[Info   :Zeepkist GTR] 18:31:46 Start processing HTTP request "POST" "https://graphql.zeepki.st/"
[Info   :Zeepkist GTR] 18:31:46 Sending HTTP request "POST" "https://graphql.zeepki.st/"
[Info   :Zeepkist GTR] 18:31:46 Stopping existing recorder if any
[Info   :Zeepkist GTR] 18:31:46 Creating new recorder
[Info   :Zeepkist GTR] 18:31:46 Start processing HTTP request "POST" "https://graphql.zeepki.st/"
[Info   :Zeepkist GTR] 18:31:46 Sending HTTP request "POST" "https://graphql.zeepki.st/"
[Info   :Zeepkist GTR] 18:31:46 Start processing HTTP request "POST" "https://graphql.zeepki.st/"
[Info   :Zeepkist GTR] 18:31:46 Sending HTTP request "POST" "https://graphql.zeepki.st/"
[Error  :BetterSplits] could not get splits
Response: StatusCode: 400, ReasonPhrase: 'Bad Request', Version: 1.1, Content: System.Net.Http.StreamContent, Headers:
{
Date: Fri, 12 Jun 2026 23:31:47 GMT
Connection: keep-alive
Access-Control-Allow-Headers: Origin, X-Requested-With, Accept, Authorization, X-Apollo-Tracing, Content-Type, Content-Length, X-PostGraphile-Explain
Access-Control-Allow-Methods: HEAD, GET, POST
Access-Control-Allow-Origin: *
Access-Control-Expose-Headers: X-GraphQL-Event-Stream
Alt-Svc: h3=":443"; ma=86400
Vary: Origin
Via: 1.1 Caddy
X-Graphql-Event-Stream: /stream
X-Query-Cost: 115
Cf-Cache-Status: DYNAMIC
x-xss-protection: 1; mode=block
Strict-Transport-Security: max-age=15552000; includeSubDomains; preload
x-content-type-options: nosniff
Server-Timing: cfCacheStatus;desc="DYNAMIC", cfEdge;dur=16,cfOrigin;dur=129
Report-To: {"group":"cf-nel","max_age":604800,"endpoints":[{"url":"https://a.nel.cloudflare.com/report/v4?s=qeVL1ol9xjVFCHn4dTvfuj1oGz98GWzAUCh77CFMYjOPt%2Bhgb9%2FxRu48mvbbQqTNEySFJASYamgFmPigTAWdClZuL6j2%2BSXDmHTPO39zXj4hQKYbcWF7GJNA0T6KXbopwc3ZH%2F1LLGxkhExbC1NG2w%3D%3D"}]}
Nel: {"report_to":"cf-nel","success_fraction":0.0,"max_age":604800}
expect-ct: max-age=86400, enforce
referrer-policy: same-origin
x-frame-options: SAMEORIGIN
Server: cloudflare
CF-RAY: a0aca6afffeda1cf-MSP
Content-Type: application/json; charset=utf-8
Content-Length: 172
} 
Content: {"errors":[{"message":"Cannot query field \"personalBestGlobalsByIdLevel\" on type \"Level\". Did you mean \"personalBestGlobals\"?","locations":[{"line":1,"column":87}]}]}
Url: https://graphql.zeepki.st
Request: {"query":"query BetterSplitsPB($hash: String!, $steamId: BigFloat) { levelByHash(hash: $hash) { personalBestGlobalsByIdLevel(filter: {userByIdUser: {steamId: {equalTo: $steamId}}}) { nodes { recordByIdRecord { speeds splits time }}}}}","variables":{"hash":"61C40515572C4BF0409F66D7FF1DF07B7581B487-3","steamId":"76561199218214543"}}
[Info   :Zeepkist GTR] 18:31:46 Received HTTP response headers after 175.798ms - 200
[Info   :Zeepkist GTR] 18:31:46 End processing HTTP request after 176.0311ms - 200
[Info   :Zeepkist GTR] 18:31:46 Received HTTP response headers after 182.2129ms - 200
[Info   :Zeepkist GTR] 18:31:46 End processing HTTP request after 182.4207ms - 200
[Info   :Zeepkist GTR] 18:31:47 Received HTTP response headers after 368.7032ms - 200
[Info   :Zeepkist GTR] 18:31:47 End processing HTTP request after 368.9264ms - 200
[Info   :Zeepkist GTR] 18:31:48 Starting recorder
[Info   :Zeepkist Bingo] [BINGO] === PLAYER SPAWNED ===
[Info   :Zeepkist Bingo] [BINGO] IsInActiveSession: False
[Info   :Zeepkist Bingo] [BINGO] Not in active session, skipping timer reset
[Info   :Zeepkist GTR] 18:32:12 Loading personal best...
[Info   :Zeepkist GTR] 18:32:12 Start processing HTTP request "POST" "https://graphql.zeepki.st/"
[Info   :Zeepkist GTR] 18:32:12 Sending HTTP request "POST" "https://graphql.zeepki.st/"
[Info   :Zeepkist GTR] 18:32:12 Stopping existing recorder if any
[Info   :Zeepkist GTR] 18:32:12 Creating new recorder
[Info   :Zeepkist GTR] 18:32:12 Start processing HTTP request "POST" "https://graphql.zeepki.st/"
[Info   :Zeepkist GTR] 18:32:12 Sending HTTP request "POST" "https://graphql.zeepki.st/"
[Info   :Zeepkist GTR] 18:32:12 Start processing HTTP request "POST" "https://graphql.zeepki.st/"
[Info   :Zeepkist GTR] 18:32:12 Sending HTTP request "POST" "https://graphql.zeepki.st/"
[Info   :Zeepkist GTR] 18:32:12 Received HTTP response headers after 305.2268ms - 200
[Info   :Zeepkist GTR] 18:32:12 End processing HTTP request after 305.4168ms - 200
[Info   :Zeepkist GTR] 18:32:12 Received HTTP response headers after 314.1291ms - 200
[Info   :Zeepkist GTR] 18:32:12 End processing HTTP request after 314.3923ms - 200
[Info   :Zeepkist GTR] 18:32:12 Received HTTP response headers after 479.0758ms - 200
[Info   :Zeepkist GTR] 18:32:12 End processing HTTP request after 479.3157ms - 200
[Info   :Zeepkist GTR] 18:32:13 Starting recorder
[Info   :Zeepkist Bingo] [BINGO] === PLAYER SPAWNED ===
[Info   :Zeepkist Bingo] [BINGO] IsInActiveSession: False
[Info   :Zeepkist Bingo] [BINGO] Not in active session, skipping timer reset
[Info   :Zeepkist GTR] 18:32:46 Loading personal best...
[Info   :Zeepkist GTR] 18:32:46 Start processing HTTP request "POST" "https://graphql.zeepki.st/"
[Info   :Zeepkist GTR] 18:32:46 Sending HTTP request "POST" "https://graphql.zeepki.st/"
[Info   :Zeepkist GTR] 18:32:46 Stopping existing recorder if any
[Info   :Zeepkist GTR] 18:32:46 Creating new recorder
[Info   :Zeepkist GTR] 18:32:46 Start processing HTTP request "POST" "https://graphql.zeepki.st/"
[Info   :Zeepkist GTR] 18:32:46 Sending HTTP request "POST" "https://graphql.zeepki.st/"
[Info   :Zeepkist GTR] 18:32:46 Start processing HTTP request "POST" "https://graphql.zeepki.st/"
[Info   :Zeepkist GTR] 18:32:46 Sending HTTP request "POST" "https://graphql.zeepki.st/"
[Info   :Zeepkist GTR] 18:32:46 Received HTTP response headers after 428.4748ms - 200
[Info   :Zeepkist GTR] 18:32:46 End processing HTTP request after 428.793ms - 200
[Info   :Zeepkist GTR] 18:32:46 Received HTTP response headers after 603.1841ms - 200
[Info   :Zeepkist GTR] 18:32:46 End processing HTTP request after 603.7351ms - 200
[Info   :Zeepkist GTR] 18:32:47 Received HTTP response headers after 965.871ms - 200
[Info   :Zeepkist GTR] 18:32:47 End processing HTTP request after 966.4011ms - 200
[Info   :Zeepkist GTR] 18:32:48 Starting recorder
[Info   :Zeepkist GTR] 18:33:26 Stopping recorder
[Info   :Zeepkist GTR] 18:33:26 Collecting extra information
[Info   :Zeepkist GTR] 18:33:26 Processing ghost data
[Info   :Zeepkist GTR] 18:33:26 Creating stream
[Info   :Zeepkist GTR] 18:33:26 Writing to stream
[Info   :Zeepkist GTR] 18:33:26 Closing stream
[Info   :Zeepkist GTR] 18:33:26 Getting buffer
[Info   :Zeepkist GTR] 18:33:26 Converting to base64
[Info   :Zeepkist GTR] 18:33:26 Creating resource
[Info   :Zeepkist GTR] 18:33:26 Start processing HTTP request "POST" "https://backend.zeepki.st/auth/refresh"
[Info   :Zeepkist GTR] 18:33:26 Sending HTTP request "POST" "https://backend.zeepki.st/auth/refresh"
[Info   :Zeepkist GTR] 18:33:26 Received HTTP response headers after 435.005ms - 200
[Info   :Zeepkist GTR] 18:33:26 End processing HTTP request after 435.246ms - 200
[Info   :Zeepkist GTR] 18:33:26 Start processing HTTP request "POST" "https://backend.zeepki.st/record/submit"
[Info   :Zeepkist GTR] 18:33:26 Sending HTTP request "POST" "https://backend.zeepki.st/record/submit"
[Info   :Zeepkist GTR] 18:33:27 Received HTTP response headers after 379.813ms - 200
[Info   :Zeepkist GTR] 18:33:27 End processing HTTP request after 380.0973ms - 200
[Info   :Zeepkist Bingo] [BINGO] === PLAYER SPAWNED ===
[Info   :Zeepkist Bingo] [BINGO] IsInActiveSession: False
[Info   :Zeepkist Bingo] [BINGO] Not in active session, skipping timer reset
[Info   :Zeepkist GTR] 18:33:27 Loading personal best...
[Info   :Zeepkist GTR] 18:33:27 Start processing HTTP request "POST" "https://graphql.zeepki.st/"
[Info   :Zeepkist GTR] 18:33:27 Sending HTTP request "POST" "https://graphql.zeepki.st/"
[Info   :Zeepkist GTR] 18:33:27 Stopping existing recorder if any
[Info   :Zeepkist GTR] 18:33:27 Creating new recorder
[Info   :Zeepkist GTR] 18:33:27 Start processing HTTP request "POST" "https://graphql.zeepki.st/"
[Info   :Zeepkist GTR] 18:33:27 Sending HTTP request "POST" "https://graphql.zeepki.st/"
[Info   :Zeepkist GTR] 18:33:27 Start processing HTTP request "POST" "https://graphql.zeepki.st/"
[Info   :Zeepkist GTR] 18:33:27 Sending HTTP request "POST" "https://graphql.zeepki.st/"
[Info   :Zeepkist GTR] 18:33:27 Received HTTP response headers after 183.6783ms - 200
[Info   :Zeepkist GTR] 18:33:27 End processing HTTP request after 184.0054ms - 200
[Info   :Zeepkist GTR] 18:33:27 Received HTTP response headers after 192.332ms - 200
[Info   :Zeepkist GTR] 18:33:27 End processing HTTP request after 192.5744ms - 200
[Info   :Zeepkist GTR] 18:33:27 Start processing HTTP request "GET" "https://cdn.zeepki.st/ghosts/01KTZ2XWAYKHKC6QY8REM55MZQ.bin"
[Info   :Zeepkist GTR] 18:33:27 Sending HTTP request "GET" "https://cdn.zeepki.st/ghosts/01KTZ2XWAYKHKC6QY8REM55MZQ.bin"
[Info   :Zeepkist GTR] 18:33:27 Received HTTP response headers after 377.2786ms - 200
[Info   :Zeepkist GTR] 18:33:27 End processing HTTP request after 377.5014ms - 200
[Info   :Zeepkist GTR] 18:33:27 Start processing HTTP request "POST" "https://graphql.zeepki.st/"
[Info   :Zeepkist GTR] 18:33:27 Sending HTTP request "POST" "https://graphql.zeepki.st/"
[Info   :Zeepkist GTR] 18:33:28 Received HTTP response headers after 192.3293ms - 200
[Info   :Zeepkist GTR] 18:33:28 End processing HTTP request after 192.5735ms - 200
[Info   :Zeepkist GTR] 18:33:28 Received HTTP response headers after 662.2064ms - 200
[Info   :Zeepkist GTR] 18:33:28 End processing HTTP request after 662.5341ms - 200
[Info   :Zeepkist GTR] 18:33:28 Ghost version: 5
[Info   :Zeepkist GTR] 18:33:29 Starting recorder
[Info   :Zeepkist GTR] 18:34:07 Stopping recorder
[Info   :Zeepkist GTR] 18:34:07 Collecting extra information
[Info   :Zeepkist GTR] 18:34:07 Processing ghost data
[Info   :Zeepkist GTR] 18:34:07 Creating stream
[Info   :Zeepkist GTR] 18:34:07 Writing to stream
[Info   :Zeepkist GTR] 18:34:07 Closing stream
[Info   :Zeepkist GTR] 18:34:07 Getting buffer
[Info   :Zeepkist GTR] 18:34:07 Converting to base64
[Info   :Zeepkist GTR] 18:34:07 Creating resource
[Info   :Zeepkist GTR] 18:34:07 Start processing HTTP request "POST" "https://backend.zeepki.st/auth/refresh"
[Info   :Zeepkist GTR] 18:34:07 Sending HTTP request "POST" "https://backend.zeepki.st/auth/refresh"
[Info   :Zeepkist GTR] 18:34:08 Received HTTP response headers after 375.4615ms - 200
[Info   :Zeepkist GTR] 18:34:08 End processing HTTP request after 375.735ms - 200
[Info   :Zeepkist GTR] 18:34:08 Start processing HTTP request "POST" "https://backend.zeepki.st/record/submit"
[Info   :Zeepkist GTR] 18:34:08 Sending HTTP request "POST" "https://backend.zeepki.st/record/submit"
[Info   :Zeepkist GTR] 18:34:08 Received HTTP response headers after 310.5284ms - 200
[Info   :Zeepkist GTR] 18:34:08 End processing HTTP request after 310.805ms - 200
[Info   :Zeepkist Bingo] [BINGO] === PLAYER SPAWNED ===
[Info   :Zeepkist Bingo] [BINGO] IsInActiveSession: False
[Info   :Zeepkist Bingo] [BINGO] Not in active session, skipping timer reset
[Info   :Zeepkist GTR] 18:34:21 Loading personal best...
[Info   :Zeepkist GTR] 18:34:21 Start processing HTTP request "POST" "https://graphql.zeepki.st/"
[Info   :Zeepkist GTR] 18:34:21 Sending HTTP request "POST" "https://graphql.zeepki.st/"
[Info   :Zeepkist GTR] 18:34:21 Stopping existing recorder if any
[Info   :Zeepkist GTR] 18:34:21 Creating new recorder
[Info   :Zeepkist GTR] 18:34:21 Start processing HTTP request "POST" "https://graphql.zeepki.st/"
[Info   :Zeepkist GTR] 18:34:21 Sending HTTP request "POST" "https://graphql.zeepki.st/"
[Info   :Zeepkist GTR] 18:34:21 Start processing HTTP request "POST" "https://graphql.zeepki.st/"
[Info   :Zeepkist GTR] 18:34:21 Sending HTTP request "POST" "https://graphql.zeepki.st/"
[Info   :Zeepkist GTR] 18:34:21 Received HTTP response headers after 365.7949ms - 200
[Info   :Zeepkist GTR] 18:34:21 End processing HTTP request after 366.1307ms - 200
[Info   :Zeepkist GTR] 18:34:21 Received HTTP response headers after 375.8068ms - 200
[Info   :Zeepkist GTR] 18:34:21 End processing HTTP request after 376.0906ms - 200
[Info   :Zeepkist GTR] 18:34:21 Ghost version: 5
[Info   :Zeepkist GTR] 18:34:22 Received HTTP response headers after 509.455ms - 200
[Info   :Zeepkist GTR] 18:34:22 End processing HTTP request after 509.7984ms - 200
[Info   :Zeepkist GTR] 18:34:22 Start processing HTTP request "POST" "https://graphql.zeepki.st/"
[Info   :Zeepkist GTR] 18:34:22 Sending HTTP request "POST" "https://graphql.zeepki.st/"
[Info   :Zeepkist GTR] 18:34:22 Received HTTP response headers after 174.2934ms - 200
[Info   :Zeepkist GTR] 18:34:22 End processing HTTP request after 174.5627ms - 200
[Info   :Zeepkist GTR] 18:34:23 Starting recorder
[Info   :Zeepkist GTR] 18:35:01 Stopping recorder
[Info   :Zeepkist GTR] 18:35:01 Collecting extra information
[Info   :Zeepkist GTR] 18:35:01 Processing ghost data
[Info   :Zeepkist GTR] 18:35:01 Creating stream
[Info   :Zeepkist GTR] 18:35:01 Writing to stream
[Info   :Zeepkist GTR] 18:35:01 Closing stream
[Info   :Zeepkist GTR] 18:35:01 Getting buffer
[Info   :Zeepkist GTR] 18:35:01 Converting to base64
[Info   :Zeepkist GTR] 18:35:01 Creating resource
[Info   :Zeepkist GTR] 18:35:01 Start processing HTTP request "POST" "https://backend.zeepki.st/auth/refresh"
[Info   :Zeepkist GTR] 18:35:01 Sending HTTP request "POST" "https://backend.zeepki.st/auth/refresh"
[Info   :Zeepkist GTR] 18:35:02 Received HTTP response headers after 314.4524ms - 200
[Info   :Zeepkist GTR] 18:35:02 End processing HTTP request after 314.7809ms - 200
[Info   :Zeepkist GTR] 18:35:02 Start processing HTTP request "POST" "https://backend.zeepki.st/record/submit"
[Info   :Zeepkist GTR] 18:35:02 Sending HTTP request "POST" "https://backend.zeepki.st/record/submit"
[Info   :Zeepkist GTR] 18:35:02 Received HTTP response headers after 631.422ms - 200
[Info   :Zeepkist GTR] 18:35:02 End processing HTTP request after 631.6468ms - 200
[Info   :Zeepkist Bingo] [BINGO] === PLAYER SPAWNED ===
[Info   :Zeepkist Bingo] [BINGO] IsInActiveSession: False
[Info   :Zeepkist Bingo] [BINGO] Not in active session, skipping timer reset
[Info   :Zeepkist GTR] 18:35:02 Loading personal best...
[Info   :Zeepkist GTR] 18:35:02 Start processing HTTP request "POST" "https://graphql.zeepki.st/"
[Info   :Zeepkist GTR] 18:35:02 Sending HTTP request "POST" "https://graphql.zeepki.st/"
[Info   :Zeepkist GTR] 18:35:02 Stopping existing recorder if any
[Info   :Zeepkist GTR] 18:35:02 Creating new recorder
[Info   :Zeepkist GTR] 18:35:02 Start processing HTTP request "POST" "https://graphql.zeepki.st/"
[Info   :Zeepkist GTR] 18:35:02 Sending HTTP request "POST" "https://graphql.zeepki.st/"
[Info   :Zeepkist GTR] 18:35:02 Start processing HTTP request "POST" "https://graphql.zeepki.st/"
[Info   :Zeepkist GTR] 18:35:02 Sending HTTP request "POST" "https://graphql.zeepki.st/"
[Info   :Zeepkist GTR] 18:35:02 Received HTTP response headers after 208.6594ms - 200
[Info   :Zeepkist GTR] 18:35:02 Received HTTP response headers after 209.1641ms - 200
[Info   :Zeepkist GTR] 18:35:02 End processing HTTP request after 208.9254ms - 200
[Info   :Zeepkist GTR] 18:35:02 End processing HTTP request after 209.434ms - 200
[Info   :Zeepkist GTR] 18:35:03 Ghost version: 5
[Info   :Zeepkist GTR] 18:35:03 Received HTTP response headers after 395.6237ms - 200
[Info   :Zeepkist GTR] 18:35:03 End processing HTTP request after 395.8489ms - 200
[Info   :Zeepkist GTR] 18:35:03 Start processing HTTP request "POST" "https://graphql.zeepki.st/"
[Info   :Zeepkist GTR] 18:35:03 Sending HTTP request "POST" "https://graphql.zeepki.st/"
[Info   :Zeepkist GTR] 18:35:03 Received HTTP response headers after 205.2006ms - 200
[Info   :Zeepkist GTR] 18:35:03 End processing HTTP request after 205.4497ms - 200
[Info   :Zeepkist GTR] 18:35:04 Starting recorder
[Info   :Zeepkist Bingo] [BINGO] === PLAYER SPAWNED ===
[Info   :Zeepkist Bingo] [BINGO] IsInActiveSession: False
[Info   :Zeepkist Bingo] [BINGO] Not in active session, skipping timer reset
[Info   :Zeepkist GTR] 18:35:38 Loading personal best...
[Info   :Zeepkist GTR] 18:35:38 Start processing HTTP request "POST" "https://graphql.zeepki.st/"
[Info   :Zeepkist GTR] 18:35:38 Sending HTTP request "POST" "https://graphql.zeepki.st/"
[Info   :Zeepkist GTR] 18:35:38 Stopping existing recorder if any
[Info   :Zeepkist GTR] 18:35:38 Creating new recorder
[Info   :Zeepkist GTR] 18:35:38 Start processing HTTP request "POST" "https://graphql.zeepki.st/"
[Info   :Zeepkist GTR] 18:35:38 Sending HTTP request "POST" "https://graphql.zeepki.st/"
[Info   :Zeepkist GTR] 18:35:38 Start processing HTTP request "POST" "https://graphql.zeepki.st/"
[Info   :Zeepkist GTR] 18:35:38 Sending HTTP request "POST" "https://graphql.zeepki.st/"
[Info   :Zeepkist GTR] 18:35:38 Received HTTP response headers after 192.0902ms - 200
[Info   :Zeepkist GTR] 18:35:38 Received HTTP response headers after 191.4847ms - 200
[Info   :Zeepkist GTR] 18:35:38 End processing HTTP request after 192.471ms - 200
[Info   :Zeepkist GTR] 18:35:38 End processing HTTP request after 191.8406ms - 200
[Info   :Zeepkist GTR] 18:35:38 Ghost version: 5
[Info   :Zeepkist GTR] 18:35:38 Received HTTP response headers after 377.8088ms - 200
[Info   :Zeepkist GTR] 18:35:38 End processing HTTP request after 378.0259ms - 200
[Info   :Zeepkist GTR] 18:35:38 Start processing HTTP request "POST" "https://graphql.zeepki.st/"
[Info   :Zeepkist GTR] 18:35:38 Sending HTTP request "POST" "https://graphql.zeepki.st/"
[Info   :Zeepkist GTR] 18:35:39 Received HTTP response headers after 186.0396ms - 200
[Info   :Zeepkist GTR] 18:35:39 End processing HTTP request after 186.3594ms - 200
[Info   :Zeepkist GTR] 18:35:40 Starting recorder
[Info   :Zeepkist Bingo] [BINGO] === PLAYER SPAWNED ===
[Info   :Zeepkist Bingo] [BINGO] IsInActiveSession: False
[Info   :Zeepkist Bingo] [BINGO] Not in active session, skipping timer reset
[Info   :Zeepkist GTR] 18:36:15 Loading personal best...
[Info   :Zeepkist GTR] 18:36:15 Start processing HTTP request "POST" "https://graphql.zeepki.st/"
[Info   :Zeepkist GTR] 18:36:15 Sending HTTP request "POST" "https://graphql.zeepki.st/"
[Info   :Zeepkist GTR] 18:36:15 Stopping existing recorder if any
[Info   :Zeepkist GTR] 18:36:15 Creating new recorder
[Info   :Zeepkist GTR] 18:36:15 Start processing HTTP request "POST" "https://graphql.zeepki.st/"
[Info   :Zeepkist GTR] 18:36:15 Sending HTTP request "POST" "https://graphql.zeepki.st/"
[Info   :Zeepkist GTR] 18:36:15 Start processing HTTP request "POST" "https://graphql.zeepki.st/"
[Info   :Zeepkist GTR] 18:36:15 Sending HTTP request "POST" "https://graphql.zeepki.st/"
[Info   :Zeepkist GTR] 18:36:15 Received HTTP response headers after 182.9793ms - 200
[Info   :Zeepkist GTR] 18:36:15 Received HTTP response headers after 182.3769ms - 200
[Info   :Zeepkist GTR] 18:36:15 End processing HTTP request after 183.3406ms - 200
[Info   :Zeepkist GTR] 18:36:15 End processing HTTP request after 182.6996ms - 200
[Info   :Zeepkist GTR] 18:36:15 Ghost version: 5
[Info   :Zeepkist GTR] 18:36:15 Received HTTP response headers after 371.1381ms - 200
[Info   :Zeepkist GTR] 18:36:15 End processing HTTP request after 371.3897ms - 200
[Info   :Zeepkist GTR] 18:36:15 Start processing HTTP request "POST" "https://graphql.zeepki.st/"
[Info   :Zeepkist GTR] 18:36:15 Sending HTTP request "POST" "https://graphql.zeepki.st/"
[Info   :Zeepkist GTR] 18:36:15 Received HTTP response headers after 178.99ms - 200
[Info   :Zeepkist GTR] 18:36:15 End processing HTTP request after 179.2953ms - 200
[Info   :Zeepkist GTR] 18:36:16 Starting recorder
[Info   :Zeepkist GTR] 18:36:55 Stopping recorder
[Info   :Zeepkist GTR] 18:36:55 Collecting extra information
[Info   :Zeepkist GTR] 18:36:55 Processing ghost data
[Info   :Zeepkist GTR] 18:36:55 Creating stream
[Info   :Zeepkist GTR] 18:36:55 Writing to stream
[Info   :Zeepkist GTR] 18:36:55 Closing stream
[Info   :Zeepkist GTR] 18:36:55 Getting buffer
[Info   :Zeepkist GTR] 18:36:55 Converting to base64
[Info   :Zeepkist GTR] 18:36:55 Creating resource
[Info   :Zeepkist GTR] 18:36:55 Start processing HTTP request "POST" "https://backend.zeepki.st/auth/refresh"
[Info   :Zeepkist GTR] 18:36:55 Sending HTTP request "POST" "https://backend.zeepki.st/auth/refresh"
[Info   :Zeepkist GTR] 18:36:55 Received HTTP response headers after 402.5427ms - 200
[Info   :Zeepkist GTR] 18:36:55 End processing HTTP request after 402.8157ms - 200
[Info   :Zeepkist GTR] 18:36:55 Start processing HTTP request "POST" "https://backend.zeepki.st/record/submit"
[Info   :Zeepkist GTR] 18:36:55 Sending HTTP request "POST" "https://backend.zeepki.st/record/submit"
[Info   :Zeepkist GTR] 18:36:55 Received HTTP response headers after 331.0278ms - 200
[Info   :Zeepkist GTR] 18:36:55 End processing HTTP request after 331.2978ms - 200
[Info   :Zeepkist Bingo] [BINGO] === PLAYER SPAWNED ===
[Info   :Zeepkist Bingo] [BINGO] IsInActiveSession: False
[Info   :Zeepkist Bingo] [BINGO] Not in active session, skipping timer reset
[Info   :Zeepkist GTR] 18:36:56 Loading personal best...
[Info   :Zeepkist GTR] 18:36:56 Start processing HTTP request "POST" "https://graphql.zeepki.st/"
[Info   :Zeepkist GTR] 18:36:56 Sending HTTP request "POST" "https://graphql.zeepki.st/"
[Info   :Zeepkist GTR] 18:36:56 Stopping existing recorder if any
[Info   :Zeepkist GTR] 18:36:56 Creating new recorder
[Info   :Zeepkist GTR] 18:36:56 Start processing HTTP request "POST" "https://graphql.zeepki.st/"
[Info   :Zeepkist GTR] 18:36:56 Sending HTTP request "POST" "https://graphql.zeepki.st/"
[Info   :Zeepkist GTR] 18:36:56 Start processing HTTP request "POST" "https://graphql.zeepki.st/"
[Info   :Zeepkist GTR] 18:36:56 Sending HTTP request "POST" "https://graphql.zeepki.st/"
[Info   :Zeepkist GTR] 18:36:56 Received HTTP response headers after 305.3088ms - 200
[Info   :Zeepkist GTR] 18:36:56 Received HTTP response headers after 304.6437ms - 200
[Info   :Zeepkist GTR] 18:36:56 End processing HTTP request after 305.5652ms - 200
[Info   :Zeepkist GTR] 18:36:56 End processing HTTP request after 304.8818ms - 200
[Info   :Zeepkist GTR] 18:36:56 Ghost version: 5
[Info   :Zeepkist GTR] 18:36:57 Received HTTP response headers after 611.7358ms - 200
[Info   :Zeepkist GTR] 18:36:57 End processing HTTP request after 611.9669ms - 200
[Info   :Zeepkist GTR] 18:36:57 Start processing HTTP request "POST" "https://graphql.zeepki.st/"
[Info   :Zeepkist GTR] 18:36:57 Sending HTTP request "POST" "https://graphql.zeepki.st/"
[Info   :Zeepkist GTR] 18:36:57 Received HTTP response headers after 183.4373ms - 200
[Info   :Zeepkist GTR] 18:36:57 End processing HTTP request after 183.6819ms - 200
[Info   :Zeepkist GTR] 18:36:58 Starting recorder
[Info   :Zeepkist GTR] 18:37:36 Stopping recorder
[Info   :Zeepkist GTR] 18:37:36 Collecting extra information
[Info   :Zeepkist GTR] 18:37:36 Processing ghost data
[Info   :Zeepkist GTR] 18:37:36 Creating stream
[Info   :Zeepkist GTR] 18:37:36 Writing to stream
[Info   :Zeepkist GTR] 18:37:36 Closing stream
[Info   :Zeepkist GTR] 18:37:36 Getting buffer
[Info   :Zeepkist GTR] 18:37:36 Converting to base64
[Info   :Zeepkist GTR] 18:37:36 Creating resource
[Info   :Zeepkist GTR] 18:37:36 Start processing HTTP request "POST" "https://backend.zeepki.st/auth/refresh"
[Info   :Zeepkist GTR] 18:37:36 Sending HTTP request "POST" "https://backend.zeepki.st/auth/refresh"
[Info   :Zeepkist GTR] 18:37:36 Received HTTP response headers after 343.1497ms - 200
[Info   :Zeepkist GTR] 18:37:36 End processing HTTP request after 343.5801ms - 200
[Info   :Zeepkist GTR] 18:37:36 Start processing HTTP request "POST" "https://backend.zeepki.st/record/submit"
[Info   :Zeepkist GTR] 18:37:36 Sending HTTP request "POST" "https://backend.zeepki.st/record/submit"
[Info   :Zeepkist GTR] 18:37:37 Received HTTP response headers after 429.2395ms - 200
[Info   :Zeepkist GTR] 18:37:37 End processing HTTP request after 429.5311ms - 200
[Info   :Zeepkist Bingo] [BINGO] === PLAYER SPAWNED ===
[Info   :Zeepkist Bingo] [BINGO] IsInActiveSession: False
[Info   :Zeepkist Bingo] [BINGO] Not in active session, skipping timer reset
[Info   :Zeepkist GTR] 18:37:37 Loading personal best...
[Info   :Zeepkist GTR] 18:37:37 Start processing HTTP request "POST" "https://graphql.zeepki.st/"
[Info   :Zeepkist GTR] 18:37:37 Sending HTTP request "POST" "https://graphql.zeepki.st/"
[Info   :Zeepkist GTR] 18:37:37 Stopping existing recorder if any
[Info   :Zeepkist GTR] 18:37:37 Creating new recorder
[Info   :Zeepkist GTR] 18:37:37 Start processing HTTP request "POST" "https://graphql.zeepki.st/"
[Info   :Zeepkist GTR] 18:37:37 Sending HTTP request "POST" "https://graphql.zeepki.st/"
[Info   :Zeepkist GTR] 18:37:37 Start processing HTTP request "POST" "https://graphql.zeepki.st/"
[Info   :Zeepkist GTR] 18:37:37 Sending HTTP request "POST" "https://graphql.zeepki.st/"
[Info   :Zeepkist GTR] 18:37:37 Received HTTP response headers after 198.874ms - 200
[Info   :Zeepkist GTR] 18:37:37 Received HTTP response headers after 199.5734ms - 200
[Info   :Zeepkist GTR] 18:37:37 End processing HTTP request after 199.1242ms - 200
[Info   :Zeepkist GTR] 18:37:37 End processing HTTP request after 199.8376ms - 200
[Info   :Zeepkist GTR] 18:37:37 Ghost version: 5
[Info   :Zeepkist GTR] 18:37:38 Received HTTP response headers after 408.5293ms - 200
[Info   :Zeepkist GTR] 18:37:38 End processing HTTP request after 408.7719ms - 200
[Info   :Zeepkist GTR] 18:37:38 Start processing HTTP request "POST" "https://graphql.zeepki.st/"
[Info   :Zeepkist GTR] 18:37:38 Sending HTTP request "POST" "https://graphql.zeepki.st/"
[Info   :Zeepkist GTR] 18:37:38 Received HTTP response headers after 190.0984ms - 200
[Info   :Zeepkist GTR] 18:37:38 End processing HTTP request after 190.3775ms - 200
[Info   :Zeepkist GTR] 18:37:39 Starting recorder
[Info   :RoundLeaderboardTab] Drawing leaderboard -> forwarding to Instance.DrawTabLeaderboard()
[Info   :ChampionshipLeaderboardTab] Drawing leaderboard -> forwarding to Instance.DrawTabLeaderboard()
[Info   :Zeepkist GTR] 18:38:14 Start processing HTTP request "POST" "https://graphql.zeepki.st/"
[Info   :Zeepkist GTR] 18:38:14 Sending HTTP request "POST" "https://graphql.zeepki.st/"
[Info   :Zeepkist GTR] 18:38:14 Received HTTP response headers after 186.7071ms - 200
[Info   :Zeepkist GTR] 18:38:14 End processing HTTP request after 187.0163ms - 200
[Error  :Zeepkist GTR] 18:38:14 Unobserved task exception
[Info   :RoundLeaderboardTab] Drawing leaderboard -> forwarding to Instance.DrawTabLeaderboard()
[Info   :Zeepkist Bingo] [BINGO] === PLAYER SPAWNED ===
[Info   :Zeepkist Bingo] [BINGO] IsInActiveSession: False
[Info   :Zeepkist Bingo] [BINGO] Not in active session, skipping timer reset
[Info   :Zeepkist GTR] 18:38:18 Loading personal best...
[Info   :Zeepkist GTR] 18:38:18 Start processing HTTP request "POST" "https://graphql.zeepki.st/"
[Info   :Zeepkist GTR] 18:38:18 Sending HTTP request "POST" "https://graphql.zeepki.st/"
[Info   :Zeepkist GTR] 18:38:18 Stopping existing recorder if any
[Info   :Zeepkist GTR] 18:38:18 Creating new recorder
[Info   :Zeepkist GTR] 18:38:18 Start processing HTTP request "POST" "https://graphql.zeepki.st/"
[Info   :Zeepkist GTR] 18:38:18 Sending HTTP request "POST" "https://graphql.zeepki.st/"
[Info   :Zeepkist GTR] 18:38:18 Start processing HTTP request "POST" "https://graphql.zeepki.st/"
[Info   :Zeepkist GTR] 18:38:18 Sending HTTP request "POST" "https://graphql.zeepki.st/"
[Info   :Zeepkist GTR] 18:38:19 Received HTTP response headers after 190.2604ms - 200
[Info   :Zeepkist GTR] 18:38:19 End processing HTTP request after 190.5582ms - 200
[Info   :Zeepkist GTR] 18:38:19 Received HTTP response headers after 193.1457ms - 200
[Info   :Zeepkist GTR] 18:38:19 End processing HTTP request after 193.3808ms - 200
[Info   :Zeepkist GTR] 18:38:19 Ghost version: 5
[Info   :Zeepkist GTR] 18:38:19 Received HTTP response headers after 380.6804ms - 200
[Info   :Zeepkist GTR] 18:38:19 End processing HTTP request after 380.9541ms - 200
[Info   :Zeepkist GTR] 18:38:19 Start processing HTTP request "POST" "https://graphql.zeepki.st/"
[Info   :Zeepkist GTR] 18:38:19 Sending HTTP request "POST" "https://graphql.zeepki.st/"
[Info   :Zeepkist GTR] 18:38:19 Received HTTP response headers after 222.3028ms - 200
[Info   :Zeepkist GTR] 18:38:19 End processing HTTP request after 222.5619ms - 200
[Info   :Zeepkist GTR] 18:38:20 Starting recorder
[Info   :Zeepkist GTR] 18:38:58 Stopping recorder
[Info   :Zeepkist GTR] 18:38:58 Collecting extra information
[Info   :Zeepkist GTR] 18:38:58 Processing ghost data
[Info   :Zeepkist GTR] 18:38:58 Creating stream
[Info   :Zeepkist GTR] 18:38:58 Writing to stream
[Info   :Zeepkist GTR] 18:38:58 Closing stream
[Info   :Zeepkist GTR] 18:38:58 Getting buffer
[Info   :Zeepkist GTR] 18:38:58 Converting to base64
[Info   :Zeepkist GTR] 18:38:58 Creating resource
[Info   :Zeepkist GTR] 18:38:58 Start processing HTTP request "POST" "https://backend.zeepki.st/auth/refresh"
[Info   :Zeepkist GTR] 18:38:58 Sending HTTP request "POST" "https://backend.zeepki.st/auth/refresh"
[Info   :Zeepkist GTR] 18:38:59 Received HTTP response headers after 529.9811ms - 200
[Info   :Zeepkist GTR] 18:38:59 End processing HTTP request after 530.2506ms - 200
[Info   :Zeepkist GTR] 18:38:59 Start processing HTTP request "POST" "https://backend.zeepki.st/record/submit"
[Info   :Zeepkist GTR] 18:38:59 Sending HTTP request "POST" "https://backend.zeepki.st/record/submit"
[Info   :Zeepkist GTR] 18:38:59 Received HTTP response headers after 418.7211ms - 200
[Info   :Zeepkist GTR] 18:38:59 End processing HTTP request after 418.9803ms - 200
[Info   :Zeepkist Bingo] [BINGO] === PLAYER SPAWNED ===
[Info   :Zeepkist Bingo] [BINGO] IsInActiveSession: False
[Info   :Zeepkist Bingo] [BINGO] Not in active session, skipping timer reset
[Info   :Zeepkist GTR] 18:38:59 Loading personal best...
[Info   :Zeepkist GTR] 18:38:59 Start processing HTTP request "POST" "https://graphql.zeepki.st/"
[Info   :Zeepkist GTR] 18:38:59 Sending HTTP request "POST" "https://graphql.zeepki.st/"
[Info   :Zeepkist GTR] 18:38:59 Stopping existing recorder if any
[Info   :Zeepkist GTR] 18:38:59 Creating new recorder
[Info   :Zeepkist GTR] 18:38:59 Start processing HTTP request "POST" "https://graphql.zeepki.st/"
[Info   :Zeepkist GTR] 18:38:59 Sending HTTP request "POST" "https://graphql.zeepki.st/"
[Info   :Zeepkist GTR] 18:38:59 Start processing HTTP request "POST" "https://graphql.zeepki.st/"
[Info   :Zeepkist GTR] 18:38:59 Sending HTTP request "POST" "https://graphql.zeepki.st/"
[Info   :Zeepkist GTR] 18:39:00 Received HTTP response headers after 397.9981ms - 200
[Info   :Zeepkist GTR] 18:39:00 Received HTTP response headers after 398.5455ms - 200
[Info   :Zeepkist GTR] 18:39:00 End processing HTTP request after 398.9022ms - 200
[Info   :Zeepkist GTR] 18:39:00 End processing HTTP request after 398.3589ms - 200
[Info   :Zeepkist GTR] 18:39:00 Start processing HTTP request "GET" "https://cdn.zeepki.st/ghosts/01KTZ3814D11R3BGZXB78584PP.bin"
[Info   :Zeepkist GTR] 18:39:00 Sending HTTP request "GET" "https://cdn.zeepki.st/ghosts/01KTZ3814D11R3BGZXB78584PP.bin"
[Info   :Zeepkist GTR] 18:39:00 Received HTTP response headers after 592.2334ms - 200
[Info   :Zeepkist GTR] 18:39:00 End processing HTTP request after 592.5598ms - 200
[Info   :Zeepkist GTR] 18:39:00 Start processing HTTP request "POST" "https://graphql.zeepki.st/"
[Info   :Zeepkist GTR] 18:39:00 Sending HTTP request "POST" "https://graphql.zeepki.st/"
[Info   :Zeepkist GTR] 18:39:00 Received HTTP response headers after 205.1546ms - 200
[Info   :Zeepkist GTR] 18:39:00 End processing HTTP request after 205.5414ms - 200
[Info   :Zeepkist GTR] 18:39:01 Received HTTP response headers after 758.4446ms - 200
[Info   :Zeepkist GTR] 18:39:01 End processing HTTP request after 758.7721ms - 200
[Info   :Zeepkist GTR] 18:39:01 Ghost version: 5
[Info   :Zeepkist GTR] 18:39:01 Starting recorder
[Info   :Zeepkist Bingo] [BINGO] === PLAYER SPAWNED ===
[Info   :Zeepkist Bingo] [BINGO] IsInActiveSession: False
[Info   :Zeepkist Bingo] [BINGO] Not in active session, skipping timer reset
[Info   :Zeepkist GTR] 18:39:18 Loading personal best...
[Info   :Zeepkist GTR] 18:39:18 Start processing HTTP request "POST" "https://graphql.zeepki.st/"
[Info   :Zeepkist GTR] 18:39:18 Sending HTTP request "POST" "https://graphql.zeepki.st/"
[Info   :Zeepkist GTR] 18:39:18 Stopping existing recorder if any
[Info   :Zeepkist GTR] 18:39:18 Creating new recorder
[Info   :Zeepkist GTR] 18:39:18 Start processing HTTP request "POST" "https://graphql.zeepki.st/"
[Info   :Zeepkist GTR] 18:39:18 Sending HTTP request "POST" "https://graphql.zeepki.st/"
[Info   :Zeepkist GTR] 18:39:18 Start processing HTTP request "POST" "https://graphql.zeepki.st/"
[Info   :Zeepkist GTR] 18:39:18 Sending HTTP request "POST" "https://graphql.zeepki.st/"
[Info   :Zeepkist GTR] 18:39:18 Received HTTP response headers after 184.0244ms - 200
[Info   :Zeepkist GTR] 18:39:18 End processing HTTP request after 184.2991ms - 200
[Info   :Zeepkist GTR] 18:39:18 Received HTTP response headers after 188.955ms - 200
[Info   :Zeepkist GTR] 18:39:18 End processing HTTP request after 189.2753ms - 200
[Info   :Zeepkist GTR] 18:39:18 Ghost version: 5
[Info   :Zeepkist GTR] 18:39:19 Received HTTP response headers after 378.2892ms - 200
[Info   :Zeepkist GTR] 18:39:19 End processing HTTP request after 380.5411ms - 200
[Info   :Zeepkist GTR] 18:39:19 Start processing HTTP request "POST" "https://graphql.zeepki.st/"
[Info   :Zeepkist GTR] 18:39:19 Sending HTTP request "POST" "https://graphql.zeepki.st/"
[Info   :Zeepkist GTR] 18:39:19 Received HTTP response headers after 175.8611ms - 200
[Info   :Zeepkist GTR] 18:39:19 End processing HTTP request after 176.1403ms - 200
[Info   :Zeepkist GTR] 18:39:20 Starting recorder
[Info   :Zeepkist GTR] 18:39:58 Stopping recorder
[Info   :Zeepkist GTR] 18:39:58 Collecting extra information
[Info   :Zeepkist GTR] 18:39:58 Processing ghost data
[Info   :Zeepkist GTR] 18:39:58 Creating stream
[Info   :Zeepkist GTR] 18:39:58 Writing to stream
[Info   :Zeepkist GTR] 18:39:58 Closing stream
[Info   :Zeepkist GTR] 18:39:58 Getting buffer
[Info   :Zeepkist GTR] 18:39:58 Converting to base64
[Info   :Zeepkist GTR] 18:39:58 Creating resource
[Info   :Zeepkist GTR] 18:39:58 Start processing HTTP request "POST" "https://backend.zeepki.st/auth/refresh"
[Info   :Zeepkist GTR] 18:39:58 Sending HTTP request "POST" "https://backend.zeepki.st/auth/refresh"
[Info   :Zeepkist GTR] 18:39:58 Received HTTP response headers after 359.3334ms - 200
[Info   :Zeepkist GTR] 18:39:58 End processing HTTP request after 359.5975ms - 200
[Info   :Zeepkist GTR] 18:39:58 Start processing HTTP request "POST" "https://backend.zeepki.st/record/submit"
[Info   :Zeepkist GTR] 18:39:58 Sending HTTP request "POST" "https://backend.zeepki.st/record/submit"
[Info   :Zeepkist GTR] 18:39:58 Received HTTP response headers after 318.5931ms - 200
[Info   :Zeepkist GTR] 18:39:58 End processing HTTP request after 318.8321ms - 200
[Info   :Zeepkist Bingo] [BINGO] === PLAYER SPAWNED ===
[Info   :Zeepkist Bingo] [BINGO] IsInActiveSession: False
[Info   :Zeepkist Bingo] [BINGO] Not in active session, skipping timer reset
[Info   :Zeepkist GTR] 18:39:59 Loading personal best...
[Info   :Zeepkist GTR] 18:39:59 Start processing HTTP request "POST" "https://graphql.zeepki.st/"
[Info   :Zeepkist GTR] 18:39:59 Sending HTTP request "POST" "https://graphql.zeepki.st/"
[Info   :Zeepkist GTR] 18:39:59 Stopping existing recorder if any
[Info   :Zeepkist GTR] 18:39:59 Creating new recorder
[Info   :Zeepkist GTR] 18:39:59 Start processing HTTP request "POST" "https://graphql.zeepki.st/"
[Info   :Zeepkist GTR] 18:39:59 Sending HTTP request "POST" "https://graphql.zeepki.st/"
[Info   :Zeepkist GTR] 18:39:59 Start processing HTTP request "POST" "https://graphql.zeepki.st/"
[Info   :Zeepkist GTR] 18:39:59 Sending HTTP request "POST" "https://graphql.zeepki.st/"
[Info   :Zeepkist GTR] 18:39:59 Received HTTP response headers after 184.6829ms - 200
[Info   :Zeepkist GTR] 18:39:59 Received HTTP response headers after 185.2735ms - 200
[Info   :Zeepkist GTR] 18:39:59 End processing HTTP request after 184.9425ms - 200
[Info   :Zeepkist GTR] 18:39:59 End processing HTTP request after 185.5552ms - 200
[Info   :Zeepkist GTR] 18:39:59 Start processing HTTP request "GET" "https://cdn.zeepki.st/ghosts/01KTZ39V3FTWGXW4MCPYT4RD3J.bin"
[Info   :Zeepkist GTR] 18:39:59 Sending HTTP request "GET" "https://cdn.zeepki.st/ghosts/01KTZ39V3FTWGXW4MCPYT4RD3J.bin"
[Info   :Zeepkist GTR] 18:39:59 Received HTTP response headers after 371.5067ms - 200
[Info   :Zeepkist GTR] 18:39:59 End processing HTTP request after 371.7775ms - 200
[Info   :Zeepkist GTR] 18:39:59 Start processing HTTP request "POST" "https://graphql.zeepki.st/"
[Info   :Zeepkist GTR] 18:39:59 Sending HTTP request "POST" "https://graphql.zeepki.st/"
[Info   :Zeepkist GTR] 18:40:00 Received HTTP response headers after 189.3264ms - 200
[Info   :Zeepkist GTR] 18:40:00 End processing HTTP request after 189.6681ms - 200
[Info   :Zeepkist GTR] 18:40:00 Received HTTP response headers after 529.2183ms - 200
[Info   :Zeepkist GTR] 18:40:00 End processing HTTP request after 529.4853ms - 200
[Info   :Zeepkist GTR] 18:40:00 Ghost version: 5
[Info   :Zeepkist GTR] 18:40:01 Starting recorder
[Info   :Zeepkist GTR] 18:40:38 Stopping recorder
[Info   :Zeepkist GTR] 18:40:38 Collecting extra information
[Info   :Zeepkist GTR] 18:40:38 Processing ghost data
[Info   :Zeepkist GTR] 18:40:38 Creating stream
[Info   :Zeepkist GTR] 18:40:38 Writing to stream
[Info   :Zeepkist GTR] 18:40:38 Closing stream
[Info   :Zeepkist GTR] 18:40:38 Getting buffer
[Info   :Zeepkist GTR] 18:40:38 Converting to base64
[Info   :Zeepkist GTR] 18:40:38 Creating resource
[Info   :Zeepkist GTR] 18:40:38 Start processing HTTP request "POST" "https://backend.zeepki.st/auth/refresh"
[Info   :Zeepkist GTR] 18:40:38 Sending HTTP request "POST" "https://backend.zeepki.st/auth/refresh"
[Info   :Zeepkist Bingo] [BINGO] === PLAYER SPAWNED ===
[Info   :Zeepkist Bingo] [BINGO] IsInActiveSession: False
[Info   :Zeepkist Bingo] [BINGO] Not in active session, skipping timer reset
[Info   :Zeepkist GTR] 18:40:40 Loading personal best...
[Info   :Zeepkist GTR] 18:40:40 Start processing HTTP request "POST" "https://graphql.zeepki.st/"
[Info   :Zeepkist GTR] 18:40:40 Sending HTTP request "POST" "https://graphql.zeepki.st/"
[Info   :Zeepkist GTR] 18:40:40 Stopping existing recorder if any
[Info   :Zeepkist GTR] 18:40:40 Creating new recorder
[Info   :Zeepkist GTR] 18:40:40 Start processing HTTP request "POST" "https://graphql.zeepki.st/"
[Info   :Zeepkist GTR] 18:40:40 Sending HTTP request "POST" "https://graphql.zeepki.st/"
[Info   :Zeepkist GTR] 18:40:40 Start processing HTTP request "POST" "https://graphql.zeepki.st/"
[Info   :Zeepkist GTR] 18:40:40 Sending HTTP request "POST" "https://graphql.zeepki.st/"
[Info   :Zeepkist GTR] 18:40:40 Received HTTP response headers after 199.1948ms - 200
[Info   :Zeepkist GTR] 18:40:40 End processing HTTP request after 199.4442ms - 200
[Info   :Zeepkist GTR] 18:40:40 Ghost version: 5
[Info   :Zeepkist GTR] 18:40:40 Received HTTP response headers after 367.3493ms - 200
[Info   :Zeepkist GTR] 18:40:40 End processing HTTP request after 367.6347ms - 200
[Info   :Zeepkist GTR] 18:40:40 Received HTTP response headers after 398.5828ms - 200
[Info   :Zeepkist GTR] 18:40:40 End processing HTTP request after 398.9429ms - 200
[Info   :Zeepkist GTR] 18:40:40 Start processing HTTP request "POST" "https://graphql.zeepki.st/"
[Info   :Zeepkist GTR] 18:40:40 Sending HTTP request "POST" "https://graphql.zeepki.st/"
[Info   :Zeepkist GTR] 18:40:40 Received HTTP response headers after 177.5898ms - 200
[Info   :Zeepkist GTR] 18:40:40 End processing HTTP request after 177.926ms - 200
[Info   :Zeepkist GTR] 18:40:41 Starting recorder
[Info   :Zeepkist GTR] 18:40:42 Received HTTP response headers after 3796.8003ms - 200
[Info   :Zeepkist GTR] 18:40:42 End processing HTTP request after 3797.1079ms - 200
[Info   :Zeepkist GTR] 18:40:42 Start processing HTTP request "POST" "https://backend.zeepki.st/record/submit"
[Info   :Zeepkist GTR] 18:40:42 Sending HTTP request "POST" "https://backend.zeepki.st/record/submit"
[Info   :Zeepkist GTR] 18:40:42 Received HTTP response headers after 325.0195ms - 200
[Info   :Zeepkist GTR] 18:40:42 End processing HTTP request after 325.3661ms - 200
[Info   :Zeepkist Bingo] [CHAT] Intercepted message: !cotd start cup
[Info   :Zeepkist Bingo] [CHAT] Not relaying - no bingo session
[Info   :Zeepkist Bingo] [BINGO] === PLAYER SPAWNED ===
[Info   :Zeepkist Bingo] [BINGO] IsInActiveSession: False
[Info   :Zeepkist Bingo] [BINGO] Not in active session, skipping timer reset
[Info   :Zeepkist GTR] 18:41:00 Loading personal best...
[Info   :Zeepkist GTR] 18:41:00 Start processing HTTP request "POST" "https://graphql.zeepki.st/"
[Info   :Zeepkist GTR] 18:41:00 Sending HTTP request "POST" "https://graphql.zeepki.st/"
[Info   :Zeepkist GTR] 18:41:00 Stopping existing recorder if any
[Info   :Zeepkist GTR] 18:41:00 Creating new recorder
[Info   :Zeepkist GTR] 18:41:00 Start processing HTTP request "POST" "https://graphql.zeepki.st/"
[Info   :Zeepkist GTR] 18:41:00 Sending HTTP request "POST" "https://graphql.zeepki.st/"
[Info   :Zeepkist GTR] 18:41:00 Start processing HTTP request "POST" "https://graphql.zeepki.st/"
[Info   :Zeepkist GTR] 18:41:00 Sending HTTP request "POST" "https://graphql.zeepki.st/"
[Info   :Zeepkist GTR] 18:41:01 Received HTTP response headers after 305.1301ms - 200
[Info   :Zeepkist GTR] 18:41:01 End processing HTTP request after 305.3476ms - 200
[Info   :Zeepkist GTR] 18:41:01 Received HTTP response headers after 321.86ms - 200
[Info   :Zeepkist GTR] 18:41:01 End processing HTTP request after 322.097ms - 200
[Info   :Zeepkist GTR] 18:41:01 Start processing HTTP request "GET" "https://cdn.zeepki.st/ghosts/01KTZ3B62NKQTQKAWKEANHWWX4.bin"
[Info   :Zeepkist GTR] 18:41:01 Sending HTTP request "GET" "https://cdn.zeepki.st/ghosts/01KTZ3B62NKQTQKAWKEANHWWX4.bin"
[Info   :Zeepkist GTR] 18:41:01 Received HTTP response headers after 454.8994ms - 200
[Info   :Zeepkist GTR] 18:41:01 End processing HTTP request after 455.2044ms - 200
[Info   :Zeepkist GTR] 18:41:01 Start processing HTTP request "POST" "https://graphql.zeepki.st/"
[Info   :Zeepkist GTR] 18:41:01 Sending HTTP request "POST" "https://graphql.zeepki.st/"
[Info   :Zeepkist GTR] 18:41:01 Received HTTP response headers after 175.5809ms - 200
[Info   :Zeepkist GTR] 18:41:01 End processing HTTP request after 175.907ms - 200
[Info   :Zeepkist GTR] 18:41:01 Received HTTP response headers after 485.6666ms - 200
[Info   :Zeepkist GTR] 18:41:01 End processing HTTP request after 486.0423ms - 200
[Info   :Zeepkist GTR] 18:41:01 Ghost version: 5
[Info   :Zeepkist GTR] 18:41:02 Starting recorder
[Info   :Zeepkist Bingo] [CHAT] Intercepted message: !cotd startcup
[Info   :Zeepkist Bingo] [CHAT] Not relaying - no bingo session
[Info   :COTDTracker] Starting cup with exclude list: 
[Info   :Zeepkist Bingo] [BINGO] === PLAYER SPAWNED ===
[Info   :Zeepkist Bingo] [BINGO] IsInActiveSession: False
[Info   :Zeepkist Bingo] [BINGO] Not in active session, skipping timer reset
[Info   :Zeepkist GTR] 18:41:20 Loading personal best...
[Info   :Zeepkist GTR] 18:41:20 Start processing HTTP request "POST" "https://graphql.zeepki.st/"
[Info   :Zeepkist GTR] 18:41:20 Sending HTTP request "POST" "https://graphql.zeepki.st/"
[Info   :Zeepkist GTR] 18:41:20 Stopping existing recorder if any
[Info   :Zeepkist GTR] 18:41:20 Creating new recorder
[Info   :Zeepkist GTR] 18:41:20 Start processing HTTP request "POST" "https://graphql.zeepki.st/"
[Info   :Zeepkist GTR] 18:41:20 Sending HTTP request "POST" "https://graphql.zeepki.st/"
[Info   :Zeepkist GTR] 18:41:20 Start processing HTTP request "POST" "https://graphql.zeepki.st/"
[Info   :Zeepkist GTR] 18:41:20 Sending HTTP request "POST" "https://graphql.zeepki.st/"
[Info   :Zeepkist GTR] 18:41:21 Received HTTP response headers after 206.6668ms - 200
[Info   :Zeepkist GTR] 18:41:21 Received HTTP response headers after 205.9583ms - 200
[Info   :Zeepkist GTR] 18:41:21 End processing HTTP request after 206.9681ms - 200
[Info   :Zeepkist GTR] 18:41:21 End processing HTTP request after 206.2669ms - 200
[Info   :Zeepkist GTR] 18:41:21 Ghost version: 5
[Info   :Zeepkist GTR] 18:41:21 Received HTTP response headers after 402.666ms - 200
[Info   :Zeepkist GTR] 18:41:21 End processing HTTP request after 402.9529ms - 200
[Info   :Zeepkist GTR] 18:41:21 Start processing HTTP request "POST" "https://graphql.zeepki.st/"
[Info   :Zeepkist GTR] 18:41:21 Sending HTTP request "POST" "https://graphql.zeepki.st/"
[Info   :Zeepkist GTR] 18:41:21 Received HTTP response headers after 195.7278ms - 200
[Info   :Zeepkist GTR] 18:41:21 End processing HTTP request after 196.0518ms - 200
[Info   :Zeepkist GTR] 18:41:22 Starting recorder
[Info   :Zeepkist Bingo] [BINGO] === PLAYER SPAWNED ===
[Info   :Zeepkist Bingo] [BINGO] IsInActiveSession: False
[Info   :Zeepkist Bingo] [BINGO] Not in active session, skipping timer reset
[Info   :Zeepkist GTR] 18:41:39 Loading personal best...
[Info   :Zeepkist GTR] 18:41:39 Start processing HTTP request "POST" "https://graphql.zeepki.st/"
[Info   :Zeepkist GTR] 18:41:39 Sending HTTP request "POST" "https://graphql.zeepki.st/"
[Info   :Zeepkist GTR] 18:41:39 Stopping existing recorder if any
[Info   :Zeepkist GTR] 18:41:39 Creating new recorder
[Info   :Zeepkist GTR] 18:41:39 Start processing HTTP request "POST" "https://graphql.zeepki.st/"
[Info   :Zeepkist GTR] 18:41:39 Sending HTTP request "POST" "https://graphql.zeepki.st/"
[Info   :Zeepkist GTR] 18:41:39 Start processing HTTP request "POST" "https://graphql.zeepki.st/"
[Info   :Zeepkist GTR] 18:41:39 Sending HTTP request "POST" "https://graphql.zeepki.st/"
[Info   :Zeepkist GTR] 18:41:39 Received HTTP response headers after 190.7504ms - 200
[Info   :Zeepkist GTR] 18:41:39 End processing HTTP request after 191.0478ms - 200
[Info   :Zeepkist GTR] 18:41:39 Received HTTP response headers after 191.616ms - 200
[Info   :Zeepkist GTR] 18:41:39 End processing HTTP request after 191.9112ms - 200
[Info   :Zeepkist GTR] 18:41:39 Ghost version: 5
[Info   :Zeepkist GTR] 18:41:39 Received HTTP response headers after 392.3411ms - 200
[Info   :Zeepkist GTR] 18:41:39 End processing HTTP request after 392.5723ms - 200
[Info   :Zeepkist GTR] 18:41:39 Start processing HTTP request "POST" "https://graphql.zeepki.st/"
[Info   :Zeepkist GTR] 18:41:39 Sending HTTP request "POST" "https://graphql.zeepki.st/"
[Info   :Zeepkist GTR] 18:41:40 Received HTTP response headers after 177.9295ms - 200
[Info   :Zeepkist GTR] 18:41:40 End processing HTTP request after 178.1894ms - 200
[Info   :Zeepkist GTR] 18:41:41 Starting recorder
[Info   :Zeepkist GTR] 18:41:45 Discarding recorder
[Info   :COTDTracker] Doing eliminations with leaderboard:
[Info   :COTDTracker] Player Sterben: Time: 36.96948
[Info   :COTDTracker] Player Shattersmith: Time: 37.02444
[Info   :COTDTracker] Player zodiak: Time: 37.39283
[Info   :COTDTracker] Player [ZET] Wheelie: Time: 37.43007
[Info   :COTDTracker] Player [Quac] microways: Time: 37.47421
[Info   :COTDTracker] Player 𝒱V𝑜o𝒾i𝒹d𝒱: Time: 37.48536
[Info   :COTDTracker] Player [ZET]Stick: Time: 37.53283
[Info   :COTDTracker] Player Minkus: Time: 37.69376
[Info   :COTDTracker] Player Noxitu: Time: 37.70307
[Info   :COTDTracker] Player Tudge Boat: Time: 37.71277
[Info   :COTDTracker] Player wunderBarr: Time: 37.75328
[Info   :COTDTracker] Player pannekoekbijter: Time: 37.90403
[Info   :COTDTracker] Player Savage Package: Time: 38.17377
[Info   :COTDTracker] Player Azrael: Time: 38.22396
[Info   :COTDTracker] Player brrryy: Time: 38.23578
[Info   :COTDTracker] Player [CTR]Lamp: Time: 38.35777
[Info   :COTDTracker] Player [ZET]maskeddog: Time: 38.39319
[Info   :COTDTracker] Player Samueras: Time: 38.534
[Info   :COTDTracker] Player BrickEdwards: Time: 39.03044
[Info   :COTDTracker] Player cucumis conditus solacii animi: Time: 39.08268
[Info   :COTDTracker] Player SuperHeavy: Time: 39.17559
[Info   :COTDTracker] Player Player 1st: Time: 39.19247
[Info   :COTDTracker] Player [AUz] bjenk4: Time: 39.7466
[Info   :COTDTracker] Player [ZET]vectortrajector: Time: 40.20381
[Info   :COTDTracker] Player SkyPromp: Time: 40.69779
[Info   :COTDTracker] Player aizpun: Time: DNF
[Info   :COTDTracker] Player N1ghtH4WkEd: Time: DNF
[Info   :COTDTracker] Running update tab leaderboard function
[Info   :COTDTracker] Kicking eliminated players
[Info   :Zeepkist Bingo] [BINGO] Level loaded
[Info   :BetterSplits] getting gtr splits
[Info   :Zeepkist Bingo] [BINGO] === PLAYER SPAWNED ===
[Info   :Zeepkist Bingo] [BINGO] IsInActiveSession: False
[Info   :Zeepkist Bingo] [BINGO] Not in active session, skipping timer reset
[Info   :Zeepkist GTR] 18:42:00 Loading personal best...
[Info   :Zeepkist GTR] 18:42:00 Start processing HTTP request "POST" "https://graphql.zeepki.st/"
[Info   :Zeepkist GTR] 18:42:00 Sending HTTP request "POST" "https://graphql.zeepki.st/"
[Info   :Zeepkist GTR] 18:42:00 Stopping existing recorder if any
[Info   :Zeepkist GTR] 18:42:00 Creating new recorder
[Info   :Zeepkist GTR] 18:42:00 Start processing HTTP request "POST" "https://graphql.zeepki.st/"
[Info   :Zeepkist GTR] 18:42:00 Sending HTTP request "POST" "https://graphql.zeepki.st/"
[Info   :Zeepkist GTR] 18:42:00 Start processing HTTP request "POST" "https://graphql.zeepki.st/"
[Info   :Zeepkist GTR] 18:42:00 Sending HTTP request "POST" "https://graphql.zeepki.st/"
[Info   :Zeepkist GTR] 18:42:00 Received HTTP response headers after 217.5921ms - 200
[Info   :Zeepkist GTR] 18:42:00 End processing HTTP request after 217.92ms - 200
[Info   :Zeepkist GTR] 18:42:00 Received HTTP response headers after 240.4419ms - 200
[Info   :Zeepkist GTR] 18:42:00 End processing HTTP request after 240.7999ms - 200
[Info   :Zeepkist GTR] 18:42:00 Ghost version: 5
[Error  :BetterSplits] could not get splits
Response: StatusCode: 400, ReasonPhrase: 'Bad Request', Version: 1.1, Content: System.Net.Http.StreamContent, Headers:
{
Date: Fri, 12 Jun 2026 23:42:01 GMT
Connection: keep-alive
Access-Control-Allow-Headers: Origin, X-Requested-With, Accept, Authorization, X-Apollo-Tracing, Content-Type, Content-Length, X-PostGraphile-Explain
Access-Control-Allow-Methods: HEAD, GET, POST
Access-Control-Allow-Origin: *
Access-Control-Expose-Headers: X-GraphQL-Event-Stream
Alt-Svc: h3=":443"; ma=86400
Vary: Origin
Via: 1.1 Caddy
X-Graphql-Event-Stream: /stream
X-Query-Cost: 115
Cf-Cache-Status: DYNAMIC
x-xss-protection: 1; mode=block
Strict-Transport-Security: max-age=15552000; includeSubDomains; preload
x-content-type-options: nosniff
Server-Timing: cfCacheStatus;desc="DYNAMIC", cfEdge;dur=27,cfOrigin;dur=140
Report-To: {"group":"cf-nel","max_age":604800,"endpoints":[{"url":"https://a.nel.cloudflare.com/report/v4?s=WRYY5H7WZUqK9tHzFx5FLxMmU7hIqT86v8jOrSTUTW4SLZ8Mu427ohsVQAiQgT5NcxbZJzQTl0xP9QCwvTx585cG73fQfUn5RCM8efo1PGJPbiWy5UA2Ej18pk7bywLGNy9RpyLcIvQDyXXxadOV7g%3D%3D"}]}
Nel: {"report_to":"cf-nel","success_fraction":0.0,"max_age":604800}
expect-ct: max-age=86400, enforce
referrer-policy: same-origin
x-frame-options: SAMEORIGIN
Server: cloudflare
CF-RAY: a0acb5a9ab13a203-MSP
Content-Type: application/json; charset=utf-8
Content-Length: 172
} 
Content: {"errors":[{"message":"Cannot query field \"personalBestGlobalsByIdLevel\" on type \"Level\". Did you mean \"personalBestGlobals\"?","locations":[{"line":1,"column":87}]}]}
Url: https://graphql.zeepki.st
Request: {"query":"query BetterSplitsPB($hash: String!, $steamId: BigFloat) { levelByHash(hash: $hash) { personalBestGlobalsByIdLevel(filter: {userByIdUser: {steamId: {equalTo: $steamId}}}) { nodes { recordByIdRecord { speeds splits time }}}}}","variables":{"hash":"61C40515572C4BF0409F66D7FF1DF07B7581B487-3","steamId":"76561199218214543"}}
[Info   :Zeepkist GTR] 18:42:00 Received HTTP response headers after 400.2441ms - 200
[Info   :Zeepkist GTR] 18:42:00 End processing HTTP request after 400.588ms - 200
[Info   :Zeepkist GTR] 18:42:00 Start processing HTTP request "POST" "https://graphql.zeepki.st/"
[Info   :Zeepkist GTR] 18:42:00 Sending HTTP request "POST" "https://graphql.zeepki.st/"
[Info   :Zeepkist GTR] 18:42:00 Received HTTP response headers after 171.1708ms - 200
[Info   :Zeepkist GTR] 18:42:00 End processing HTTP request after 171.4783ms - 200
[Info   :COTDTracker] Running update tab leaderboard function
[Info   :Zeepkist GTR] 18:42:01 Starting recorder
[Info   :Zeepkist GTR] 18:42:40 Stopping recorder
[Info   :Zeepkist GTR] 18:42:40 Collecting extra information
[Info   :Zeepkist GTR] 18:42:40 Processing ghost data
[Info   :Zeepkist GTR] 18:42:40 Creating stream
[Info   :Zeepkist GTR] 18:42:40 Writing to stream
[Info   :Zeepkist GTR] 18:42:40 Closing stream
[Info   :Zeepkist GTR] 18:42:40 Getting buffer
[Info   :Zeepkist GTR] 18:42:40 Converting to base64
[Info   :Zeepkist GTR] 18:42:40 Creating resource
[Info   :Zeepkist GTR] 18:42:40 Start processing HTTP request "POST" "https://backend.zeepki.st/auth/refresh"
[Info   :Zeepkist GTR] 18:42:40 Sending HTTP request "POST" "https://backend.zeepki.st/auth/refresh"
[Info   :Zeepkist GTR] 18:42:40 Received HTTP response headers after 565.9489ms - 200
[Info   :Zeepkist GTR] 18:42:40 End processing HTTP request after 566.3481ms - 200
[Info   :Zeepkist GTR] 18:42:40 Start processing HTTP request "POST" "https://backend.zeepki.st/record/submit"
[Info   :Zeepkist GTR] 18:42:40 Sending HTTP request "POST" "https://backend.zeepki.st/record/submit"
[Info   :Zeepkist GTR] 18:42:41 Received HTTP response headers after 459.4951ms - 200
[Info   :Zeepkist GTR] 18:42:41 End processing HTTP request after 459.7416ms - 200
[Info   :Zeepkist Bingo] [BINGO] === PLAYER SPAWNED ===
[Info   :Zeepkist Bingo] [BINGO] IsInActiveSession: False
[Info   :Zeepkist Bingo] [BINGO] Not in active session, skipping timer reset
[Info   :Zeepkist GTR] 18:42:41 Loading personal best...
[Info   :Zeepkist GTR] 18:42:41 Start processing HTTP request "POST" "https://graphql.zeepki.st/"
[Info   :Zeepkist GTR] 18:42:41 Sending HTTP request "POST" "https://graphql.zeepki.st/"
[Info   :Zeepkist GTR] 18:42:41 Stopping existing recorder if any
[Info   :Zeepkist GTR] 18:42:41 Creating new recorder
[Info   :Zeepkist GTR] 18:42:41 Start processing HTTP request "POST" "https://graphql.zeepki.st/"
[Info   :Zeepkist GTR] 18:42:41 Sending HTTP request "POST" "https://graphql.zeepki.st/"
[Info   :Zeepkist GTR] 18:42:41 Start processing HTTP request "POST" "https://graphql.zeepki.st/"
[Info   :Zeepkist GTR] 18:42:41 Sending HTTP request "POST" "https://graphql.zeepki.st/"
[Info   :Zeepkist GTR] 18:42:41 Received HTTP response headers after 174.661ms - 200
[Info   :Zeepkist GTR] 18:42:41 End processing HTTP request after 174.9068ms - 200
[Info   :Zeepkist GTR] 18:42:41 Received HTTP response headers after 176.1122ms - 200
[Info   :Zeepkist GTR] 18:42:41 End processing HTTP request after 176.3132ms - 200
[Info   :Zeepkist GTR] 18:42:41 Ghost version: 5
[Info   :Zeepkist GTR] 18:42:41 Received HTTP response headers after 340.6806ms - 200
[Info   :Zeepkist GTR] 18:42:41 End processing HTTP request after 340.8882ms - 200
[Info   :Zeepkist GTR] 18:42:41 Start processing HTTP request "POST" "https://graphql.zeepki.st/"
[Info   :Zeepkist GTR] 18:42:41 Sending HTTP request "POST" "https://graphql.zeepki.st/"
[Info   :Zeepkist GTR] 18:42:41 Received HTTP response headers after 176.4384ms - 200
[Info   :Zeepkist GTR] 18:42:41 End processing HTTP request after 176.6843ms - 200
[Info   :Zeepkist GTR] 18:42:43 Starting recorder
[Info   :Zeepkist Bingo] [BINGO] === PLAYER SPAWNED ===
[Info   :Zeepkist Bingo] [BINGO] IsInActiveSession: False
[Info   :Zeepkist Bingo] [BINGO] Not in active session, skipping timer reset
[Info   :Zeepkist GTR] 18:43:17 Loading personal best...
[Info   :Zeepkist GTR] 18:43:17 Start processing HTTP request "POST" "https://graphql.zeepki.st/"
[Info   :Zeepkist GTR] 18:43:17 Sending HTTP request "POST" "https://graphql.zeepki.st/"
[Info   :Zeepkist GTR] 18:43:17 Stopping existing recorder if any
[Info   :Zeepkist GTR] 18:43:17 Creating new recorder
[Info   :Zeepkist GTR] 18:43:17 Start processing HTTP request "POST" "https://graphql.zeepki.st/"
[Info   :Zeepkist GTR] 18:43:17 Sending HTTP request "POST" "https://graphql.zeepki.st/"
[Info   :Zeepkist GTR] 18:43:17 Start processing HTTP request "POST" "https://graphql.zeepki.st/"
[Info   :Zeepkist GTR] 18:43:17 Sending HTTP request "POST" "https://graphql.zeepki.st/"
[Info   :Zeepkist GTR] 18:43:17 Received HTTP response headers after 288.0968ms - 200
[Info   :Zeepkist GTR] 18:43:17 End processing HTTP request after 288.3938ms - 200
[Info   :Zeepkist GTR] 18:43:17 Received HTTP response headers after 302.2756ms - 200
[Info   :Zeepkist GTR] 18:43:17 End processing HTTP request after 302.5349ms - 200
[Info   :Zeepkist GTR] 18:43:17 Ghost version: 5
[Info   :Zeepkist GTR] 18:43:18 Received HTTP response headers after 470.7533ms - 200
[Info   :Zeepkist GTR] 18:43:18 End processing HTTP request after 471.0218ms - 200
[Info   :Zeepkist GTR] 18:43:18 Start processing HTTP request "POST" "https://graphql.zeepki.st/"
[Info   :Zeepkist GTR] 18:43:18 Sending HTTP request "POST" "https://graphql.zeepki.st/"
[Info   :Zeepkist GTR] 18:43:18 Received HTTP response headers after 176.4315ms - 200
[Info   :Zeepkist GTR] 18:43:18 End processing HTTP request after 176.7018ms - 200
[Info   :Zeepkist GTR] 18:43:19 Starting recorder
[Info   :COTDTracker] Running update tab leaderboard function
[Info   :RoundLeaderboardTab] Drawing leaderboard -> forwarding to Instance.DrawTabLeaderboard()
[Info   :ChampionshipLeaderboardTab] Drawing leaderboard -> forwarding to Instance.DrawTabLeaderboard()
[Info   :Zeepkist GTR] 18:43:56 Start processing HTTP request "POST" "https://graphql.zeepki.st/"
[Info   :Zeepkist GTR] 18:43:56 Sending HTTP request "POST" "https://graphql.zeepki.st/"
[Info   :Zeepkist GTR] 18:43:57 Received HTTP response headers after 187.9494ms - 200
[Info   :Zeepkist GTR] 18:43:57 End processing HTTP request after 188.2842ms - 200
[Error  :Zeepkist GTR] 18:43:57 Unobserved task exception
[Info   :COTDTracker] Running update tab leaderboard function
[Info   :RoundLeaderboardTab] Drawing leaderboard -> forwarding to Instance.DrawTabLeaderboard()
[Info   :Zeepkist GTR] 18:44:00 Discarding recorder
[Info   :COTDTracker] Running update tab leaderboard function
[Info   :COTDTracker] Running update tab leaderboard function
[Info   :COTDTracker] Doing eliminations with leaderboard:
[Info   :COTDTracker] Player [ZET]Stick: Time: 36.98985
[Info   :COTDTracker] Player [Quac] microways: Time: 37.196
[Info   :COTDTracker] Player Minkus: Time: 37.2758
[Info   :COTDTracker] Player Sterben: Time: 37.29704
[Info   :COTDTracker] Player zodiak: Time: 37.45755
[Info   :COTDTracker] Player brrryy: Time: 37.74786
[Info   :COTDTracker] Player Shattersmith: Time: 37.81272
[Info   :COTDTracker] Player wunderBarr: Time: 37.85514
[Info   :COTDTracker] Player Noxitu: Time: 37.98698
[Info   :COTDTracker] Player [CTR]Lamp: Time: 38.06173
[Info   :COTDTracker] Player Samueras: Time: 38.08057
[Info   :COTDTracker] Player Tudge Boat: Time: 38.08083
[Info   :COTDTracker] Player pannekoekbijter: Time: 38.27932
[Info   :COTDTracker] Player Player 1st: Time: 38.3211
[Info   :COTDTracker] Player Savage Package: Time: 38.32117
[Info   :COTDTracker] Player [ZET] Wheelie: Time: 38.35712
[Info   :COTDTracker] Player SuperHeavy: Time: 38.54388
[Info   :COTDTracker] Player Azrael: Time: 38.58008
[Info   :COTDTracker] Player BrickEdwards: Time: 38.79429
[Info   :COTDTracker] Player cucumis conditus solacii animi: Time: 38.97737
[Info   :COTDTracker] Player [ZET]maskeddog: Time: 39.02905
[Info   :COTDTracker] Player N1ghtH4WkEd: Time: 40.14283
[Info   :COTDTracker] Player [AUz] bjenk4: Time: 40.85019
[Info   :COTDTracker] Player SkyPromp: Time: 42.15634
[Info   :COTDTracker] Player 𝒱V𝑜o𝒾i𝒹d𝒱: Time: DNF
[Info   :COTDTracker] Player [ZET]vectortrajector: Time: DNF
[Info   :COTDTracker] Player aizpun: Time: DNF
[Info   :COTDTracker] Eliminating DNF: aizpun
[Info   :COTDTracker] Eliminating DNF: [ZET]vectortrajector
[Info   :COTDTracker] Eliminating DNF: 𝒱V𝑜o𝒾i𝒹d𝒱
[Info   :COTDTracker] Eliminated 3 DNF players
[Info   :COTDTracker] Eliminating on time: SkyPromp
[Info   :COTDTracker] Eliminating 4 players: 
[Info   :COTDTracker] aizpun
[Info   :COTDTracker] [ZET]vectortrajector
[Info   :COTDTracker] 𝒱V𝑜o𝒾i𝒹d𝒱
[Info   :COTDTracker] SkyPromp
[Info   :COTDTracker] Running update tab leaderboard function
[Info   :COTDTracker] Kicking eliminated players
[Info   :Zeepkist Bingo] [BINGO] Level loaded
[Info   :BetterSplits] getting gtr splits
[Info   :Zeepkist Bingo] [BINGO] === PLAYER SPAWNED ===
[Info   :Zeepkist Bingo] [BINGO] IsInActiveSession: False
[Info   :Zeepkist Bingo] [BINGO] Not in active session, skipping timer reset
[Info   :Zeepkist GTR] 18:44:14 Loading personal best...
[Info   :Zeepkist GTR] 18:44:14 Start processing HTTP request "POST" "https://graphql.zeepki.st/"
[Info   :Zeepkist GTR] 18:44:14 Sending HTTP request "POST" "https://graphql.zeepki.st/"
[Info   :Zeepkist GTR] 18:44:14 Stopping existing recorder if any
[Info   :Zeepkist GTR] 18:44:14 Creating new recorder
[Info   :Zeepkist GTR] 18:44:14 Start processing HTTP request "POST" "https://graphql.zeepki.st/"
[Info   :Zeepkist GTR] 18:44:14 Sending HTTP request "POST" "https://graphql.zeepki.st/"
[Info   :Zeepkist GTR] 18:44:14 Start processing HTTP request "POST" "https://graphql.zeepki.st/"
[Info   :Zeepkist GTR] 18:44:14 Sending HTTP request "POST" "https://graphql.zeepki.st/"
[Info   :Zeepkist GTR] 18:44:14 Received HTTP response headers after 209.1472ms - 200
[Info   :Zeepkist GTR] 18:44:14 Received HTTP response headers after 209.784ms - 200
[Info   :Zeepkist GTR] 18:44:14 End processing HTTP request after 209.4069ms - 200
[Info   :Zeepkist GTR] 18:44:14 End processing HTTP request after 210.0525ms - 200
[Info   :Zeepkist GTR] 18:44:14 Ghost version: 5
[Error  :BetterSplits] could not get splits
Response: StatusCode: 400, ReasonPhrase: 'Bad Request', Version: 1.1, Content: System.Net.Http.StreamContent, Headers:
{
Date: Fri, 12 Jun 2026 23:44:15 GMT
Connection: keep-alive
Access-Control-Allow-Headers: Origin, X-Requested-With, Accept, Authorization, X-Apollo-Tracing, Content-Type, Content-Length, X-PostGraphile-Explain
Access-Control-Allow-Methods: HEAD, GET, POST
Access-Control-Allow-Origin: *
Access-Control-Expose-Headers: X-GraphQL-Event-Stream
Alt-Svc: h3=":443"; ma=86400
Vary: Origin
Via: 1.1 Caddy
X-Graphql-Event-Stream: /stream
X-Query-Cost: 115
Cf-Cache-Status: DYNAMIC
x-xss-protection: 1; mode=block
Strict-Transport-Security: max-age=15552000; includeSubDomains; preload
x-content-type-options: nosniff
Server-Timing: cfCacheStatus;desc="DYNAMIC", cfEdge;dur=17,cfOrigin;dur=138
Report-To: {"group":"cf-nel","max_age":604800,"endpoints":[{"url":"https://a.nel.cloudflare.com/report/v4?s=buu78UhhTBvQ67tS%2FTXMAyRqxSWzYLF2xiyn9lxIK5tcvZ%2BW885MjeAFP8WL017rXaojwY1uE2GntTYOIjKmjRFuMuHGIp5BujMJZruTVC%2FTBL8EMJaZYCsbK5ykPV7KOTNLFzWZmqRyRwrcTks1UQ%3D%3D"}]}
Nel: {"report_to":"cf-nel","success_fraction":0.0,"max_age":604800}
expect-ct: max-age=86400, enforce
referrer-policy: same-origin
x-frame-options: SAMEORIGIN
Server: cloudflare
CF-RAY: a0acb8f2e81aad08-MSP
Content-Type: application/json; charset=utf-8
Content-Length: 172
} 
Content: {"errors":[{"message":"Cannot query field \"personalBestGlobalsByIdLevel\" on type \"Level\". Did you mean \"personalBestGlobals\"?","locations":[{"line":1,"column":87}]}]}
Url: https://graphql.zeepki.st
Request: {"query":"query BetterSplitsPB($hash: String!, $steamId: BigFloat) { levelByHash(hash: $hash) { personalBestGlobalsByIdLevel(filter: {userByIdUser: {steamId: {equalTo: $steamId}}}) { nodes { recordByIdRecord { speeds splits time }}}}}","variables":{"hash":"61C40515572C4BF0409F66D7FF1DF07B7581B487-3","steamId":"76561199218214543"}}
[Info   :Zeepkist GTR] 18:44:15 Received HTTP response headers after 396.091ms - 200
[Info   :Zeepkist GTR] 18:44:15 End processing HTTP request after 396.3408ms - 200
[Info   :Zeepkist GTR] 18:44:15 Start processing HTTP request "POST" "https://graphql.zeepki.st/"
[Info   :Zeepkist GTR] 18:44:15 Sending HTTP request "POST" "https://graphql.zeepki.st/"
[Info   :Zeepkist GTR] 18:44:15 Received HTTP response headers after 166.5175ms - 200
[Info   :Zeepkist GTR] 18:44:15 End processing HTTP request after 166.7722ms - 200
[Info   :Zeepkist Bingo] [CHAT] Intercepted message: 4 players eliminated: aizpun, [ZET]vectortrajector, 𝒱V𝑜o𝒾i𝒹d𝒱, SkyPromp
[Info   :Zeepkist Bingo] [CHAT] Not relaying - no bingo session
[Info   :Zeepkist GTR] 18:44:16 Starting recorder
[Info   :Zeepkist GTR] 18:44:54 Stopping recorder
[Info   :Zeepkist GTR] 18:44:54 Collecting extra information
[Info   :Zeepkist GTR] 18:44:54 Processing ghost data
[Info   :Zeepkist GTR] 18:44:54 Creating stream
[Info   :Zeepkist GTR] 18:44:54 Writing to stream
[Info   :Zeepkist GTR] 18:44:54 Closing stream
[Info   :Zeepkist GTR] 18:44:54 Getting buffer
[Info   :Zeepkist GTR] 18:44:54 Converting to base64
[Info   :Zeepkist GTR] 18:44:54 Creating resource
[Info   :Zeepkist GTR] 18:44:54 Start processing HTTP request "POST" "https://backend.zeepki.st/auth/refresh"
[Info   :Zeepkist GTR] 18:44:54 Sending HTTP request "POST" "https://backend.zeepki.st/auth/refresh"
[Info   :Zeepkist GTR] 18:44:55 Received HTTP response headers after 692.0278ms - 200
[Info   :Zeepkist GTR] 18:44:55 End processing HTTP request after 692.2874ms - 200
[Info   :Zeepkist GTR] 18:44:55 Start processing HTTP request "POST" "https://backend.zeepki.st/record/submit"
[Info   :Zeepkist GTR] 18:44:55 Sending HTTP request "POST" "https://backend.zeepki.st/record/submit"
[Info   :Zeepkist Bingo] [BINGO] === PLAYER SPAWNED ===
[Info   :Zeepkist Bingo] [BINGO] IsInActiveSession: False
[Info   :Zeepkist Bingo] [BINGO] Not in active session, skipping timer reset
[Info   :Zeepkist GTR] 18:44:55 Loading personal best...
[Info   :Zeepkist GTR] 18:44:55 Start processing HTTP request "POST" "https://graphql.zeepki.st/"
[Info   :Zeepkist GTR] 18:44:55 Sending HTTP request "POST" "https://graphql.zeepki.st/"
[Info   :Zeepkist GTR] 18:44:55 Stopping existing recorder if any
[Info   :Zeepkist GTR] 18:44:55 Creating new recorder
[Info   :Zeepkist GTR] 18:44:55 Start processing HTTP request "POST" "https://graphql.zeepki.st/"
[Info   :Zeepkist GTR] 18:44:55 Sending HTTP request "POST" "https://graphql.zeepki.st/"
[Info   :Zeepkist GTR] 18:44:55 Start processing HTTP request "POST" "https://graphql.zeepki.st/"
[Info   :Zeepkist GTR] 18:44:55 Sending HTTP request "POST" "https://graphql.zeepki.st/"
[Info   :Zeepkist GTR] 18:44:55 Received HTTP response headers after 420.3539ms - 200
[Info   :Zeepkist GTR] 18:44:55 End processing HTTP request after 420.6171ms - 200
[Info   :Zeepkist GTR] 18:44:55 Received HTTP response headers after 186.0354ms - 200
[Info   :Zeepkist GTR] 18:44:55 Received HTTP response headers after 186.6547ms - 200
[Info   :Zeepkist GTR] 18:44:55 End processing HTTP request after 186.2692ms - 200
[Info   :Zeepkist GTR] 18:44:55 End processing HTTP request after 186.9911ms - 200
[Info   :Zeepkist GTR] 18:44:55 Ghost version: 5
[Info   :Zeepkist GTR] 18:44:55 Received HTTP response headers after 361.379ms - 200
[Info   :Zeepkist GTR] 18:44:55 End processing HTTP request after 361.5876ms - 200
[Info   :Zeepkist GTR] 18:44:55 Start processing HTTP request "POST" "https://graphql.zeepki.st/"
[Info   :Zeepkist GTR] 18:44:55 Sending HTTP request "POST" "https://graphql.zeepki.st/"
[Info   :Zeepkist GTR] 18:44:55 Received HTTP response headers after 183.8692ms - 200
[Info   :Zeepkist GTR] 18:44:55 End processing HTTP request after 184.1371ms - 200
[Info   :Zeepkist GTR] 18:44:57 Starting recorder
[Info   :Zeepkist GTR] 18:45:34 Stopping recorder
[Info   :Zeepkist GTR] 18:45:34 Collecting extra information
[Info   :Zeepkist GTR] 18:45:34 Processing ghost data
[Info   :Zeepkist GTR] 18:45:34 Creating stream
[Info   :Zeepkist GTR] 18:45:34 Writing to stream
[Info   :Zeepkist GTR] 18:45:34 Closing stream
[Info   :Zeepkist GTR] 18:45:34 Getting buffer
[Info   :Zeepkist GTR] 18:45:34 Converting to base64
[Info   :Zeepkist GTR] 18:45:34 Creating resource
[Info   :Zeepkist GTR] 18:45:34 Start processing HTTP request "POST" "https://backend.zeepki.st/auth/refresh"
[Info   :Zeepkist GTR] 18:45:34 Sending HTTP request "POST" "https://backend.zeepki.st/auth/refresh"
[Info   :Zeepkist GTR] 18:45:35 Received HTTP response headers after 315.2281ms - 200
[Info   :Zeepkist GTR] 18:45:35 End processing HTTP request after 315.4909ms - 200
[Info   :Zeepkist GTR] 18:45:35 Start processing HTTP request "POST" "https://backend.zeepki.st/record/submit"
[Info   :Zeepkist GTR] 18:45:35 Sending HTTP request "POST" "https://backend.zeepki.st/record/submit"
[Info   :Zeepkist GTR] 18:45:35 Received HTTP response headers after 321.3472ms - 200
[Info   :Zeepkist GTR] 18:45:35 End processing HTTP request after 321.6124ms - 200
[Info   :Zeepkist Bingo] [BINGO] === PLAYER SPAWNED ===
[Info   :Zeepkist Bingo] [BINGO] IsInActiveSession: False
[Info   :Zeepkist Bingo] [BINGO] Not in active session, skipping timer reset
[Info   :Zeepkist GTR] 18:45:36 Loading personal best...
[Info   :Zeepkist GTR] 18:45:36 Start processing HTTP request "POST" "https://graphql.zeepki.st/"
[Info   :Zeepkist GTR] 18:45:36 Sending HTTP request "POST" "https://graphql.zeepki.st/"
[Info   :Zeepkist GTR] 18:45:36 Stopping existing recorder if any
[Info   :Zeepkist GTR] 18:45:36 Creating new recorder
[Info   :Zeepkist GTR] 18:45:36 Start processing HTTP request "POST" "https://graphql.zeepki.st/"
[Info   :Zeepkist GTR] 18:45:36 Sending HTTP request "POST" "https://graphql.zeepki.st/"
[Info   :Zeepkist GTR] 18:45:36 Start processing HTTP request "POST" "https://graphql.zeepki.st/"
[Info   :Zeepkist GTR] 18:45:36 Sending HTTP request "POST" "https://graphql.zeepki.st/"
[Info   :Zeepkist GTR] 18:45:36 Received HTTP response headers after 374.4947ms - 200
[Info   :Zeepkist GTR] 18:45:36 End processing HTTP request after 374.8044ms - 200
[Info   :Zeepkist GTR] 18:45:36 Ghost version: 5
[Info   :Zeepkist GTR] 18:45:36 Received HTTP response headers after 423.6248ms - 200
[Info   :Zeepkist GTR] 18:45:36 End processing HTTP request after 423.8836ms - 200
[Info   :Zeepkist GTR] 18:45:36 Received HTTP response headers after 536.8232ms - 200
[Info   :Zeepkist GTR] 18:45:36 End processing HTTP request after 537.1067ms - 200
[Info   :Zeepkist GTR] 18:45:36 Start processing HTTP request "POST" "https://graphql.zeepki.st/"
[Info   :Zeepkist GTR] 18:45:36 Sending HTTP request "POST" "https://graphql.zeepki.st/"
[Info   :Zeepkist GTR] 18:45:36 Received HTTP response headers after 201.2107ms - 200
[Info   :Zeepkist GTR] 18:45:36 End processing HTTP request after 201.4802ms - 200
[Info   :Zeepkist GTR] 18:45:37 Starting recorder
[Info   :Zeepkist GTR] 18:46:13 Discarding recorder
[Info   :COTDTracker] Doing eliminations with leaderboard:
[Info   :COTDTracker] Player Sterben: Time: 37.17661
[Info   :COTDTracker] Player [ZET]Stick: Time: 37.28598
[Info   :COTDTracker] Player Minkus: Time: 37.39156
[Info   :COTDTracker] Player [ZET] Wheelie: Time: 37.5013
[Info   :COTDTracker] Player zodiak: Time: 37.53922
[Info   :COTDTracker] Player [Quac] microways: Time: 37.63229
[Info   :COTDTracker] Player wunderBarr: Time: 37.81974
[Info   :COTDTracker] Player Tudge Boat: Time: 37.97026
[Info   :COTDTracker] Player [ZET]maskeddog: Time: 38.1012
[Info   :COTDTracker] Player pannekoekbijter: Time: 38.19508
[Info   :COTDTracker] Player [CTR]Lamp: Time: 38.21133
[Info   :COTDTracker] Player Shattersmith: Time: 38.28112
[Info   :COTDTracker] Player Savage Package: Time: 38.29639
[Info   :COTDTracker] Player Azrael: Time: 38.36856
[Info   :COTDTracker] Player Noxitu: Time: 38.42437
[Info   :COTDTracker] Player brrryy: Time: 38.47042
[Info   :COTDTracker] Player SuperHeavy: Time: 38.65525
[Info   :COTDTracker] Player Samueras: Time: 38.7724
[Info   :COTDTracker] Player BrickEdwards: Time: 38.81892
[Info   :COTDTracker] Player Player 1st: Time: DNF
[Info   :COTDTracker] Player cucumis conditus solacii animi: Time: DNF
[Info   :COTDTracker] Player N1ghtH4WkEd: Time: DNF
[Info   :COTDTracker] Player [AUz] bjenk4: Time: DNF
[Info   :COTDTracker] Eliminating DNF: [AUz] bjenk4
[Info   :COTDTracker] Eliminating DNF: N1ghtH4WkEd
[Info   :COTDTracker] Eliminating DNF: cucumis conditus solacii animi
[Info   :COTDTracker] Eliminating DNF: Player 1st
[Info   :COTDTracker] Eliminated 4 DNF players
[Info   :COTDTracker] Eliminating 4 players: 
[Info   :COTDTracker] [AUz] bjenk4
[Info   :COTDTracker] N1ghtH4WkEd
[Info   :COTDTracker] cucumis conditus solacii animi
[Info   :COTDTracker] Player 1st
[Info   :COTDTracker] Kicking eliminated players
[Info   :Zeepkist Bingo] [BINGO] Level loaded
[Info   :BetterSplits] getting gtr splits
[Info   :Zeepkist Bingo] [BINGO] === PLAYER SPAWNED ===
[Info   :Zeepkist Bingo] [BINGO] IsInActiveSession: False
[Info   :Zeepkist Bingo] [BINGO] Not in active session, skipping timer reset
[Info   :Zeepkist GTR] 18:46:27 Loading personal best...
[Info   :Zeepkist GTR] 18:46:27 Start processing HTTP request "POST" "https://graphql.zeepki.st/"
[Info   :Zeepkist GTR] 18:46:27 Sending HTTP request "POST" "https://graphql.zeepki.st/"
[Info   :Zeepkist GTR] 18:46:27 Stopping existing recorder if any
[Info   :Zeepkist GTR] 18:46:27 Creating new recorder
[Info   :Zeepkist GTR] 18:46:27 Start processing HTTP request "POST" "https://graphql.zeepki.st/"
[Info   :Zeepkist GTR] 18:46:27 Sending HTTP request "POST" "https://graphql.zeepki.st/"
[Info   :Zeepkist GTR] 18:46:27 Start processing HTTP request "POST" "https://graphql.zeepki.st/"
[Info   :Zeepkist GTR] 18:46:27 Sending HTTP request "POST" "https://graphql.zeepki.st/"
[Info   :Zeepkist GTR] 18:46:27 Received HTTP response headers after 206.8417ms - 200
[Info   :Zeepkist GTR] 18:46:27 Received HTTP response headers after 206.2364ms - 200
[Info   :Zeepkist GTR] 18:46:27 End processing HTTP request after 207.1626ms - 200
[Info   :Zeepkist GTR] 18:46:27 End processing HTTP request after 206.4711ms - 200
[Info   :Zeepkist GTR] 18:46:27 Ghost version: 5
[Error  :BetterSplits] could not get splits
Response: StatusCode: 400, ReasonPhrase: 'Bad Request', Version: 1.1, Content: System.Net.Http.StreamContent, Headers:
{
Date: Fri, 12 Jun 2026 23:46:29 GMT
Connection: keep-alive
Access-Control-Allow-Headers: Origin, X-Requested-With, Accept, Authorization, X-Apollo-Tracing, Content-Type, Content-Length, X-PostGraphile-Explain
Access-Control-Allow-Methods: HEAD, GET, POST
Access-Control-Allow-Origin: *
Access-Control-Expose-Headers: X-GraphQL-Event-Stream
Alt-Svc: h3=":443"; ma=86400
Vary: Origin
Via: 1.1 Caddy
X-Graphql-Event-Stream: /stream
X-Query-Cost: 115
Cf-Cache-Status: DYNAMIC
Strict-Transport-Security: max-age=15552000; includeSubDomains; preload
x-content-type-options: nosniff
Server-Timing: cfCacheStatus;desc="DYNAMIC", cfEdge;dur=18,cfOrigin;dur=138
Report-To: {"group":"cf-nel","max_age":604800,"endpoints":[{"url":"https://a.nel.cloudflare.com/report/v4?s=7wDKSGKa4zNBzZeXWa94fouih1ZCqJ%2B1O86AHPsAzf2SMBkTpI0kc9Y9XvZEQR9weHsELoHlfskHoUaKZCBr5D59sdZnACH2gJjfLFFuzHewltjUCYi%2BEAZowp4s8rCfiPPWI6z6kAt6nBWqVh7hjQ%3D%3D"}]}
Nel: {"report_to":"cf-nel","success_fraction":0.0,"max_age":604800}
expect-ct: max-age=86400, enforce
referrer-policy: same-origin
x-frame-options: SAMEORIGIN
x-xss-protection: 1; mode=block
Server: cloudflare
CF-RAY: a0acbc324d5aacf3-MSP
Content-Type: application/json; charset=utf-8
Content-Length: 172
} 
Content: {"errors":[{"message":"Cannot query field \"personalBestGlobalsByIdLevel\" on type \"Level\". Did you mean \"personalBestGlobals\"?","locations":[{"line":1,"column":87}]}]}
Url: https://graphql.zeepki.st
Request: {"query":"query BetterSplitsPB($hash: String!, $steamId: BigFloat) { levelByHash(hash: $hash) { personalBestGlobalsByIdLevel(filter: {userByIdUser: {steamId: {equalTo: $steamId}}}) { nodes { recordByIdRecord { speeds splits time }}}}}","variables":{"hash":"61C40515572C4BF0409F66D7FF1DF07B7581B487-3","steamId":"76561199218214543"}}
[Info   :Zeepkist GTR] 18:46:28 Received HTTP response headers after 402.4908ms - 200
[Info   :Zeepkist GTR] 18:46:28 End processing HTTP request after 402.7236ms - 200
[Info   :Zeepkist GTR] 18:46:28 Start processing HTTP request "POST" "https://graphql.zeepki.st/"
[Info   :Zeepkist GTR] 18:46:28 Sending HTTP request "POST" "https://graphql.zeepki.st/"
[Info   :Zeepkist GTR] 18:46:28 Received HTTP response headers after 177.1809ms - 200
[Info   :Zeepkist GTR] 18:46:28 End processing HTTP request after 177.4468ms - 200
[Info   :Zeepkist Bingo] [CHAT] Intercepted message: 4 players eliminated: [AUz] bjenk4, N1ghtH4WkEd, cucumis conditus solacii animi, Player 1st
[Info   :Zeepkist Bingo] [CHAT] Not relaying - no bingo session
[Info   :Zeepkist GTR] 18:46:29 Starting recorder
[Info   :Zeepkist Bingo] [BINGO] === PLAYER SPAWNED ===
[Info   :Zeepkist Bingo] [BINGO] IsInActiveSession: False
[Info   :Zeepkist Bingo] [BINGO] Not in active session, skipping timer reset
[Info   :Zeepkist GTR] 18:47:05 Loading personal best...
[Info   :Zeepkist GTR] 18:47:05 Start processing HTTP request "POST" "https://graphql.zeepki.st/"
[Info   :Zeepkist GTR] 18:47:05 Sending HTTP request "POST" "https://graphql.zeepki.st/"
[Info   :Zeepkist GTR] 18:47:05 Stopping existing recorder if any
[Info   :Zeepkist GTR] 18:47:05 Creating new recorder
[Info   :Zeepkist GTR] 18:47:05 Start processing HTTP request "POST" "https://graphql.zeepki.st/"
[Info   :Zeepkist GTR] 18:47:05 Sending HTTP request "POST" "https://graphql.zeepki.st/"
[Info   :Zeepkist GTR] 18:47:05 Start processing HTTP request "POST" "https://graphql.zeepki.st/"
[Info   :Zeepkist GTR] 18:47:05 Sending HTTP request "POST" "https://graphql.zeepki.st/"
[Info   :Zeepkist GTR] 18:47:06 Received HTTP response headers after 185.4601ms - 200
[Info   :Zeepkist GTR] 18:47:06 End processing HTTP request after 185.7597ms - 200
[Info   :Zeepkist GTR] 18:47:06 Received HTTP response headers after 193.5459ms - 200
[Info   :Zeepkist GTR] 18:47:06 End processing HTTP request after 193.7774ms - 200
[Info   :Zeepkist GTR] 18:47:06 Ghost version: 5
[Info   :Zeepkist GTR] 18:47:06 Received HTTP response headers after 375.5894ms - 200
[Info   :Zeepkist GTR] 18:47:06 End processing HTTP request after 375.8214ms - 200
[Info   :Zeepkist GTR] 18:47:06 Start processing HTTP request "POST" "https://graphql.zeepki.st/"
[Info   :Zeepkist GTR] 18:47:06 Sending HTTP request "POST" "https://graphql.zeepki.st/"
[Info   :Zeepkist GTR] 18:47:06 Received HTTP response headers after 189.669ms - 200
[Info   :Zeepkist GTR] 18:47:06 End processing HTTP request after 189.9559ms - 200
[Info   :Zeepkist GTR] 18:47:07 Starting recorder
[Info   :Zeepkist GTR] 18:47:45 Stopping recorder
[Info   :Zeepkist GTR] 18:47:45 Collecting extra information
[Info   :Zeepkist GTR] 18:47:45 Processing ghost data
[Info   :Zeepkist GTR] 18:47:45 Creating stream
[Info   :Zeepkist GTR] 18:47:45 Writing to stream
[Info   :Zeepkist GTR] 18:47:45 Closing stream
[Info   :Zeepkist GTR] 18:47:45 Getting buffer
[Info   :Zeepkist GTR] 18:47:45 Converting to base64
[Info   :Zeepkist GTR] 18:47:45 Creating resource
[Info   :Zeepkist GTR] 18:47:45 Start processing HTTP request "POST" "https://backend.zeepki.st/auth/refresh"
[Info   :Zeepkist GTR] 18:47:45 Sending HTTP request "POST" "https://backend.zeepki.st/auth/refresh"
[Info   :Zeepkist GTR] 18:47:46 Received HTTP response headers after 410.9533ms - 200
[Info   :Zeepkist GTR] 18:47:46 End processing HTTP request after 411.2866ms - 200
[Info   :Zeepkist GTR] 18:47:46 Start processing HTTP request "POST" "https://backend.zeepki.st/record/submit"
[Info   :Zeepkist GTR] 18:47:46 Sending HTTP request "POST" "https://backend.zeepki.st/record/submit"
[Info   :Zeepkist GTR] 18:47:46 Received HTTP response headers after 364.6623ms - 200
[Info   :Zeepkist GTR] 18:47:46 End processing HTTP request after 364.8891ms - 200
[Info   :Zeepkist Bingo] [BINGO] === PLAYER SPAWNED ===
[Info   :Zeepkist Bingo] [BINGO] IsInActiveSession: False
[Info   :Zeepkist Bingo] [BINGO] Not in active session, skipping timer reset
[Info   :Zeepkist GTR] 18:47:47 Loading personal best...
[Info   :Zeepkist GTR] 18:47:47 Start processing HTTP request "POST" "https://graphql.zeepki.st/"
[Info   :Zeepkist GTR] 18:47:47 Sending HTTP request "POST" "https://graphql.zeepki.st/"
[Info   :Zeepkist GTR] 18:47:47 Stopping existing recorder if any
[Info   :Zeepkist GTR] 18:47:47 Creating new recorder
[Info   :Zeepkist GTR] 18:47:47 Start processing HTTP request "POST" "https://graphql.zeepki.st/"
[Info   :Zeepkist GTR] 18:47:47 Sending HTTP request "POST" "https://graphql.zeepki.st/"
[Info   :Zeepkist GTR] 18:47:47 Start processing HTTP request "POST" "https://graphql.zeepki.st/"
[Info   :Zeepkist GTR] 18:47:47 Sending HTTP request "POST" "https://graphql.zeepki.st/"
[Info   :Zeepkist GTR] 18:47:47 Received HTTP response headers after 384.8596ms - 200
[Info   :Zeepkist GTR] 18:47:47 End processing HTTP request after 385.0574ms - 200
[Info   :Zeepkist GTR] 18:47:47 Received HTTP response headers after 399.3611ms - 200
[Info   :Zeepkist GTR] 18:47:47 End processing HTTP request after 399.6129ms - 200
[Info   :Zeepkist GTR] 18:47:47 Ghost version: 5
[Info   :Zeepkist GTR] 18:47:47 Received HTTP response headers after 562.1598ms - 200
[Info   :Zeepkist GTR] 18:47:47 End processing HTTP request after 562.4378ms - 200
[Info   :Zeepkist GTR] 18:47:47 Start processing HTTP request "POST" "https://graphql.zeepki.st/"
[Info   :Zeepkist GTR] 18:47:47 Sending HTTP request "POST" "https://graphql.zeepki.st/"
[Info   :Zeepkist GTR] 18:47:47 Received HTTP response headers after 181.054ms - 200
[Info   :Zeepkist GTR] 18:47:47 End processing HTTP request after 181.3249ms - 200
[Info   :Zeepkist GTR] 18:47:48 Starting recorder
[Info   :Zeepkist GTR] 18:48:26 Discarding recorder
[Info   :COTDTracker] Doing eliminations with leaderboard:
[Info   :COTDTracker] Player Sterben: Time: 36.97617
[Info   :COTDTracker] Player Savage Package: Time: 37.32098
[Info   :COTDTracker] Player Minkus: Time: 37.33776
[Info   :COTDTracker] Player [Quac] microways: Time: 37.50552
[Info   :COTDTracker] Player [ZET]Stick: Time: 37.53091
[Info   :COTDTracker] Player wunderBarr: Time: 37.68031
[Info   :COTDTracker] Player zodiak: Time: 37.69622
[Info   :COTDTracker] Player brrryy: Time: 37.78977
[Info   :COTDTracker] Player Tudge Boat: Time: 37.91196
[Info   :COTDTracker] Player Shattersmith: Time: 38.11314
[Info   :COTDTracker] Player [ZET] Wheelie: Time: 38.24658
[Info   :COTDTracker] Player Noxitu: Time: 38.28152
[Info   :COTDTracker] Player pannekoekbijter: Time: 38.34091
[Info   :COTDTracker] Player Azrael: Time: 38.41223
[Info   :COTDTracker] Player BrickEdwards: Time: 38.50287
[Info   :COTDTracker] Player SuperHeavy: Time: 38.83941
[Info   :COTDTracker] Player Samueras: Time: 39.19892
[Info   :COTDTracker] Player [ZET]maskeddog: Time: 39.64162
[Info   :COTDTracker] Player [CTR]Lamp: Time: DNF
[Info   :COTDTracker] Eliminating DNF: [CTR]Lamp
[Info   :COTDTracker] Eliminated 1 DNF players
[Info   :COTDTracker] Eliminating on time: [ZET]maskeddog
[Info   :COTDTracker] Eliminating on time: Samueras
[Info   :COTDTracker] Eliminating on time: SuperHeavy
[Info   :COTDTracker] Eliminating 4 players: 
[Info   :COTDTracker] [CTR]Lamp
[Info   :COTDTracker] [ZET]maskeddog
[Info   :COTDTracker] Samueras
[Info   :COTDTracker] SuperHeavy
[Info   :COTDTracker] Running update tab leaderboard function
[Info   :COTDTracker] Running update tab leaderboard function
[Info   :COTDTracker] Kicking eliminated players
[Info   :Zeepkist Bingo] [BINGO] Level loaded
[Info   :BetterSplits] getting gtr splits
[Info   :Zeepkist Bingo] [BINGO] === PLAYER SPAWNED ===
[Info   :Zeepkist Bingo] [BINGO] IsInActiveSession: False
[Info   :Zeepkist Bingo] [BINGO] Not in active session, skipping timer reset
[Info   :Zeepkist GTR] 18:48:40 Loading personal best...
[Info   :Zeepkist GTR] 18:48:40 Start processing HTTP request "POST" "https://graphql.zeepki.st/"
[Info   :Zeepkist GTR] 18:48:40 Sending HTTP request "POST" "https://graphql.zeepki.st/"
[Info   :Zeepkist GTR] 18:48:40 Stopping existing recorder if any
[Info   :Zeepkist GTR] 18:48:40 Creating new recorder
[Info   :Zeepkist GTR] 18:48:40 Start processing HTTP request "POST" "https://graphql.zeepki.st/"
[Info   :Zeepkist GTR] 18:48:40 Sending HTTP request "POST" "https://graphql.zeepki.st/"
[Info   :Zeepkist GTR] 18:48:40 Start processing HTTP request "POST" "https://graphql.zeepki.st/"
[Info   :Zeepkist GTR] 18:48:40 Sending HTTP request "POST" "https://graphql.zeepki.st/"
[Info   :Zeepkist GTR] 18:48:40 Received HTTP response headers after 240.0186ms - 200
[Info   :Zeepkist GTR] 18:48:40 Received HTTP response headers after 240.6711ms - 200
[Info   :Zeepkist GTR] 18:48:40 End processing HTTP request after 240.2706ms - 200
[Info   :Zeepkist GTR] 18:48:40 End processing HTTP request after 240.9063ms - 200
[Info   :Zeepkist GTR] 18:48:40 Ghost version: 5
[Error  :BetterSplits] could not get splits
Response: StatusCode: 400, ReasonPhrase: 'Bad Request', Version: 1.1, Content: System.Net.Http.StreamContent, Headers:
{
Date: Fri, 12 Jun 2026 23:48:42 GMT
Connection: keep-alive
Access-Control-Allow-Headers: Origin, X-Requested-With, Accept, Authorization, X-Apollo-Tracing, Content-Type, Content-Length, X-PostGraphile-Explain
Access-Control-Allow-Methods: HEAD, GET, POST
Access-Control-Allow-Origin: *
Access-Control-Expose-Headers: X-GraphQL-Event-Stream
Alt-Svc: h3=":443"; ma=86400
Vary: Origin
Via: 1.1 Caddy
X-Graphql-Event-Stream: /stream
X-Query-Cost: 115
Cf-Cache-Status: DYNAMIC
Strict-Transport-Security: max-age=15552000; includeSubDomains; preload
x-content-type-options: nosniff
Server-Timing: cfCacheStatus;desc="DYNAMIC", cfEdge;dur=16,cfOrigin;dur=136
Report-To: {"group":"cf-nel","max_age":604800,"endpoints":[{"url":"https://a.nel.cloudflare.com/report/v4?s=MuB%2Fd3%2BBK%2BUJZ9eH47gH8XuBX%2BZHdvnaqbc0vYf%2Bu2vFHqzWM3DrWJu%2BGmUGYMD0p9wTwzJ7q5y4ovMWh7GDzdmWBNZ6t8LBJtcdlIvht0DAAORJK7ir2HwqXOFqfnXFwRDDHu8wSSp8aB138Zcv7A%3D%3D"}]}
Nel: {"report_to":"cf-nel","success_fraction":0.0,"max_age":604800}
expect-ct: max-age=86400, enforce
referrer-policy: same-origin
x-frame-options: SAMEORIGIN
x-xss-protection: 1; mode=block
Server: cloudflare
CF-RAY: a0acbf71b904a1e8-MSP
Content-Type: application/json; charset=utf-8
Content-Length: 172
} 
Content: {"errors":[{"message":"Cannot query field \"personalBestGlobalsByIdLevel\" on type \"Level\". Did you mean \"personalBestGlobals\"?","locations":[{"line":1,"column":87}]}]}
Url: https://graphql.zeepki.st
Request: {"query":"query BetterSplitsPB($hash: String!, $steamId: BigFloat) { levelByHash(hash: $hash) { personalBestGlobalsByIdLevel(filter: {userByIdUser: {steamId: {equalTo: $steamId}}}) { nodes { recordByIdRecord { speeds splits time }}}}}","variables":{"hash":"61C40515572C4BF0409F66D7FF1DF07B7581B487-3","steamId":"76561199218214543"}}
[Info   :Zeepkist GTR] 18:48:41 Received HTTP response headers after 440.1474ms - 200
[Info   :Zeepkist GTR] 18:48:41 End processing HTTP request after 440.3868ms - 200
[Info   :Zeepkist GTR] 18:48:41 Start processing HTTP request "POST" "https://graphql.zeepki.st/"
[Info   :Zeepkist GTR] 18:48:41 Sending HTTP request "POST" "https://graphql.zeepki.st/"
[Info   :Zeepkist GTR] 18:48:41 Received HTTP response headers after 217.8502ms - 200
[Info   :Zeepkist GTR] 18:48:41 End processing HTTP request after 218.1229ms - 200
[Info   :Zeepkist Bingo] [CHAT] Intercepted message: 4 players eliminated: [CTR]Lamp, [ZET]maskeddog, Samueras, SuperHeavy
[Info   :Zeepkist Bingo] [CHAT] Not relaying - no bingo session
[Info   :Zeepkist GTR] 18:48:42 Starting recorder
[Info   :Zeepkist Bingo] [BINGO] === PLAYER SPAWNED ===
[Info   :Zeepkist Bingo] [BINGO] IsInActiveSession: False
[Info   :Zeepkist Bingo] [BINGO] Not in active session, skipping timer reset
[Info   :Zeepkist GTR] 18:49:17 Loading personal best...
[Info   :Zeepkist GTR] 18:49:17 Start processing HTTP request "POST" "https://graphql.zeepki.st/"
[Info   :Zeepkist GTR] 18:49:17 Sending HTTP request "POST" "https://graphql.zeepki.st/"
[Info   :Zeepkist GTR] 18:49:17 Stopping existing recorder if any
[Info   :Zeepkist GTR] 18:49:17 Creating new recorder
[Info   :Zeepkist GTR] 18:49:17 Start processing HTTP request "POST" "https://graphql.zeepki.st/"
[Info   :Zeepkist GTR] 18:49:17 Sending HTTP request "POST" "https://graphql.zeepki.st/"
[Info   :Zeepkist GTR] 18:49:17 Start processing HTTP request "POST" "https://graphql.zeepki.st/"
[Info   :Zeepkist GTR] 18:49:17 Sending HTTP request "POST" "https://graphql.zeepki.st/"
[Info   :Zeepkist GTR] 18:49:18 Received HTTP response headers after 192.3155ms - 200
[Info   :Zeepkist GTR] 18:49:18 Received HTTP response headers after 191.7763ms - 200
[Info   :Zeepkist GTR] 18:49:18 End processing HTTP request after 192.0175ms - 200
[Info   :Zeepkist GTR] 18:49:18 End processing HTTP request after 192.6213ms - 200
[Info   :Zeepkist GTR] 18:49:18 Ghost version: 5
[Info   :Zeepkist GTR] 18:49:18 Received HTTP response headers after 385.1011ms - 200
[Info   :Zeepkist GTR] 18:49:18 End processing HTTP request after 385.334ms - 200
[Info   :Zeepkist GTR] 18:49:18 Start processing HTTP request "POST" "https://graphql.zeepki.st/"
[Info   :Zeepkist GTR] 18:49:18 Sending HTTP request "POST" "https://graphql.zeepki.st/"
[Info   :Zeepkist GTR] 18:49:18 Received HTTP response headers after 190.1977ms - 200
[Info   :Zeepkist GTR] 18:49:18 End processing HTTP request after 190.4574ms - 200
[Info   :Zeepkist GTR] 18:49:19 Starting recorder
[Info   :Zeepkist GTR] 18:49:56 Stopping recorder
[Info   :Zeepkist GTR] 18:49:56 Collecting extra information
[Info   :Zeepkist GTR] 18:49:56 Processing ghost data
[Info   :Zeepkist GTR] 18:49:56 Creating stream
[Info   :Zeepkist GTR] 18:49:56 Writing to stream
[Info   :Zeepkist GTR] 18:49:57 Closing stream
[Info   :Zeepkist GTR] 18:49:57 Getting buffer
[Info   :Zeepkist GTR] 18:49:57 Converting to base64
[Info   :Zeepkist GTR] 18:49:57 Creating resource
[Info   :Zeepkist GTR] 18:49:57 Start processing HTTP request "POST" "https://backend.zeepki.st/auth/refresh"
[Info   :Zeepkist GTR] 18:49:57 Sending HTTP request "POST" "https://backend.zeepki.st/auth/refresh"
[Info   :Zeepkist GTR] 18:49:57 Received HTTP response headers after 446.8406ms - 200
[Info   :Zeepkist GTR] 18:49:57 End processing HTTP request after 447.1222ms - 200
[Info   :Zeepkist GTR] 18:49:57 Start processing HTTP request "POST" "https://backend.zeepki.st/record/submit"
[Info   :Zeepkist GTR] 18:49:57 Sending HTTP request "POST" "https://backend.zeepki.st/record/submit"
[Info   :Zeepkist GTR] 18:49:57 Received HTTP response headers after 395.3287ms - 200
[Info   :Zeepkist GTR] 18:49:57 End processing HTTP request after 395.6344ms - 200
[Info   :Zeepkist Bingo] [BINGO] === PLAYER SPAWNED ===
[Info   :Zeepkist Bingo] [BINGO] IsInActiveSession: False
[Info   :Zeepkist Bingo] [BINGO] Not in active session, skipping timer reset
[Info   :Zeepkist GTR] 18:49:58 Loading personal best...
[Info   :Zeepkist GTR] 18:49:58 Start processing HTTP request "POST" "https://graphql.zeepki.st/"
[Info   :Zeepkist GTR] 18:49:58 Sending HTTP request "POST" "https://graphql.zeepki.st/"
[Info   :Zeepkist GTR] 18:49:58 Stopping existing recorder if any
[Info   :Zeepkist GTR] 18:49:58 Creating new recorder
[Info   :Zeepkist GTR] 18:49:58 Start processing HTTP request "POST" "https://graphql.zeepki.st/"
[Info   :Zeepkist GTR] 18:49:58 Sending HTTP request "POST" "https://graphql.zeepki.st/"
[Info   :Zeepkist GTR] 18:49:58 Start processing HTTP request "POST" "https://graphql.zeepki.st/"
[Info   :Zeepkist GTR] 18:49:58 Sending HTTP request "POST" "https://graphql.zeepki.st/"
[Info   :Zeepkist GTR] 18:49:58 Received HTTP response headers after 301.3003ms - 200
[Info   :Zeepkist GTR] 18:49:58 End processing HTTP request after 301.549ms - 200
[Info   :Zeepkist GTR] 18:49:58 Received HTTP response headers after 305.9823ms - 200
[Info   :Zeepkist GTR] 18:49:58 End processing HTTP request after 306.206ms - 200
[Info   :Zeepkist GTR] 18:49:58 Start processing HTTP request "GET" "https://cdn.zeepki.st/ghosts/01KTZ3W4108XBSJF2ZJZWWMX28.bin"
[Info   :Zeepkist GTR] 18:49:58 Sending HTTP request "GET" "https://cdn.zeepki.st/ghosts/01KTZ3W4108XBSJF2ZJZWWMX28.bin"
[Info   :Zeepkist GTR] 18:49:59 Received HTTP response headers after 493.1955ms - 200
[Info   :Zeepkist GTR] 18:49:59 End processing HTTP request after 493.4279ms - 200
[Info   :Zeepkist GTR] 18:49:59 Start processing HTTP request "POST" "https://graphql.zeepki.st/"
[Info   :Zeepkist GTR] 18:49:59 Sending HTTP request "POST" "https://graphql.zeepki.st/"
[Info   :Zeepkist GTR] 18:49:59 Received HTTP response headers after 179.7671ms - 200
[Info   :Zeepkist GTR] 18:49:59 End processing HTTP request after 180.133ms - 200
[Info   :Zeepkist GTR] 18:49:59 Received HTTP response headers after 730.4539ms - 200
[Info   :Zeepkist GTR] 18:49:59 End processing HTTP request after 730.7259ms - 200
[Info   :Zeepkist GTR] 18:49:59 Ghost version: 5
[Info   :Zeepkist GTR] 18:50:00 Starting recorder
[Info   :Zeepkist GTR] 18:50:39 Discarding recorder
[Info   :COTDTracker] Doing eliminations with leaderboard:
[Info   :COTDTracker] Player Shattersmith: Time: 36.88007
[Info   :COTDTracker] Player [ZET]Stick: Time: 36.89234
[Info   :COTDTracker] Player Sterben: Time: 36.95324
[Info   :COTDTracker] Player [Quac] microways: Time: 37.23057
[Info   :COTDTracker] Player [ZET] Wheelie: Time: 37.30001
[Info   :COTDTracker] Player Minkus: Time: 37.45678
[Info   :COTDTracker] Player wunderBarr: Time: 37.54582
[Info   :COTDTracker] Player Noxitu: Time: 37.627
[Info   :COTDTracker] Player brrryy: Time: 37.63859
[Info   :COTDTracker] Player pannekoekbijter: Time: 37.89418
[Info   :COTDTracker] Player Azrael: Time: 38.01235
[Info   :COTDTracker] Player Savage Package: Time: 38.04381
[Info   :COTDTracker] Player BrickEdwards: Time: 38.23154
[Info   :COTDTracker] Player Tudge Boat: Time: 38.47689
[Info   :COTDTracker] Player zodiak: Time: DNF
[Info   :COTDTracker] Eliminating DNF: zodiak
[Info   :COTDTracker] Eliminated 1 DNF players
[Info   :COTDTracker] Eliminating on time: Tudge Boat
[Info   :COTDTracker] Eliminating on time: BrickEdwards
[Info   :COTDTracker] Eliminating 3 players: 
[Info   :COTDTracker] zodiak
[Info   :COTDTracker] Tudge Boat
[Info   :COTDTracker] BrickEdwards
[Info   :COTDTracker] Running update tab leaderboard function
[Info   :COTDTracker] Kicking eliminated players
[Info   :Zeepkist Bingo] [BINGO] Level loaded
[Info   :BetterSplits] getting gtr splits
[Info   :Zeepkist Bingo] [BINGO] === PLAYER SPAWNED ===
[Info   :Zeepkist Bingo] [BINGO] IsInActiveSession: False
[Info   :Zeepkist Bingo] [BINGO] Not in active session, skipping timer reset
[Info   :Zeepkist GTR] 18:50:53 Loading personal best...
[Info   :Zeepkist GTR] 18:50:53 Start processing HTTP request "POST" "https://graphql.zeepki.st/"
[Info   :Zeepkist GTR] 18:50:53 Sending HTTP request "POST" "https://graphql.zeepki.st/"
[Info   :Zeepkist GTR] 18:50:53 Stopping existing recorder if any
[Info   :Zeepkist GTR] 18:50:53 Creating new recorder
[Info   :Zeepkist GTR] 18:50:53 Start processing HTTP request "POST" "https://graphql.zeepki.st/"
[Info   :Zeepkist GTR] 18:50:53 Sending HTTP request "POST" "https://graphql.zeepki.st/"
[Info   :Zeepkist GTR] 18:50:53 Start processing HTTP request "POST" "https://graphql.zeepki.st/"
[Info   :Zeepkist GTR] 18:50:53 Sending HTTP request "POST" "https://graphql.zeepki.st/"
[Info   :Zeepkist GTR] 18:50:53 Received HTTP response headers after 184.3654ms - 200
[Info   :Zeepkist GTR] 18:50:53 End processing HTTP request after 184.6995ms - 200
[Info   :Zeepkist GTR] 18:50:53 Received HTTP response headers after 189.1541ms - 200
[Info   :Zeepkist GTR] 18:50:53 End processing HTTP request after 189.3974ms - 200
[Info   :Zeepkist GTR] 18:50:53 Ghost version: 5
[Error  :BetterSplits] could not get splits
Response: StatusCode: 400, ReasonPhrase: 'Bad Request', Version: 1.1, Content: System.Net.Http.StreamContent, Headers:
{
Date: Fri, 12 Jun 2026 23:50:55 GMT
Connection: keep-alive
Access-Control-Allow-Headers: Origin, X-Requested-With, Accept, Authorization, X-Apollo-Tracing, Content-Type, Content-Length, X-PostGraphile-Explain
Access-Control-Allow-Methods: HEAD, GET, POST
Access-Control-Allow-Origin: *
Access-Control-Expose-Headers: X-GraphQL-Event-Stream
Alt-Svc: h3=":443"; ma=86400
Vary: Origin
Via: 1.1 Caddy
X-Graphql-Event-Stream: /stream
X-Query-Cost: 115
Cf-Cache-Status: DYNAMIC
x-xss-protection: 1; mode=block
Strict-Transport-Security: max-age=15552000; includeSubDomains; preload
x-content-type-options: nosniff
Server-Timing: cfCacheStatus;desc="DYNAMIC", cfEdge;dur=12,cfOrigin;dur=134
Report-To: {"group":"cf-nel","max_age":604800,"endpoints":[{"url":"https://a.nel.cloudflare.com/report/v4?s=HL%2Bol%2BWRpoYTC0%2BTIngdH0quEIs5eoan%2BsWtbF1l%2B%2FJbg93%2BLqDdERqkPPWpBJN%2B4o65Z4dePwXVkLMUaenYbLp1sgv3mRry8H1CuZpHjLM0Wv4jgRjGEQZ9RA9YEbCSQ%2F9nBm%2FrxRGLSMw4Mn5ULg%3D%3D"}]}
Nel: {"report_to":"cf-nel","success_fraction":0.0,"max_age":604800}
expect-ct: max-age=86400, enforce
referrer-policy: same-origin
x-frame-options: SAMEORIGIN
Server: cloudflare
CF-RAY: a0acc2b1095ca1c1-MSP
Content-Type: application/json; charset=utf-8
Content-Length: 172
} 
Content: {"errors":[{"message":"Cannot query field \"personalBestGlobalsByIdLevel\" on type \"Level\". Did you mean \"personalBestGlobals\"?","locations":[{"line":1,"column":87}]}]}
Url: https://graphql.zeepki.st
Request: {"query":"query BetterSplitsPB($hash: String!, $steamId: BigFloat) { levelByHash(hash: $hash) { personalBestGlobalsByIdLevel(filter: {userByIdUser: {steamId: {equalTo: $steamId}}}) { nodes { recordByIdRecord { speeds splits time }}}}}","variables":{"hash":"61C40515572C4BF0409F66D7FF1DF07B7581B487-3","steamId":"76561199218214543"}}
[Info   :Zeepkist GTR] 18:50:54 Received HTTP response headers after 375.2973ms - 200
[Info   :Zeepkist GTR] 18:50:54 End processing HTTP request after 375.5774ms - 200
[Info   :Zeepkist GTR] 18:50:54 Start processing HTTP request "POST" "https://graphql.zeepki.st/"
[Info   :Zeepkist GTR] 18:50:54 Sending HTTP request "POST" "https://graphql.zeepki.st/"
[Info   :Zeepkist GTR] 18:50:54 Received HTTP response headers after 192.9561ms - 200
[Info   :Zeepkist GTR] 18:50:54 End processing HTTP request after 193.2044ms - 200
[Info   :Zeepkist Bingo] [CHAT] Intercepted message: 3 players eliminated: zodiak, Tudge Boat, BrickEdwards
[Info   :Zeepkist Bingo] [CHAT] Not relaying - no bingo session
[Info   :Zeepkist GTR] 18:50:55 Starting recorder
[Info   :Zeepkist Bingo] [BINGO] === PLAYER SPAWNED ===
[Info   :Zeepkist Bingo] [BINGO] IsInActiveSession: False
[Info   :Zeepkist Bingo] [BINGO] Not in active session, skipping timer reset
[Info   :Zeepkist GTR] 18:51:20 Loading personal best...
[Info   :Zeepkist GTR] 18:51:20 Start processing HTTP request "POST" "https://graphql.zeepki.st/"
[Info   :Zeepkist GTR] 18:51:20 Sending HTTP request "POST" "https://graphql.zeepki.st/"
[Info   :Zeepkist GTR] 18:51:20 Stopping existing recorder if any
[Info   :Zeepkist GTR] 18:51:20 Creating new recorder
[Info   :Zeepkist GTR] 18:51:20 Start processing HTTP request "POST" "https://graphql.zeepki.st/"
[Info   :Zeepkist GTR] 18:51:20 Sending HTTP request "POST" "https://graphql.zeepki.st/"
[Info   :Zeepkist GTR] 18:51:20 Start processing HTTP request "POST" "https://graphql.zeepki.st/"
[Info   :Zeepkist GTR] 18:51:20 Sending HTTP request "POST" "https://graphql.zeepki.st/"
[Info   :Zeepkist GTR] 18:51:20 Received HTTP response headers after 175.4869ms - 200
[Info   :Zeepkist GTR] 18:51:20 End processing HTTP request after 175.7715ms - 200
[Info   :Zeepkist GTR] 18:51:20 Ghost version: 5
[Info   :Zeepkist GTR] 18:51:20 Received HTTP response headers after 348.1878ms - 200
[Info   :Zeepkist GTR] 18:51:20 End processing HTTP request after 348.4608ms - 200
[Info   :Zeepkist GTR] 18:51:20 Received HTTP response headers after 383.0155ms - 200
[Info   :Zeepkist GTR] 18:51:20 End processing HTTP request after 383.3264ms - 200
[Info   :Zeepkist GTR] 18:51:20 Start processing HTTP request "POST" "https://graphql.zeepki.st/"
[Info   :Zeepkist GTR] 18:51:20 Sending HTTP request "POST" "https://graphql.zeepki.st/"
[Info   :Zeepkist GTR] 18:51:20 Received HTTP response headers after 188.9451ms - 200
[Info   :Zeepkist GTR] 18:51:20 End processing HTTP request after 189.1914ms - 200
[Info   :Zeepkist GTR] 18:51:21 Starting recorder
[Info   :Zeepkist GTR] 18:51:59 Stopping recorder
[Info   :Zeepkist GTR] 18:51:59 Collecting extra information
[Info   :Zeepkist GTR] 18:51:59 Processing ghost data
[Info   :Zeepkist GTR] 18:51:59 Creating stream
[Info   :Zeepkist GTR] 18:51:59 Writing to stream
[Info   :Zeepkist GTR] 18:51:59 Closing stream
[Info   :Zeepkist GTR] 18:51:59 Getting buffer
[Info   :Zeepkist GTR] 18:51:59 Converting to base64
[Info   :Zeepkist GTR] 18:51:59 Creating resource
[Info   :Zeepkist GTR] 18:51:59 Start processing HTTP request "POST" "https://backend.zeepki.st/auth/refresh"
[Info   :Zeepkist GTR] 18:51:59 Sending HTTP request "POST" "https://backend.zeepki.st/auth/refresh"
[Info   :Zeepkist GTR] 18:52:00 Received HTTP response headers after 511.4936ms - 200
[Info   :Zeepkist GTR] 18:52:00 End processing HTTP request after 511.8376ms - 200
[Info   :Zeepkist GTR] 18:52:00 Start processing HTTP request "POST" "https://backend.zeepki.st/record/submit"
[Info   :Zeepkist GTR] 18:52:00 Sending HTTP request "POST" "https://backend.zeepki.st/record/submit"
[Info   :Zeepkist GTR] 18:52:00 Received HTTP response headers after 371.0926ms - 200
[Info   :Zeepkist GTR] 18:52:00 End processing HTTP request after 371.3714ms - 200
[Info   :Zeepkist Bingo] [BINGO] === PLAYER SPAWNED ===
[Info   :Zeepkist Bingo] [BINGO] IsInActiveSession: False
[Info   :Zeepkist Bingo] [BINGO] Not in active session, skipping timer reset
[Info   :Zeepkist GTR] 18:52:00 Loading personal best...
[Info   :Zeepkist GTR] 18:52:00 Start processing HTTP request "POST" "https://graphql.zeepki.st/"
[Info   :Zeepkist GTR] 18:52:00 Sending HTTP request "POST" "https://graphql.zeepki.st/"
[Info   :Zeepkist GTR] 18:52:00 Stopping existing recorder if any
[Info   :Zeepkist GTR] 18:52:00 Creating new recorder
[Info   :Zeepkist GTR] 18:52:00 Start processing HTTP request "POST" "https://graphql.zeepki.st/"
[Info   :Zeepkist GTR] 18:52:00 Sending HTTP request "POST" "https://graphql.zeepki.st/"
[Info   :Zeepkist GTR] 18:52:00 Start processing HTTP request "POST" "https://graphql.zeepki.st/"
[Info   :Zeepkist GTR] 18:52:00 Sending HTTP request "POST" "https://graphql.zeepki.st/"
[Info   :Zeepkist GTR] 18:52:01 Received HTTP response headers after 345.881ms - 200
[Info   :Zeepkist GTR] 18:52:01 Received HTTP response headers after 345.3656ms - 200
[Info   :Zeepkist GTR] 18:52:01 End processing HTTP request after 346.1597ms - 200
[Info   :Zeepkist GTR] 18:52:01 End processing HTTP request after 345.624ms - 200
[Info   :Zeepkist GTR] 18:52:01 Ghost version: 5
[Info   :Zeepkist GTR] 18:52:01 Received HTTP response headers after 505.5866ms - 200
[Info   :Zeepkist GTR] 18:52:01 End processing HTTP request after 505.85ms - 200
[Info   :Zeepkist GTR] 18:52:01 Start processing HTTP request "POST" "https://graphql.zeepki.st/"
[Info   :Zeepkist GTR] 18:52:01 Sending HTTP request "POST" "https://graphql.zeepki.st/"
[Info   :Zeepkist GTR] 18:52:01 Received HTTP response headers after 180.4233ms - 200
[Info   :Zeepkist GTR] 18:52:01 End processing HTTP request after 180.6779ms - 200
[Info   :Zeepkist GTR] 18:52:02 Starting recorder
[Info   :Zeepkist Bingo] [BINGO] === PLAYER SPAWNED ===
[Info   :Zeepkist Bingo] [BINGO] IsInActiveSession: False
[Info   :Zeepkist Bingo] [BINGO] Not in active session, skipping timer reset
[Info   :Zeepkist GTR] 18:52:22 Loading personal best...
[Info   :Zeepkist GTR] 18:52:22 Start processing HTTP request "POST" "https://graphql.zeepki.st/"
[Info   :Zeepkist GTR] 18:52:22 Sending HTTP request "POST" "https://graphql.zeepki.st/"
[Info   :Zeepkist GTR] 18:52:22 Stopping existing recorder if any
[Info   :Zeepkist GTR] 18:52:22 Creating new recorder
[Info   :Zeepkist GTR] 18:52:22 Start processing HTTP request "POST" "https://graphql.zeepki.st/"
[Info   :Zeepkist GTR] 18:52:22 Sending HTTP request "POST" "https://graphql.zeepki.st/"
[Info   :Zeepkist GTR] 18:52:22 Start processing HTTP request "POST" "https://graphql.zeepki.st/"
[Info   :Zeepkist GTR] 18:52:22 Sending HTTP request "POST" "https://graphql.zeepki.st/"
[Info   :Zeepkist GTR] 18:52:22 Received HTTP response headers after 208.5772ms - 200
[Info   :Zeepkist GTR] 18:52:22 End processing HTTP request after 208.8602ms - 200
[Info   :Zeepkist GTR] 18:52:22 Received HTTP response headers after 213.4513ms - 200
[Info   :Zeepkist GTR] 18:52:22 End processing HTTP request after 213.9308ms - 200
[Info   :Zeepkist GTR] 18:52:22 Ghost version: 5
[Info   :Zeepkist GTR] 18:52:22 Received HTTP response headers after 404.5732ms - 200
[Info   :Zeepkist GTR] 18:52:22 End processing HTTP request after 404.8121ms - 200
[Info   :Zeepkist GTR] 18:52:22 Start processing HTTP request "POST" "https://graphql.zeepki.st/"
[Info   :Zeepkist GTR] 18:52:22 Sending HTTP request "POST" "https://graphql.zeepki.st/"
[Info   :Zeepkist GTR] 18:52:22 Received HTTP response headers after 192.972ms - 200
[Info   :Zeepkist GTR] 18:52:22 End processing HTTP request after 193.2424ms - 200
[Info   :Zeepkist GTR] 18:52:23 Starting recorder
[Info   :Zeepkist GTR] 18:52:52 Discarding recorder
[Info   :COTDTracker] Doing eliminations with leaderboard:
[Info   :COTDTracker] Player Sterben: Time: 36.92601
[Info   :COTDTracker] Player Minkus: Time: 36.93632
[Info   :COTDTracker] Player brrryy: Time: 37.07058
[Info   :COTDTracker] Player [ZET]Stick: Time: 37.08924
[Info   :COTDTracker] Player [ZET] Wheelie: Time: 37.45974
[Info   :COTDTracker] Player wunderBarr: Time: 37.58517
[Info   :COTDTracker] Player Noxitu: Time: 37.81923
[Info   :COTDTracker] Player Shattersmith: Time: 37.83393
[Info   :COTDTracker] Player Azrael: Time: 37.90548
[Info   :COTDTracker] Player [Quac] microways: Time: 37.96292
[Info   :COTDTracker] Player pannekoekbijter: Time: 38.71954
[Info   :COTDTracker] Player Savage Package: Time: DNF
[Info   :COTDTracker] Eliminating DNF: Savage Package
[Info   :COTDTracker] Eliminated 1 DNF players
[Info   :COTDTracker] Eliminating on time: pannekoekbijter
[Info   :COTDTracker] Eliminating 2 players: 
[Info   :COTDTracker] Savage Package
[Info   :COTDTracker] pannekoekbijter
[Info   :COTDTracker] Running update tab leaderboard function
[Info   :COTDTracker] Kicking eliminated players
[Info   :Zeepkist Bingo] [BINGO] Level loaded
[Info   :BetterSplits] getting gtr splits
[Info   :Zeepkist Bingo] [BINGO] === PLAYER SPAWNED ===
[Info   :Zeepkist Bingo] [BINGO] IsInActiveSession: False
[Info   :Zeepkist Bingo] [BINGO] Not in active session, skipping timer reset
[Info   :Zeepkist GTR] 18:53:06 Loading personal best...
[Info   :Zeepkist GTR] 18:53:06 Start processing HTTP request "POST" "https://graphql.zeepki.st/"
[Info   :Zeepkist GTR] 18:53:06 Sending HTTP request "POST" "https://graphql.zeepki.st/"
[Info   :Zeepkist GTR] 18:53:06 Stopping existing recorder if any
[Info   :Zeepkist GTR] 18:53:06 Creating new recorder
[Info   :Zeepkist GTR] 18:53:06 Start processing HTTP request "POST" "https://graphql.zeepki.st/"
[Info   :Zeepkist GTR] 18:53:06 Sending HTTP request "POST" "https://graphql.zeepki.st/"
[Info   :Zeepkist GTR] 18:53:06 Start processing HTTP request "POST" "https://graphql.zeepki.st/"
[Info   :Zeepkist GTR] 18:53:06 Sending HTTP request "POST" "https://graphql.zeepki.st/"
[Info   :Zeepkist GTR] 18:53:06 Received HTTP response headers after 189.6305ms - 200
[Info   :Zeepkist GTR] 18:53:06 End processing HTTP request after 189.8625ms - 200
[Info   :Zeepkist GTR] 18:53:06 Received HTTP response headers after 193.0782ms - 200
[Info   :Zeepkist GTR] 18:53:06 End processing HTTP request after 193.2807ms - 200
[Info   :Zeepkist GTR] 18:53:06 Ghost version: 5
[Error  :BetterSplits] could not get splits
Response: StatusCode: 400, ReasonPhrase: 'Bad Request', Version: 1.1, Content: System.Net.Http.StreamContent, Headers:
{
Date: Fri, 12 Jun 2026 23:53:08 GMT
Connection: keep-alive
Access-Control-Allow-Headers: Origin, X-Requested-With, Accept, Authorization, X-Apollo-Tracing, Content-Type, Content-Length, X-PostGraphile-Explain
Access-Control-Allow-Methods: HEAD, GET, POST
Access-Control-Allow-Origin: *
Access-Control-Expose-Headers: X-GraphQL-Event-Stream
Alt-Svc: h3=":443"; ma=86400
Vary: Origin
Via: 1.1 Caddy
X-Graphql-Event-Stream: /stream
X-Query-Cost: 115
Cf-Cache-Status: DYNAMIC
x-xss-protection: 1; mode=block
Strict-Transport-Security: max-age=15552000; includeSubDomains; preload
x-content-type-options: nosniff
Server-Timing: cfCacheStatus;desc="DYNAMIC", cfEdge;dur=23,cfOrigin;dur=131
Report-To: {"group":"cf-nel","max_age":604800,"endpoints":[{"url":"https://a.nel.cloudflare.com/report/v4?s=WkSSIeOC%2FxTdh1Ccr3KTOYSWSOE6jj2QiMfiwivD%2B%2F%2BWn%2F%2BpGo89V5IXYTlHay%2BkMlzgH3Pt8eLJBsLlvnKm%2FFrmb0bIjlcVzDxhGFDgjLJ29Bn9j1DwCHEn6kHvY10d%2Bb%2Fpu0AXL%2Faxi7lLhxURLw%3D%3D"}]}
Nel: {"report_to":"cf-nel","success_fraction":0.0,"max_age":604800}
expect-ct: max-age=86400, enforce
referrer-policy: same-origin
x-frame-options: SAMEORIGIN
Server: cloudflare
CF-RAY: a0acc5f008dc4c97-MSP
Content-Type: application/json; charset=utf-8
Content-Length: 172
} 
Content: {"errors":[{"message":"Cannot query field \"personalBestGlobalsByIdLevel\" on type \"Level\". Did you mean \"personalBestGlobals\"?","locations":[{"line":1,"column":87}]}]}
Url: https://graphql.zeepki.st
Request: {"query":"query BetterSplitsPB($hash: String!, $steamId: BigFloat) { levelByHash(hash: $hash) { personalBestGlobalsByIdLevel(filter: {userByIdUser: {steamId: {equalTo: $steamId}}}) { nodes { recordByIdRecord { speeds splits time }}}}}","variables":{"hash":"61C40515572C4BF0409F66D7FF1DF07B7581B487-3","steamId":"76561199218214543"}}
[Info   :Zeepkist GTR] 18:53:07 Received HTTP response headers after 408.4272ms - 200
[Info   :Zeepkist GTR] 18:53:07 End processing HTTP request after 408.7317ms - 200
[Info   :Zeepkist GTR] 18:53:07 Start processing HTTP request "POST" "https://graphql.zeepki.st/"
[Info   :Zeepkist GTR] 18:53:07 Sending HTTP request "POST" "https://graphql.zeepki.st/"
[Info   :Zeepkist GTR] 18:53:07 Received HTTP response headers after 187.9489ms - 200
[Info   :Zeepkist GTR] 18:53:07 End processing HTTP request after 188.2421ms - 200
[Info   :Zeepkist Bingo] [CHAT] Intercepted message: 2 players eliminated: Savage Package, pannekoekbijter
[Info   :Zeepkist Bingo] [CHAT] Not relaying - no bingo session
[Info   :Zeepkist GTR] 18:53:08 Starting recorder
[Info   :Zeepkist GTR] 18:53:45 Stopping recorder
[Info   :Zeepkist GTR] 18:53:45 Collecting extra information
[Info   :Zeepkist GTR] 18:53:45 Processing ghost data
[Info   :Zeepkist GTR] 18:53:45 Creating stream
[Info   :Zeepkist GTR] 18:53:45 Writing to stream
[Info   :Zeepkist GTR] 18:53:45 Closing stream
[Info   :Zeepkist GTR] 18:53:45 Getting buffer
[Info   :Zeepkist GTR] 18:53:45 Converting to base64
[Info   :Zeepkist GTR] 18:53:45 Creating resource
[Info   :Zeepkist GTR] 18:53:45 Start processing HTTP request "POST" "https://backend.zeepki.st/auth/refresh"
[Info   :Zeepkist GTR] 18:53:45 Sending HTTP request "POST" "https://backend.zeepki.st/auth/refresh"
[Info   :Zeepkist GTR] 18:53:46 Received HTTP response headers after 563.422ms - 200
[Info   :Zeepkist GTR] 18:53:46 End processing HTTP request after 563.6905ms - 200
[Info   :Zeepkist GTR] 18:53:46 Start processing HTTP request "POST" "https://backend.zeepki.st/record/submit"
[Info   :Zeepkist GTR] 18:53:46 Sending HTTP request "POST" "https://backend.zeepki.st/record/submit"
[Info   :Zeepkist GTR] 18:53:47 Received HTTP response headers after 703.0618ms - 200
[Info   :Zeepkist GTR] 18:53:47 End processing HTTP request after 703.3911ms - 200
[Info   :Zeepkist Bingo] [BINGO] === PLAYER SPAWNED ===
[Info   :Zeepkist Bingo] [BINGO] IsInActiveSession: False
[Info   :Zeepkist Bingo] [BINGO] Not in active session, skipping timer reset
[Info   :Zeepkist GTR] 18:53:49 Loading personal best...
[Info   :Zeepkist GTR] 18:53:49 Start processing HTTP request "POST" "https://graphql.zeepki.st/"
[Info   :Zeepkist GTR] 18:53:49 Sending HTTP request "POST" "https://graphql.zeepki.st/"
[Info   :Zeepkist GTR] 18:53:49 Stopping existing recorder if any
[Info   :Zeepkist GTR] 18:53:49 Creating new recorder
[Info   :Zeepkist GTR] 18:53:49 Start processing HTTP request "POST" "https://graphql.zeepki.st/"
[Info   :Zeepkist GTR] 18:53:49 Sending HTTP request "POST" "https://graphql.zeepki.st/"
[Info   :Zeepkist GTR] 18:53:49 Start processing HTTP request "POST" "https://graphql.zeepki.st/"
[Info   :Zeepkist GTR] 18:53:49 Sending HTTP request "POST" "https://graphql.zeepki.st/"
[Info   :Zeepkist GTR] 18:53:49 Received HTTP response headers after 192.087ms - 200
[Info   :Zeepkist GTR] 18:53:49 Received HTTP response headers after 192.6722ms - 200
[Info   :Zeepkist GTR] 18:53:49 End processing HTTP request after 192.3168ms - 200
[Info   :Zeepkist GTR] 18:53:49 End processing HTTP request after 192.9205ms - 200
[Info   :Zeepkist GTR] 18:53:49 Ghost version: 5
[Info   :Zeepkist GTR] 18:53:49 Received HTTP response headers after 389.1859ms - 200
[Info   :Zeepkist GTR] 18:53:49 End processing HTTP request after 389.3926ms - 200
[Info   :Zeepkist GTR] 18:53:49 Start processing HTTP request "POST" "https://graphql.zeepki.st/"
[Info   :Zeepkist GTR] 18:53:49 Sending HTTP request "POST" "https://graphql.zeepki.st/"
[Info   :Zeepkist GTR] 18:53:49 Received HTTP response headers after 180.6304ms - 200
[Info   :Zeepkist GTR] 18:53:49 End processing HTTP request after 180.8757ms - 200
[Info   :Zeepkist GTR] 18:53:51 Starting recorder
[Info   :Zeepkist Bingo] [BINGO] === PLAYER SPAWNED ===
[Info   :Zeepkist Bingo] [BINGO] IsInActiveSession: False
[Info   :Zeepkist Bingo] [BINGO] Not in active session, skipping timer reset
[Info   :Zeepkist GTR] 18:54:28 Loading personal best...
[Info   :Zeepkist GTR] 18:54:28 Start processing HTTP request "POST" "https://graphql.zeepki.st/"
[Info   :Zeepkist GTR] 18:54:28 Sending HTTP request "POST" "https://graphql.zeepki.st/"
[Info   :Zeepkist GTR] 18:54:28 Stopping existing recorder if any
[Info   :Zeepkist GTR] 18:54:28 Creating new recorder
[Info   :Zeepkist GTR] 18:54:28 Start processing HTTP request "POST" "https://graphql.zeepki.st/"
[Info   :Zeepkist GTR] 18:54:28 Sending HTTP request "POST" "https://graphql.zeepki.st/"
[Info   :Zeepkist GTR] 18:54:28 Start processing HTTP request "POST" "https://graphql.zeepki.st/"
[Info   :Zeepkist GTR] 18:54:28 Sending HTTP request "POST" "https://graphql.zeepki.st/"
[Info   :Zeepkist GTR] 18:54:28 Received HTTP response headers after 321.2311ms - 200
[Info   :Zeepkist GTR] 18:54:28 End processing HTTP request after 321.457ms - 200
[Info   :Zeepkist GTR] 18:54:28 Received HTTP response headers after 322.0725ms - 200
[Info   :Zeepkist GTR] 18:54:28 End processing HTTP request after 322.2761ms - 200
[Info   :Zeepkist GTR] 18:54:28 Ghost version: 5
[Info   :Zeepkist GTR] 18:54:29 Received HTTP response headers after 507.4764ms - 200
[Info   :Zeepkist GTR] 18:54:29 End processing HTTP request after 507.8598ms - 200
[Info   :Zeepkist GTR] 18:54:29 Start processing HTTP request "POST" "https://graphql.zeepki.st/"
[Info   :Zeepkist GTR] 18:54:29 Sending HTTP request "POST" "https://graphql.zeepki.st/"
[Info   :Zeepkist GTR] 18:54:29 Received HTTP response headers after 187.9089ms - 200
[Info   :Zeepkist GTR] 18:54:29 End processing HTTP request after 188.2005ms - 200
[Info   :Zeepkist GTR] 18:54:30 Starting recorder
[Info   :Zeepkist GTR] 18:55:05 Discarding recorder
[Info   :COTDTracker] Running update tab leaderboard function
[Info   :COTDTracker] Running update tab leaderboard function
[Info   :COTDTracker] Doing eliminations with leaderboard:
[Info   :COTDTracker] Player [Quac] microways: Time: 36.8796
[Info   :COTDTracker] Player Sterben: Time: 36.93079
[Info   :COTDTracker] Player [ZET]Stick: Time: 37.04214
[Info   :COTDTracker] Player Noxitu: Time: 37.19592
[Info   :COTDTracker] Player Shattersmith: Time: 37.24942
[Info   :COTDTracker] Player Minkus: Time: 37.32249
[Info   :COTDTracker] Player [ZET] Wheelie: Time: 37.48102
[Info   :COTDTracker] Player wunderBarr: Time: 37.58348
[Info   :COTDTracker] Player brrryy: Time: DNF
[Info   :COTDTracker] Player Azrael: Time: DNF
[Info   :COTDTracker] Eliminating DNF: Azrael
[Info   :COTDTracker] Eliminating DNF: brrryy
[Info   :COTDTracker] Eliminated 2 DNF players
[Info   :COTDTracker] Eliminating 2 players: 
[Info   :COTDTracker] Azrael
[Info   :COTDTracker] brrryy
[Info   :COTDTracker] Running update tab leaderboard function
[Info   :COTDTracker] Kicking eliminated players
[Info   :Zeepkist Bingo] [BINGO] Level loaded
[Info   :BetterSplits] getting gtr splits
[Info   :Zeepkist Bingo] [BINGO] === PLAYER SPAWNED ===
[Info   :Zeepkist Bingo] [BINGO] IsInActiveSession: False
[Info   :Zeepkist Bingo] [BINGO] Not in active session, skipping timer reset
[Info   :Zeepkist GTR] 18:55:19 Loading personal best...
[Info   :Zeepkist GTR] 18:55:19 Start processing HTTP request "POST" "https://graphql.zeepki.st/"
[Info   :Zeepkist GTR] 18:55:19 Sending HTTP request "POST" "https://graphql.zeepki.st/"
[Info   :Zeepkist GTR] 18:55:19 Stopping existing recorder if any
[Info   :Zeepkist GTR] 18:55:19 Creating new recorder
[Info   :Zeepkist GTR] 18:55:19 Start processing HTTP request "POST" "https://graphql.zeepki.st/"
[Info   :Zeepkist GTR] 18:55:19 Sending HTTP request "POST" "https://graphql.zeepki.st/"
[Info   :Zeepkist GTR] 18:55:19 Start processing HTTP request "POST" "https://graphql.zeepki.st/"
[Info   :Zeepkist GTR] 18:55:19 Sending HTTP request "POST" "https://graphql.zeepki.st/"
[Info   :Zeepkist GTR] 18:55:19 Received HTTP response headers after 187.8178ms - 200
[Info   :Zeepkist GTR] 18:55:19 Received HTTP response headers after 187.1511ms - 200
[Info   :Zeepkist GTR] 18:55:19 End processing HTTP request after 188.0805ms - 200
[Info   :Zeepkist GTR] 18:55:19 End processing HTTP request after 187.3709ms - 200
[Info   :Zeepkist GTR] 18:55:19 Ghost version: 5
[Error  :BetterSplits] could not get splits
Response: StatusCode: 400, ReasonPhrase: 'Bad Request', Version: 1.1, Content: System.Net.Http.StreamContent, Headers:
{
Date: Fri, 12 Jun 2026 23:55:21 GMT
Connection: keep-alive
Access-Control-Allow-Headers: Origin, X-Requested-With, Accept, Authorization, X-Apollo-Tracing, Content-Type, Content-Length, X-PostGraphile-Explain
Access-Control-Allow-Methods: HEAD, GET, POST
Access-Control-Allow-Origin: *
Access-Control-Expose-Headers: X-GraphQL-Event-Stream
Alt-Svc: h3=":443"; ma=86400
Vary: Origin
Via: 1.1 Caddy
X-Graphql-Event-Stream: /stream
X-Query-Cost: 115
Cf-Cache-Status: DYNAMIC
x-xss-protection: 1; mode=block
Strict-Transport-Security: max-age=15552000; includeSubDomains; preload
x-content-type-options: nosniff
Server-Timing: cfCacheStatus;desc="DYNAMIC", cfEdge;dur=14,cfOrigin;dur=129
Report-To: {"group":"cf-nel","max_age":604800,"endpoints":[{"url":"https://a.nel.cloudflare.com/report/v4?s=TgT5v8frKJdQR4YETbTGr78AlsXKXzoij%2Bl91HLvfXZeBcdSR5BOVtHHZNFDu34%2Bwvv4rvnNpmNOVUapSGB9JJrEfcmmzLBN3lMZZiJOB99f1RuPptfUt4jht31u6pjymIu37d90jaThUuCkDXe2Iw%3D%3D"}]}
Nel: {"report_to":"cf-nel","success_fraction":0.0,"max_age":604800}
expect-ct: max-age=86400, enforce
referrer-policy: same-origin
x-frame-options: SAMEORIGIN
Server: cloudflare
CF-RAY: a0acc9301dd44ca2-MSP
Content-Type: application/json; charset=utf-8
Content-Length: 172
} 
Content: {"errors":[{"message":"Cannot query field \"personalBestGlobalsByIdLevel\" on type \"Level\". Did you mean \"personalBestGlobals\"?","locations":[{"line":1,"column":87}]}]}
Url: https://graphql.zeepki.st
Request: {"query":"query BetterSplitsPB($hash: String!, $steamId: BigFloat) { levelByHash(hash: $hash) { personalBestGlobalsByIdLevel(filter: {userByIdUser: {steamId: {equalTo: $steamId}}}) { nodes { recordByIdRecord { speeds splits time }}}}}","variables":{"hash":"61C40515572C4BF0409F66D7FF1DF07B7581B487-3","steamId":"76561199218214543"}}
[Info   :Zeepkist GTR] 18:55:20 Received HTTP response headers after 377.8838ms - 200
[Info   :Zeepkist GTR] 18:55:20 End processing HTTP request after 378.0971ms - 200
[Info   :Zeepkist GTR] 18:55:20 Start processing HTTP request "POST" "https://graphql.zeepki.st/"
[Info   :Zeepkist GTR] 18:55:20 Sending HTTP request "POST" "https://graphql.zeepki.st/"
[Info   :Zeepkist GTR] 18:55:20 Received HTTP response headers after 182.6602ms - 200
[Info   :Zeepkist GTR] 18:55:20 End processing HTTP request after 183.0167ms - 200
[Info   :Zeepkist Bingo] [CHAT] Intercepted message: 2 players eliminated: Azrael, brrryy
[Info   :Zeepkist Bingo] [CHAT] Not relaying - no bingo session
[Info   :Zeepkist GTR] 18:55:21 Starting recorder
[Info   :Zeepkist GTR] 18:55:59 Stopping recorder
[Info   :Zeepkist GTR] 18:55:59 Collecting extra information
[Info   :Zeepkist GTR] 18:55:59 Processing ghost data
[Info   :Zeepkist GTR] 18:55:59 Creating stream
[Info   :Zeepkist GTR] 18:55:59 Writing to stream
[Info   :Zeepkist GTR] 18:56:00 Closing stream
[Info   :Zeepkist GTR] 18:56:00 Getting buffer
[Info   :Zeepkist GTR] 18:56:00 Converting to base64
[Info   :Zeepkist GTR] 18:56:00 Creating resource
[Info   :Zeepkist GTR] 18:56:00 Start processing HTTP request "POST" "https://backend.zeepki.st/auth/refresh"
[Info   :Zeepkist GTR] 18:56:00 Sending HTTP request "POST" "https://backend.zeepki.st/auth/refresh"
[Info   :Zeepkist GTR] 18:56:00 Received HTTP response headers after 432.9078ms - 200
[Info   :Zeepkist GTR] 18:56:00 End processing HTTP request after 433.1906ms - 200
[Info   :Zeepkist GTR] 18:56:00 Start processing HTTP request "POST" "https://backend.zeepki.st/record/submit"
[Info   :Zeepkist GTR] 18:56:00 Sending HTTP request "POST" "https://backend.zeepki.st/record/submit"
[Info   :Zeepkist GTR] 18:56:00 Received HTTP response headers after 338.6353ms - 200
[Info   :Zeepkist GTR] 18:56:00 End processing HTTP request after 339.0338ms - 200
[Info   :Zeepkist Bingo] [BINGO] === PLAYER SPAWNED ===
[Info   :Zeepkist Bingo] [BINGO] IsInActiveSession: False
[Info   :Zeepkist Bingo] [BINGO] Not in active session, skipping timer reset
[Info   :Zeepkist GTR] 18:56:01 Loading personal best...
[Info   :Zeepkist GTR] 18:56:01 Start processing HTTP request "POST" "https://graphql.zeepki.st/"
[Info   :Zeepkist GTR] 18:56:01 Sending HTTP request "POST" "https://graphql.zeepki.st/"
[Info   :Zeepkist GTR] 18:56:01 Stopping existing recorder if any
[Info   :Zeepkist GTR] 18:56:01 Creating new recorder
[Info   :Zeepkist GTR] 18:56:01 Start processing HTTP request "POST" "https://graphql.zeepki.st/"
[Info   :Zeepkist GTR] 18:56:01 Sending HTTP request "POST" "https://graphql.zeepki.st/"
[Info   :Zeepkist GTR] 18:56:01 Start processing HTTP request "POST" "https://graphql.zeepki.st/"
[Info   :Zeepkist GTR] 18:56:01 Sending HTTP request "POST" "https://graphql.zeepki.st/"
[Info   :Zeepkist GTR] 18:56:01 Received HTTP response headers after 184.5996ms - 200
[Info   :Zeepkist GTR] 18:56:01 Received HTTP response headers after 184.0491ms - 200
[Info   :Zeepkist GTR] 18:56:01 End processing HTTP request after 184.8251ms - 200
[Info   :Zeepkist GTR] 18:56:01 End processing HTTP request after 184.3136ms - 200
[Info   :Zeepkist GTR] 18:56:01 Ghost version: 5
[Info   :Zeepkist GTR] 18:56:01 Received HTTP response headers after 373.6922ms - 200
[Info   :Zeepkist GTR] 18:56:01 End processing HTTP request after 373.9038ms - 200
[Info   :Zeepkist GTR] 18:56:01 Start processing HTTP request "POST" "https://graphql.zeepki.st/"
[Info   :Zeepkist GTR] 18:56:01 Sending HTTP request "POST" "https://graphql.zeepki.st/"
[Info   :Zeepkist GTR] 18:56:01 Received HTTP response headers after 179.3128ms - 200
[Info   :Zeepkist GTR] 18:56:01 End processing HTTP request after 179.5662ms - 200
[Info   :Zeepkist GTR] 18:56:03 Starting recorder
[Info   :Zeepkist Bingo] [BINGO] === PLAYER SPAWNED ===
[Info   :Zeepkist Bingo] [BINGO] IsInActiveSession: False
[Info   :Zeepkist Bingo] [BINGO] Not in active session, skipping timer reset
[Info   :Zeepkist GTR] 18:56:38 Loading personal best...
[Info   :Zeepkist GTR] 18:56:38 Start processing HTTP request "POST" "https://graphql.zeepki.st/"
[Info   :Zeepkist GTR] 18:56:38 Sending HTTP request "POST" "https://graphql.zeepki.st/"
[Info   :Zeepkist GTR] 18:56:38 Stopping existing recorder if any
[Info   :Zeepkist GTR] 18:56:38 Creating new recorder
[Info   :Zeepkist GTR] 18:56:38 Start processing HTTP request "POST" "https://graphql.zeepki.st/"
[Info   :Zeepkist GTR] 18:56:38 Sending HTTP request "POST" "https://graphql.zeepki.st/"
[Info   :Zeepkist GTR] 18:56:38 Start processing HTTP request "POST" "https://graphql.zeepki.st/"
[Info   :Zeepkist GTR] 18:56:38 Sending HTTP request "POST" "https://graphql.zeepki.st/"
[Info   :Zeepkist GTR] 18:56:38 Received HTTP response headers after 314.5939ms - 200
[Info   :Zeepkist GTR] 18:56:38 End processing HTTP request after 314.8097ms - 200
[Info   :Zeepkist GTR] 18:56:38 Received HTTP response headers after 318.9805ms - 200
[Info   :Zeepkist GTR] 18:56:38 End processing HTTP request after 319.1713ms - 200
[Info   :Zeepkist GTR] 18:56:38 Ghost version: 5
[Info   :Zeepkist GTR] 18:56:38 Received HTTP response headers after 496.896ms - 200
[Info   :Zeepkist GTR] 18:56:38 End processing HTTP request after 497.1738ms - 200
[Info   :Zeepkist GTR] 18:56:38 Start processing HTTP request "POST" "https://graphql.zeepki.st/"
[Info   :Zeepkist GTR] 18:56:38 Sending HTTP request "POST" "https://graphql.zeepki.st/"
[Info   :Zeepkist GTR] 18:56:38 Received HTTP response headers after 179.2573ms - 200
[Info   :Zeepkist GTR] 18:56:38 End processing HTTP request after 179.5018ms - 200
[Info   :Zeepkist GTR] 18:56:39 Starting recorder
[Info   :Zeepkist GTR] 18:57:18 Discarding recorder
[Info   :COTDTracker] Running update tab leaderboard function
[Info   :COTDTracker] Running update tab leaderboard function
[Info   :COTDTracker] Doing eliminations with leaderboard:
[Info   :COTDTracker] Player Sterben: Time: 36.94033
[Info   :COTDTracker] Player [ZET]Stick: Time: 37.01088
[Info   :COTDTracker] Player Minkus: Time: 37.18517
[Info   :COTDTracker] Player Shattersmith: Time: 37.27722
[Info   :COTDTracker] Player Noxitu: Time: 37.3443
[Info   :COTDTracker] Player wunderBarr: Time: 37.44234
[Info   :COTDTracker] Player [ZET] Wheelie: Time: 38.54034
[Info   :COTDTracker] Player [Quac] microways: Time: DNF
[Info   :COTDTracker] Eliminating DNF: [Quac] microways
[Info   :COTDTracker] Eliminated 1 DNF players
[Info   :COTDTracker] Eliminating on time: [ZET] Wheelie
[Info   :COTDTracker] Eliminating 2 players: 
[Info   :COTDTracker] [Quac] microways
[Info   :COTDTracker] [ZET] Wheelie
[Info   :COTDTracker] Running update tab leaderboard function
[Info   :COTDTracker] Running update tab leaderboard function
[Info   :COTDTracker] Kicking eliminated players
[Info   :Zeepkist Bingo] [BINGO] Level loaded
[Info   :BetterSplits] getting gtr splits
[Info   :Zeepkist Bingo] [BINGO] === PLAYER SPAWNED ===
[Info   :Zeepkist Bingo] [BINGO] IsInActiveSession: False
[Info   :Zeepkist Bingo] [BINGO] Not in active session, skipping timer reset
[Info   :Zeepkist GTR] 18:57:32 Loading personal best...
[Info   :Zeepkist GTR] 18:57:32 Start processing HTTP request "POST" "https://graphql.zeepki.st/"
[Info   :Zeepkist GTR] 18:57:32 Sending HTTP request "POST" "https://graphql.zeepki.st/"
[Info   :Zeepkist GTR] 18:57:32 Stopping existing recorder if any
[Info   :Zeepkist GTR] 18:57:32 Creating new recorder
[Info   :Zeepkist GTR] 18:57:32 Start processing HTTP request "POST" "https://graphql.zeepki.st/"
[Info   :Zeepkist GTR] 18:57:32 Sending HTTP request "POST" "https://graphql.zeepki.st/"
[Info   :Zeepkist GTR] 18:57:32 Start processing HTTP request "POST" "https://graphql.zeepki.st/"
[Info   :Zeepkist GTR] 18:57:32 Sending HTTP request "POST" "https://graphql.zeepki.st/"
[Info   :Zeepkist GTR] 18:57:32 Received HTTP response headers after 180.5668ms - 200
[Info   :Zeepkist GTR] 18:57:32 End processing HTTP request after 180.7913ms - 200
[Info   :Zeepkist GTR] 18:57:32 Received HTTP response headers after 184.0398ms - 200
[Info   :Zeepkist GTR] 18:57:32 End processing HTTP request after 184.2455ms - 200
[Info   :Zeepkist GTR] 18:57:32 Ghost version: 5
[Error  :BetterSplits] could not get splits
Response: StatusCode: 400, ReasonPhrase: 'Bad Request', Version: 1.1, Content: System.Net.Http.StreamContent, Headers:
{
Date: Fri, 12 Jun 2026 23:57:34 GMT
Connection: keep-alive
Access-Control-Allow-Headers: Origin, X-Requested-With, Accept, Authorization, X-Apollo-Tracing, Content-Type, Content-Length, X-PostGraphile-Explain
Access-Control-Allow-Methods: HEAD, GET, POST
Access-Control-Allow-Origin: *
Access-Control-Expose-Headers: X-GraphQL-Event-Stream
Alt-Svc: h3=":443"; ma=86400
Vary: Origin
Via: 1.1 Caddy
X-Graphql-Event-Stream: /stream
X-Query-Cost: 115
Cf-Cache-Status: DYNAMIC
Strict-Transport-Security: max-age=15552000; includeSubDomains; preload
x-content-type-options: nosniff
Server-Timing: cfCacheStatus;desc="DYNAMIC", cfEdge;dur=10,cfOrigin;dur=139
Report-To: {"group":"cf-nel","max_age":604800,"endpoints":[{"url":"https://a.nel.cloudflare.com/report/v4?s=KMDlyhXul6%2F1hGyrj%2F8VtFRgnYP3hxzjsEj3fb4ZHi2idb4cAiMCQ3LBcDRm%2B1afPMgkfZN2btdDxMCPCa2IgoZ9hVtA6Gy2afDnttlqTte7FoZfmMrFFwFBzufvplnxo8dR4Vgm8Xg0grZvScm%2FQg%3D%3D"}]}
Nel: {"report_to":"cf-nel","success_fraction":0.0,"max_age":604800}
expect-ct: max-age=86400, enforce
referrer-policy: same-origin
x-frame-options: SAMEORIGIN
x-xss-protection: 1; mode=block
Server: cloudflare
CF-RAY: a0accc6efab4a1b9-MSP
Content-Type: application/json; charset=utf-8
Content-Length: 172
} 
Content: {"errors":[{"message":"Cannot query field \"personalBestGlobalsByIdLevel\" on type \"Level\". Did you mean \"personalBestGlobals\"?","locations":[{"line":1,"column":87}]}]}
Url: https://graphql.zeepki.st
Request: {"query":"query BetterSplitsPB($hash: String!, $steamId: BigFloat) { levelByHash(hash: $hash) { personalBestGlobalsByIdLevel(filter: {userByIdUser: {steamId: {equalTo: $steamId}}}) { nodes { recordByIdRecord { speeds splits time }}}}}","variables":{"hash":"61C40515572C4BF0409F66D7FF1DF07B7581B487-3","steamId":"76561199218214543"}}
[Info   :Zeepkist GTR] 18:57:33 Received HTTP response headers after 358.8095ms - 200
[Info   :Zeepkist GTR] 18:57:33 End processing HTTP request after 359.0226ms - 200
[Info   :Zeepkist GTR] 18:57:33 Start processing HTTP request "POST" "https://graphql.zeepki.st/"
[Info   :Zeepkist GTR] 18:57:33 Sending HTTP request "POST" "https://graphql.zeepki.st/"
[Info   :Zeepkist GTR] 18:57:33 Received HTTP response headers after 188.7543ms - 200
[Info   :Zeepkist GTR] 18:57:33 End processing HTTP request after 189.0187ms - 200
[Info   :Zeepkist Bingo] [CHAT] Intercepted message: 2 players eliminated: [Quac] microways, [ZET] Wheelie
[Info   :Zeepkist Bingo] [CHAT] Not relaying - no bingo session
[Info   :Zeepkist GTR] 18:57:34 Starting recorder
[Info   :Zeepkist Bingo] [CHAT] Intercepted message: yeah
[Info   :Zeepkist Bingo] [CHAT] Not relaying - no bingo session
[Info   :COTDTracker] Running update tab leaderboard function
[Info   :RoundLeaderboardTab] Drawing leaderboard -> forwarding to Instance.DrawTabLeaderboard()
[Info   :ChampionshipLeaderboardTab] Drawing leaderboard -> forwarding to Instance.DrawTabLeaderboard()
[Info   :Zeepkist GTR] 18:58:28 Start processing HTTP request "POST" "https://graphql.zeepki.st/"
[Info   :Zeepkist GTR] 18:58:28 Sending HTTP request "POST" "https://graphql.zeepki.st/"
[Info   :Zeepkist GTR] 18:58:28 Received HTTP response headers after 206.4622ms - 200
[Info   :Zeepkist GTR] 18:58:28 End processing HTTP request after 206.8191ms - 200
[Error  :Zeepkist GTR] 18:58:28 Unobserved task exception
[Info   :Zeepkist Bingo] [CHAT] Intercepted message: o7
[Info   :Zeepkist Bingo] [CHAT] Not relaying - no bingo session
[Info   :Zeepkist GTR] 18:59:31 Discarding recorder
[Info   :COTDTracker] Doing eliminations with leaderboard:
[Info   :COTDTracker] Player Shattersmith: Time: 36.4519
[Info   :COTDTracker] Player [ZET]Stick: Time: 36.86883
[Info   :COTDTracker] Player Minkus: Time: 37.02549
[Info   :COTDTracker] Player Sterben: Time: 37.1087
[Info   :COTDTracker] Player Noxitu: Time: 37.68085
[Info   :COTDTracker] Player wunderBarr: Time: DNF
[Info   :COTDTracker] Eliminating DNF: wunderBarr
[Info   :COTDTracker] Eliminated 1 DNF players
[Info   :COTDTracker] Eliminating 1 players: 
[Info   :COTDTracker] wunderBarr
[Info   :COTDTracker] Kicking eliminated players
[Info   :Zeepkist Bingo] [BINGO] Level loaded
[Info   :BetterSplits] getting gtr splits
[Info   :Zeepkist Bingo] [BINGO] === PLAYER SPAWNED ===
[Info   :Zeepkist Bingo] [BINGO] IsInActiveSession: False
[Info   :Zeepkist Bingo] [BINGO] Not in active session, skipping timer reset
[Info   :Zeepkist GTR] 18:59:45 Loading personal best...
[Info   :Zeepkist GTR] 18:59:45 Start processing HTTP request "POST" "https://graphql.zeepki.st/"
[Info   :Zeepkist GTR] 18:59:45 Sending HTTP request "POST" "https://graphql.zeepki.st/"
[Info   :Zeepkist GTR] 18:59:45 Stopping existing recorder if any
[Info   :Zeepkist GTR] 18:59:45 Creating new recorder
[Info   :Zeepkist GTR] 18:59:45 Start processing HTTP request "POST" "https://graphql.zeepki.st/"
[Info   :Zeepkist GTR] 18:59:45 Sending HTTP request "POST" "https://graphql.zeepki.st/"
[Info   :Zeepkist GTR] 18:59:45 Start processing HTTP request "POST" "https://graphql.zeepki.st/"
[Info   :Zeepkist GTR] 18:59:45 Sending HTTP request "POST" "https://graphql.zeepki.st/"
[Info   :Zeepkist GTR] 18:59:46 Received HTTP response headers after 360.9299ms - 200
[Info   :Zeepkist GTR] 18:59:46 End processing HTTP request after 361.1372ms - 200
[Error  :BetterSplits] could not get splits
Response: StatusCode: 400, ReasonPhrase: 'Bad Request', Version: 1.1, Content: System.Net.Http.StreamContent, Headers:
{
Date: Fri, 12 Jun 2026 23:59:47 GMT
Connection: keep-alive
Access-Control-Allow-Headers: Origin, X-Requested-With, Accept, Authorization, X-Apollo-Tracing, Content-Type, Content-Length, X-PostGraphile-Explain
Access-Control-Allow-Methods: HEAD, GET, POST
Access-Control-Allow-Origin: *
Access-Control-Expose-Headers: X-GraphQL-Event-Stream
Alt-Svc: h3=":443"; ma=86400
Vary: Origin
Via: 1.1 Caddy
X-Graphql-Event-Stream: /stream
X-Query-Cost: 115
Cf-Cache-Status: DYNAMIC
Strict-Transport-Security: max-age=15552000; includeSubDomains; preload
x-content-type-options: nosniff
Server-Timing: cfCacheStatus;desc="DYNAMIC", cfEdge;dur=21,cfOrigin;dur=136
Report-To: {"group":"cf-nel","max_age":604800,"endpoints":[{"url":"https://a.nel.cloudflare.com/report/v4?s=a%2FF4D6r13%2BOf02LEKf9tEACelZHHdYpL9FlAxb5R0xFCPOdm8FYUYU%2BhnxEtq1vEIXq75xXqO0%2FKmFNDtEQpDYh%2B%2Bu9hb6n3iYTKkQwic1ysOaIC8MSynH6Jn%2B3fIyA1kwuJP5MtvwZua2Z%2Fa89H2Q%3D%3D"}]}
Nel: {"report_to":"cf-nel","success_fraction":0.0,"max_age":604800}
expect-ct: max-age=86400, enforce
referrer-policy: same-origin
x-frame-options: SAMEORIGIN
x-xss-protection: 1; mode=block
Server: cloudflare
CF-RAY: a0accfaefd47a1be-MSP
Content-Type: application/json; charset=utf-8
Content-Length: 172
} 
Content: {"errors":[{"message":"Cannot query field \"personalBestGlobalsByIdLevel\" on type \"Level\". Did you mean \"personalBestGlobals\"?","locations":[{"line":1,"column":87}]}]}
Url: https://graphql.zeepki.st
Request: {"query":"query BetterSplitsPB($hash: String!, $steamId: BigFloat) { levelByHash(hash: $hash) { personalBestGlobalsByIdLevel(filter: {userByIdUser: {steamId: {equalTo: $steamId}}}) { nodes { recordByIdRecord { speeds splits time }}}}}","variables":{"hash":"61C40515572C4BF0409F66D7FF1DF07B7581B487-3","steamId":"76561199218214543"}}
[Info   :Zeepkist GTR] 18:59:46 Received HTTP response headers after 416.9883ms - 200
[Info   :Zeepkist GTR] 18:59:46 End processing HTTP request after 417.2205ms - 200
[Info   :Zeepkist GTR] 18:59:46 Ghost version: 5
[Info   :Zeepkist GTR] 18:59:46 Received HTTP response headers after 557.8544ms - 200
[Info   :Zeepkist GTR] 18:59:46 End processing HTTP request after 558.0501ms - 200
[Info   :Zeepkist GTR] 18:59:46 Start processing HTTP request "POST" "https://graphql.zeepki.st/"
[Info   :Zeepkist GTR] 18:59:46 Sending HTTP request "POST" "https://graphql.zeepki.st/"
[Info   :Zeepkist Bingo] [CHAT] Intercepted message: 1 player eliminated: wunderBarr
[Info   :Zeepkist Bingo] [CHAT] Not relaying - no bingo session
[Info   :Zeepkist GTR] 18:59:46 Received HTTP response headers after 197.2762ms - 200
[Info   :Zeepkist GTR] 18:59:46 End processing HTTP request after 197.5392ms - 200
[Info   :Zeepkist GTR] 18:59:47 Starting recorder
[Info   :COTDTracker] Running update tab leaderboard function
[Info   :RoundLeaderboardTab] Drawing leaderboard -> forwarding to Instance.DrawTabLeaderboard()
[Info   :ChampionshipLeaderboardTab] Drawing leaderboard -> forwarding to Instance.DrawTabLeaderboard()
[Info   :Zeepkist GTR] 19:01:11 Start processing HTTP request "POST" "https://graphql.zeepki.st/"
[Info   :Zeepkist GTR] 19:01:11 Sending HTTP request "POST" "https://graphql.zeepki.st/"
[Info   :Zeepkist GTR] 19:01:11 Received HTTP response headers after 183.8865ms - 200
[Info   :Zeepkist GTR] 19:01:11 End processing HTTP request after 184.1814ms - 200
[Error  :Zeepkist GTR] 19:01:11 Unobserved task exception
[Info   :Zeepkist GTR] 19:01:44 Discarding recorder
[Info   :Zeepkist Bingo] [CHAT] Intercepted message: o7
[Info   :Zeepkist Bingo] [CHAT] Not relaying - no bingo session
[Info   :COTDTracker] Doing eliminations with leaderboard:
[Info   :COTDTracker] Player Sterben: Time: 36.42727
[Info   :COTDTracker] Player Shattersmith: Time: 36.54803
[Info   :COTDTracker] Player [ZET]Stick: Time: 36.82098
[Info   :COTDTracker] Player Minkus: Time: 37.05129
[Info   :COTDTracker] Player Noxitu: Time: DNF
[Info   :COTDTracker] Eliminating DNF: Noxitu
[Info   :COTDTracker] Eliminated 1 DNF players
[Info   :COTDTracker] Eliminating 1 players: 
[Info   :COTDTracker] Noxitu
[Info   :COTDTracker] Kicking eliminated players
[Info   :Zeepkist Bingo] [BINGO] Level loaded
[Info   :BetterSplits] getting gtr splits
[Info   :Zeepkist Bingo] [BINGO] === PLAYER SPAWNED ===
[Info   :Zeepkist Bingo] [BINGO] IsInActiveSession: False
[Info   :Zeepkist Bingo] [BINGO] Not in active session, skipping timer reset
[Info   :Zeepkist GTR] 19:01:58 Loading personal best...
[Info   :Zeepkist GTR] 19:01:58 Start processing HTTP request "POST" "https://graphql.zeepki.st/"
[Info   :Zeepkist GTR] 19:01:58 Sending HTTP request "POST" "https://graphql.zeepki.st/"
[Info   :Zeepkist GTR] 19:01:58 Stopping existing recorder if any
[Info   :Zeepkist GTR] 19:01:58 Creating new recorder
[Info   :Zeepkist GTR] 19:01:58 Start processing HTTP request "POST" "https://graphql.zeepki.st/"
[Info   :Zeepkist GTR] 19:01:58 Sending HTTP request "POST" "https://graphql.zeepki.st/"
[Info   :Zeepkist GTR] 19:01:58 Start processing HTTP request "POST" "https://graphql.zeepki.st/"
[Info   :Zeepkist GTR] 19:01:58 Sending HTTP request "POST" "https://graphql.zeepki.st/"
[Error  :BetterSplits] could not get splits
Response: StatusCode: 400, ReasonPhrase: 'Bad Request', Version: 1.1, Content: System.Net.Http.StreamContent, Headers:
{
Date: Sat, 13 Jun 2026 00:02:00 GMT
Connection: keep-alive
Access-Control-Allow-Headers: Origin, X-Requested-With, Accept, Authorization, X-Apollo-Tracing, Content-Type, Content-Length, X-PostGraphile-Explain
Access-Control-Allow-Methods: HEAD, GET, POST
Access-Control-Allow-Origin: *
Access-Control-Expose-Headers: X-GraphQL-Event-Stream
Alt-Svc: h3=":443"; ma=86400
Vary: Origin
Via: 1.1 Caddy
X-Graphql-Event-Stream: /stream
X-Query-Cost: 115
Cf-Cache-Status: DYNAMIC
x-xss-protection: 1; mode=block
Strict-Transport-Security: max-age=15552000; includeSubDomains; preload
x-content-type-options: nosniff
Server-Timing: cfCacheStatus;desc="DYNAMIC", cfEdge;dur=15,cfOrigin;dur=130
Report-To: {"group":"cf-nel","max_age":604800,"endpoints":[{"url":"https://a.nel.cloudflare.com/report/v4?s=mYUhtCXsSZgni9zn7EIVsdX%2FayXcZNhnS9wynPocgD2c7%2FQd9huY6EXfw%2BUX78FvLTcIN%2FE6JNzfoJ2g8fEYwOK2fQGSphUrwGY9rzjGwkJI9UORomY6DOC3h9EkNfMr9HU3GdrnIiDq8MwPZ%2B2uhQ%3D%3D"}]}
Nel: {"report_to":"cf-nel","success_fraction":0.0,"max_age":604800}
expect-ct: max-age=86400, enforce
referrer-policy: same-origin
x-frame-options: SAMEORIGIN
Server: cloudflare
CF-RAY: a0acd2edc894ad18-MSP
Content-Type: application/json; charset=utf-8
Content-Length: 172
} 
Content: {"errors":[{"message":"Cannot query field \"personalBestGlobalsByIdLevel\" on type \"Level\". Did you mean \"personalBestGlobals\"?","locations":[{"line":1,"column":87}]}]}
Url: https://graphql.zeepki.st
Request: {"query":"query BetterSplitsPB($hash: String!, $steamId: BigFloat) { levelByHash(hash: $hash) { personalBestGlobalsByIdLevel(filter: {userByIdUser: {steamId: {equalTo: $steamId}}}) { nodes { recordByIdRecord { speeds splits time }}}}}","variables":{"hash":"61C40515572C4BF0409F66D7FF1DF07B7581B487-3","steamId":"76561199218214543"}}
[Info   :Zeepkist GTR] 19:01:59 Received HTTP response headers after 347.4379ms - 200
[Info   :Zeepkist GTR] 19:01:59 Received HTTP response headers after 347.8704ms - 200
[Info   :Zeepkist GTR] 19:01:59 End processing HTTP request after 347.6479ms - 200
[Info   :Zeepkist GTR] 19:01:59 End processing HTTP request after 348.1427ms - 200
[Info   :Zeepkist GTR] 19:01:59 Ghost version: 5
[Info   :Zeepkist GTR] 19:01:59 Received HTTP response headers after 560.3525ms - 200
[Info   :Zeepkist GTR] 19:01:59 End processing HTTP request after 560.5815ms - 200
[Info   :Zeepkist GTR] 19:01:59 Start processing HTTP request "POST" "https://graphql.zeepki.st/"
[Info   :Zeepkist GTR] 19:01:59 Sending HTTP request "POST" "https://graphql.zeepki.st/"
[Info   :Zeepkist Bingo] [CHAT] Intercepted message: 1 player eliminated: Noxitu
[Info   :Zeepkist Bingo] [CHAT] Not relaying - no bingo session
[Info   :Zeepkist GTR] 19:01:59 Received HTTP response headers after 189.1966ms - 200
[Info   :Zeepkist GTR] 19:01:59 End processing HTTP request after 189.4553ms - 200
[Info   :Zeepkist GTR] 19:02:00 Starting recorder
[Info   :Zeepkist Bingo] [BINGO] === PLAYER SPAWNED ===
[Info   :Zeepkist Bingo] [BINGO] IsInActiveSession: False
[Info   :Zeepkist Bingo] [BINGO] Not in active session, skipping timer reset
[Info   :Zeepkist GTR] 19:02:01 Loading personal best...
[Info   :Zeepkist GTR] 19:02:01 Start processing HTTP request "POST" "https://graphql.zeepki.st/"
[Info   :Zeepkist GTR] 19:02:01 Sending HTTP request "POST" "https://graphql.zeepki.st/"
[Info   :Zeepkist GTR] 19:02:01 Stopping existing recorder if any
[Info   :Zeepkist GTR] 19:02:01 Creating new recorder
[Info   :Zeepkist GTR] 19:02:01 Start processing HTTP request "POST" "https://graphql.zeepki.st/"
[Info   :Zeepkist GTR] 19:02:01 Sending HTTP request "POST" "https://graphql.zeepki.st/"
[Info   :Zeepkist GTR] 19:02:01 Start processing HTTP request "POST" "https://graphql.zeepki.st/"
[Info   :Zeepkist GTR] 19:02:01 Sending HTTP request "POST" "https://graphql.zeepki.st/"
[Info   :Zeepkist GTR] 19:02:01 Received HTTP response headers after 190.5906ms - 200
[Info   :Zeepkist GTR] 19:02:01 End processing HTTP request after 190.881ms - 200
[Info   :Zeepkist GTR] 19:02:01 Received HTTP response headers after 202.689ms - 200
[Info   :Zeepkist GTR] 19:02:01 End processing HTTP request after 202.9389ms - 200
[Info   :Zeepkist GTR] 19:02:01 Ghost version: 5
[Info   :Zeepkist GTR] 19:02:01 Received HTTP response headers after 388.3803ms - 200
[Info   :Zeepkist GTR] 19:02:01 End processing HTTP request after 388.6373ms - 200
[Info   :Zeepkist GTR] 19:02:01 Start processing HTTP request "POST" "https://graphql.zeepki.st/"
[Info   :Zeepkist GTR] 19:02:01 Sending HTTP request "POST" "https://graphql.zeepki.st/"
[Info   :Zeepkist GTR] 19:02:02 Received HTTP response headers after 436.4206ms - 200
[Info   :Zeepkist GTR] 19:02:02 End processing HTTP request after 436.6768ms - 200
[Info   :Zeepkist GTR] 19:02:02 Starting recorder
[Info   :COTDTracker] Running update tab leaderboard function
[Info   :RoundLeaderboardTab] Drawing leaderboard -> forwarding to Instance.DrawTabLeaderboard()
[Info   :ChampionshipLeaderboardTab] Drawing leaderboard -> forwarding to Instance.DrawTabLeaderboard()
[Info   :Zeepkist GTR] 19:02:06 Start processing HTTP request "POST" "https://graphql.zeepki.st/"
[Info   :Zeepkist GTR] 19:02:06 Sending HTTP request "POST" "https://graphql.zeepki.st/"
[Info   :Zeepkist GTR] 19:02:06 Received HTTP response headers after 182.3676ms - 200
[Info   :Zeepkist GTR] 19:02:06 End processing HTTP request after 182.6361ms - 200
[Info   :Zeepkist GTR] 19:02:06 Start processing HTTP request "POST" "https://graphql.zeepki.st/"
[Info   :Zeepkist GTR] 19:02:06 Sending HTTP request "POST" "https://graphql.zeepki.st/"
[Info   :Zeepkist GTR] 19:02:06 Start processing HTTP request "POST" "https://graphql.zeepki.st/"
[Info   :Zeepkist GTR] 19:02:06 Sending HTTP request "POST" "https://graphql.zeepki.st/"
[Info   :Zeepkist GTR] 19:02:06 Received HTTP response headers after 207.698ms - 200
[Info   :Zeepkist GTR] 19:02:06 End processing HTTP request after 208.0004ms - 200
[Info   :Zeepkist GTR] 19:02:06 Received HTTP response headers after 207.3787ms - 200
[Info   :Zeepkist GTR] 19:02:06 End processing HTTP request after 207.6943ms - 200
[Info   :Zeepkist Bingo] [BINGO] === PLAYER SPAWNED ===
[Info   :Zeepkist Bingo] [BINGO] IsInActiveSession: False
[Info   :Zeepkist Bingo] [BINGO] Not in active session, skipping timer reset
[Info   :Zeepkist GTR] 19:02:12 Loading personal best...
[Info   :Zeepkist GTR] 19:02:12 Start processing HTTP request "POST" "https://graphql.zeepki.st/"
[Info   :Zeepkist GTR] 19:02:12 Sending HTTP request "POST" "https://graphql.zeepki.st/"
[Info   :Zeepkist GTR] 19:02:12 Stopping existing recorder if any
[Info   :Zeepkist GTR] 19:02:12 Creating new recorder
[Info   :Zeepkist GTR] 19:02:12 Start processing HTTP request "POST" "https://graphql.zeepki.st/"
[Info   :Zeepkist GTR] 19:02:12 Sending HTTP request "POST" "https://graphql.zeepki.st/"
[Info   :Zeepkist GTR] 19:02:12 Start processing HTTP request "POST" "https://graphql.zeepki.st/"
[Info   :Zeepkist GTR] 19:02:12 Sending HTTP request "POST" "https://graphql.zeepki.st/"
[Info   :Zeepkist GTR] 19:02:12 Received HTTP response headers after 195.6613ms - 200
[Info   :Zeepkist GTR] 19:02:12 End processing HTTP request after 195.8973ms - 200
[Info   :Zeepkist GTR] 19:02:12 Received HTTP response headers after 200.2805ms - 200
[Info   :Zeepkist GTR] 19:02:12 End processing HTTP request after 200.5275ms - 200
[Info   :Zeepkist GTR] 19:02:12 Ghost version: 5
[Info   :Zeepkist GTR] 19:02:12 Received HTTP response headers after 391.5351ms - 200
[Info   :Zeepkist GTR] 19:02:12 End processing HTTP request after 391.7812ms - 200
[Info   :Zeepkist GTR] 19:02:12 Start processing HTTP request "POST" "https://graphql.zeepki.st/"
[Info   :Zeepkist GTR] 19:02:12 Sending HTTP request "POST" "https://graphql.zeepki.st/"
[Info   :Zeepkist GTR] 19:02:12 Received HTTP response headers after 185.1791ms - 200
[Info   :Zeepkist GTR] 19:02:12 End processing HTTP request after 185.4558ms - 200
[Info   :Zeepkist GTR] 19:02:13 Starting recorder
[Info   :Zeepkist GTR] 19:03:57 Discarding recorder
[Info   :COTDTracker] Running update tab leaderboard function
[Info   :COTDTracker] Doing eliminations with leaderboard:
[Info   :COTDTracker] Player Sterben: Time: 36.90213
[Info   :COTDTracker] Player Minkus: Time: 37.16818
[Info   :COTDTracker] Player [ZET]Stick: Time: 37.32644
[Info   :COTDTracker] Player Shattersmith: Time: DNF
[Info   :COTDTracker] Eliminating DNF: Shattersmith
[Info   :COTDTracker] Eliminated 1 DNF players
[Info   :COTDTracker] Eliminating 1 players: 
[Info   :COTDTracker] Shattersmith
[Info   :COTDTracker] Kicking eliminated players
[Info   :Zeepkist Bingo] [BINGO] Level loaded
[Info   :BetterSplits] getting gtr splits
[Info   :Zeepkist Bingo] [BINGO] === PLAYER SPAWNED ===
[Info   :Zeepkist Bingo] [BINGO] IsInActiveSession: False
[Info   :Zeepkist Bingo] [BINGO] Not in active session, skipping timer reset
[Info   :Zeepkist GTR] 19:04:11 Loading personal best...
[Info   :Zeepkist GTR] 19:04:11 Start processing HTTP request "POST" "https://graphql.zeepki.st/"
[Info   :Zeepkist GTR] 19:04:11 Sending HTTP request "POST" "https://graphql.zeepki.st/"
[Info   :Zeepkist GTR] 19:04:11 Stopping existing recorder if any
[Info   :Zeepkist GTR] 19:04:11 Creating new recorder
[Info   :Zeepkist GTR] 19:04:11 Start processing HTTP request "POST" "https://graphql.zeepki.st/"
[Info   :Zeepkist GTR] 19:04:11 Sending HTTP request "POST" "https://graphql.zeepki.st/"
[Info   :Zeepkist GTR] 19:04:11 Start processing HTTP request "POST" "https://graphql.zeepki.st/"
[Info   :Zeepkist GTR] 19:04:11 Sending HTTP request "POST" "https://graphql.zeepki.st/"
[Error  :BetterSplits] could not get splits
Response: StatusCode: 400, ReasonPhrase: 'Bad Request', Version: 1.1, Content: System.Net.Http.StreamContent, Headers:
{
Date: Sat, 13 Jun 2026 00:04:13 GMT
Connection: keep-alive
Access-Control-Allow-Headers: Origin, X-Requested-With, Accept, Authorization, X-Apollo-Tracing, Content-Type, Content-Length, X-PostGraphile-Explain
Access-Control-Allow-Methods: HEAD, GET, POST
Access-Control-Allow-Origin: *
Access-Control-Expose-Headers: X-GraphQL-Event-Stream
Alt-Svc: h3=":443"; ma=86400
Vary: Origin
Via: 1.1 Caddy
X-Graphql-Event-Stream: /stream
X-Query-Cost: 115
Cf-Cache-Status: DYNAMIC
Strict-Transport-Security: max-age=15552000; includeSubDomains; preload
x-content-type-options: nosniff
Server-Timing: cfCacheStatus;desc="DYNAMIC", cfEdge;dur=20,cfOrigin;dur=139
Report-To: {"group":"cf-nel","max_age":604800,"endpoints":[{"url":"https://a.nel.cloudflare.com/report/v4?s=RHRPTw62NeL56%2BwYEsZG2vVd7RjoqBejCzFE9k4JJbwOINZq17aDL%2FW82v55H5pItAGCxboftXOLUhbKy6UaLZ3b%2BTDy5ncw0MzwUFeuLmY%2BxV0KSsNO1AZa1AGgDkq%2BfeXs%2FsvYeBkgAUIY1XBr%2Fw%3D%3D"}]}
Nel: {"report_to":"cf-nel","success_fraction":0.0,"max_age":604800}
expect-ct: max-age=86400, enforce
referrer-policy: same-origin
x-frame-options: SAMEORIGIN
x-xss-protection: 1; mode=block
Server: cloudflare
CF-RAY: a0acd62cba7ba21f-MSP
Content-Type: application/json; charset=utf-8
Content-Length: 172
} 
Content: {"errors":[{"message":"Cannot query field \"personalBestGlobalsByIdLevel\" on type \"Level\". Did you mean \"personalBestGlobals\"?","locations":[{"line":1,"column":87}]}]}
Url: https://graphql.zeepki.st
Request: {"query":"query BetterSplitsPB($hash: String!, $steamId: BigFloat) { levelByHash(hash: $hash) { personalBestGlobalsByIdLevel(filter: {userByIdUser: {steamId: {equalTo: $steamId}}}) { nodes { recordByIdRecord { speeds splits time }}}}}","variables":{"hash":"61C40515572C4BF0409F66D7FF1DF07B7581B487-3","steamId":"76561199218214543"}}
[Info   :Zeepkist GTR] 19:04:11 Received HTTP response headers after 278.0056ms - 200
[Info   :Zeepkist GTR] 19:04:11 End processing HTTP request after 278.2152ms - 200
[Info   :Zeepkist GTR] 19:04:11 Received HTTP response headers after 278.667ms - 200
[Info   :Zeepkist GTR] 19:04:11 End processing HTTP request after 278.9584ms - 200
[Info   :Zeepkist GTR] 19:04:12 Ghost version: 5
[Info   :Zeepkist GTR] 19:04:12 Received HTTP response headers after 457.8823ms - 200
[Info   :Zeepkist GTR] 19:04:12 End processing HTTP request after 458.1171ms - 200
[Info   :Zeepkist GTR] 19:04:12 Start processing HTTP request "POST" "https://graphql.zeepki.st/"
[Info   :Zeepkist GTR] 19:04:12 Sending HTTP request "POST" "https://graphql.zeepki.st/"
[Info   :Zeepkist GTR] 19:04:12 Received HTTP response headers after 181.2374ms - 200
[Info   :Zeepkist GTR] 19:04:12 End processing HTTP request after 181.518ms - 200
[Info   :Zeepkist Bingo] [CHAT] Intercepted message: 1 player eliminated: Shattersmith
[Info   :Zeepkist Bingo] [CHAT] Not relaying - no bingo session
[Info   :Zeepkist GTR] 19:04:13 Starting recorder
[Info   :Zeepkist Bingo] [CHAT] Intercepted message: o7
[Info   :Zeepkist Bingo] [CHAT] Not relaying - no bingo session
[Info   :Zeepkist GTR] 19:06:10 Discarding recorder
[Info   :COTDTracker] Doing eliminations with leaderboard:
[Info   :COTDTracker] Player Sterben: Time: 37.0337
[Info   :COTDTracker] Player Minkus: Time: 37.18882
[Info   :COTDTracker] Player [ZET]Stick: Time: DNF
[Info   :COTDTracker] Eliminating DNF: [ZET]Stick
[Info   :COTDTracker] Eliminated 1 DNF players
[Info   :COTDTracker] Eliminating 1 players: 
[Info   :COTDTracker] [ZET]Stick
[Info   :COTDTracker] Running update tab leaderboard function
[Info   :COTDTracker] Kicking eliminated players
[Info   :Zeepkist Bingo] [BINGO] Level loaded
[Info   :BetterSplits] getting gtr splits
[Info   :Zeepkist Bingo] [BINGO] === PLAYER SPAWNED ===
[Info   :Zeepkist Bingo] [BINGO] IsInActiveSession: False
[Info   :Zeepkist Bingo] [BINGO] Not in active session, skipping timer reset
[Info   :Zeepkist GTR] 19:06:25 Loading personal best...
[Info   :Zeepkist GTR] 19:06:25 Start processing HTTP request "POST" "https://graphql.zeepki.st/"
[Info   :Zeepkist GTR] 19:06:25 Sending HTTP request "POST" "https://graphql.zeepki.st/"
[Info   :Zeepkist GTR] 19:06:25 Stopping existing recorder if any
[Info   :Zeepkist GTR] 19:06:25 Creating new recorder
[Info   :Zeepkist GTR] 19:06:25 Start processing HTTP request "POST" "https://graphql.zeepki.st/"
[Info   :Zeepkist GTR] 19:06:25 Sending HTTP request "POST" "https://graphql.zeepki.st/"
[Info   :Zeepkist GTR] 19:06:25 Start processing HTTP request "POST" "https://graphql.zeepki.st/"
[Info   :Zeepkist GTR] 19:06:25 Sending HTTP request "POST" "https://graphql.zeepki.st/"
[Error  :BetterSplits] could not get splits
Response: StatusCode: 400, ReasonPhrase: 'Bad Request', Version: 1.1, Content: System.Net.Http.StreamContent, Headers:
{
Date: Sat, 13 Jun 2026 00:06:26 GMT
Connection: keep-alive
Access-Control-Allow-Headers: Origin, X-Requested-With, Accept, Authorization, X-Apollo-Tracing, Content-Type, Content-Length, X-PostGraphile-Explain
Access-Control-Allow-Methods: HEAD, GET, POST
Access-Control-Allow-Origin: *
Access-Control-Expose-Headers: X-GraphQL-Event-Stream
Alt-Svc: h3=":443"; ma=86400
Vary: Origin
Via: 1.1 Caddy
X-Graphql-Event-Stream: /stream
X-Query-Cost: 115
Cf-Cache-Status: DYNAMIC
Strict-Transport-Security: max-age=15552000; includeSubDomains; preload
x-content-type-options: nosniff
Server-Timing: cfCacheStatus;desc="DYNAMIC", cfEdge;dur=14,cfOrigin;dur=131
Report-To: {"group":"cf-nel","max_age":604800,"endpoints":[{"url":"https://a.nel.cloudflare.com/report/v4?s=9ZKyt0q6JMBK2P9HLIM8gO5p38P9xk7%2FDbASB2B2WWO%2BjDByfYS%2Bc1UdGcBjF4Fxz4lO5Jgmt0mIARQd4q9aAJzsrPiifxn4%2B5Du5n85hAdaQOBElOaM%2BT1%2FmaysWHZPetkD9iPiKqqhVFTDFFTapw%3D%3D"}]}
Nel: {"report_to":"cf-nel","success_fraction":0.0,"max_age":604800}
expect-ct: max-age=86400, enforce
referrer-policy: same-origin
x-frame-options: SAMEORIGIN
x-xss-protection: 1; mode=block
Server: cloudflare
CF-RAY: a0acd96e1ffaa206-MSP
Content-Type: application/json; charset=utf-8
Content-Length: 172
} 
Content: {"errors":[{"message":"Cannot query field \"personalBestGlobalsByIdLevel\" on type \"Level\". Did you mean \"personalBestGlobals\"?","locations":[{"line":1,"column":87}]}]}
Url: https://graphql.zeepki.st
Request: {"query":"query BetterSplitsPB($hash: String!, $steamId: BigFloat) { levelByHash(hash: $hash) { personalBestGlobalsByIdLevel(filter: {userByIdUser: {steamId: {equalTo: $steamId}}}) { nodes { recordByIdRecord { speeds splits time }}}}}","variables":{"hash":"61C40515572C4BF0409F66D7FF1DF07B7581B487-3","steamId":"76561199218214543"}}
[Info   :Zeepkist GTR] 19:06:25 Received HTTP response headers after 294.4049ms - 200
[Info   :Zeepkist GTR] 19:06:25 Received HTTP response headers after 298.014ms - 200
[Info   :Zeepkist GTR] 19:06:25 End processing HTTP request after 294.6192ms - 200
[Info   :Zeepkist GTR] 19:06:25 End processing HTTP request after 298.3275ms - 200
[Info   :Zeepkist GTR] 19:06:25 Ghost version: 5
[Info   :Zeepkist Bingo] [CHAT] Intercepted message: 1 player eliminated: [ZET]Stick
[Info   :Zeepkist Bingo] [CHAT] Not relaying - no bingo session
[Info   :Zeepkist GTR] 19:06:25 Received HTTP response headers after 507.3434ms - 200
[Info   :Zeepkist GTR] 19:06:25 End processing HTTP request after 507.5496ms - 200
[Info   :Zeepkist GTR] 19:06:25 Start processing HTTP request "POST" "https://graphql.zeepki.st/"
[Info   :Zeepkist GTR] 19:06:25 Sending HTTP request "POST" "https://graphql.zeepki.st/"
[Info   :Zeepkist GTR] 19:06:25 Received HTTP response headers after 177.451ms - 200
[Info   :Zeepkist GTR] 19:06:25 End processing HTTP request after 177.7077ms - 200
[Info   :Zeepkist GTR] 19:06:26 Starting recorder
[Info   :Zeepkist GTR] 19:08:23 Discarding recorder
[Info   :COTDTracker] Doing eliminations with leaderboard:
[Info   :COTDTracker] Player Sterben: Time: 36.60807
[Info   :COTDTracker] Player Minkus: Time: 37.11657
[Info   :COTDTracker] Eliminated 0 DNF players
[Info   :COTDTracker] Eliminating on time: Minkus
[Info   :COTDTracker] Eliminating 1 players: 
[Info   :COTDTracker] Minkus
[Info   :COTDTracker] Kicking eliminated players
[Info   :Zeepkist Bingo] [BINGO] Level loaded
[Info   :BetterSplits] getting gtr splits
[Info   :Zeepkist Bingo] [BINGO] === PLAYER SPAWNED ===
[Info   :Zeepkist Bingo] [BINGO] IsInActiveSession: False
[Info   :Zeepkist Bingo] [BINGO] Not in active session, skipping timer reset
[Info   :Zeepkist GTR] 19:08:37 Loading personal best...
[Info   :Zeepkist GTR] 19:08:37 Start processing HTTP request "POST" "https://graphql.zeepki.st/"
[Info   :Zeepkist GTR] 19:08:37 Sending HTTP request "POST" "https://graphql.zeepki.st/"
[Info   :Zeepkist GTR] 19:08:37 Stopping existing recorder if any
[Info   :Zeepkist GTR] 19:08:37 Creating new recorder
[Info   :Zeepkist GTR] 19:08:37 Start processing HTTP request "POST" "https://graphql.zeepki.st/"
[Info   :Zeepkist GTR] 19:08:37 Sending HTTP request "POST" "https://graphql.zeepki.st/"
[Info   :Zeepkist GTR] 19:08:37 Start processing HTTP request "POST" "https://graphql.zeepki.st/"
[Info   :Zeepkist GTR] 19:08:37 Sending HTTP request "POST" "https://graphql.zeepki.st/"
[Error  :BetterSplits] could not get splits
Response: StatusCode: 400, ReasonPhrase: 'Bad Request', Version: 1.1, Content: System.Net.Http.StreamContent, Headers:
{
Date: Sat, 13 Jun 2026 00:08:39 GMT
Connection: keep-alive
Access-Control-Allow-Headers: Origin, X-Requested-With, Accept, Authorization, X-Apollo-Tracing, Content-Type, Content-Length, X-PostGraphile-Explain
Access-Control-Allow-Methods: HEAD, GET, POST
Access-Control-Allow-Origin: *
Access-Control-Expose-Headers: X-GraphQL-Event-Stream
Alt-Svc: h3=":443"; ma=86400
Vary: Origin
Via: 1.1 Caddy
X-Graphql-Event-Stream: /stream
X-Query-Cost: 115
Cf-Cache-Status: DYNAMIC
x-xss-protection: 1; mode=block
Strict-Transport-Security: max-age=15552000; includeSubDomains; preload
x-content-type-options: nosniff
Server-Timing: cfCacheStatus;desc="DYNAMIC", cfEdge;dur=17,cfOrigin;dur=130
Report-To: {"group":"cf-nel","max_age":604800,"endpoints":[{"url":"https://a.nel.cloudflare.com/report/v4?s=xKQ%2FBf6%2B5BytHfuNCRVcun00kRXocjSi7ix%2BmsHW8QQgnTszG79ynUVDni%2F7jUpWaOECfqw1mpTwmEw%2FuouNAGxR39sqbDZsSLNi38NADtgW%2BVNZmXnUxrFZ4uHZT%2BlWDxZyGL5TFNU3zScNUBZ3yg%3D%3D"}]}
Nel: {"report_to":"cf-nel","success_fraction":0.0,"max_age":604800}
expect-ct: max-age=86400, enforce
referrer-policy: same-origin
x-frame-options: SAMEORIGIN
Server: cloudflare
CF-RAY: a0acdcab1d33a1be-MSP
Content-Type: application/json; charset=utf-8
Content-Length: 172
} 
Content: {"errors":[{"message":"Cannot query field \"personalBestGlobalsByIdLevel\" on type \"Level\". Did you mean \"personalBestGlobals\"?","locations":[{"line":1,"column":87}]}]}
Url: https://graphql.zeepki.st
Request: {"query":"query BetterSplitsPB($hash: String!, $steamId: BigFloat) { levelByHash(hash: $hash) { personalBestGlobalsByIdLevel(filter: {userByIdUser: {steamId: {equalTo: $steamId}}}) { nodes { recordByIdRecord { speeds splits time }}}}}","variables":{"hash":"61C40515572C4BF0409F66D7FF1DF07B7581B487-3","steamId":"76561199218214543"}}
[Info   :Zeepkist GTR] 19:08:37 Received HTTP response headers after 296.5008ms - 200
[Info   :Zeepkist GTR] 19:08:37 End processing HTTP request after 296.6948ms - 200
[Info   :Zeepkist GTR] 19:08:38 Received HTTP response headers after 304.7306ms - 200
[Info   :Zeepkist GTR] 19:08:38 End processing HTTP request after 306.6128ms - 200
[Info   :Zeepkist GTR] 19:08:38 Ghost version: 5
[Info   :Zeepkist GTR] 19:08:38 Received HTTP response headers after 480.4226ms - 200
[Info   :Zeepkist GTR] 19:08:38 End processing HTTP request after 480.6501ms - 200
[Info   :Zeepkist GTR] 19:08:38 Start processing HTTP request "POST" "https://graphql.zeepki.st/"
[Info   :Zeepkist GTR] 19:08:38 Sending HTTP request "POST" "https://graphql.zeepki.st/"
[Info   :Zeepkist GTR] 19:08:38 Received HTTP response headers after 178.6861ms - 200
[Info   :Zeepkist GTR] 19:08:38 End processing HTTP request after 178.9068ms - 200
[Info   :Zeepkist Bingo] [CHAT] Intercepted message: 1 player eliminated: Minkus
[Info   :Zeepkist Bingo] [CHAT] Not relaying - no bingo session
[Info   :Zeepkist GTR] 19:08:39 Starting recorder
[Info   :Zeepkist Bingo] [CHAT] Intercepted message: !cotd endcup
[Info   :Zeepkist Bingo] [CHAT] Not relaying - no bingo session
[Info   :Zeepkist Bingo] [BINGO] === PLAYER SPAWNED ===
[Info   :Zeepkist Bingo] [BINGO] IsInActiveSession: False
[Info   :Zeepkist Bingo] [BINGO] Not in active session, skipping timer reset
[Info   :Zeepkist GTR] 19:08:48 Loading personal best...
[Info   :Zeepkist GTR] 19:08:48 Start processing HTTP request "POST" "https://graphql.zeepki.st/"
[Info   :Zeepkist GTR] 19:08:48 Sending HTTP request "POST" "https://graphql.zeepki.st/"
[Info   :Zeepkist GTR] 19:08:48 Stopping existing recorder if any
[Info   :Zeepkist GTR] 19:08:48 Creating new recorder
[Info   :Zeepkist GTR] 19:08:48 Start processing HTTP request "POST" "https://graphql.zeepki.st/"
[Info   :Zeepkist GTR] 19:08:48 Sending HTTP request "POST" "https://graphql.zeepki.st/"
[Info   :Zeepkist GTR] 19:08:48 Start processing HTTP request "POST" "https://graphql.zeepki.st/"
[Info   :Zeepkist GTR] 19:08:48 Sending HTTP request "POST" "https://graphql.zeepki.st/"
[Info   :Zeepkist GTR] 19:08:48 Received HTTP response headers after 191.054ms - 200
[Info   :Zeepkist GTR] 19:08:48 End processing HTTP request after 191.2931ms - 200
[Info   :Zeepkist GTR] 19:08:48 Received HTTP response headers after 191.5682ms - 200
[Info   :Zeepkist GTR] 19:08:48 End processing HTTP request after 191.8076ms - 200
[Info   :Zeepkist GTR] 19:08:48 Ghost version: 5
[Info   :Zeepkist GTR] 19:08:48 Received HTTP response headers after 387.1462ms - 200
[Info   :Zeepkist GTR] 19:08:49 End processing HTTP request after 387.3425ms - 200
[Info   :Zeepkist GTR] 19:08:49 Start processing HTTP request "POST" "https://graphql.zeepki.st/"
[Info   :Zeepkist GTR] 19:08:49 Sending HTTP request "POST" "https://graphql.zeepki.st/"
[Info   :Zeepkist GTR] 19:08:49 Received HTTP response headers after 191.8324ms - 200
[Info   :Zeepkist GTR] 19:08:49 End processing HTTP request after 192.0577ms - 200
[Info   :Zeepkist GTR] 19:08:50 Starting recorder
[Info   :Zeepkist Bingo] [BINGO] === PLAYER SPAWNED ===
[Info   :Zeepkist Bingo] [BINGO] IsInActiveSession: False
[Info   :Zeepkist Bingo] [BINGO] Not in active session, skipping timer reset
[Info   :Zeepkist GTR] 19:09:25 Loading personal best...
[Info   :Zeepkist GTR] 19:09:25 Start processing HTTP request "POST" "https://graphql.zeepki.st/"
[Info   :Zeepkist GTR] 19:09:25 Sending HTTP request "POST" "https://graphql.zeepki.st/"
[Info   :Zeepkist GTR] 19:09:25 Stopping existing recorder if any
[Info   :Zeepkist GTR] 19:09:25 Creating new recorder
[Info   :Zeepkist GTR] 19:09:25 Start processing HTTP request "POST" "https://graphql.zeepki.st/"
[Info   :Zeepkist GTR] 19:09:25 Sending HTTP request "POST" "https://graphql.zeepki.st/"
[Info   :Zeepkist GTR] 19:09:25 Start processing HTTP request "POST" "https://graphql.zeepki.st/"
[Info   :Zeepkist GTR] 19:09:25 Sending HTTP request "POST" "https://graphql.zeepki.st/"
[Info   :Zeepkist GTR] 19:09:25 Received HTTP response headers after 208.7156ms - 200
[Info   :Zeepkist GTR] 19:09:25 End processing HTTP request after 208.9878ms - 200
[Info   :Zeepkist GTR] 19:09:25 Received HTTP response headers after 209.8048ms - 200
[Info   :Zeepkist GTR] 19:09:25 End processing HTTP request after 210.114ms - 200
[Info   :Zeepkist GTR] 19:09:25 Ghost version: 5
[Info   :Zeepkist GTR] 19:09:25 Received HTTP response headers after 446.5822ms - 200
[Info   :Zeepkist GTR] 19:09:25 End processing HTTP request after 446.7883ms - 200
[Info   :Zeepkist GTR] 19:09:25 Start processing HTTP request "POST" "https://graphql.zeepki.st/"
[Info   :Zeepkist GTR] 19:09:25 Sending HTTP request "POST" "https://graphql.zeepki.st/"
[Info   :Zeepkist GTR] 19:09:26 Received HTTP response headers after 181.3283ms - 200
[Info   :Zeepkist GTR] 19:09:26 End processing HTTP request after 181.5449ms - 200
[Info   :Zeepkist GTR] 19:09:27 Starting recorder
[Info   :Zeepkist GTR] 19:10:04 Stopping recorder
[Info   :Zeepkist GTR] 19:10:04 Collecting extra information
[Info   :Zeepkist GTR] 19:10:04 Processing ghost data
[Info   :Zeepkist GTR] 19:10:04 Creating stream
[Info   :Zeepkist GTR] 19:10:04 Writing to stream
[Info   :Zeepkist GTR] 19:10:04 Closing stream
[Info   :Zeepkist GTR] 19:10:04 Getting buffer
[Info   :Zeepkist GTR] 19:10:04 Converting to base64
[Info   :Zeepkist GTR] 19:10:04 Creating resource
[Info   :Zeepkist GTR] 19:10:04 Start processing HTTP request "POST" "https://backend.zeepki.st/auth/refresh"
[Info   :Zeepkist GTR] 19:10:04 Sending HTTP request "POST" "https://backend.zeepki.st/auth/refresh"
[Info   :Zeepkist GTR] 19:10:05 Received HTTP response headers after 952.8154ms - 200
[Info   :Zeepkist GTR] 19:10:05 End processing HTTP request after 953.0139ms - 200
[Info   :Zeepkist GTR] 19:10:05 Start processing HTTP request "POST" "https://backend.zeepki.st/record/submit"
[Info   :Zeepkist GTR] 19:10:05 Sending HTTP request "POST" "https://backend.zeepki.st/record/submit"
[Info   :Zeepkist GTR] 19:10:06 Received HTTP response headers after 500.9618ms - 200
[Info   :Zeepkist GTR] 19:10:06 End processing HTTP request after 501.1837ms - 200
[Info   :Zeepkist Bingo] [BINGO] === PLAYER SPAWNED ===
[Info   :Zeepkist Bingo] [BINGO] IsInActiveSession: False
[Info   :Zeepkist Bingo] [BINGO] Not in active session, skipping timer reset
[Info   :Zeepkist GTR] 19:10:07 Loading personal best...
[Info   :Zeepkist GTR] 19:10:07 Start processing HTTP request "POST" "https://graphql.zeepki.st/"
[Info   :Zeepkist GTR] 19:10:07 Sending HTTP request "POST" "https://graphql.zeepki.st/"
[Info   :Zeepkist GTR] 19:10:07 Stopping existing recorder if any
[Info   :Zeepkist GTR] 19:10:07 Creating new recorder
[Info   :Zeepkist GTR] 19:10:07 Start processing HTTP request "POST" "https://graphql.zeepki.st/"
[Info   :Zeepkist GTR] 19:10:07 Sending HTTP request "POST" "https://graphql.zeepki.st/"
[Info   :Zeepkist GTR] 19:10:07 Start processing HTTP request "POST" "https://graphql.zeepki.st/"
[Info   :Zeepkist GTR] 19:10:07 Sending HTTP request "POST" "https://graphql.zeepki.st/"
[Info   :Zeepkist GTR] 19:10:07 Received HTTP response headers after 198.1193ms - 200
[Info   :Zeepkist GTR] 19:10:07 Received HTTP response headers after 197.6685ms - 200
[Info   :Zeepkist GTR] 19:10:07 End processing HTTP request after 197.8768ms - 200
[Info   :Zeepkist GTR] 19:10:07 End processing HTTP request after 198.3595ms - 200
[Info   :Zeepkist GTR] 19:10:07 Ghost version: 5
[Info   :Zeepkist GTR] 19:10:08 Received HTTP response headers after 404.8619ms - 200
[Info   :Zeepkist GTR] 19:10:08 End processing HTTP request after 405.0571ms - 200
[Info   :Zeepkist GTR] 19:10:08 Start processing HTTP request "POST" "https://graphql.zeepki.st/"
[Info   :Zeepkist GTR] 19:10:08 Sending HTTP request "POST" "https://graphql.zeepki.st/"
[Info   :Zeepkist GTR] 19:10:08 Received HTTP response headers after 197.5415ms - 200
[Info   :Zeepkist GTR] 19:10:08 End processing HTTP request after 197.7825ms - 200
[Info   :Zeepkist GTR] 19:10:09 Starting recorder
[Error  :     TeamX]  [TEAMX] Operation failed: Client is already disconnected.
[Info   :Zeepkist Bingo] [BINGO] Application quitting - force disposing WebSocket
[Info   :Zeepkist Bingo] [WEBSOCKET] Force disposed
[Info   :Zeepkist Bingo] [WEBSOCKET] Force disposed
[Info   :Zeepkist GTR] 19:10:10 Application is shutting down...
[Info   :Zeepkist GTR] 19:10:10 Unpatching
